Timestamp,Node_Name,Storm_Name,Grade,Pressure,Distance_to_Node_km,Target_Failure
2024-05-25 02:00:00,西螺服務區,EWINIAR,2,1004.0,1480.7945520010412,0
2024-05-25 02:00:00,興變電所,EWINIAR,2,1004.0,1437.7635212990303,0
2024-05-25 02:00:00,內惟配電變電所,EWINIAR,2,1004.0,1371.3015273079982,0
2024-05-25 02:00:00,永華二次變電所,EWINIAR,2,1004.0,1407.368498695093,0
2024-05-25 02:00:00,四湖配電變電所,EWINIAR,2,1004.0,1473.11249948365,0
2024-05-25 02:00:00,新高港超高壓變電所,EWINIAR,2,1004.0,1356.5068997731973,0
2024-05-25 02:00:00,九曲配電變電所,EWINIAR,2,1004.0,1407.8277031160826,0
2024-05-25 02:00:00,崙背變電所,EWINIAR,2,1004.0,1480.7690157744075,0
2024-05-25 02:00:00,嶺口二次變電所,EWINIAR,2,1004.0,1377.6499567439928,0
2024-05-25 08:00:00,榮成變電所,EWINIAR,2,1006.0,1445.7002473260945,0
2024-05-25 08:00:00,西螺服務區,EWINIAR,2,1006.0,1326.0701398416538,0
2024-05-25 08:00:00,中部科學園區,EWINIAR,2,1006.0,1364.7955870617523,0
2024-05-25 08:00:00,興變電所,EWINIAR,2,1006.0,1285.0376473267763,0
2024-05-25 08:00:00,中正變電所,EWINIAR,2,1006.0,1435.1634322712905,0
2024-05-25 08:00:00,成都變電所,EWINIAR,2,1006.0,1435.6774405069823,0
2024-05-25 08:00:00,新豐配電變電所,EWINIAR,2,1006.0,1432.552665605936,0
2024-05-25 08:00:00,內惟配電變電所,EWINIAR,2,1006.0,1211.220970997692,0
2024-05-25 08:00:00,永華二次變電所,EWINIAR,2,1006.0,1247.818103083066,0
2024-05-25 08:00:00,關西二次變電所,EWINIAR,2,1006.0,1416.1795530646264,0
2024-05-25 08:00:00,源海二次變電所,EWINIAR,2,1006.0,1435.1743888419442,0
2024-05-25 08:00:00,四湖配電變電所,EWINIAR,2,1006.0,1315.8407509079832,0
2024-05-25 08:00:00,新高港超高壓變電所,EWINIAR,2,1006.0,1197.1432705944621,0
2024-05-25 08:00:00,九曲配電變電所,EWINIAR,2,1006.0,1248.1619940199037,0
2024-05-25 08:00:00,崙背變電所,EWINIAR,2,1006.0,1324.9558550891686,0
2024-05-25 08:00:00,常德變電所,EWINIAR,2,1006.0,1438.918820203181,0
2024-05-25 08:00:00,嶺口二次變電所,EWINIAR,2,1006.0,1218.5398022028576,0
2024-05-25 08:00:00,龍明配電變電所,EWINIAR,2,1006.0,1435.7081192562707,0
2024-05-25 08:00:00,新工配電變電所,EWINIAR,2,1006.0,1422.9783840827595,0
2024-05-25 14:00:00,榮成變電所,EWINIAR,2,1004.0,1379.8393667533874,0
2024-05-25 14:00:00,西螺服務區,EWINIAR,2,1004.0,1256.4493750038523,0
2024-05-25 14:00:00,中部科學園區,EWINIAR,2,1004.0,1296.512229243087,0
2024-05-25 14:00:00,興變電所,EWINIAR,2,1004.0,1216.4083948272964,0
2024-05-25 14:00:00,中正變電所,EWINIAR,2,1004.0,1371.0051524290952,0
2024-05-25 14:00:00,成都變電所,EWINIAR,2,1004.0,1370.4309432349153,0
2024-05-25 14:00:00,新豐配電變電所,EWINIAR,2,1004.0,1365.998841587348,0
2024-05-25 14:00:00,內惟配電變電所,EWINIAR,2,1004.0,1139.5250583848622,0
2024-05-25 14:00:00,永華二次變電所,EWINIAR,2,1004.0,1176.2633723495169,0
2024-05-25 14:00:00,關西二次變電所,EWINIAR,2,1004.0,1350.2802308571813,0
2024-05-25 14:00:00,源海二次變電所,EWINIAR,2,1004.0,1371.0161771761277,0
2024-05-25 14:00:00,四湖配電變電所,EWINIAR,2,1004.0,1245.124259827389,0
2024-05-25 14:00:00,新高港超高壓變電所,EWINIAR,2,1004.0,1125.803638445314,0
2024-05-25 14:00:00,九曲配電變電所,EWINIAR,2,1004.0,1176.5554974581182,0
2024-05-25 14:00:00,崙背變電所,EWINIAR,2,1004.0,1254.8586071362402,0
2024-05-25 14:00:00,常德變電所,EWINIAR,2,1004.0,1374.5954657055597,0
2024-05-25 14:00:00,嶺口二次變電所,EWINIAR,2,1004.0,1147.2552578102714,0
2024-05-25 14:00:00,龍明配電變電所,EWINIAR,2,1004.0,1370.4413848439726,0
2024-05-25 14:00:00,新工配電變電所,EWINIAR,2,1004.0,1356.28327722517,0
2024-05-25 20:00:00,榮成變電所,EWINIAR,3,1002.0,1301.7203888283098,0
2024-05-25 20:00:00,西螺服務區,EWINIAR,3,1002.0,1172.2580214902603,0
2024-05-25 20:00:00,中部科學園區,EWINIAR,3,1002.0,1214.5190169575262,0
2024-05-25 20:00:00,興變電所,EWINIAR,3,1002.0,1134.1208394652765,0
2024-05-25 20:00:00,中正變電所,EWINIAR,3,1002.0,1295.806347757373,0
2024-05-25 20:00:00,成都變電所,EWINIAR,3,1002.0,1293.3911176847694,0
2024-05-25 20:00:00,新豐配電變電所,EWINIAR,3,1002.0,1286.7444557534811,0
2024-05-25 20:00:00,內惟配電變電所,EWINIAR,3,1002.0,1052.073791214118,0
2024-05-25 20:00:00,永華二次變電所,EWINIAR,3,1002.0,1088.9213507179475,0
2024-05-25 20:00:00,關西二次變電所,EWINIAR,3,1002.0,1272.201945317438,0
2024-05-25 20:00:00,源海二次變電所,EWINIAR,3,1002.0,1295.817446034399,0
2024-05-25 20:00:00,四湖配電變電所,EWINIAR,3,1002.0,1159.030437598973,0
2024-05-25 20:00:00,新高港超高壓變電所,EWINIAR,3,1002.0,1039.0571513586062,0
2024-05-25 20:00:00,九曲配電變電所,EWINIAR,3,1002.0,1089.1187494789624,0
2024-05-25 20:00:00,崙背變電所,EWINIAR,3,1002.0,1169.8302776219675,0
2024-05-25 20:00:00,常德變電所,EWINIAR,3,1002.0,1299.1043793552471,0
2024-05-25 20:00:00,嶺口二次變電所,EWINIAR,3,1002.0,1060.5180670716459,0
2024-05-25 20:00:00,龍明配電變電所,EWINIAR,3,1002.0,1293.367133831736,0
2024-05-25 20:00:00,新工配電變電所,EWINIAR,3,1002.0,1276.8208702608636,0
2024-05-26 02:00:00,榮成變電所,EWINIAR,3,998.0,1264.5334993907393,0
2024-05-26 02:00:00,西螺服務區,EWINIAR,3,998.0,1131.6381286213596,0
2024-05-26 02:00:00,中部科學園區,EWINIAR,3,998.0,1175.1591410023907,0
2024-05-26 02:00:00,興變電所,EWINIAR,3,998.0,1094.777869311772,0
2024-05-26 02:00:00,中正變電所,EWINIAR,3,998.0,1260.4001991101272,0
2024-05-26 02:00:00,成都變電所,EWINIAR,3,998.0,1256.8769854936313,0
2024-05-26 02:00:00,新豐配電變電所,EWINIAR,3,998.0,1248.8997225231603,0
2024-05-26 02:00:00,內惟配電變電所,EWINIAR,3,998.0,1009.7171037686281,0
2024-05-26 02:00:00,永華二次變電所,EWINIAR,3,998.0,1046.535944143462,0
2024-05-26 02:00:00,關西二次變電所,EWINIAR,3,998.0,1235.105127997745,0
2024-05-26 02:00:00,源海二次變電所,EWINIAR,3,998.0,1260.4113163250468,0
2024-05-26 02:00:00,四湖配電變電所,EWINIAR,3,998.0,1117.2570517881024,0
2024-05-26 02:00:00,新高港超高壓變電所,EWINIAR,3,998.0,997.1831185383122,0
2024-05-26 02:00:00,九曲配電變電所,EWINIAR,3,998.0,1046.6731007463418,0
2024-05-26 02:00:00,崙背變電所,EWINIAR,3,998.0,1128.6958658858382,0
2024-05-26 02:00:00,常德變電所,EWINIAR,3,998.0,1263.5142355983453,0
2024-05-26 02:00:00,嶺口二次變電所,EWINIAR,3,998.0,1018.5896933676487,0
2024-05-26 02:00:00,龍明配電變電所,EWINIAR,3,998.0,1256.8321941284096,0
2024-05-26 02:00:00,新工配電變電所,EWINIAR,3,998.0,1238.8710379253316,0
2024-05-26 08:00:00,榮成變電所,EWINIAR,4,994.0,1218.4430015320465,0
2024-05-26 08:00:00,西螺服務區,EWINIAR,4,994.0,1082.8912345966132,0
2024-05-26 08:00:00,中部科學園區,EWINIAR,4,994.0,1127.3860943648235,0
2024-05-26 08:00:00,興變電所,EWINIAR,4,994.0,1047.132936790056,0
2024-05-26 08:00:00,中正變電所,EWINIAR,4,994.0,1215.8060066988562,0
2024-05-26 08:00:00,成都變電所,EWINIAR,4,994.0,1211.3572891628062,0
2024-05-26 08:00:00,新豐配電變電所,EWINIAR,4,994.0,1202.2826247961732,0
2024-05-26 08:00:00,內惟配電變電所,EWINIAR,4,994.0,959.7345304956547,0
2024-05-26 08:00:00,永華二次變電所,EWINIAR,4,994.0,996.474797574945,0
2024-05-26 08:00:00,關西二次變電所,EWINIAR,4,994.0,1189.1271999487183,0
2024-05-26 08:00:00,源海二次變電所,EWINIAR,4,994.0,1215.817124980105,0
2024-05-26 08:00:00,四湖配電變電所,EWINIAR,4,994.0,1067.5930124958415,0
2024-05-26 08:00:00,新高港超高壓變電所,EWINIAR,4,994.0,947.6131880148553,0
2024-05-26 08:00:00,九曲配電變電所,EWINIAR,4,994.0,996.5631216810801,0
2024-05-26 08:00:00,崙背變電所,EWINIAR,4,994.0,1079.5342022877414,0
2024-05-26 08:00:00,常德變電所,EWINIAR,4,994.0,1218.760965158309,0
2024-05-26 08:00:00,嶺口二次變電所,EWINIAR,4,994.0,968.9411144673727,0
2024-05-26 08:00:00,龍明配電變電所,EWINIAR,4,994.0,1211.2951561549896,0
2024-05-26 08:00:00,新工配電變電所,EWINIAR,4,994.0,1192.1794286648674,0
2024-05-26 14:00:00,榮成變電所,EWINIAR,4,990.0,1197.3540947272272,0
2024-05-26 14:00:00,西螺服務區,EWINIAR,4,990.0,1064.1099213882026,0
2024-05-26 14:00:00,中部科學園區,EWINIAR,4,990.0,1107.7243772719999,0
2024-05-26 14:00:00,興變電所,EWINIAR,4,990.0,1027.3526908222577,0
2024-05-26 14:00:00,中正變電所,EWINIAR,4,990.0,1193.5269074663786,0
2024-05-26 14:00:00,成都變電所,EWINIAR,4,990.0,1189.805032630229,0
2024-05-26 14:00:00,新豐配電變電所,EWINIAR,4,990.0,1181.629470110903,0
2024-05-26 14:00:00,內惟配電變電所,EWINIAR,4,990.0,942.1343133780806,0
2024-05-26 14:00:00,永華二次變電所,EWINIAR,4,990.0,978.9527038938512,0
2024-05-26 14:00:00,關西二次變電所,EWINIAR,4,990.0,1167.9436049428289,0
2024-05-26 14:00:00,源海二次變電所,EWINIAR,4,990.0,1193.5380261284079,0
2024-05-26 14:00:00,四湖配電變電所,EWINIAR,4,990.0,1049.6817461931857,0
2024-05-26 14:00:00,新高港超高壓變電所,EWINIAR,4,990.0,929.6083321056551,0
2024-05-26 14:00:00,九曲配電變電所,EWINIAR,4,990.0,979.0895828454459,0
2024-05-26 14:00:00,崙背變電所,EWINIAR,4,990.0,1061.1415271410299,0
2024-05-26 14:00:00,常德變電所,EWINIAR,4,990.0,1196.6052230743421,0
2024-05-26 14:00:00,嶺口二次變電所,EWINIAR,4,990.0,951.0131091108437,0
2024-05-26 14:00:00,龍明配電變電所,EWINIAR,4,990.0,1189.7567897642061,0
2024-05-26 14:00:00,新工配電變電所,EWINIAR,4,990.0,1171.5881737862685,0
2024-05-26 20:00:00,榮成變電所,EWINIAR,5,980.0,1134.648656309985,0
2024-05-26 20:00:00,西螺服務區,EWINIAR,5,980.0,1006.0198006179204,0
2024-05-26 20:00:00,中部科學園區,EWINIAR,5,980.0,1047.858804669937,0
2024-05-26 20:00:00,興變電所,EWINIAR,5,980.0,967.4823270542435,0
2024-05-26 20:00:00,中正變電所,EWINIAR,5,980.0,1128.6702755689073,0
2024-05-26 20:00:00,成都變電所,EWINIAR,5,980.0,1126.269699298373,0
2024-05-26 20:00:00,新豐配電變電所,EWINIAR,5,980.0,1119.7550005881187,0
2024-05-26 20:00:00,內惟配電變電所,EWINIAR,5,980.0,886.7160157819718,0
2024-05-26 20:00:00,永華二次變電所,EWINIAR,5,980.0,923.5472789143445,0
2024-05-26 20:00:00,關西二次變電所,EWINIAR,5,980.0,1105.124160752514,0
2024-05-26 20:00:00,源海二次變電所,EWINIAR,5,980.0,1128.681374535282,0
2024-05-26 20:00:00,四湖配電變電所,EWINIAR,5,980.0,993.2921666903763,0
2024-05-26 20:00:00,新高港超高壓變電所,EWINIAR,5,980.0,873.4562176392569,0
2024-05-26 20:00:00,九曲配電變電所,EWINIAR,5,980.0,923.7775239457409,0
2024-05-26 20:00:00,崙背變電所,EWINIAR,5,980.0,1003.7983911097401,0
2024-05-26 20:00:00,常德變電所,EWINIAR,5,980.0,1131.9649887236071,0
2024-05-26 20:00:00,嶺口二次變電所,EWINIAR,5,980.0,894.9268746319314,0
2024-05-26 20:00:00,龍明配電變電所,EWINIAR,5,980.0,1126.2467993719006,0
2024-05-26 20:00:00,新工配電變電所,EWINIAR,5,980.0,1109.8487388365033,0
2024-05-27 02:00:00,榮成變電所,EWINIAR,5,975.0,1071.9574492170325,0
2024-05-27 02:00:00,西螺服務區,EWINIAR,5,975.0,946.9673598476444,0
2024-05-27 02:00:00,中部科學園區,EWINIAR,5,975.0,987.38753690381,0
2024-05-27 02:00:00,興變電所,EWINIAR,5,975.0,907.1912175145598,0
2024-05-27 02:00:00,中正變電所,EWINIAR,5,975.0,1064.4691756248278,0
2024-05-27 02:00:00,成都變電所,EWINIAR,5,975.0,1063.0013252503327,0
2024-05-27 02:00:00,新豐配電變電所,EWINIAR,5,975.0,1057.6834666391126,0
2024-05-27 02:00:00,內惟配電變電所,EWINIAR,5,975.0,830.0616847197218,0
2024-05-27 02:00:00,永華二次變電所,EWINIAR,5,975.0,866.7773467288024,0
2024-05-27 02:00:00,關西二次變電所,EWINIAR,5,975.0,1042.3985255737623,0
2024-05-27 02:00:00,源海二次變電所,EWINIAR,5,975.0,1064.480245343045,0
2024-05-27 02:00:00,四湖配電變電所,EWINIAR,5,975.0,935.5597172780465,0
2024-05-27 02:00:00,新高港超高壓變電所,EWINIAR,5,975.0,816.2791770614932,0
2024-05-27 02:00:00,九曲配電變電所,EWINIAR,5,975.0,867.0790518148181,0
2024-05-27 02:00:00,崙背變電所,EWINIAR,5,975.0,945.3148017939347,0
2024-05-27 02:00:00,常德變電所,EWINIAR,5,975.0,1067.9104913650021,0
2024-05-27 02:00:00,嶺口二次變電所,EWINIAR,5,975.0,837.7258561960371,0
2024-05-27 02:00:00,龍明配電變電所,EWINIAR,5,975.0,1062.9964131723386,0
2024-05-27 02:00:00,新工配電變電所,EWINIAR,5,975.0,1047.8912760607398,0
2024-05-27 08:00:00,榮成變電所,EWINIAR,5,970.0,1043.6219678761115,0
2024-05-27 08:00:00,西螺服務區,EWINIAR,5,970.0,922.2391035360088,0
2024-05-27 08:00:00,中部科學園區,EWINIAR,5,970.0,961.2793460451799,0
2024-05-27 08:00:00,興變電所,EWINIAR,5,970.0,881.3925533139246,0
2024-05-27 08:00:00,中正變電所,EWINIAR,5,970.0,1034.6571923286835,0
2024-05-27 08:00:00,成都變電所,EWINIAR,5,970.0,1034.1148270194155,0
2024-05-27 08:00:00,新豐配電變電所,EWINIAR,5,970.0,1029.9620988684019,0
2024-05-27 08:00:00,內惟配電變電所,EWINIAR,5,970.0,807.7547656075044,0
2024-05-27 08:00:00,永華二次變電所,EWINIAR,5,970.0,844.2755819535487,0
2024-05-27 08:00:00,關西二次變電所,EWINIAR,5,970.0,1014.067085531122,0
2024-05-27 08:00:00,源海二次變電所,EWINIAR,5,970.0,1034.668220035186,0
2024-05-27 08:00:00,四湖配電變電所,EWINIAR,5,970.0,912.0483646965992,0
2024-05-27 08:00:00,新高港超高壓變電所,EWINIAR,5,970.0,793.5410933680529,0
2024-05-27 08:00:00,九曲配電變電所,EWINIAR,5,970.0,844.6400883752159,0
2024-05-27 08:00:00,崙背變電所,EWINIAR,5,970.0,921.1073783557104,0
2024-05-27 08:00:00,常德變電所,EWINIAR,5,970.0,1038.2410443926076,0
2024-05-27 08:00:00,嶺口二次變電所,EWINIAR,5,970.0,814.9105177378243,0
2024-05-27 08:00:00,龍明配電變電所,EWINIAR,5,970.0,1034.1275457305967,0
2024-05-27 08:00:00,新工配電變電所,EWINIAR,5,970.0,1020.2918353546945,0
2024-05-27 14:00:00,榮成變電所,EWINIAR,5,970.0,993.3025517864684,0
2024-05-27 14:00:00,西螺服務區,EWINIAR,5,970.0,881.4617640707277,0
2024-05-27 14:00:00,中部科學園區,EWINIAR,5,970.0,916.8826360494605,0
2024-05-27 14:00:00,興變電所,EWINIAR,5,970.0,838.3217794784538,0
2024-05-27 14:00:00,中正變電所,EWINIAR,5,970.0,980.7392703985753,0
2024-05-27 14:00:00,成都變電所,EWINIAR,5,970.0,982.488537887874,0
2024-05-27 14:00:00,新豐配電變電所,EWINIAR,5,970.0,981.2201580922172,0
2024-05-27 14:00:00,內惟配電變電所,EWINIAR,5,970.0,773.8041723989995,0
2024-05-27 14:00:00,永華二次變電所,EWINIAR,5,970.0,809.504848919207,0
2024-05-27 14:00:00,關西二次變電所,EWINIAR,5,970.0,963.9141309503074,0
2024-05-27 14:00:00,源海二次變電所,EWINIAR,5,970.0,980.750139042682,0
2024-05-27 14:00:00,四湖配電變電所,EWINIAR,5,970.0,874.282578388847,0
2024-05-27 14:00:00,新高港超高壓變電所,EWINIAR,5,970.0,758.6985594954012,0
2024-05-27 14:00:00,九曲配電變電所,EWINIAR,5,970.0,810.0166443303133,0
2024-05-27 14:00:00,崙背變電所,EWINIAR,5,970.0,881.5968963625323,0
2024-05-27 14:00:00,常德變電所,EWINIAR,5,970.0,984.6587006642419,0
2024-05-27 14:00:00,嶺口二次變電所,EWINIAR,5,970.0,779.6653828335247,0
2024-05-27 14:00:00,龍明配電變電所,EWINIAR,5,970.0,982.5446605718897,0
2024-05-27 14:00:00,新工配電變電所,EWINIAR,5,970.0,971.9010443832927,0
2024-05-27 20:00:00,榮成變電所,EWINIAR,5,970.0,919.2944123159798,0
2024-05-27 20:00:00,西螺服務區,EWINIAR,5,970.0,816.1236564452402,0
2024-05-27 20:00:00,中部科學園區,EWINIAR,5,970.0,848.2024504321346,0
2024-05-27 20:00:00,興變電所,EWINIAR,5,970.0,771.387954697522,0
2024-05-27 20:00:00,中正變電所,EWINIAR,5,970.0,903.9435549562166,0
2024-05-27 20:00:00,成都變電所,EWINIAR,5,970.0,907.4936348318653,0
2024-05-27 20:00:00,新豐配電變電所,EWINIAR,5,970.0,908.5490356732759,0
2024-05-27 20:00:00,內惟配電變電所,EWINIAR,5,970.0,715.5411353907872,0
2024-05-27 20:00:00,永華二次變電所,EWINIAR,5,970.0,750.0987222040404,0
2024-05-27 20:00:00,關西二次變電所,EWINIAR,5,970.0,890.2000888091616,0
2024-05-27 20:00:00,源海二次變電所,EWINIAR,5,970.0,903.9542451462694,0
2024-05-27 20:00:00,四湖配電變電所,EWINIAR,5,970.0,811.6069719014282,0
2024-05-27 20:00:00,新高港超高壓變電所,EWINIAR,5,970.0,699.8221544853603,0
2024-05-27 20:00:00,九曲配電變電所,EWINIAR,5,970.0,750.735839648679,0
2024-05-27 20:00:00,崙背變電所,EWINIAR,5,970.0,817.3472525517531,0
2024-05-27 20:00:00,常德變電所,EWINIAR,5,970.0,908.1067184076138,0
2024-05-27 20:00:00,嶺口二次變電所,EWINIAR,5,970.0,720.1746006870952,0
2024-05-27 20:00:00,龍明配電變電所,EWINIAR,5,970.0,907.5840091838587,0
2024-05-27 20:00:00,新工配電變電所,EWINIAR,5,970.0,899.568087423475,0
2024-05-28 02:00:00,榮成變電所,EWINIAR,5,970.0,878.674519365818,0
2024-05-28 02:00:00,西螺服務區,EWINIAR,5,970.0,787.7023450433009,0
2024-05-28 02:00:00,中部科學園區,EWINIAR,5,970.0,815.2051142723708,0
2024-05-28 02:00:00,興變電所,EWINIAR,5,970.0,741.4523987857591,0
2024-05-28 02:00:00,中正變電所,EWINIAR,5,970.0,859.6150536270497,0
2024-05-28 02:00:00,成都變電所,EWINIAR,5,970.0,865.6228988489315,0
2024-05-28 02:00:00,新豐配電變電所,EWINIAR,5,970.0,869.8026178853281,0
2024-05-28 02:00:00,內惟配電變電所,EWINIAR,5,970.0,697.0704502084945,0
2024-05-28 02:00:00,永華二次變電所,EWINIAR,5,970.0,729.7633963373519,0
2024-05-28 02:00:00,關西二次變電所,EWINIAR,5,970.0,850.2009352470524,0
2024-05-28 02:00:00,源海二次變電所,EWINIAR,5,970.0,859.6254173771987,0
2024-05-28 02:00:00,四湖配電變電所,EWINIAR,5,970.0,786.5395151660992,0
2024-05-28 02:00:00,新高港超高壓變電所,EWINIAR,5,970.0,680.8579475356802,0
2024-05-28 02:00:00,九曲配電變電所,EWINIAR,5,970.0,730.5424327023712,0
2024-05-28 02:00:00,崙背變電所,EWINIAR,5,970.0,790.2720313474041,0
2024-05-28 02:00:00,常德變電所,EWINIAR,5,970.0,864.087259424909,0
2024-05-28 02:00:00,嶺口二次變電所,EWINIAR,5,970.0,700.1607807724998,0
2024-05-28 02:00:00,龍明配電變電所,EWINIAR,5,970.0,865.7593418236472,0
2024-05-28 02:00:00,新工配電變電所,EWINIAR,5,970.0,861.3423594059793,0
2024-05-28 08:00:00,榮成變電所,EWINIAR,5,975.0,856.941290724824,0
2024-05-28 08:00:00,西螺服務區,EWINIAR,5,975.0,786.9706715721525,0
2024-05-28 08:00:00,中部科學園區,EWINIAR,5,975.0,806.8195168788477,0
2024-05-28 08:00:00,興變電所,EWINIAR,5,975.0,739.542570954091,0
2024-05-28 08:00:00,中正變電所,EWINIAR,5,975.0,832.1729761797924,0
2024-05-28 08:00:00,成都變電所,EWINIAR,5,975.0,842.0993105771759,0
2024-05-28 08:00:00,新豐配電變電所,EWINIAR,5,975.0,851.246284656663,0
2024-05-28 08:00:00,內惟配電變電所,EWINIAR,5,975.0,713.4253987181553,0
2024-05-28 08:00:00,永華二次變電所,EWINIAR,5,975.0,742.5094131587543,0
2024-05-28 08:00:00,關西二次變電所,EWINIAR,5,975.0,830.0033658321946,0
2024-05-28 08:00:00,源海二次變電所,EWINIAR,5,975.0,832.1826085253269,0
2024-05-28 08:00:00,四湖配電變電所,EWINIAR,5,975.0,790.8907862216446,0
2024-05-28 08:00:00,新高港超高壓變電所,EWINIAR,5,975.0,696.981616955616,0
2024-05-28 08:00:00,九曲配電變電所,EWINIAR,5,975.0,743.4744087651914,0
2024-05-28 08:00:00,崙背變電所,EWINIAR,5,975.0,791.520910558988,0
2024-05-28 08:00:00,常德變電所,EWINIAR,5,975.0,837.0722706455608,0
2024-05-28 08:00:00,嶺口二次變電所,EWINIAR,5,975.0,714.1942887437953,0
2024-05-28 08:00:00,龍明配電變電所,EWINIAR,5,975.0,842.3082340863583,0
2024-05-28 08:00:00,新工配電變電所,EWINIAR,5,975.0,843.7778725199349,0
2024-05-28 14:00:00,榮成變電所,EWINIAR,5,975.0,810.5186308691358,0
2024-05-28 14:00:00,西螺服務區,EWINIAR,5,975.0,773.5655368446152,0
2024-05-28 14:00:00,中部科學園區,EWINIAR,5,975.0,781.6238219935615,0
2024-05-28 14:00:00,興變電所,EWINIAR,5,975.0,726.8855684458222,0
2024-05-28 14:00:00,中正變電所,EWINIAR,5,975.0,778.5212835621265,0
2024-05-28 14:00:00,成都變電所,EWINIAR,5,975.0,793.6945576209912,0
2024-05-28 14:00:00,新豐配電變電所,EWINIAR,5,975.0,809.6091837314359,0
2024-05-28 14:00:00,內惟配電變電所,EWINIAR,5,975.0,727.7618020951576,0
2024-05-28 14:00:00,永華二次變電所,EWINIAR,5,975.0,750.253228455548,0
2024-05-28 14:00:00,關西二次變電所,EWINIAR,5,975.0,786.8840660559983,0
2024-05-28 14:00:00,源海二次變電所,EWINIAR,5,975.0,778.5294634030515,0
2024-05-28 14:00:00,四湖配電變電所,EWINIAR,5,975.0,784.4685359533248,0
2024-05-28 14:00:00,新高港超高壓變電所,EWINIAR,5,975.0,711.9500475549261,0
2024-05-28 14:00:00,九曲配電變電所,EWINIAR,5,975.0,751.4259576697478,0
2024-05-28 14:00:00,崙背變電所,EWINIAR,5,975.0,780.697203705795,0
2024-05-28 14:00:00,常德變電所,EWINIAR,5,975.0,783.837393272932,0
2024-05-28 14:00:00,嶺口二次變電所,EWINIAR,5,975.0,725.2757693243138,0
2024-05-28 14:00:00,龍明配電變電所,EWINIAR,5,975.0,793.9993641553078,0
2024-05-28 14:00:00,新工配電變電所,EWINIAR,5,975.0,803.8656826475245,0
2024-05-28 20:00:00,榮成變電所,EWINIAR,5,975.0,846.0285061537874,0
2024-05-28 20:00:00,西螺服務區,EWINIAR,5,975.0,849.3371390822837,0
2024-05-28 20:00:00,中部科學園區,EWINIAR,5,975.0,843.8746970217401,0
2024-05-28 20:00:00,興變電所,EWINIAR,5,975.0,806.5700225801194,0
2024-05-28 20:00:00,中正變電所,EWINIAR,5,975.0,807.2139472814905,0
2024-05-28 20:00:00,成都變電所,EWINIAR,5,975.0,827.8637326017478,0
2024-05-28 20:00:00,新豐配電變電所,EWINIAR,5,975.0,850.9635842278747,0
2024-05-28 20:00:00,內惟配電變電所,EWINIAR,5,975.0,834.8104791998969,0
2024-05-28 20:00:00,永華二次變電所,EWINIAR,5,975.0,849.4312016132154,0
2024-05-28 20:00:00,關西二次變電所,EWINIAR,5,975.0,827.923385464331,0
2024-05-28 20:00:00,源海二次變電所,EWINIAR,5,975.0,807.2197502340829,0
2024-05-28 20:00:00,四湖配電變電所,EWINIAR,5,975.0,867.023362000365,0
2024-05-28 20:00:00,新高港超高壓變電所,EWINIAR,5,975.0,820.6151043633799,0
2024-05-28 20:00:00,九曲配電變電所,EWINIAR,5,975.0,850.7391644483235,0
2024-05-28 20:00:00,崙背變電所,EWINIAR,5,975.0,858.7999354945448,0
2024-05-28 20:00:00,常德變電所,EWINIAR,5,975.0,812.6878719007884,0
2024-05-28 20:00:00,嶺口二次變電所,EWINIAR,5,975.0,829.3152643552962,0
2024-05-28 20:00:00,龍明配電變電所,EWINIAR,5,975.0,828.266115707222,0
2024-05-28 20:00:00,新工配電變電所,EWINIAR,5,975.0,847.64320590905,0
2024-05-29 02:00:00,榮成變電所,EWINIAR,5,975.0,860.2689411453281,0
2024-05-29 02:00:00,西螺服務區,EWINIAR,5,975.0,905.6725848039845,0
2024-05-29 02:00:00,中部科學園區,EWINIAR,5,975.0,886.5052458014618,0
2024-05-29 02:00:00,興變電所,EWINIAR,5,975.0,870.0514254824525,0
2024-05-29 02:00:00,中正變電所,EWINIAR,5,975.0,817.3095464647206,0
2024-05-29 02:00:00,成都變電所,EWINIAR,5,975.0,842.0985073698645,0
2024-05-29 02:00:00,新豐配電變電所,EWINIAR,5,975.0,871.046415772355,0
2024-05-29 02:00:00,內惟配電變電所,EWINIAR,5,975.0,924.347583724405,0
2024-05-29 02:00:00,永華二次變電所,EWINIAR,5,975.0,929.956631963962,0
2024-05-29 02:00:00,關西二次變電所,EWINIAR,5,975.0,849.4491541429552,0
2024-05-29 02:00:00,源海二次變電所,EWINIAR,5,975.0,817.3123217264985,0
2024-05-29 02:00:00,四湖配電變電所,EWINIAR,5,975.0,929.2123058524523,0
2024-05-29 02:00:00,新高港超高壓變電所,EWINIAR,5,975.0,912.7175782975828,0
2024-05-29 02:00:00,九曲配電變電所,EWINIAR,5,975.0,931.3202146587495,0
2024-05-29 02:00:00,崙背變電所,EWINIAR,5,975.0,916.9084142607244,0
2024-05-29 02:00:00,常德變電所,EWINIAR,5,975.0,822.4920400070198,0
2024-05-29 02:00:00,嶺口二次變電所,EWINIAR,5,975.0,916.1296569950938,0
2024-05-29 02:00:00,龍明配電變電所,EWINIAR,5,975.0,842.5726052157111,0
2024-05-29 02:00:00,新工配電變電所,EWINIAR,5,975.0,870.5461406198602,0
2024-05-29 08:00:00,榮成變電所,EWINIAR,4,980.0,990.3167024771924,0
2024-05-29 08:00:00,西螺服務區,EWINIAR,4,980.0,1060.6615886650286,0
2024-05-29 08:00:00,中部科學園區,EWINIAR,4,980.0,1033.879515960634,0
2024-05-29 08:00:00,興變電所,EWINIAR,4,980.0,1030.3851114982942,0
2024-05-29 08:00:00,中正變電所,EWINIAR,4,980.0,946.5711800834262,0
2024-05-29 08:00:00,成都變電所,EWINIAR,4,980.0,972.9732158939182,0
2024-05-29 08:00:00,新豐配電變電所,EWINIAR,4,980.0,1004.5530527026845,0
2024-05-29 08:00:00,內惟配電變電所,EWINIAR,4,980.0,1097.2908863828422,0
2024-05-29 08:00:00,永華二次變電所,EWINIAR,4,980.0,1097.9446685496516,0
2024-05-29 08:00:00,關西二次變電所,EWINIAR,4,980.0,984.8554941626421,0
2024-05-29 08:00:00,源海二次變電所,EWINIAR,4,980.0,946.5717573751567,0
2024-05-29 08:00:00,四湖配電變電所,EWINIAR,4,980.0,1086.8864409138077,0
2024-05-29 08:00:00,新高港超高壓變電所,EWINIAR,4,980.0,1087.2899772011526,0
2024-05-29 08:00:00,九曲配電變電所,EWINIAR,4,980.0,1099.3015117899097,0
2024-05-29 08:00:00,崙背變電所,EWINIAR,4,980.0,1072.57648462595,0
2024-05-29 08:00:00,常德變電所,EWINIAR,4,980.0,951.2985249360227,0
2024-05-29 08:00:00,嶺口二次變電所,EWINIAR,4,980.0,1087.8571610116016,0
2024-05-29 08:00:00,龍明配電變電所,EWINIAR,4,980.0,973.4736977997151,0
2024-05-29 08:00:00,新工配電變電所,EWINIAR,4,980.0,1005.9460033420778,0
2024-05-29 11:00:00,榮成變電所,EWINIAR,4,980.0,1055.0203981252164,0
2024-05-29 11:00:00,西螺服務區,EWINIAR,4,980.0,1134.1676140380232,0
2024-05-29 11:00:00,中部科學園區,EWINIAR,4,980.0,1104.7234743630072,0
2024-05-29 11:00:00,興變電所,EWINIAR,4,980.0,1106.0626066108637,0
2024-05-29 11:00:00,中正變電所,EWINIAR,4,980.0,1011.4078144919462,0
2024-05-29 11:00:00,成都變電所,EWINIAR,4,980.0,1038.1521437092,0
2024-05-29 11:00:00,新豐配電變電所,EWINIAR,4,980.0,1070.430830738757,0
2024-05-29 11:00:00,內惟配電變電所,EWINIAR,4,980.0,1177.2805807509837,0
2024-05-29 11:00:00,永華二次變電所,EWINIAR,4,980.0,1176.0886432748957,0
2024-05-29 11:00:00,關西二次變電所,EWINIAR,4,980.0,1051.6220205801085,0
2024-05-29 11:00:00,源海二次變電所,EWINIAR,4,980.0,1011.4075647360563,0
2024-05-29 11:00:00,四湖配電變電所,EWINIAR,4,980.0,1161.2378423871642,0
2024-05-29 11:00:00,新高港超高壓變電所,EWINIAR,4,980.0,1167.9275605840355,0
2024-05-29 11:00:00,九曲配電變電所,EWINIAR,4,980.0,1177.4364025542068,0
2024-05-29 11:00:00,崙背變電所,EWINIAR,4,980.0,1146.2623456915342,0
2024-05-29 11:00:00,常德變電所,EWINIAR,4,980.0,1015.9167129881715,0
2024-05-29 11:00:00,嶺口二次變電所,EWINIAR,4,980.0,1167.4384606960887,0
2024-05-29 11:00:00,龍明配電變電所,EWINIAR,4,980.0,1038.657727682366,0
2024-05-29 11:00:00,新工配電變電所,EWINIAR,4,980.0,1072.5241239654197,0
2024-05-29 14:00:00,榮成變電所,EWINIAR,4,980.0,1113.7511867117823,0
2024-05-29 14:00:00,西螺服務區,EWINIAR,4,980.0,1201.7089202654308,0
2024-05-29 14:00:00,中部科學園區,EWINIAR,4,980.0,1169.5807637240614,0
2024-05-29 14:00:00,興變電所,EWINIAR,4,980.0,1176.0094772564998,0
2024-05-29 14:00:00,中正變電所,EWINIAR,4,980.0,1070.514946495515,0
2024-05-29 14:00:00,成都變電所,EWINIAR,4,980.0,1097.4611009105038,0
2024-05-29 14:00:00,新豐配電變電所,EWINIAR,4,980.0,1130.2902108768717,0
2024-05-29 14:00:00,內惟配電變電所,EWINIAR,4,980.0,1251.6477135329574,0
2024-05-29 14:00:00,永華二次變電所,EWINIAR,4,980.0,1248.4512400807307,0
2024-05-29 14:00:00,關西二次變電所,EWINIAR,4,980.0,1112.492700548666,0
2024-05-29 14:00:00,源海二次變電所,EWINIAR,4,980.0,1070.5138526906953,0
2024-05-29 14:00:00,四湖配電變電所,EWINIAR,4,980.0,1229.5791414438202,0
2024-05-29 14:00:00,新高港超高壓變電所,EWINIAR,4,980.0,1243.0295680648642,0
2024-05-29 14:00:00,九曲配電變電所,EWINIAR,4,980.0,1249.7851794622322,0
2024-05-29 14:00:00,崙背變電所,EWINIAR,4,980.0,1213.9498072231922,0
2024-05-29 14:00:00,常德變電所,EWINIAR,4,980.0,1074.774767943532,0
2024-05-29 14:00:00,嶺口二次變電所,EWINIAR,4,980.0,1241.3872263726405,0
2024-05-29 14:00:00,龍明配電變電所,EWINIAR,4,980.0,1097.9691874553687,0
2024-05-29 14:00:00,新工配電變電所,EWINIAR,4,980.0,1133.0956508609336,0
2024-05-29 20:00:00,榮成變電所,EWINIAR,4,985.0,1207.7164398862146,0
2024-05-29 20:00:00,西螺服務區,EWINIAR,4,985.0,1303.9717501716548,0
2024-05-29 20:00:00,中部科學園區,EWINIAR,4,985.0,1269.352409265309,0
2024-05-29 20:00:00,興變電所,EWINIAR,4,985.0,1280.676935435104,0
2024-05-29 20:00:00,中正變電所,EWINIAR,4,985.0,1165.0961409765093,0
2024-05-29 20:00:00,成都變電所,EWINIAR,4,985.0,1192.0925789566422,0
2024-05-29 20:00:00,新豐配電變電所,EWINIAR,4,985.0,1225.297935749254,0
2024-05-29 20:00:00,內惟配電變電所,EWINIAR,4,985.0,1360.2624244434285,0
2024-05-29 20:00:00,永華二次變電所,EWINIAR,4,985.0,1355.1870799655592,0
2024-05-29 20:00:00,關西二次變電所,EWINIAR,4,985.0,1208.5979281091284,0
2024-05-29 20:00:00,源海二次變電所,EWINIAR,4,985.0,1165.0942142209701,0
2024-05-29 20:00:00,四湖配電變電所,EWINIAR,4,985.0,1332.519349804476,0
2024-05-29 20:00:00,新高港超高壓變電所,EWINIAR,4,985.0,1352.3515778997428,0
2024-05-29 20:00:00,九曲配電變電所,EWINIAR,4,985.0,1356.5041342618,0
2024-05-29 20:00:00,崙背變電所,EWINIAR,4,985.0,1316.3103739092337,0
2024-05-29 20:00:00,常德變電所,EWINIAR,4,985.0,1169.0836773674741,0
2024-05-29 20:00:00,嶺口二次變電所,EWINIAR,4,985.0,1349.6373382340948,0
2024-05-29 20:00:00,龍明配電變電所,EWINIAR,4,985.0,1192.60039136862,0
2024-05-29 20:00:00,新工配電變電所,EWINIAR,4,985.0,1228.7995912851097,0
2024-05-30 02:00:00,榮成變電所,EWINIAR,4,990.0,1310.8186861285158,0
2024-05-30 02:00:00,西螺服務區,EWINIAR,4,990.0,1416.6754087683837,0
2024-05-30 02:00:00,中部科學園區,EWINIAR,4,990.0,1379.1454174136672,0
2024-05-30 02:00:00,興變電所,EWINIAR,4,990.0,1396.5145973184692,0
2024-05-30 02:00:00,中正變電所,EWINIAR,4,990.0,1269.2545487747464,0
2024-05-30 02:00:00,成都變電所,EWINIAR,4,990.0,1296.1115938944993,0
2024-05-30 02:00:00,新豐配電變電所,EWINIAR,4,990.0,1329.5382268754327,0
2024-05-30 02:00:00,內惟配電變電所,EWINIAR,4,990.0,1480.8086262724125,0
2024-05-30 02:00:00,永華二次變電所,EWINIAR,4,990.0,1473.3257335556968,0
2024-05-30 02:00:00,關西二次變電所,EWINIAR,4,990.0,1314.2835415398586,0
2024-05-30 02:00:00,源海二次變電所,EWINIAR,4,990.0,1269.2516356257306,0
2024-05-30 02:00:00,四湖配電變電所,EWINIAR,4,990.0,1445.9331704898711,0
2024-05-30 02:00:00,新高港超高壓變電所,EWINIAR,4,990.0,1473.8479947908606,0
2024-05-30 02:00:00,九曲配電變電所,EWINIAR,4,990.0,1474.6157564627574,0
2024-05-30 02:00:00,崙背變電所,EWINIAR,4,990.0,1429.0747413126035,0
2024-05-30 02:00:00,常德變電所,EWINIAR,4,990.0,1272.8847083225908,0
2024-05-30 02:00:00,嶺口二次變電所,EWINIAR,4,990.0,1469.7509153163721,0
2024-05-30 02:00:00,龍明配電變電所,EWINIAR,4,990.0,1296.6153954563572,0
2024-05-30 02:00:00,新工配電變電所,EWINIAR,4,990.0,1333.8613462377161,0
2024-05-30 08:00:00,榮成變電所,EWINIAR,3,992.0,1388.1663830552834,0
2024-05-30 08:00:00,西螺服務區,EWINIAR,3,992.0,1497.2315494111174,0
2024-05-30 08:00:00,中部科學園區,EWINIAR,3,992.0,1458.7537723572987,0
2024-05-30 08:00:00,興變電所,EWINIAR,3,992.0,1478.1410541020887,0
2024-05-30 08:00:00,中正變電所,EWINIAR,3,992.0,1347.0650441740868,0
2024-05-30 08:00:00,成都變電所,EWINIAR,3,992.0,1373.8190920384623,0
2024-05-30 08:00:00,新豐配電變電所,EWINIAR,3,992.0,1407.2623151201394,0
2024-05-30 08:00:00,關西二次變電所,EWINIAR,3,992.0,1392.5534874326827,0
2024-05-30 08:00:00,源海二次變電所,EWINIAR,3,992.0,1347.0617837632183,0
2024-05-30 08:00:00,常德變電所,EWINIAR,3,992.0,1350.5597635531053,0
2024-05-30 08:00:00,龍明配電變電所,EWINIAR,3,992.0,1374.3204743587062,0
2024-05-30 08:00:00,新工配電變電所,EWINIAR,3,992.0,1411.8731110030278,0
2024-05-30 14:00:00,中正變電所,EWINIAR,3,996.0,1483.0890045503972,0
2024-05-30 14:00:00,源海二次變電所,EWINIAR,3,996.0,1483.085197893113,0
2024-05-30 14:00:00,常德變電所,EWINIAR,3,996.0,1486.3602197687235,0
2024-05-30 08:00:00,榮成變電所,MALIKSI,2,1002.0,1235.0301615831559,0
2024-05-30 08:00:00,西螺服務區,MALIKSI,2,1002.0,1098.3978014981146,0
2024-05-30 08:00:00,中部科學園區,MALIKSI,2,1002.0,1144.4617352384691,0
2024-05-30 08:00:00,興變電所,MALIKSI,2,1002.0,1108.7406325113423,0
2024-05-30 08:00:00,中正變電所,MALIKSI,2,1002.0,1268.4996996031007,0
2024-05-30 08:00:00,成都變電所,MALIKSI,2,1002.0,1244.4835109557175,0
2024-05-30 08:00:00,新豐配電變電所,MALIKSI,2,1002.0,1213.0754446395488,0
2024-05-30 08:00:00,內惟配電變電所,MALIKSI,2,1002.0,1016.3820584105339,0
2024-05-30 08:00:00,永華二次變電所,MALIKSI,2,1002.0,1028.051291992109,0
2024-05-30 08:00:00,關西二次變電所,MALIKSI,2,1002.0,1220.9920591427212,0
2024-05-30 08:00:00,源海二次變電所,MALIKSI,2,1002.0,1268.5062617824842,0
2024-05-30 08:00:00,四湖配電變電所,MALIKSI,2,1002.0,1067.93571748581,0
2024-05-30 08:00:00,新高港超高壓變電所,MALIKSI,2,1002.0,1022.1863356979803,0
2024-05-30 08:00:00,九曲配電變電所,MALIKSI,2,1002.0,1026.8402925122043,0
2024-05-30 08:00:00,崙背變電所,MALIKSI,2,1002.0,1086.3127977528882,0
2024-05-30 08:00:00,常德變電所,MALIKSI,2,1002.0,1266.5969686056649,0
2024-05-30 08:00:00,嶺口二次變電所,MALIKSI,2,1002.0,1027.9737755661852,0
2024-05-30 08:00:00,龍明配電變電所,MALIKSI,2,1002.0,1244.0402268506148,0
2024-05-30 08:00:00,新工配電變電所,MALIKSI,2,1002.0,1205.5893526934785,0
2024-05-30 14:00:00,榮成變電所,MALIKSI,2,1000.0,1220.5468244821504,0
2024-05-30 14:00:00,西螺服務區,MALIKSI,2,1000.0,1085.0339845224535,0
2024-05-30 14:00:00,中部科學園區,MALIKSI,2,1000.0,1130.7008790300802,0
2024-05-30 14:00:00,興變電所,MALIKSI,2,1000.0,1096.1422971459042,0
2024-05-30 14:00:00,中正變電所,MALIKSI,2,1000.0,1254.401316926584,0
2024-05-30 14:00:00,成都變電所,MALIKSI,2,1000.0,1230.2172073225072,0
2024-05-30 14:00:00,新豐配電變電所,MALIKSI,2,1000.0,1198.6514091399151,0
2024-05-30 14:00:00,內惟配電變電所,MALIKSI,2,1000.0,1004.7415480633045,0
2024-05-30 14:00:00,永華二次變電所,MALIKSI,2,1000.0,1015.7613553177781,0
2024-05-30 14:00:00,關西二次變電所,MALIKSI,2,1000.0,1206.8752610571087,0
2024-05-30 14:00:00,源海二次變電所,MALIKSI,2,1000.0,1254.4077552949284,0
2024-05-30 14:00:00,四湖配電變電所,MALIKSI,2,1000.0,1054.592660049312,0
2024-05-30 14:00:00,新高港超高壓變電所,MALIKSI,2,1000.0,1010.8350446857534,0
2024-05-30 14:00:00,九曲配電變電所,MALIKSI,2,1000.0,1014.53910649728,0
2024-05-30 14:00:00,崙背變電所,MALIKSI,2,1000.0,1072.9046475956018,0
2024-05-30 14:00:00,常德變電所,MALIKSI,2,1000.0,1252.4283461328782,0
2024-05-30 14:00:00,嶺口二次變電所,MALIKSI,2,1000.0,1016.2342763564122,0
2024-05-30 14:00:00,龍明配電變電所,MALIKSI,2,1000.0,1229.7705142654443,0
2024-05-30 14:00:00,新工配電變電所,MALIKSI,2,1000.0,1191.2666980831998,0
2024-05-30 20:00:00,榮成變電所,MALIKSI,2,1000.0,1213.3920862880252,0
2024-05-30 20:00:00,西螺服務區,MALIKSI,2,1000.0,1078.460876382182,0
2024-05-30 20:00:00,中部科學園區,MALIKSI,2,1000.0,1123.9212058597468,0
2024-05-30 20:00:00,興變電所,MALIKSI,2,1000.0,1089.957530811345,0
2024-05-30 20:00:00,中正變電所,MALIKSI,2,1000.0,1247.4398883474448,0
2024-05-30 20:00:00,成都變電所,MALIKSI,2,1000.0,1223.172162732947,0
2024-05-30 20:00:00,新豐配電變電所,MALIKSI,2,1000.0,1191.5284895271516,0
2024-05-30 20:00:00,內惟配電變電所,MALIKSI,2,1000.0,999.0549487992124,0
2024-05-30 20:00:00,永華二次變電所,MALIKSI,2,1000.0,1009.7428798243295,0
2024-05-30 20:00:00,關西二次變電所,MALIKSI,2,1000.0,1199.9080308861471,0
2024-05-30 20:00:00,源海二次變電所,MALIKSI,2,1000.0,1247.4462633139021,0
2024-05-30 20:00:00,四湖配電變電所,MALIKSI,2,1000.0,1048.0333484765467,0
2024-05-30 20:00:00,新高港超高壓變電所,MALIKSI,2,1000.0,1005.2946718256777,0
2024-05-30 20:00:00,九曲配電變電所,MALIKSI,2,1000.0,1008.5150609744894,0
2024-05-30 20:00:00,崙背變電所,MALIKSI,2,1000.0,1066.3102234151481,0
2024-05-30 20:00:00,常德變電所,MALIKSI,2,1000.0,1245.431352735021,0
2024-05-30 20:00:00,嶺口二次變電所,MALIKSI,2,1000.0,1010.4957918453994,0
2024-05-30 20:00:00,龍明配電變電所,MALIKSI,2,1000.0,1222.723768862994,0
2024-05-30 20:00:00,新工配電變電所,MALIKSI,2,1000.0,1184.1959460885655,0
2024-05-31 02:00:00,榮成變電所,MALIKSI,2,1000.0,1146.8086671302447,0
2024-05-31 02:00:00,西螺服務區,MALIKSI,2,1000.0,1014.3095509141509,0
2024-05-31 02:00:00,中部科學園區,MALIKSI,2,1000.0,1058.8800282952793,0
2024-05-31 02:00:00,興變電所,MALIKSI,2,1000.0,1027.4682658120366,0
2024-05-31 02:00:00,中正變電所,MALIKSI,2,1000.0,1181.5973839874498,0
2024-05-31 02:00:00,成都變電所,MALIKSI,2,1000.0,1157.0113533479425,0
2024-05-31 02:00:00,新豐配電變電所,MALIKSI,2,1000.0,1125.0788434495078,0
2024-05-31 02:00:00,內惟配電變電所,MALIKSI,2,1000.0,938.9069248873409,0
2024-05-31 02:00:00,永華二次變電所,MALIKSI,2,1000.0,948.0686391442028,0
2024-05-31 02:00:00,關西二次變電所,MALIKSI,2,1000.0,1134.0661989256603,0
2024-05-31 02:00:00,源海二次變電所,MALIKSI,2,1000.0,1181.603504385616,0
2024-05-31 02:00:00,四湖配電變電所,MALIKSI,2,1000.0,983.9642056181897,0
2024-05-31 02:00:00,新高港超高壓變電所,MALIKSI,2,1000.0,945.8205720688086,0
2024-05-31 02:00:00,九曲配電變電所,MALIKSI,2,1000.0,946.8171152087049,0
2024-05-31 02:00:00,崙背變電所,MALIKSI,2,1000.0,1002.0785204329009,0
2024-05-31 02:00:00,常德變電所,MALIKSI,2,1000.0,1179.4490652635413,0
2024-05-31 02:00:00,嶺口二次變電所,MALIKSI,2,1000.0,950.0946177932774,0
2024-05-31 02:00:00,龍明配電變電所,MALIKSI,2,1000.0,1156.5564999259218,0
2024-05-31 02:00:00,新工配電變電所,MALIKSI,2,1000.0,1117.953602488309,0
2024-05-31 08:00:00,榮成變電所,MALIKSI,3,998.0,1053.2897231332486,0
2024-05-31 08:00:00,西螺服務區,MALIKSI,3,998.0,925.6194269460239,0
2024-05-31 08:00:00,中部科學園區,MALIKSI,3,998.0,968.415007475291,0
2024-05-31 08:00:00,興變電所,MALIKSI,3,998.0,941.7787284874414,0
2024-05-31 08:00:00,中正變電所,MALIKSI,3,998.0,1089.3735242019523,0
2024-05-31 08:00:00,成都變電所,MALIKSI,3,998.0,1064.2522453619697,0
2024-05-31 08:00:00,新豐配電變電所,MALIKSI,3,998.0,1031.8512498371986,0
2024-05-31 08:00:00,內惟配電變電所,MALIKSI,3,998.0,857.852008505992,0
2024-05-31 08:00:00,永華二次變電所,MALIKSI,3,998.0,864.1860031332516,0
2024-05-31 08:00:00,關西二次變電所,MALIKSI,3,998.0,1041.9421913385527,0
2024-05-31 08:00:00,源海二次變電所,MALIKSI,3,998.0,1089.3791664394591,0
2024-05-31 08:00:00,四湖配電變電所,MALIKSI,3,998.0,895.5278452028865,0
2024-05-31 08:00:00,新高港超高壓變電所,MALIKSI,3,998.0,865.9516217210041,0
2024-05-31 08:00:00,九曲配電變電所,MALIKSI,3,998.0,862.8966855934086,0
2024-05-31 08:00:00,崙背變電所,MALIKSI,3,998.0,913.2798542635851,0
2024-05-31 08:00:00,常德變電所,MALIKSI,3,998.0,1086.9733744568452,0
2024-05-31 08:00:00,嶺口二次變電所,MALIKSI,3,998.0,868.5245484416862,0
2024-05-31 08:00:00,龍明配電變電所,MALIKSI,3,998.0,1063.7864122916942,0
2024-05-31 08:00:00,新工配電變電所,MALIKSI,3,998.0,1025.124969830342,0
2024-05-31 14:00:00,榮成變電所,MALIKSI,3,998.0,1084.2490266820314,0
2024-05-31 14:00:00,西螺服務區,MALIKSI,3,998.0,964.5026020366669,0
2024-05-31 14:00:00,中部科學園區,MALIKSI,3,998.0,1004.5277979355052,0
2024-05-31 14:00:00,興變電所,MALIKSI,3,998.0,984.466816249906,0
2024-05-31 14:00:00,中正變電所,MALIKSI,3,998.0,1122.1863650048313,0
2024-05-31 14:00:00,成都變電所,MALIKSI,3,998.0,1096.3625493086033,0
2024-05-31 14:00:00,新豐配電變電所,MALIKSI,3,998.0,1063.395247995144,0
2024-05-31 14:00:00,內惟配電變電所,MALIKSI,3,998.0,906.5476961971173,0
2024-05-31 14:00:00,永華二次變電所,MALIKSI,3,998.0,909.6110639411153,0
2024-05-31 14:00:00,關西二次變電所,MALIKSI,3,998.0,1075.1565064846116,0
2024-05-31 14:00:00,源海二次變電所,MALIKSI,3,998.0,1122.1912434142232,0
2024-05-31 14:00:00,四湖配電變電所,MALIKSI,3,998.0,934.9656683170103,0
2024-05-31 14:00:00,新高港超高壓變電所,MALIKSI,3,998.0,915.8707223612967,0
2024-05-31 14:00:00,九曲配電變電所,MALIKSI,3,998.0,908.2867185520395,0
2024-05-31 14:00:00,崙背變電所,MALIKSI,3,998.0,952.0993549757255,0
2024-05-31 14:00:00,常德變電所,MALIKSI,3,998.0,1119.409134389985,0
2024-05-31 14:00:00,嶺口二次變電所,MALIKSI,3,998.0,916.5713619896737,0
2024-05-31 14:00:00,龍明配電變電所,MALIKSI,3,998.0,1095.8819345163795,0
2024-05-31 14:00:00,新工配電變電所,MALIKSI,3,998.0,1057.3387367501666,0
2024-05-31 20:00:00,榮成變電所,MALIKSI,2,1000.0,1092.5029253021987,0
2024-05-31 20:00:00,西螺服務區,MALIKSI,2,1000.0,984.7653967714,0
2024-05-31 20:00:00,中部科學園區,MALIKSI,2,1000.0,1020.5684123476378,0
2024-05-31 20:00:00,興變電所,MALIKSI,2,1000.0,1009.6631633693437,0
2024-05-31 20:00:00,中正變電所,MALIKSI,2,1000.0,1132.5446322992887,0
2024-05-31 20:00:00,成都變電所,MALIKSI,2,1000.0,1106.0320885496387,0
2024-05-31 20:00:00,新豐配電變電所,MALIKSI,2,1000.0,1072.648915075688,0
2024-05-31 20:00:00,內惟配電變電所,MALIKSI,2,1000.0,940.9596702256499,0
2024-05-31 20:00:00,永華二次變電所,MALIKSI,2,1000.0,939.4835279317003,0
2024-05-31 20:00:00,關西二次變電所,MALIKSI,2,1000.0,1086.5223677647916,0
2024-05-31 20:00:00,源海二次變電所,MALIKSI,2,1000.0,1132.548438724512,0
2024-05-31 20:00:00,四湖配電變電所,MALIKSI,2,1000.0,956.3566762344328,0
2024-05-31 20:00:00,新高港超高壓變電所,MALIKSI,2,1000.0,951.8586689727466,0
2024-05-31 20:00:00,九曲配電變電所,MALIKSI,2,1000.0,938.1287967109569,0
2024-05-31 20:00:00,崙背變電所,MALIKSI,2,1000.0,972.43240565084,0
2024-05-31 20:00:00,常德變電所,MALIKSI,2,1000.0,1129.288143133458,0
2024-05-31 20:00:00,嶺口二次變電所,MALIKSI,2,1000.0,949.9583274285931,0
2024-05-31 20:00:00,龍明配電變電所,MALIKSI,2,1000.0,1105.536510104049,0
2024-05-31 20:00:00,新工配電變電所,MALIKSI,2,1000.0,1067.5527626693993,0
2024-06-01 02:00:00,榮成變電所,MALIKSI,2,1000.0,1046.8812598551208,0
2024-06-01 02:00:00,西螺服務區,MALIKSI,2,1000.0,945.4102114515863,0
2024-06-01 02:00:00,中部科學園區,MALIKSI,2,1000.0,978.9412608758705,0
2024-06-01 02:00:00,興變電所,MALIKSI,2,1000.0,972.6921114133728,0
2024-06-01 02:00:00,中正變電所,MALIKSI,2,1000.0,1087.7396160383423,0
2024-06-01 02:00:00,成都變電所,MALIKSI,2,1000.0,1061.0089844377455,0
2024-06-01 02:00:00,新豐配電變電所,MALIKSI,2,1000.0,1027.5673151019985,0
2024-06-01 02:00:00,內惟配電變電所,MALIKSI,2,1000.0,909.3206820968126,0
2024-06-01 02:00:00,永華二次變電所,MALIKSI,2,1000.0,905.3838287360978,0
2024-06-01 02:00:00,關西二次變電所,MALIKSI,2,1000.0,1042.3668873654337,0
2024-06-01 02:00:00,源海二次變電所,MALIKSI,2,1000.0,1087.742911137513,0
2024-06-01 02:00:00,四湖配電變電所,MALIKSI,2,1000.0,917.7298152933787,0
2024-06-01 02:00:00,新高港超高壓變電所,MALIKSI,2,1000.0,921.0242972508366,0
2024-06-01 02:00:00,九曲配電變電所,MALIKSI,2,1000.0,904.021365603094,0
2024-06-01 02:00:00,崙背變電所,MALIKSI,2,1000.0,933.1800379323863,0
2024-06-01 02:00:00,常德變電所,MALIKSI,2,1000.0,1084.2733517377894,0
2024-06-01 02:00:00,嶺口二次變電所,MALIKSI,2,1000.0,917.6983641909387,0
2024-06-01 02:00:00,龍明配電變電所,MALIKSI,2,1000.0,1060.5084147227508,0
2024-06-01 02:00:00,新工配電變電所,MALIKSI,2,1000.0,1022.9379100816877,0
2024-06-01 08:00:00,榮成變電所,MALIKSI,2,1004.0,994.46013692936,0
2024-06-01 08:00:00,西螺服務區,MALIKSI,2,1004.0,899.7885340331004,0
2024-06-01 08:00:00,中部科學園區,MALIKSI,2,1004.0,930.8329993889242,0
2024-06-01 08:00:00,興變電所,MALIKSI,2,1004.0,929.4572809537428,0
2024-06-01 08:00:00,中正變電所,MALIKSI,2,1004.0,1036.0503029594927,0
2024-06-01 08:00:00,成都變電所,MALIKSI,2,1004.0,1009.16333775519,0
2024-06-01 08:00:00,新豐配電變電所,MALIKSI,2,1004.0,975.7493537401273,0
2024-06-01 08:00:00,內惟配電變電所,MALIKSI,2,1004.0,871.9688622633387,0
2024-06-01 08:00:00,永華二次變電所,MALIKSI,2,1004.0,865.4538241871,0
2024-06-01 08:00:00,關西二次變電所,MALIKSI,2,1004.0,991.4582800245431,0
2024-06-01 08:00:00,源海二次變電所,MALIKSI,2,1004.0,1036.0530686144607,0
2024-06-01 08:00:00,四湖配電變電所,MALIKSI,2,1004.0,872.98166259254,0
2024-06-01 08:00:00,新高港超高壓變電所,MALIKSI,2,1004.0,884.4643606065156,0
2024-06-01 08:00:00,九曲配電變電所,MALIKSI,2,1004.0,864.0897115618811,0
2024-06-01 08:00:00,崙背變電所,MALIKSI,2,1004.0,887.713684021749,0
2024-06-01 08:00:00,常德變電所,MALIKSI,2,1004.0,1032.3785414832935,0
2024-06-01 08:00:00,嶺口二次變電所,MALIKSI,2,1004.0,879.6501688635454,0
2024-06-01 08:00:00,龍明配電變電所,MALIKSI,2,1004.0,1008.6589378873067,0
2024-06-01 08:00:00,新工配電變電所,MALIKSI,2,1004.0,971.6112870303081,0
2024-06-01 14:00:00,榮成變電所,MALIKSI,2,1004.0,911.5580725246944,0
2024-06-01 14:00:00,西螺服務區,MALIKSI,2,1004.0,832.35911673735,0
2024-06-01 14:00:00,中部科學園區,MALIKSI,2,1004.0,857.7718264825869,0
2024-06-01 14:00:00,興變電所,MALIKSI,2,1004.0,866.6390254941176,0
2024-06-01 14:00:00,中正變電所,MALIKSI,2,1004.0,954.3618333334507,0
2024-06-01 14:00:00,成都變電所,MALIKSI,2,1004.0,927.3667606736569,0
2024-06-01 14:00:00,新豐配電變電所,MALIKSI,2,1004.0,894.3101982761641,0
2024-06-01 14:00:00,內惟配電變電所,MALIKSI,2,1004.0,822.0576647680688,0
2024-06-01 14:00:00,永華二次變電所,MALIKSI,2,1004.0,810.3656320762279,0
2024-06-01 14:00:00,關西二次變電所,MALIKSI,2,1004.0,911.8197758010172,0
2024-06-01 14:00:00,源海二次變電所,MALIKSI,2,1004.0,954.3634493488184,0
2024-06-01 14:00:00,四湖配電變電所,MALIKSI,2,1004.0,807.7513676611286,0
2024-06-01 14:00:00,新高港超高壓變電所,MALIKSI,2,1004.0,835.9659932838796,0
2024-06-01 14:00:00,九曲配電變電所,MALIKSI,2,1004.0,809.0192641612468,0
2024-06-01 14:00:00,崙背變電所,MALIKSI,2,1004.0,820.7697396523824,0
2024-06-01 14:00:00,常德變電所,MALIKSI,2,1004.0,950.2823294912002,0
2024-06-01 14:00:00,嶺口二次變電所,MALIKSI,2,1004.0,828.2005848635629,0
2024-06-01 14:00:00,龍明配電變電所,MALIKSI,2,1004.0,926.8585145224059,0
2024-06-01 14:00:00,新工配電變電所,MALIKSI,2,1004.0,891.2645214601177,0
2024-06-01 20:00:00,榮成變電所,MALIKSI,2,1004.0,790.7860560985198,0
2024-06-01 20:00:00,西螺服務區,MALIKSI,2,1004.0,718.6600929615496,0
2024-06-01 20:00:00,中部科學園區,MALIKSI,2,1004.0,741.1974929434016,0
2024-06-01 20:00:00,興變電所,MALIKSI,2,1004.0,755.1178747148214,0
2024-06-01 20:00:00,中正變電所,MALIKSI,2,1004.0,833.9006565419306,0
2024-06-01 20:00:00,成都變電所,MALIKSI,2,1004.0,806.9417451199341,0
2024-06-01 20:00:00,新豐配電變電所,MALIKSI,2,1004.0,774.115027706559,0
2024-06-01 20:00:00,內惟配電變電所,MALIKSI,2,1004.0,718.4695856728127,0
2024-06-01 20:00:00,永華二次變電所,MALIKSI,2,1004.0,703.7187554988399,0
2024-06-01 20:00:00,關西二次變電所,MALIKSI,2,1004.0,792.2457206969365,0
2024-06-01 20:00:00,源海二次變電所,MALIKSI,2,1004.0,833.9018585332024,0
2024-06-01 20:00:00,四湖配電變電所,MALIKSI,2,1004.0,695.3752348131217,0
2024-06-01 20:00:00,新高港超高壓變電所,MALIKSI,2,1004.0,733.1191828075077,0
2024-06-01 20:00:00,九曲配電變電所,MALIKSI,2,1004.0,702.3965420355594,0
2024-06-01 20:00:00,崙背變電所,MALIKSI,2,1004.0,707.3995157687818,0
2024-06-01 20:00:00,常德變電所,MALIKSI,2,1004.0,829.6875229360971,0
2024-06-01 20:00:00,嶺口二次變電所,MALIKSI,2,1004.0,723.5891748100089,0
2024-06-01 20:00:00,龍明配電變電所,MALIKSI,2,1004.0,806.4335721751119,0
2024-06-01 20:00:00,新工配電變電所,MALIKSI,2,1004.0,771.4886135087473,0
2024-06-02 02:00:00,榮成變電所,MALIKSI,2,1006.0,598.7661889833504,0
2024-06-02 02:00:00,西螺服務區,MALIKSI,2,1006.0,545.175416484939,0
2024-06-02 02:00:00,中部科學園區,MALIKSI,2,1006.0,560.1575229858948,0
2024-06-02 02:00:00,興變電所,MALIKSI,2,1006.0,586.2359989546296,0
2024-06-02 02:00:00,中正變電所,MALIKSI,2,1006.0,642.3831846503367,0
2024-06-02 02:00:00,成都變電所,MALIKSI,2,1006.0,615.6792518799951,0
2024-06-02 02:00:00,新豐配電變電所,MALIKSI,2,1006.0,583.6536915291662,0
2024-06-02 02:00:00,內惟配電變電所,MALIKSI,2,1006.0,569.436360413707,0
2024-06-02 02:00:00,永華二次變電所,MALIKSI,2,1006.0,547.8824560552746,0
2024-06-02 02:00:00,關西二次變電所,MALIKSI,2,1006.0,603.1909116592612,0
2024-06-02 02:00:00,源海二次變電所,MALIKSI,2,1006.0,642.3833721883032,0
2024-06-02 02:00:00,四湖配電變電所,MALIKSI,2,1006.0,525.6989911745237,0
2024-06-02 02:00:00,新高港超高壓變電所,MALIKSI,2,1006.0,585.3407473716256,0
2024-06-02 02:00:00,九曲配電變電所,MALIKSI,2,1006.0,546.6594588985465,0
2024-06-02 02:00:00,崙背變電所,MALIKSI,2,1006.0,534.9656351126018,0
2024-06-02 02:00:00,常德變電所,MALIKSI,2,1006.0,637.8690757241283,0
2024-06-02 02:00:00,嶺口二次變電所,MALIKSI,2,1006.0,571.9834355523587,0
2024-06-02 02:00:00,龍明配電變電所,MALIKSI,2,1006.0,615.1745472317598,0
2024-06-02 02:00:00,新工配電變電所,MALIKSI,2,1006.0,582.0992131615325,0
2024-06-02 08:00:00,榮成變電所,MALIKSI,6,1006.0,477.23263386571455,0
2024-06-02 08:00:00,西螺服務區,MALIKSI,6,1006.0,429.74479664405834,0
2024-06-02 08:00:00,中部科學園區,MALIKSI,6,1006.0,441.4085514301955,0
2024-06-02 08:00:00,興變電所,MALIKSI,6,1006.0,472.60051779580294,0
2024-06-02 08:00:00,中正變電所,MALIKSI,6,1006.0,520.8727208070007,0
2024-06-02 08:00:00,成都變電所,MALIKSI,6,1006.0,494.2035704858399,0
2024-06-02 08:00:00,新豐配電變電所,MALIKSI,6,1006.0,462.2947377203492,0
2024-06-02 08:00:00,內惟配電變電所,MALIKSI,6,1006.0,466.91924935370736,0
2024-06-02 08:00:00,永華二次變電所,MALIKSI,6,1006.0,441.829291684192,0
2024-06-02 08:00:00,關西二次變電所,MALIKSI,6,1006.0,482.03648965841757,0
2024-06-02 08:00:00,源海二次變電所,MALIKSI,6,1006.0,520.8728245267157,0
2024-06-02 08:00:00,四湖配電變電所,MALIKSI,6,1006.0,412.3734808302182,0
2024-06-02 08:00:00,新高港超高壓變電所,MALIKSI,6,1006.0,483.22314419787415,0
2024-06-02 08:00:00,九曲配電變電所,MALIKSI,6,1006.0,440.6884952999476,0
2024-06-02 08:00:00,崙背變電所,MALIKSI,6,1006.0,420.1441857201672,0
2024-06-02 08:00:00,常德變電所,MALIKSI,6,1006.0,516.3369982732759,0
2024-06-02 08:00:00,嶺口二次變電所,MALIKSI,6,1006.0,467.9033660120613,0
2024-06-02 08:00:00,龍明配電變電所,MALIKSI,6,1006.0,493.6994641328089,0
2024-06-02 08:00:00,新工配電變電所,MALIKSI,6,1006.0,460.91083518128164,0
2024-06-02 14:00:00,榮成變電所,MALIKSI,6,1004.0,117.59376698034264,0
2024-06-02 14:00:00,西螺服務區,MALIKSI,6,1004.0,120.96072026112154,0
2024-06-02 14:00:00,中部科學園區,MALIKSI,6,1004.0,95.96732404968505,0
2024-06-02 14:00:00,興變電所,MALIKSI,6,1004.0,165.78248531352614,0
2024-06-02 14:00:00,中正變電所,MALIKSI,6,1004.0,159.9722238060394,0
2024-06-02 14:00:00,成都變電所,MALIKSI,6,1004.0,132.97407165152148,0
2024-06-02 14:00:00,新豐配電變電所,MALIKSI,6,1004.0,99.96078309706722,0
2024-06-02 14:00:00,內惟配電變電所,MALIKSI,6,1004.0,239.03818983913595,0
2024-06-02 14:00:00,永華二次變電所,MALIKSI,6,1004.0,202.33906370409008,0
2024-06-02 14:00:00,關西二次變電所,MALIKSI,6,1004.0,118.71252938615805,0
2024-06-02 14:00:00,源海二次變電所,MALIKSI,6,1004.0,159.97396096999645,0
2024-06-02 14:00:00,四湖配電變電所,MALIKSI,6,1004.0,131.34990128225894,0
2024-06-02 14:00:00,新高港超高壓變電所,MALIKSI,6,1004.0,251.4157334700533,0
2024-06-02 14:00:00,九曲配電變電所,MALIKSI,6,1004.0,202.2871532236367,0
2024-06-02 14:00:00,崙背變電所,MALIKSI,6,1004.0,121.26370367687504,0
2024-06-02 14:00:00,常德變電所,MALIKSI,6,1004.0,155.96978893855143,0
2024-06-02 14:00:00,嶺口二次變電所,MALIKSI,6,1004.0,229.99550732058867,0
2024-06-02 14:00:00,龍明配電變電所,MALIKSI,6,1004.0,132.46593781843066,0
2024-06-02 14:00:00,新工配電變電所,MALIKSI,6,1004.0,97.66610774123403,0
2024-06-02 20:00:00,榮成變電所,MALIKSI,6,1004.0,260.09313494005454,0
2024-06-02 20:00:00,西螺服務區,MALIKSI,6,1004.0,288.2737910394249,0
2024-06-02 20:00:00,中部科學園區,MALIKSI,6,1004.0,268.16527759540037,0
2024-06-02 20:00:00,興變電所,MALIKSI,6,1004.0,256.8120478281148,0
2024-06-02 20:00:00,中正變電所,MALIKSI,6,1004.0,222.79443408222363,0
2024-06-02 20:00:00,成都變電所,MALIKSI,6,1004.0,242.05427053874686,0
2024-06-02 20:00:00,新豐配電變電所,MALIKSI,6,1004.0,264.85793732578446,0
2024-06-02 20:00:00,內惟配電變電所,MALIKSI,6,1004.0,332.7349681731009,0
2024-06-02 20:00:00,永華二次變電所,MALIKSI,6,1004.0,327.59678047218745,0
2024-06-02 20:00:00,關西二次變電所,MALIKSI,6,1004.0,241.87076766447996,0
2024-06-02 20:00:00,源海二次變電所,MALIKSI,6,1004.0,222.80122086420013,0
2024-06-02 20:00:00,四湖配電變電所,MALIKSI,6,1004.0,313.5633034991064,0
2024-06-02 20:00:00,新高港超高壓變電所,MALIKSI,6,1004.0,325.7140332396688,0
2024-06-02 20:00:00,九曲配電變電所,MALIKSI,6,1004.0,328.92726438480287,0
2024-06-02 20:00:00,崙背變電所,MALIKSI,6,1004.0,299.90388598816605,0
2024-06-02 20:00:00,常德變電所,MALIKSI,6,1004.0,228.2569283902064,0
2024-06-02 20:00:00,嶺口二次變電所,MALIKSI,6,1004.0,321.86575634179655,0
2024-06-02 20:00:00,龍明配電變電所,MALIKSI,6,1004.0,242.44173188349203,0
2024-06-02 20:00:00,新工配電變電所,MALIKSI,6,1004.0,261.8689730556364,0
2024-06-03 02:00:00,榮成變電所,MALIKSI,6,1002.0,340.5095607593616,0
2024-06-03 02:00:00,西螺服務區,MALIKSI,6,1002.0,379.83306397286276,0
2024-06-03 02:00:00,中部科學園區,MALIKSI,6,1002.0,358.5470619942291,0
2024-06-03 02:00:00,興變電所,MALIKSI,6,1002.0,347.9045607534956,0
2024-06-03 02:00:00,中正變電所,MALIKSI,6,1002.0,299.9087929486605,0
2024-06-03 02:00:00,成都變電所,MALIKSI,6,1002.0,322.1651605560781,0
2024-06-03 02:00:00,新豐配電變電所,MALIKSI,6,1002.0,348.19217932837705,0
2024-06-03 02:00:00,內惟配電變電所,MALIKSI,6,1002.0,419.2810912675305,0
2024-06-03 02:00:00,永華二次變電所,MALIKSI,6,1002.0,416.6686699601644,0
2024-06-03 02:00:00,關西二次變電所,MALIKSI,6,1002.0,325.706904896638,0
2024-06-03 02:00:00,源海二次變電所,MALIKSI,6,1002.0,299.91378076392556,0
2024-06-03 02:00:00,四湖配電變電所,MALIKSI,6,1002.0,405.05964541623194,0
2024-06-03 02:00:00,新高港超高壓變電所,MALIKSI,6,1002.0,411.0150722016883,0
2024-06-03 02:00:00,九曲配電變電所,MALIKSI,6,1002.0,418.0142623756534,0
2024-06-03 02:00:00,崙背變電所,MALIKSI,6,1002.0,391.4685741975872,0
2024-06-03 02:00:00,常德變電所,MALIKSI,6,1002.0,305.34864785829706,0
2024-06-03 02:00:00,嶺口二次變電所,MALIKSI,6,1002.0,408.9644058008679,0
2024-06-03 02:00:00,龍明配電變電所,MALIKSI,6,1002.0,322.59976007853567,0
2024-06-03 02:00:00,新工配電變電所,MALIKSI,6,1002.0,346.41568718826375,0
2024-06-03 08:00:00,榮成變電所,MALIKSI,6,1004.0,548.3458337601406,0
2024-06-03 08:00:00,西螺服務區,MALIKSI,6,1004.0,603.4989357460347,0
2024-06-03 08:00:00,中部科學園區,MALIKSI,6,1004.0,579.8150867715008,0
2024-06-03 08:00:00,興變電所,MALIKSI,6,1004.0,571.869166379289,0
2024-06-03 08:00:00,中正變電所,MALIKSI,6,1004.0,505.2291882571474,0
2024-06-03 08:00:00,成都變電所,MALIKSI,6,1004.0,530.2409265283768,0
2024-06-03 08:00:00,新豐配電變電所,MALIKSI,6,1004.0,559.6719924516085,0
2024-06-03 08:00:00,內惟配電變電所,MALIKSI,6,1004.0,639.2873538709748,0
2024-06-03 08:00:00,永華二次變電所,MALIKSI,6,1004.0,639.1216914305935,0
2024-06-03 08:00:00,關西二次變電所,MALIKSI,6,1004.0,538.4011589707545,0
2024-06-03 08:00:00,源海二次變電所,MALIKSI,6,1004.0,505.2317704141439,0
2024-06-03 08:00:00,四湖配電變電所,MALIKSI,6,1004.0,629.0219116768365,0
2024-06-03 08:00:00,新高港超高壓變電所,MALIKSI,6,1004.0,629.8025445917718,0
2024-06-03 08:00:00,九曲配電變電所,MALIKSI,6,1004.0,640.4770296764178,0
2024-06-03 08:00:00,崙背變電所,MALIKSI,6,1004.0,615.233312899377,0
2024-06-03 08:00:00,常德變電所,MALIKSI,6,1004.0,510.38054990556736,0
2024-06-03 08:00:00,嶺口二次變電所,MALIKSI,6,1004.0,629.5882765841149,0
2024-06-03 08:00:00,龍明配電變電所,MALIKSI,6,1004.0,530.7194120782634,0
2024-06-03 08:00:00,新工配電變電所,MALIKSI,6,1004.0,559.5594512902697,0
2024-06-03 14:00:00,榮成變電所,MALIKSI,6,1002.0,724.4859641634695,0
2024-06-03 14:00:00,西螺服務區,MALIKSI,6,1002.0,786.4145391112081,0
2024-06-03 14:00:00,中部科學園區,MALIKSI,6,1002.0,761.5398772943352,0
2024-06-03 14:00:00,興變電所,MALIKSI,6,1002.0,755.1178747148214,0
2024-06-03 14:00:00,中正變電所,MALIKSI,6,1002.0,680.8985317213297,0
2024-06-03 14:00:00,成都變電所,MALIKSI,6,1002.0,706.6829647830767,0
2024-06-03 14:00:00,新豐配電變電所,MALIKSI,6,1002.0,737.2317310524793,0
2024-06-03 14:00:00,內惟配電變電所,MALIKSI,6,1002.0,821.3772899617004,0
2024-06-03 14:00:00,永華二次變電所,MALIKSI,6,1002.0,822.0258109220347,0
2024-06-03 14:00:00,關西二次變電所,MALIKSI,6,1002.0,716.643129484713,0
2024-06-03 14:00:00,源海二次變電所,MALIKSI,6,1002.0,680.9001410598179,0
2024-06-03 14:00:00,四湖配電變電所,MALIKSI,6,1002.0,812.1490559406853,0
2024-06-03 14:00:00,新高港超高壓變電所,MALIKSI,6,1002.0,811.4797707486681,0
2024-06-03 14:00:00,九曲配電變電所,MALIKSI,6,1002.0,823.3834254709128,0
2024-06-03 14:00:00,崙背變電所,MALIKSI,6,1002.0,798.2091121010726,0
2024-06-03 14:00:00,常德變電所,MALIKSI,6,1002.0,685.8635475634413,0
2024-06-03 14:00:00,嶺口二次變電所,MALIKSI,6,1002.0,811.9051353638482,0
2024-06-03 14:00:00,龍明配電變電所,MALIKSI,6,1002.0,707.173754527616,0
2024-06-03 14:00:00,新工配電變電所,MALIKSI,6,1002.0,737.8245766177882,0
2024-06-03 20:00:00,榮成變電所,MALIKSI,6,1002.0,882.7777180679236,0
2024-06-03 20:00:00,西螺服務區,MALIKSI,6,1002.0,948.9015552157482,0
2024-06-03 20:00:00,中部科學園區,MALIKSI,6,1002.0,923.2090217519993,0
2024-06-03 20:00:00,興變電所,MALIKSI,6,1002.0,917.9174222279369,0
2024-06-03 20:00:00,中正變電所,MALIKSI,6,1002.0,839.0592072493026,0
2024-06-03 20:00:00,成都變電所,MALIKSI,6,1002.0,865.2087265398219,0
2024-06-03 20:00:00,新豐配電變電所,MALIKSI,6,1002.0,896.3417819795933,0
2024-06-03 20:00:00,內惟配電變電所,MALIKSI,6,1002.0,983.7905716810174,0
2024-06-03 20:00:00,永華二次變電所,MALIKSI,6,1002.0,984.7897124647534,0
2024-06-03 20:00:00,關西二次變電所,MALIKSI,6,1002.0,876.212455747757,0
2024-06-03 20:00:00,源海二次變電所,MALIKSI,6,1002.0,839.0602487532792,0
2024-06-03 20:00:00,四湖配電變電所,MALIKSI,6,1002.0,974.8085580929217,0
2024-06-03 20:00:00,新高港超高壓變電所,MALIKSI,6,1002.0,973.7015642653458,0
2024-06-03 20:00:00,九曲配電變電所,MALIKSI,6,1002.0,986.1480840176639,0
2024-06-03 20:00:00,崙背變電所,MALIKSI,6,1002.0,960.7416172184963,0
2024-06-03 20:00:00,常德變電所,MALIKSI,6,1002.0,843.8983357583795,0
2024-06-03 20:00:00,嶺口二次變電所,MALIKSI,6,1002.0,974.4244501606257,0
2024-06-03 20:00:00,龍明配電變電所,MALIKSI,6,1002.0,865.705271731207,0
2024-06-03 20:00:00,新工配電變電所,MALIKSI,6,1002.0,897.3612912935289,0
2024-06-04 02:00:00,榮成變電所,MALIKSI,6,1002.0,1058.3860414508447,0
2024-06-04 02:00:00,西螺服務區,MALIKSI,6,1002.0,1132.0219992784243,0
2024-06-04 02:00:00,中部科學園區,MALIKSI,6,1002.0,1104.3241241998198,0
2024-06-04 02:00:00,興變電所,MALIKSI,6,1002.0,1102.4119792205481,0
2024-06-04 02:00:00,中正變電所,MALIKSI,6,1002.0,1014.6668474726066,0
2024-06-04 02:00:00,成都變電所,MALIKSI,6,1002.0,1041.2255364415425,0
2024-06-04 02:00:00,新豐配電變電所,MALIKSI,6,1002.0,1073.1059762398893,0
2024-06-04 02:00:00,內惟配電變電所,MALIKSI,6,1002.0,1170.4845400799438,0
2024-06-04 02:00:00,永華二次變電所,MALIKSI,6,1002.0,1170.6835860425304,0
2024-06-04 02:00:00,關西二次變電所,MALIKSI,6,1002.0,1053.7492844767476,0
2024-06-04 02:00:00,源海二次變電所,MALIKSI,6,1002.0,1014.6670866691071,0
2024-06-04 02:00:00,四湖配電變電所,MALIKSI,6,1002.0,1158.5263141361588,0
2024-06-04 02:00:00,新高港超高壓變電所,MALIKSI,6,1002.0,1160.6272355813815,0
2024-06-04 02:00:00,九曲配電變電所,MALIKSI,6,1002.0,1172.0383965713884,0
2024-06-04 02:00:00,崙背變電所,MALIKSI,6,1002.0,1143.9994768835427,0
2024-06-04 02:00:00,常德變電所,MALIKSI,6,1002.0,1019.3077767192581,0
2024-06-04 02:00:00,嶺口二次變電所,MALIKSI,6,1002.0,1160.9530260971098,0
2024-06-04 02:00:00,龍明配電變電所,MALIKSI,6,1002.0,1041.728403869426,0
2024-06-04 02:00:00,新工配電變電所,MALIKSI,6,1002.0,1074.777714810034,0
2024-06-04 08:00:00,榮成變電所,MALIKSI,6,1004.0,1267.1895723458492,0
2024-06-04 08:00:00,西螺服務區,MALIKSI,6,1004.0,1345.2160322162972,0
2024-06-04 08:00:00,中部科學園區,MALIKSI,6,1004.0,1316.4185668682792,0
2024-06-04 08:00:00,興變電所,MALIKSI,6,1004.0,1316.3224950977844,0
2024-06-04 08:00:00,中正變電所,MALIKSI,6,1004.0,1223.5820439364852,0
2024-06-04 08:00:00,成都變電所,MALIKSI,6,1004.0,1250.3296003714609,0
2024-06-04 08:00:00,新豐配電變電所,MALIKSI,6,1004.0,1282.6069474706246,0
2024-06-04 08:00:00,內惟配電變電所,MALIKSI,6,1004.0,1385.2432152743615,0
2024-06-04 08:00:00,永華二次變電所,MALIKSI,6,1004.0,1385.1860586291257,0
2024-06-04 08:00:00,關西二次變電所,MALIKSI,6,1004.0,1263.772403972269,0
2024-06-04 08:00:00,源海二次變電所,MALIKSI,6,1004.0,1223.5817808116792,0
2024-06-04 08:00:00,四湖配電變電所,MALIKSI,6,1004.0,1372.0210460671706,0
2024-06-04 08:00:00,新高港超高壓變電所,MALIKSI,6,1004.0,1375.4334520611317,0
2024-06-04 08:00:00,九曲配電變電所,MALIKSI,6,1004.0,1386.5392919818878,0
2024-06-04 08:00:00,崙背變電所,MALIKSI,6,1004.0,1357.2594446715757,0
2024-06-04 08:00:00,常德變電所,MALIKSI,6,1004.0,1228.0863740782577,0
2024-06-04 08:00:00,嶺口二次變電所,MALIKSI,6,1004.0,1375.669334195397,0
2024-06-04 08:00:00,龍明配電變電所,MALIKSI,6,1004.0,1250.8352133466026,0
2024-06-04 08:00:00,新工配電變電所,MALIKSI,6,1004.0,1284.683774024749,0
2024-06-04 14:00:00,榮成變電所,MALIKSI,6,1004.0,1408.1589832946731,0
2024-06-04 14:00:00,西螺服務區,MALIKSI,6,1004.0,1486.4755199791537,0
2024-06-04 14:00:00,中部科學園區,MALIKSI,6,1004.0,1457.7335830929353,0
2024-06-04 14:00:00,興變電所,MALIKSI,6,1004.0,1457.4219233333577,0
2024-06-04 14:00:00,中正變電所,MALIKSI,6,1004.0,1364.578506505881,0
2024-06-04 14:00:00,成都變電所,MALIKSI,6,1004.0,1391.3517198456695,0
2024-06-04 14:00:00,新豐配電變電所,MALIKSI,6,1004.0,1423.6854772630643,0
2024-06-04 14:00:00,關西二次變電所,MALIKSI,6,1004.0,1404.9264219606878,0
2024-06-04 14:00:00,源海二次變電所,MALIKSI,6,1004.0,1364.5781611455652,0
2024-06-04 14:00:00,崙背變電所,MALIKSI,6,1004.0,1498.5101560860123,0
2024-06-04 14:00:00,常德變電所,MALIKSI,6,1004.0,1369.0592815489051,0
2024-06-04 14:00:00,龍明配電變電所,MALIKSI,6,1004.0,1391.8576839407594,0
2024-06-04 14:00:00,新工配電變電所,MALIKSI,6,1004.0,1425.8198457346473,0
2024-06-04 20:00:00,中正變電所,MALIKSI,6,1006.0,1494.7162305353963,0
2024-06-04 20:00:00,源海二次變電所,MALIKSI,6,1006.0,1494.715729619099,0
2024-06-04 20:00:00,常德變電所,MALIKSI,6,1006.0,1499.152213113382,0
2024-07-19 20:00:00,新高港超高壓變電所,GAEMI,2,1006.0,1484.98011458465,0
2024-07-20 02:00:00,榮成變電所,GAEMI,2,1004.0,1433.5720864362559,0
2024-07-20 02:00:00,西螺服務區,GAEMI,2,1004.0,1376.4290294507878,0
2024-07-20 02:00:00,中部科學園區,GAEMI,2,1004.0,1392.9121145016215,0
2024-07-20 02:00:00,興變電所,GAEMI,2,1004.0,1328.9204761881242,0
2024-07-20 02:00:00,中正變電所,GAEMI,2,1004.0,1404.249447173135,0
2024-07-20 02:00:00,成都變電所,GAEMI,2,1004.0,1417.4899469236589,0
2024-07-20 02:00:00,新豐配電變電所,GAEMI,2,1004.0,1430.4565856115469,0
2024-07-20 02:00:00,內惟配電變電所,GAEMI,2,1004.0,1305.725776247872,0
2024-07-20 02:00:00,永華二次變電所,GAEMI,2,1004.0,1334.7443664164011,0
2024-07-20 02:00:00,關西二次變電所,GAEMI,2,1004.0,1408.3010742489116,0
2024-07-20 02:00:00,源海二次變電所,GAEMI,2,1004.0,1404.2581908250672,0
2024-07-20 02:00:00,四湖配電變電所,GAEMI,2,1004.0,1381.7862155819382,0
2024-07-20 02:00:00,新高港超高壓變電所,GAEMI,2,1004.0,1289.2808233958333,0
2024-07-20 02:00:00,九曲配電變電所,GAEMI,2,1004.0,1335.718464447504,0
2024-07-20 02:00:00,崙背變電所,GAEMI,2,1004.0,1381.582191431663,0
2024-07-20 02:00:00,常德變電所,GAEMI,2,1004.0,1409.4458505160603,0
2024-07-20 02:00:00,嶺口二次變電所,GAEMI,2,1004.0,1306.4967052915504,0
2024-07-20 02:00:00,龍明配電變電所,GAEMI,2,1004.0,1417.756860918054,0
2024-07-20 02:00:00,新工配電變電所,GAEMI,2,1004.0,1423.8247909303734,0
2024-07-20 08:00:00,榮成變電所,GAEMI,3,1002.0,1310.4957580590471,0
2024-07-20 08:00:00,西螺服務區,GAEMI,3,1002.0,1247.9570410266758,0
2024-07-20 08:00:00,中部科學園區,GAEMI,3,1002.0,1266.1605777062468,0
2024-07-20 08:00:00,興變電所,GAEMI,3,1002.0,1200.476445950653,0
2024-07-20 08:00:00,中正變電所,GAEMI,3,1002.0,1282.6086208984152,0
2024-07-20 08:00:00,成都變電所,GAEMI,3,1002.0,1294.8027552895028,0
2024-07-20 08:00:00,新豐配電變電所,GAEMI,3,1002.0,1306.4733363329833,0
2024-07-20 08:00:00,內惟配電變電所,GAEMI,3,1002.0,1174.1098406699778,0
2024-07-20 08:00:00,永華二次變電所,GAEMI,3,1002.0,1203.7333659828744,0
2024-07-20 08:00:00,關西二次變電所,GAEMI,3,1002.0,1284.6071042470744,0
2024-07-20 08:00:00,源海二次變電所,GAEMI,3,1002.0,1282.6176644773336,0
2024-07-20 08:00:00,四湖配電變電所,GAEMI,3,1002.0,1252.3484010618172,0
2024-07-20 08:00:00,新高港超高壓變電所,GAEMI,3,1002.0,1157.6644977788712,0
2024-07-20 08:00:00,九曲配電變電所,GAEMI,3,1002.0,1204.6806498531218,0
2024-07-20 08:00:00,崙背變電所,GAEMI,3,1002.0,1252.7372729397287,0
2024-07-20 08:00:00,常德變電所,GAEMI,3,1002.0,1287.7222777373502,0
2024-07-20 08:00:00,嶺口二次變電所,GAEMI,3,1002.0,1175.2228091031852,0
2024-07-20 08:00:00,龍明配電變電所,GAEMI,3,1002.0,1295.0508669071303,0
2024-07-20 08:00:00,新工配電變電所,GAEMI,3,1002.0,1299.5290544224933,0
2024-07-20 14:00:00,榮成變電所,GAEMI,3,1000.0,1186.3148981830311,0
2024-07-20 14:00:00,西螺服務區,GAEMI,3,1000.0,1119.3073576533147,0
2024-07-20 14:00:00,中部科學園區,GAEMI,3,1000.0,1138.886125434149,0
2024-07-20 14:00:00,興變電所,GAEMI,3,1000.0,1071.8876913965428,0
2024-07-20 14:00:00,中正變電所,GAEMI,3,1000.0,1159.750078520581,0
2024-07-20 14:00:00,成都變電所,GAEMI,3,1000.0,1170.9891745172192,0
2024-07-20 14:00:00,新豐配電變電所,GAEMI,3,1000.0,1181.504791664998,0
2024-07-20 14:00:00,內惟配電變電所,GAEMI,3,1000.0,1043.2032094005133,0
2024-07-20 14:00:00,永華二次變電所,GAEMI,3,1000.0,1073.221305974054,0
2024-07-20 14:00:00,關西二次變電所,GAEMI,3,1000.0,1159.921015686459,0
2024-07-20 14:00:00,源海二次變電所,GAEMI,3,1000.0,1159.7593764396763,0
2024-07-20 14:00:00,四湖配電變電所,GAEMI,3,1000.0,1122.9502190953576,0
2024-07-20 14:00:00,新高港超高壓變電所,GAEMI,3,1000.0,1026.7639471573723,0
2024-07-20 14:00:00,九曲配電變電所,GAEMI,3,1000.0,1074.149710295522,0
2024-07-20 14:00:00,崙背變電所,GAEMI,3,1000.0,1123.7925812280564,0
2024-07-20 14:00:00,常德變電所,GAEMI,3,1000.0,1164.780550703469,0
2024-07-20 14:00:00,嶺口二次變電所,GAEMI,3,1000.0,1044.5435984110873,0
2024-07-20 14:00:00,龍明配電變電所,GAEMI,3,1000.0,1171.2202289223103,0
2024-07-20 14:00:00,新工配電變電所,GAEMI,3,1000.0,1174.298614296311,0
2024-07-20 20:00:00,榮成變電所,GAEMI,3,998.0,1137.7154881936876,0
2024-07-20 20:00:00,西螺服務區,GAEMI,3,998.0,1063.9565993607391,0
2024-07-20 20:00:00,中部科學園區,GAEMI,3,998.0,1085.8363591271261,0
2024-07-20 20:00:00,興變電所,GAEMI,3,998.0,1016.7335526469897,0
2024-07-20 20:00:00,中正變電所,GAEMI,3,998.0,1112.9671559975839,0
2024-07-20 20:00:00,成都變電所,GAEMI,3,998.0,1122.9200602494154,0
2024-07-20 20:00:00,新豐配電變電所,GAEMI,3,998.0,1131.826019769446,0
2024-07-20 20:00:00,內惟配電變電所,GAEMI,3,998.0,983.188827685432,0
2024-07-20 20:00:00,永華二次變電所,GAEMI,3,998.0,1014.1465636091476,0
2024-07-20 20:00:00,關西二次變電所,GAEMI,3,998.0,1110.6842119390308,0
2024-07-20 20:00:00,源海二次變電所,GAEMI,3,998.0,1112.9767611202678,0
2024-07-20 20:00:00,四湖配電變電所,GAEMI,3,998.0,1066.1865994480827,0
2024-07-20 20:00:00,新高港超高壓變電所,GAEMI,3,998.0,966.7894470825519,0
2024-07-20 20:00:00,九曲配電變電所,GAEMI,3,998.0,1015.0287429102792,0
2024-07-20 20:00:00,崙背變電所,GAEMI,3,998.0,1067.8936194749683,0
2024-07-20 20:00:00,常德變電所,GAEMI,3,998.0,1117.877409086354,0
2024-07-20 20:00:00,嶺口二次變電所,GAEMI,3,998.0,985.1065222186,0
2024-07-20 20:00:00,龍明配電變電所,GAEMI,3,998.0,1123.127689110237,0
2024-07-20 20:00:00,新工配電變電所,GAEMI,3,998.0,1124.2638463849119,0
2024-07-21 02:00:00,榮成變電所,GAEMI,3,998.0,1106.7454821002182,0
2024-07-21 02:00:00,西螺服務區,GAEMI,3,998.0,1026.2457051274828,0
2024-07-21 02:00:00,中部科學園區,GAEMI,3,998.0,1050.4685897680627,0
2024-07-21 02:00:00,興變電所,GAEMI,3,998.0,979.3493448779332,0
2024-07-21 02:00:00,中正變電所,GAEMI,3,998.0,1083.8759549799283,0
2024-07-21 02:00:00,成都變電所,GAEMI,3,998.0,1092.5192419405937,0
2024-07-21 02:00:00,新豐配電變電所,GAEMI,3,998.0,1099.7849094414792,0
2024-07-21 02:00:00,內惟配電變電所,GAEMI,3,998.0,940.6673299408485,0
2024-07-21 02:00:00,永華二次變電所,GAEMI,3,998.0,972.5781782846007,0
2024-07-21 02:00:00,關西二次變電所,GAEMI,3,998.0,1079.142643840216,0
2024-07-21 02:00:00,源海二次變電所,GAEMI,3,998.0,1083.8858393350838,0
2024-07-21 02:00:00,四湖配電變電所,GAEMI,3,998.0,1026.978521476253,0
2024-07-21 02:00:00,新高港超高壓變電所,GAEMI,3,998.0,924.3516220928574,0
2024-07-21 02:00:00,九曲配電變電所,GAEMI,3,998.0,973.4080997527767,0
2024-07-21 02:00:00,崙背變電所,GAEMI,3,998.0,1029.5963126035194,0
2024-07-21 02:00:00,常德變電所,GAEMI,3,998.0,1088.6533023049135,0
2024-07-21 02:00:00,嶺口二次變電所,GAEMI,3,998.0,943.2126825271712,0
2024-07-21 02:00:00,龍明配電變電所,GAEMI,3,998.0,1092.7028845226373,0
2024-07-21 02:00:00,新工配電變電所,GAEMI,3,998.0,1091.881847894292,0
2024-07-21 08:00:00,榮成變電所,GAEMI,3,994.0,1072.9546213731574,0
2024-07-21 08:00:00,西螺服務區,GAEMI,3,994.0,987.3624675680421,0
2024-07-21 08:00:00,中部科學園區,GAEMI,3,994.0,1013.3476128190574,0
2024-07-21 08:00:00,興變電所,GAEMI,3,994.0,940.7998098484369,0
2024-07-21 08:00:00,中正變電所,GAEMI,3,994.0,1051.6091201435381,0
2024-07-21 08:00:00,成都變電所,GAEMI,3,994.0,1059.2017403260434,0
2024-07-21 08:00:00,新豐配電變電所,GAEMI,3,994.0,1065.166636154098,0
2024-07-21 08:00:00,內惟配電變電所,GAEMI,3,994.0,898.282220593109,0
2024-07-21 08:00:00,永華二次變電所,GAEMI,3,994.0,930.856123078149,0
2024-07-21 08:00:00,關西二次變電所,GAEMI,3,994.0,1044.9526979466107,0
2024-07-21 08:00:00,源海二次變電所,GAEMI,3,994.0,1051.6192065096116,0
2024-07-21 08:00:00,四湖配電變電所,GAEMI,3,994.0,986.9525917131373,0
2024-07-21 08:00:00,新高港超高壓變電所,GAEMI,3,994.0,882.056400304429,0
2024-07-21 08:00:00,九曲配電變電所,GAEMI,3,994.0,931.6454823096071,0
2024-07-21 08:00:00,崙背變電所,GAEMI,3,994.0,990.25932490592,0
2024-07-21 08:00:00,常德變電所,GAEMI,3,994.0,1056.2720859171407,0
2024-07-21 08:00:00,嶺口二次變電所,GAEMI,3,994.0,901.2940799151439,0
2024-07-21 08:00:00,龍明配電變電所,GAEMI,3,994.0,1059.366151189762,0
2024-07-21 08:00:00,新工配電變電所,GAEMI,3,994.0,1057.0107776439854,0
2024-07-21 14:00:00,榮成變電所,GAEMI,4,992.0,1068.4035713202745,0
2024-07-21 14:00:00,西螺服務區,GAEMI,4,992.0,981.6334195162682,0
2024-07-21 14:00:00,中部科學園區,GAEMI,4,992.0,1008.0336352742115,0
2024-07-21 14:00:00,興變電所,GAEMI,4,992.0,935.161777579713,0
2024-07-21 14:00:00,中正變電所,GAEMI,4,992.0,1047.4110373032859,0
2024-07-21 14:00:00,成都變電所,GAEMI,4,992.0,1054.762304113606,0
2024-07-21 14:00:00,新豐配電變電所,GAEMI,4,992.0,1060.4266154853747,0
2024-07-21 14:00:00,內惟配電變電所,GAEMI,4,992.0,891.7106700576419,0
2024-07-21 14:00:00,永華二次變電所,GAEMI,4,992.0,924.4437119840079,0
2024-07-21 14:00:00,關西二次變電所,GAEMI,4,992.0,1040.316084484819,0
2024-07-21 14:00:00,源海二次變電所,GAEMI,4,992.0,1047.4211671571709,0
2024-07-21 14:00:00,四湖配電變電所,GAEMI,4,992.0,980.9466364718863,0
2024-07-21 14:00:00,新高港超高壓變電所,GAEMI,4,992.0,875.5111451143634,0
2024-07-21 14:00:00,九曲配電變電所,GAEMI,4,992.0,925.22278463943,0
2024-07-21 14:00:00,崙背變電所,GAEMI,4,992.0,984.4200725981716,0
2024-07-21 14:00:00,常德變電所,GAEMI,4,992.0,1052.0469073342688,0
2024-07-21 14:00:00,嶺口二次變電所,GAEMI,4,992.0,894.8390243827813,0
2024-07-21 14:00:00,龍明配電變電所,GAEMI,4,992.0,1054.922274759974,0
2024-07-21 14:00:00,新工配電變電所,GAEMI,4,992.0,1052.214014471239,0
2024-07-21 20:00:00,榮成變電所,GAEMI,4,992.0,1053.8281581627639,0
2024-07-21 20:00:00,西螺服務區,GAEMI,4,992.0,966.5434299651695,0
2024-07-21 20:00:00,中部科學園區,GAEMI,4,992.0,993.1017431580365,0
2024-07-21 20:00:00,興變電所,GAEMI,4,992.0,920.1052808330347,0
2024-07-21 20:00:00,中正變電所,GAEMI,4,992.0,1033.0289140576403,0
2024-07-21 20:00:00,成都變電所,GAEMI,4,992.0,1040.246470993143,0
2024-07-21 20:00:00,新豐配電變電所,GAEMI,4,992.0,1045.7551760759472,0
2024-07-21 20:00:00,內惟配電變電所,GAEMI,4,992.0,876.3900715404669,0
2024-07-21 20:00:00,永華二次變電所,GAEMI,4,992.0,909.1564708027036,0
2024-07-21 20:00:00,關西二次變電所,GAEMI,4,992.0,1025.697388553777,0
2024-07-21 20:00:00,源海二次變電所,GAEMI,4,992.0,1033.0390682331747,0
2024-07-21 20:00:00,四湖配電變電所,GAEMI,4,992.0,965.7664482019678,0
2024-07-21 20:00:00,新高港超高壓變電所,GAEMI,4,992.0,860.1959529043694,0
2024-07-21 20:00:00,九曲配電變電所,GAEMI,4,992.0,909.9332052216113,0
2024-07-21 20:00:00,崙背變電所,GAEMI,4,992.0,969.2925670005623,0
2024-07-21 20:00:00,常德變電所,GAEMI,4,992.0,1037.6492496856313,0
2024-07-21 20:00:00,嶺口二次變電所,GAEMI,4,992.0,879.5426077619842,0
2024-07-21 20:00:00,龍明配電變電所,GAEMI,4,992.0,1040.404052303882,0
2024-07-21 20:00:00,新工配電變電所,GAEMI,4,992.0,1037.5148587201834,0
2024-07-22 02:00:00,榮成變電所,GAEMI,4,985.0,1023.6343477947014,0
2024-07-22 02:00:00,西螺服務區,GAEMI,4,985.0,938.4463502088319,0
2024-07-22 02:00:00,中部科學園區,GAEMI,4,985.0,964.1906544020031,0
2024-07-22 02:00:00,興變電所,GAEMI,4,985.0,891.8235840254947,0
2024-07-22 02:00:00,中正變電所,GAEMI,4,985.0,1002.325099665214,0
2024-07-22 02:00:00,成都變電所,GAEMI,4,985.0,1009.885658531644,0
2024-07-22 02:00:00,新豐配電變電所,GAEMI,4,985.0,1015.8549908588824,0
2024-07-22 02:00:00,內惟配電變電所,GAEMI,4,985.0,850.2388317105294,0
2024-07-22 02:00:00,永華二次變電所,GAEMI,4,985.0,882.6030418095945,0
2024-07-22 02:00:00,關西二次變電所,GAEMI,4,985.0,995.6338875011762,0
2024-07-22 02:00:00,源海二次變電所,GAEMI,4,985.0,1002.3351946772536,0
2024-07-22 02:00:00,四湖配電變電所,GAEMI,4,985.0,938.2614630845706,0
2024-07-22 02:00:00,新高港超高壓變電所,GAEMI,4,985.0,833.9798745221123,0
2024-07-22 02:00:00,九曲配電變電所,GAEMI,4,985.0,883.404951659383,0
2024-07-22 02:00:00,崙背變電所,GAEMI,4,985.0,941.4261292274288,0
2024-07-22 02:00:00,常德變電所,GAEMI,4,985.0,1006.9829466882843,0
2024-07-22 02:00:00,嶺口二次變電所,GAEMI,4,985.0,853.0976395771413,0
2024-07-22 02:00:00,龍明配電變電所,GAEMI,4,985.0,1010.0497727314095,0
2024-07-22 02:00:00,新工配電變電所,GAEMI,4,985.0,1007.7057106916391,0
2024-07-22 08:00:00,榮成變電所,GAEMI,5,980.0,983.6912063014074,0
2024-07-22 08:00:00,西螺服務區,GAEMI,5,980.0,901.5374969088733,0
2024-07-22 08:00:00,中部科學園區,GAEMI,5,980.0,926.1041535893092,0
2024-07-22 08:00:00,興變電所,GAEMI,5,980.0,854.6805533758887,0
2024-07-22 08:00:00,中正變電所,GAEMI,5,980.0,961.6594678456775,0
2024-07-22 08:00:00,成都變電所,GAEMI,5,980.0,969.7083827705778,0
2024-07-22 08:00:00,新豐配電變電所,GAEMI,5,980.0,976.3336466604408,0
2024-07-22 08:00:00,內惟配電變電所,GAEMI,5,980.0,816.1833479545613,0
2024-07-22 08:00:00,永華二次變電所,GAEMI,5,980.0,847.941797474415,0
2024-07-22 08:00:00,關西二次變電所,GAEMI,5,980.0,955.8864956639463,0
2024-07-22 08:00:00,源海二次變電所,GAEMI,5,980.0,961.6694752584957,0
2024-07-22 08:00:00,四湖配電變電所,GAEMI,5,980.0,902.1980442143441,0
2024-07-22 08:00:00,新高港超高壓變電所,GAEMI,5,980.0,799.8481762279133,0
2024-07-22 08:00:00,九曲配電變電所,GAEMI,5,980.0,848.7789671373154,0
2024-07-22 08:00:00,崙背變電所,GAEMI,5,980.0,904.8447847830669,0
2024-07-22 08:00:00,常德變電所,GAEMI,5,980.0,966.3696535828759,0
2024-07-22 08:00:00,嶺口二次變電所,GAEMI,5,980.0,818.6188585899154,0
2024-07-22 08:00:00,龍明配電變電所,GAEMI,5,980.0,969.8817831870559,0
2024-07-22 08:00:00,新工配電變電所,GAEMI,5,980.0,968.3173203812178,0
2024-07-22 14:00:00,榮成變電所,GAEMI,5,980.0,934.3338831380016,0
2024-07-22 14:00:00,西螺服務區,GAEMI,5,980.0,856.4065234240919,0
2024-07-22 14:00:00,中部科學園區,GAEMI,5,980.0,879.3341551993441,0
2024-07-22 14:00:00,興變電所,GAEMI,5,980.0,809.2862104472642,0
2024-07-22 14:00:00,中正變電所,GAEMI,5,980.0,911.3244738014615,0
2024-07-22 14:00:00,成都變電所,GAEMI,5,980.0,920.0389526766378,0
2024-07-22 14:00:00,新豐配電變電所,GAEMI,5,980.0,927.558254572219,0
2024-07-22 14:00:00,內惟配電變電所,GAEMI,5,980.0,775.091965249296,0
2024-07-22 14:00:00,永華二次變電所,GAEMI,5,980.0,805.9635522848547,0
2024-07-22 14:00:00,關西二次變電所,GAEMI,5,980.0,906.815504316558,0
2024-07-22 14:00:00,源海二次變電所,GAEMI,5,980.0,911.3343553289286,0
2024-07-22 14:00:00,四湖配電變電所,GAEMI,5,980.0,858.2222393836015,0
2024-07-22 14:00:00,新高港超高壓變電所,GAEMI,5,980.0,758.6842892609427,0
2024-07-22 14:00:00,九曲配電變電所,GAEMI,5,980.0,806.8475400232549,0
2024-07-22 14:00:00,崙背變電所,GAEMI,5,980.0,860.1578808688932,0
2024-07-22 14:00:00,常德變電所,GAEMI,5,980.0,916.1039318755161,0
2024-07-22 14:00:00,嶺口二次變電所,GAEMI,5,980.0,776.9424691672707,0
2024-07-22 14:00:00,龍明配電變電所,GAEMI,5,980.0,920.2249793051202,0
2024-07-22 14:00:00,新工配電變電所,GAEMI,5,980.0,919.7294629016575,0
2024-07-22 20:00:00,榮成變電所,GAEMI,5,980.0,880.4960005786206,0
2024-07-22 20:00:00,西螺服務區,GAEMI,5,980.0,805.9381717743335,0
2024-07-22 20:00:00,中部科學園區,GAEMI,5,980.0,827.5046556538475,0
2024-07-22 20:00:00,興變電所,GAEMI,5,980.0,758.6497794150238,0
2024-07-22 20:00:00,中正變電所,GAEMI,5,980.0,856.8096157330597,0
2024-07-22 20:00:00,成都變電所,GAEMI,5,980.0,865.9840791094023,0
2024-07-22 20:00:00,新豐配電變電所,GAEMI,5,980.0,874.1489992428939,0
2024-07-22 20:00:00,內惟配電變電所,GAEMI,5,980.0,728.2474197017928,0
2024-07-22 20:00:00,永華二次變電所,GAEMI,5,980.0,758.2747249544911,0
2024-07-22 20:00:00,關西二次變電所,GAEMI,5,980.0,853.1988248926262,0
2024-07-22 20:00:00,源海二次變電所,GAEMI,5,980.0,856.8194077909383,0
2024-07-22 20:00:00,四湖配電變電所,GAEMI,5,980.0,808.7258385138059,0
2024-07-22 20:00:00,新高港超高壓變電所,GAEMI,5,980.0,711.8063722005744,0
2024-07-22 20:00:00,九曲配電變電所,GAEMI,5,980.0,759.1986610914375,0
2024-07-22 20:00:00,崙背變電所,GAEMI,5,980.0,810.057391588565,0
2024-07-22 20:00:00,常德變電所,GAEMI,5,980.0,861.6346430705972,0
2024-07-22 20:00:00,嶺口二次變電所,GAEMI,5,980.0,729.5712747568763,0
2024-07-22 20:00:00,龍明配電變電所,GAEMI,5,980.0,866.178992594237,0
2024-07-22 20:00:00,新工配電變電所,GAEMI,5,980.0,866.4639468190655,0
2024-07-23 02:00:00,榮成變電所,GAEMI,5,975.0,821.7395522289614,0
2024-07-23 02:00:00,西螺服務區,GAEMI,5,975.0,749.5521000925282,0
2024-07-23 02:00:00,中部科學園區,GAEMI,5,975.0,770.0744219889996,0
2024-07-23 02:00:00,興變電所,GAEMI,5,975.0,702.1644981356562,0
2024-07-23 02:00:00,中正變電所,GAEMI,5,975.0,797.7083527013427,0
2024-07-23 02:00:00,成都變電所,GAEMI,5,975.0,807.1112988600454,0
2024-07-23 02:00:00,新豐配電變電所,GAEMI,5,975.0,815.6438068836704,0
2024-07-23 02:00:00,內惟配電變電所,GAEMI,5,975.0,675.010481503844,0
2024-07-23 02:00:00,永華二次變電所,GAEMI,5,975.0,704.2508119005125,0
2024-07-23 02:00:00,關西二次變電所,GAEMI,5,975.0,794.5741428578318,0
2024-07-23 02:00:00,源海二次變電所,GAEMI,5,975.0,797.718102468895,0
2024-07-23 02:00:00,四湖配電變電所,GAEMI,5,975.0,753.1194719686923,0
2024-07-23 02:00:00,新高港超高壓變電所,GAEMI,5,975.0,658.5651103841619,0
2024-07-23 02:00:00,九曲配電變電所,GAEMI,5,975.0,705.2084458220119,0
2024-07-23 02:00:00,崙背變電所,GAEMI,5,975.0,753.9606310338867,0
2024-07-23 02:00:00,常德變電所,GAEMI,5,975.0,802.5541024593639,0
2024-07-23 02:00:00,嶺口二次變電所,GAEMI,5,975.0,675.8643321947997,0
2024-07-23 02:00:00,龍明配電變電所,GAEMI,5,975.0,807.310926366876,0
2024-07-23 02:00:00,新工配電變電所,GAEMI,5,975.0,808.0486093869001,0
2024-07-23 08:00:00,榮成變電所,GAEMI,5,970.0,740.2845327601017,0
2024-07-23 08:00:00,西螺服務區,GAEMI,5,970.0,676.4806399173843,0
2024-07-23 08:00:00,中部科學園區,GAEMI,5,970.0,693.6672794289485,0
2024-07-23 08:00:00,興變電所,GAEMI,5,970.0,628.9724598452055,0
2024-07-23 08:00:00,中正變電所,GAEMI,5,970.0,714.5919035810646,0
2024-07-23 08:00:00,成都變電所,GAEMI,5,970.0,725.1450976221079,0
2024-07-23 08:00:00,新豐配電變電所,GAEMI,5,970.0,735.2600317340954,0
2024-07-23 08:00:00,內惟配電變電所,GAEMI,5,970.0,610.971505148278,0
2024-07-23 08:00:00,永華二次變電所,GAEMI,5,970.0,637.9812953931604,0
2024-07-23 08:00:00,關西二次變電所,GAEMI,5,970.0,713.7306321626704,0
2024-07-23 08:00:00,源海二次變電所,GAEMI,5,970.0,714.6014067922758,0
2024-07-23 08:00:00,四湖配電變電所,GAEMI,5,970.0,682.3010151876053,0
2024-07-23 08:00:00,新高港超高壓變電所,GAEMI,5,970.0,594.6267895764454,0
2024-07-23 08:00:00,九曲配電變電所,GAEMI,5,970.0,639.0224878725743,0
2024-07-23 08:00:00,崙背變電所,GAEMI,5,970.0,681.728663508193,0
2024-07-23 08:00:00,常德變電所,GAEMI,5,970.0,719.5461198642279,0
2024-07-23 08:00:00,嶺口二次變電所,GAEMI,5,970.0,610.5977889350822,0
2024-07-23 08:00:00,龍明配電變電所,GAEMI,5,970.0,725.3666350532947,0
2024-07-23 08:00:00,新工配電變電所,GAEMI,5,970.0,728.0365849855119,0
2024-07-23 14:00:00,榮成變電所,GAEMI,5,970.0,625.6203601538332,0
2024-07-23 14:00:00,西螺服務區,GAEMI,5,970.0,579.9242878018744,0
2024-07-23 14:00:00,中部科學園區,GAEMI,5,970.0,590.0318286663412,0
2024-07-23 14:00:00,興變電所,GAEMI,5,970.0,533.0133873575473,0
2024-07-23 14:00:00,中正變電所,GAEMI,5,970.0,596.5427127519863,0
2024-07-23 14:00:00,成都變電所,GAEMI,5,970.0,609.5061675273546,0
2024-07-23 14:00:00,新豐配電變電所,GAEMI,5,970.0,622.8974487029277,0
2024-07-23 14:00:00,內惟配電變電所,GAEMI,5,970.0,533.8368317817759,0
2024-07-23 14:00:00,永華二次變電所,GAEMI,5,970.0,555.7776296822411,0
2024-07-23 14:00:00,關西二次變電所,GAEMI,5,970.0,600.5823481281889,0
2024-07-23 14:00:00,源海二次變電所,GAEMI,5,970.0,596.5516134369032,0
2024-07-23 14:00:00,四湖配電變電所,GAEMI,5,970.0,590.1770805677243,0
2024-07-23 14:00:00,新高港超高壓變電所,GAEMI,5,970.0,518.1572949648366,0
2024-07-23 14:00:00,九曲配電變電所,GAEMI,5,970.0,556.9583375641769,0
2024-07-23 14:00:00,崙背變電所,GAEMI,5,970.0,586.7821566926692,0
2024-07-23 14:00:00,常德變電所,GAEMI,5,970.0,601.6992951444824,0
2024-07-23 14:00:00,嶺口二次變電所,GAEMI,5,970.0,531.0621445905605,0
2024-07-23 14:00:00,龍明配電變電所,GAEMI,5,970.0,609.7729776968383,0
2024-07-23 14:00:00,新工配電變電所,GAEMI,5,970.0,616.5185703367093,0
2024-07-23 20:00:00,榮成變電所,GAEMI,5,965.0,482.9592026194931,0
2024-07-23 20:00:00,西螺服務區,GAEMI,5,965.0,458.98785637906593,0
2024-07-23 20:00:00,中部科學園區,GAEMI,5,965.0,460.2314884750075,0
2024-07-23 20:00:00,興變電所,GAEMI,5,965.0,414.43205038447974,0
2024-07-23 20:00:00,中正變電所,GAEMI,5,965.0,450.80391963797285,0
2024-07-23 20:00:00,成都變電所,GAEMI,5,965.0,466.0259472766251,0
2024-07-23 20:00:00,新豐配電變電所,GAEMI,5,965.0,482.66113355076885,0
2024-07-23 20:00:00,內惟配電變電所,GAEMI,5,965.0,439.6765048005593,0
2024-07-23 20:00:00,永華二次變電所,GAEMI,5,965.0,453.9394184100037,0
2024-07-23 20:00:00,關西二次變電所,GAEMI,5,965.0,459.79873258956746,0
2024-07-23 20:00:00,源海二次變電所,GAEMI,5,965.0,450.81216025065413,0
2024-07-23 20:00:00,四湖配電變電所,GAEMI,5,965.0,474.4142715417189,0
2024-07-23 20:00:00,新高港超高壓變電所,GAEMI,5,965.0,425.7704360949401,0
2024-07-23 20:00:00,九曲配電變電所,GAEMI,5,965.0,455.24462290730474,0
2024-07-23 20:00:00,崙背變電所,GAEMI,5,965.0,467.6265740005113,0
2024-07-23 20:00:00,常德變電所,GAEMI,5,965.0,456.11007388291654,0
2024-07-23 20:00:00,嶺口二次變電所,GAEMI,5,965.0,433.92273995255186,0
2024-07-23 20:00:00,龍明配電變電所,GAEMI,5,965.0,466.3357662708767,0
2024-07-23 20:00:00,新工配電變電所,GAEMI,5,965.0,477.26990872356896,0
2024-07-23 23:00:00,榮成變電所,GAEMI,5,955.0,392.13466564474925,0
2024-07-23 23:00:00,西螺服務區,GAEMI,5,955.0,375.36069098723016,0
2024-07-23 23:00:00,中部科學園區,GAEMI,5,955.0,372.789703174194,0
2024-07-23 23:00:00,興變電所,GAEMI,5,955.0,332.58685514270746,0
2024-07-23 23:00:00,中正變電所,GAEMI,5,955.0,359.95964401534576,0
2024-07-23 23:00:00,成都變電所,GAEMI,5,955.0,375.15607606429734,0
2024-07-23 23:00:00,新豐配電變電所,GAEMI,5,955.0,392.13606634652444,0
2024-07-23 23:00:00,內惟配電變電所,GAEMI,5,955.0,370.9540261974602,0
2024-07-23 23:00:00,永華二次變電所,GAEMI,5,955.0,380.40274705755564,0
2024-07-23 23:00:00,關西二次變電所,GAEMI,5,955.0,369.21430872212426,0
2024-07-23 23:00:00,源海二次變電所,GAEMI,5,955.0,359.96793898685775,0
2024-07-23 23:00:00,四湖配電變電所,GAEMI,5,955.0,393.09039893216897,0
2024-07-23 23:00:00,新高港超高壓變電所,GAEMI,5,955.0,358.5392563267383,0
2024-07-23 23:00:00,九曲配電變電所,GAEMI,5,955.0,381.74812174772387,0
2024-07-23 23:00:00,崙背變電所,GAEMI,5,955.0,384.73996158214146,0
2024-07-23 23:00:00,常德變電所,GAEMI,5,955.0,365.2563335525917,0
2024-07-23 23:00:00,嶺口二次變電所,GAEMI,5,955.0,363.61028030988564,0
2024-07-23 23:00:00,龍明配電變電所,GAEMI,5,955.0,375.4678630245451,0
2024-07-23 23:00:00,新工配電變電所,GAEMI,5,955.0,386.9307411859829,0
2024-07-24 02:00:00,榮成變電所,GAEMI,5,950.0,347.54150208844817,0
2024-07-24 02:00:00,西螺服務區,GAEMI,5,950.0,329.09341572863804,0
2024-07-24 02:00:00,中部科學園區,GAEMI,5,950.0,326.12514396561056,0
2024-07-24 02:00:00,興變電所,GAEMI,5,950.0,286.8090161427287,0
2024-07-24 02:00:00,中正變電所,GAEMI,5,950.0,316.7147572439552,0
2024-07-24 02:00:00,成都變電所,GAEMI,5,950.0,330.85119201184943,0
2024-07-24 02:00:00,新豐配電變電所,GAEMI,5,950.0,346.7910513122071,0
2024-07-24 02:00:00,內惟配電變電所,GAEMI,5,950.0,329.9253146270107,0
2024-07-24 02:00:00,永華二次變電所,GAEMI,5,950.0,337.33246263941237,0
2024-07-24 02:00:00,關西二次變電所,GAEMI,5,950.0,323.975416452298,0
2024-07-24 02:00:00,源海二次變電所,GAEMI,5,950.0,316.7234260294628,0
2024-07-24 02:00:00,四湖配電變電所,GAEMI,5,950.0,347.34949473953577,0
2024-07-24 02:00:00,新高港超高壓變電所,GAEMI,5,950.0,318.2570509387131,0
2024-07-24 02:00:00,九曲配電變電所,GAEMI,5,950.0,338.68750698071517,0
2024-07-24 02:00:00,崙背變電所,GAEMI,5,950.0,338.62272888670446,0
2024-07-24 02:00:00,常德變電所,GAEMI,5,950.0,321.93295385521617,0
2024-07-24 02:00:00,嶺口二次變電所,GAEMI,5,950.0,321.9478195444261,0
2024-07-24 02:00:00,龍明配電變電所,GAEMI,5,950.0,331.1460200262096,0
2024-07-24 02:00:00,新工配電變電所,GAEMI,5,950.0,341.3325357378571,0
2024-07-24 05:00:00,榮成變電所,GAEMI,5,945.0,316.6399621301896,0
2024-07-24 05:00:00,西螺服務區,GAEMI,5,945.0,309.1639462292499,0
2024-07-24 05:00:00,中部科學園區,GAEMI,5,945.0,301.7731501086459,0
2024-07-24 05:00:00,興變電所,GAEMI,5,945.0,269.22417301177364,0
2024-07-24 05:00:00,中正變電所,GAEMI,5,945.0,284.39996170798923,0
2024-07-24 05:00:00,成都變電所,GAEMI,5,945.0,299.59493199312385,0
2024-07-24 05:00:00,新豐配電變電所,GAEMI,5,945.0,317.0508963936879,0
2024-07-24 05:00:00,內惟配電變電所,GAEMI,5,945.0,322.6074571475555,0
2024-07-24 05:00:00,永華二次變電所,GAEMI,5,945.0,326.28586195256474,0
2024-07-24 05:00:00,關西二次變電所,GAEMI,5,945.0,294.0610507576552,0
2024-07-24 05:00:00,源海二次變電所,GAEMI,5,945.0,284.40831658606953,0
2024-07-24 05:00:00,四湖配電變電所,GAEMI,5,945.0,329.52572721121953,0
2024-07-24 05:00:00,新高港超高壓變電所,GAEMI,5,945.0,312.24249219386024,0
2024-07-24 05:00:00,九曲配電變電所,GAEMI,5,945.0,327.6499909455958,0
2024-07-24 05:00:00,崙背變電所,GAEMI,5,945.0,319.36288122689217,0
2024-07-24 05:00:00,常德變電所,GAEMI,5,945.0,289.6859856659955,0
2024-07-24 05:00:00,嶺口二次變電所,GAEMI,5,945.0,313.63187896611174,0
2024-07-24 05:00:00,龍明配電變電所,GAEMI,5,945.0,299.9098236252191,0
2024-07-24 05:00:00,新工配電變電所,GAEMI,5,945.0,312.09697765778157,0
2024-07-24 08:00:00,榮成變電所,GAEMI,5,945.0,264.71819071127925,0
2024-07-24 08:00:00,西螺服務區,GAEMI,5,945.0,279.18939114948114,0
2024-07-24 08:00:00,中部科學園區,GAEMI,5,945.0,263.26497750712457,0
2024-07-24 08:00:00,興變電所,GAEMI,5,945.0,244.89054175913068,0
2024-07-24 08:00:00,中正變電所,GAEMI,5,945.0,229.8229581165718,0
2024-07-24 08:00:00,成都變電所,GAEMI,5,945.0,247.08052797326553,0
2024-07-24 08:00:00,新豐配電變電所,GAEMI,5,945.0,267.46746343410655,0
2024-07-24 08:00:00,內惟配電變電所,GAEMI,5,945.0,315.50972527305447,0
2024-07-24 08:00:00,永華二次變電所,GAEMI,5,945.0,312.4556916962153,0
2024-07-24 08:00:00,關西二次變電所,GAEMI,5,945.0,244.35122431944242,0
2024-07-24 08:00:00,源海二次變電所,GAEMI,5,945.0,229.83061937871773,0
2024-07-24 08:00:00,四湖配電變電所,GAEMI,5,945.0,303.1168531581296,0
2024-07-24 08:00:00,新高港超高壓變電所,GAEMI,5,945.0,307.7107797068062,0
2024-07-24 08:00:00,九曲配電變電所,GAEMI,5,945.0,313.8018834384485,0
2024-07-24 08:00:00,崙背變電所,GAEMI,5,945.0,290.4466058615429,0
2024-07-24 08:00:00,常德變電所,GAEMI,5,945.0,235.21607187060116,0
2024-07-24 08:00:00,嶺口二次變電所,GAEMI,5,945.0,305.01875754003004,0
2024-07-24 08:00:00,龍明配電變電所,GAEMI,5,945.0,247.43398085204146,0
2024-07-24 08:00:00,新工配電變電所,GAEMI,5,945.0,263.58299826174164,0
2024-07-24 11:00:00,榮成變電所,GAEMI,5,935.0,220.24271184264143,0
2024-07-24 11:00:00,西螺服務區,GAEMI,5,935.0,247.74051445159833,0
2024-07-24 11:00:00,中部科學園區,GAEMI,5,935.0,226.17419501919102,0
2024-07-24 11:00:00,興變電所,GAEMI,5,935.0,218.39037250272608,0
2024-07-24 11:00:00,中正變電所,GAEMI,5,935.0,184.6977676239084,0
2024-07-24 11:00:00,成都變電所,GAEMI,5,935.0,202.44593509603786,0
2024-07-24 11:00:00,新豐配電變電所,GAEMI,5,935.0,223.91948004023735,0
2024-07-24 11:00:00,內惟配電變電所,GAEMI,5,935.0,300.14436799167373,0
2024-07-24 11:00:00,永華二次變電所,GAEMI,5,935.0,292.12597051037716,0
2024-07-24 11:00:00,關西二次變電所,GAEMI,5,935.0,200.84821553512563,0
2024-07-24 11:00:00,源海二次變電所,GAEMI,5,935.0,184.7053121420987,0
2024-07-24 11:00:00,四湖配電變電所,GAEMI,5,935.0,273.7832893820351,0
2024-07-24 11:00:00,新高港超高壓變電所,GAEMI,5,935.0,294.459545234489,0
2024-07-24 11:00:00,九曲配電變電所,GAEMI,5,935.0,293.4306615104415,0
2024-07-24 11:00:00,崙背變電所,GAEMI,5,935.0,259.5481719775981,0
2024-07-24 11:00:00,常德變電所,GAEMI,5,935.0,190.10432009946857,0
2024-07-24 11:00:00,嶺口二次變電所,GAEMI,5,935.0,288.7554087021051,0
2024-07-24 11:00:00,龍明配電變電所,GAEMI,5,935.0,202.8111210468886,0
2024-07-24 11:00:00,新工配電變電所,GAEMI,5,935.0,220.5537076054986,0
2024-07-24 14:00:00,榮成變電所,GAEMI,5,935.0,167.80819656100047,0
2024-07-24 14:00:00,西螺服務區,GAEMI,5,935.0,211.32956876348663,0
2024-07-24 14:00:00,中部科學園區,GAEMI,5,935.0,182.58853870484776,0
2024-07-24 14:00:00,興變電所,GAEMI,5,935.0,189.60043790319924,0
2024-07-24 14:00:00,中正變電所,GAEMI,5,935.0,132.2996093414955,0
2024-07-24 14:00:00,成都變電所,GAEMI,5,935.0,149.9401980571722,0
2024-07-24 14:00:00,新豐配電變電所,GAEMI,5,935.0,172.22903867350823,0
2024-07-24 14:00:00,內惟配電變電所,GAEMI,5,935.0,283.0038324054673,0
2024-07-24 14:00:00,永華二次變電所,GAEMI,5,935.0,269.0140502123554,0
2024-07-24 14:00:00,關西二次變電所,GAEMI,5,935.0,149.26816889719305,0
2024-07-24 14:00:00,源海二次變電所,GAEMI,5,935.0,132.30736639624604,0
2024-07-24 14:00:00,四湖配電變電所,GAEMI,5,935.0,239.57357156095495,0
2024-07-24 14:00:00,新高港超高壓變電所,GAEMI,5,935.0,280.06986659182087,0
2024-07-24 14:00:00,九曲配電變電所,GAEMI,5,935.0,270.2335447234315,0
2024-07-24 14:00:00,崙背變電所,GAEMI,5,935.0,223.5967703702183,0
2024-07-24 14:00:00,常德變電所,GAEMI,5,935.0,137.6826735663179,0
2024-07-24 14:00:00,嶺口二次變電所,GAEMI,5,935.0,270.81481399086135,0
2024-07-24 14:00:00,龍明配電變電所,GAEMI,5,935.0,150.310277692481,0
2024-07-24 14:00:00,新工配電變電所,GAEMI,5,935.0,169.4094289592273,0
2024-07-24 17:00:00,榮成變電所,GAEMI,5,950.0,131.5519688357957,0
2024-07-24 17:00:00,西螺服務區,GAEMI,5,950.0,149.4766044793847,0
2024-07-24 17:00:00,中部科學園區,GAEMI,5,950.0,122.47374193188107,0
2024-07-24 17:00:00,興變電所,GAEMI,5,950.0,130.28957851808943,0
2024-07-24 17:00:00,中正變電所,GAEMI,5,950.0,109.11303674628778,0
2024-07-24 17:00:00,成都變電所,GAEMI,5,950.0,116.37744025876135,0
2024-07-24 17:00:00,新豐配電變電所,GAEMI,5,950.0,128.87930987903343,0
2024-07-24 17:00:00,內惟配電變電所,GAEMI,5,950.0,229.21878178123532,0
2024-07-24 17:00:00,永華二次變電所,GAEMI,5,950.0,211.59598055137857,0
2024-07-24 17:00:00,關西二次變電所,GAEMI,5,950.0,106.26304017770194,0
2024-07-24 17:00:00,源海二次變電所,GAEMI,5,950.0,109.12360387433603,0
2024-07-24 17:00:00,四湖配電變電所,GAEMI,5,950.0,177.9416703447143,0
2024-07-24 17:00:00,新高港超高壓變電所,GAEMI,5,950.0,228.36609770472066,0
2024-07-24 17:00:00,九曲配電變電所,GAEMI,5,950.0,212.75104956246673,0
2024-07-24 17:00:00,崙背變電所,GAEMI,5,950.0,161.76569726875593,0
2024-07-24 17:00:00,常德變電所,GAEMI,5,950.0,113.45209644340446,0
2024-07-24 17:00:00,嶺口二次變電所,GAEMI,5,950.0,216.68644090492174,0
2024-07-24 17:00:00,龍明配電變電所,GAEMI,5,950.0,116.58475941358725,0
2024-07-24 17:00:00,新工配電變電所,GAEMI,5,950.0,123.3213495230667,0
2024-07-24 20:00:00,榮成變電所,GAEMI,5,960.0,179.2818683676572,0
2024-07-24 20:00:00,西螺服務區,GAEMI,5,960.0,120.13639736052173,0
2024-07-24 20:00:00,中部科學園區,GAEMI,5,960.0,121.42334746657275,0
2024-07-24 20:00:00,興變電所,GAEMI,5,960.0,81.57783679343162,0
2024-07-24 20:00:00,中正變電所,GAEMI,5,960.0,170.4867822055313,0
2024-07-24 20:00:00,成都變電所,GAEMI,5,960.0,168.82443595448817,0
2024-07-24 20:00:00,新豐配電變電所,GAEMI,5,960.0,168.29141556705588,0
2024-07-24 20:00:00,內惟配電變電所,GAEMI,5,960.0,163.26170116813242,0
2024-07-24 20:00:00,永華二次變電所,GAEMI,5,960.0,152.570919960584,0
2024-07-24 20:00:00,關西二次變電所,GAEMI,5,960.0,149.9667682681084,0
2024-07-24 20:00:00,源海二次變電所,GAEMI,5,960.0,170.497899316353,0
2024-07-24 20:00:00,四湖配電變電所,GAEMI,5,960.0,140.96062364036544,0
2024-07-24 20:00:00,新高港超高壓變電所,GAEMI,5,960.0,159.92261499772775,0
2024-07-24 20:00:00,九曲配電變電所,GAEMI,5,960.0,153.86669027620866,0
2024-07-24 20:00:00,崙背變電所,GAEMI,5,960.0,130.23331249323948,0
2024-07-24 20:00:00,常德變電所,GAEMI,5,960.0,173.65348910862446,0
2024-07-24 20:00:00,嶺口二次變電所,GAEMI,5,960.0,151.2776526766889,0
2024-07-24 20:00:00,龍明配電變電所,GAEMI,5,960.0,168.85060554604226,0
2024-07-24 20:00:00,新工配電變電所,GAEMI,5,960.0,159.56000853025878,0
2024-07-24 23:00:00,榮成變電所,GAEMI,4,970.0,125.84620944510598,0
2024-07-24 23:00:00,西螺服務區,GAEMI,4,970.0,139.5917146445017,0
2024-07-24 23:00:00,中部科學園區,GAEMI,4,970.0,112.39112224520447,0
2024-07-24 23:00:00,興變電所,GAEMI,4,970.0,121.66247548679257,0
2024-07-24 23:00:00,中正變電所,GAEMI,4,970.0,106.41214663828974,0
2024-07-24 23:00:00,成都變電所,GAEMI,4,970.0,111.44708187504949,0
2024-07-24 23:00:00,新豐配電變電所,GAEMI,4,970.0,121.8055062765902,0
2024-07-24 23:00:00,內惟配電變電所,GAEMI,4,970.0,221.9991578930234,0
2024-07-24 23:00:00,永華二次變電所,GAEMI,4,970.0,203.40020264885626,0
2024-07-24 23:00:00,關西二次變電所,GAEMI,4,970.0,99.55198348279968,0
2024-07-24 23:00:00,源海二次變電所,GAEMI,4,970.0,106.42298415121498,0
2024-07-24 23:00:00,四湖配電變電所,GAEMI,4,970.0,168.23458405810894,0
2024-07-24 23:00:00,新高港超高壓變電所,GAEMI,4,970.0,221.68597931715667,0
2024-07-24 23:00:00,九曲配電變電所,GAEMI,4,970.0,204.53394457067807,0
2024-07-24 23:00:00,崙背變電所,GAEMI,4,970.0,151.9057332281212,0
2024-07-24 23:00:00,常德變電所,GAEMI,4,970.0,110.43802118281933,0
2024-07-24 23:00:00,嶺口二次變電所,GAEMI,4,970.0,209.40687499119431,0
2024-07-24 23:00:00,龍明配電變電所,GAEMI,4,970.0,111.61771429627191,0
2024-07-24 23:00:00,新工配電變電所,GAEMI,4,970.0,115.75818617655878,0
2024-07-25 02:00:00,榮成變電所,GAEMI,4,970.0,39.16736633082693,0
2024-07-25 02:00:00,西螺服務區,GAEMI,4,970.0,146.10305748371215,0
2024-07-25 02:00:00,中部科學園區,GAEMI,4,970.0,96.01211317956368,0
2024-07-25 02:00:00,興變電所,GAEMI,4,970.0,156.84872689042027,0
2024-07-25 02:00:00,中正變電所,GAEMI,4,970.0,30.803981177623445,0
2024-07-25 02:00:00,成都變電所,GAEMI,4,970.0,23.73039648704517,0
2024-07-25 02:00:00,新豐配電變電所,GAEMI,4,970.0,43.58553859000279,0
2024-07-25 02:00:00,內惟配電變電所,GAEMI,4,970.0,262.9490018878484,0
2024-07-25 02:00:00,永華二次變電所,GAEMI,4,970.0,234.57207146331598,0
2024-07-25 02:00:00,關西二次變電所,GAEMI,4,970.0,22.62883423268102,0
2024-07-25 02:00:00,源海二次變電所,GAEMI,4,970.0,30.8133263956307,0
2024-07-25 02:00:00,四湖配電變電所,GAEMI,4,970.0,175.86717842032425,0
2024-07-25 02:00:00,新高港超高壓變電所,GAEMI,4,970.0,267.751298943664,0
2024-07-25 02:00:00,九曲配電變電所,GAEMI,4,970.0,235.34651516414073,0
2024-07-25 02:00:00,崙背變電所,GAEMI,4,970.0,157.1193786822498,0
2024-07-25 02:00:00,常德變電所,GAEMI,4,970.0,31.340699810253952,0
2024-07-25 02:00:00,嶺口二次變電所,GAEMI,4,970.0,250.50624295983314,0
2024-07-25 02:00:00,龍明配電變電所,GAEMI,4,970.0,23.887021763799723,0
2024-07-25 02:00:00,新工配電變電所,GAEMI,4,970.0,43.68117127404819,0
2024-07-25 08:00:00,榮成變電所,GAEMI,4,970.0,83.92665829876485,0
2024-07-25 08:00:00,西螺服務區,GAEMI,4,970.0,145.67610842045494,0
2024-07-25 08:00:00,中部科學園區,GAEMI,4,970.0,106.1376598447927,0
2024-07-25 08:00:00,興變電所,GAEMI,4,970.0,184.98645497558465,0
2024-07-25 08:00:00,中正變電所,GAEMI,4,970.0,127.67167300520185,0
2024-07-25 08:00:00,成都變電所,GAEMI,4,970.0,101.53057904684152,0
2024-07-25 08:00:00,新豐配電變電所,GAEMI,4,970.0,72.24006316706482,0
2024-07-25 08:00:00,內惟配電變電所,GAEMI,4,970.0,270.61872949764717,0
2024-07-25 08:00:00,永華二次變電所,GAEMI,4,970.0,234.69749656154397,0
2024-07-25 08:00:00,關西二次變電所,GAEMI,4,970.0,94.7267741287565,0
2024-07-25 08:00:00,源海二次變電所,GAEMI,4,970.0,127.67097176144769,0
2024-07-25 08:00:00,四湖配電變電所,GAEMI,4,970.0,162.88875998615833,0
2024-07-25 08:00:00,新高港超高壓變電所,GAEMI,4,970.0,281.5349391825405,0
2024-07-25 08:00:00,九曲配電變電所,GAEMI,4,970.0,234.84090272005312,0
2024-07-25 08:00:00,崙背變電所,GAEMI,4,970.0,149.32002269144016,0
2024-07-25 08:00:00,常德變電所,GAEMI,4,970.0,122.94761806835913,0
2024-07-25 08:00:00,嶺口二次變電所,GAEMI,4,970.0,260.48989443163225,0
2024-07-25 08:00:00,龍明配電變電所,GAEMI,4,970.0,101.03841714000761,0
2024-07-25 08:00:00,新工配電變電所,GAEMI,4,970.0,74.43768923914969,0
2024-07-25 14:00:00,榮成變電所,GAEMI,4,975.0,145.04571869455773,0
2024-07-25 14:00:00,西螺服務區,GAEMI,4,975.0,174.05085373297487,0
2024-07-25 14:00:00,中部科學園區,GAEMI,4,975.0,148.7869538357456,0
2024-07-25 14:00:00,興變電所,GAEMI,4,975.0,219.42838454724784,0
2024-07-25 14:00:00,中正變電所,GAEMI,4,975.0,188.72582784485417,0
2024-07-25 14:00:00,成都變電所,GAEMI,4,975.0,162.84070761489312,0
2024-07-25 14:00:00,新豐配電變電所,GAEMI,4,975.0,133.4180031295693,0
2024-07-25 14:00:00,內惟配電變電所,GAEMI,4,975.0,287.9635288457667,0
2024-07-25 14:00:00,永華二次變電所,GAEMI,4,975.0,251.1155438652649,0
2024-07-25 14:00:00,關西二次變電所,GAEMI,4,975.0,155.51472824512413,0
2024-07-25 14:00:00,源海二次變電所,GAEMI,4,975.0,188.7246570864781,0
2024-07-25 14:00:00,四湖配電變電所,GAEMI,4,975.0,181.77583198379176,0
2024-07-25 14:00:00,新高港超高壓變電所,GAEMI,4,975.0,301.16338671427457,0
2024-07-25 14:00:00,九曲配電變電所,GAEMI,4,975.0,250.92611069817437,0
2024-07-25 14:00:00,崙背變電所,GAEMI,4,975.0,173.42595638296714,0
2024-07-25 14:00:00,常德變電所,GAEMI,4,975.0,183.87799060860158,0
2024-07-25 14:00:00,嶺口二次變電所,GAEMI,4,975.0,279.69294832125183,0
2024-07-25 14:00:00,龍明配電變電所,GAEMI,4,975.0,162.35210618293283,0
2024-07-25 14:00:00,新工配電變電所,GAEMI,4,975.0,134.7524559638003,0
2024-07-25 20:00:00,榮成變電所,GAEMI,4,980.0,198.07407212155735,0
2024-07-25 20:00:00,西螺服務區,GAEMI,4,980.0,219.31313481672208,0
2024-07-25 20:00:00,中部科學園區,GAEMI,4,980.0,200.5146197247477,0
2024-07-25 20:00:00,興變電所,GAEMI,4,980.0,266.19753546760415,0
2024-07-25 20:00:00,中正變電所,GAEMI,4,980.0,241.4279686452139,0
2024-07-25 20:00:00,成都變電所,GAEMI,4,980.0,216.16509929950303,0
2024-07-25 20:00:00,新豐配電變電所,GAEMI,4,980.0,187.78695341812005,0
2024-07-25 20:00:00,內惟配電變電所,GAEMI,4,980.0,323.36415172642666,0
2024-07-25 20:00:00,永華二次變電所,GAEMI,4,980.0,286.9247330418346,0
2024-07-25 20:00:00,關西二次變電所,GAEMI,4,980.0,210.14761444221944,0
2024-07-25 20:00:00,源海二次變電所,GAEMI,4,980.0,241.42599282729924,0
2024-07-25 20:00:00,四湖配電變電所,GAEMI,4,980.0,221.79990165962784,0
2024-07-25 20:00:00,新高港超高壓變電所,GAEMI,4,980.0,337.7508086929614,0
2024-07-25 20:00:00,九曲配電變電所,GAEMI,4,980.0,286.52772535941057,0
2024-07-25 20:00:00,崙背變電所,GAEMI,4,980.0,216.62872076505084,0
2024-07-25 20:00:00,常德變電所,GAEMI,4,980.0,236.40188213816478,0
2024-07-25 20:00:00,嶺口二次變電所,GAEMI,4,980.0,316.49464090919787,0
2024-07-25 20:00:00,龍明配電變電所,GAEMI,4,980.0,215.68767792906843,0
2024-07-25 20:00:00,新工配電變電所,GAEMI,4,980.0,189.52669506880707,0
2024-07-26 02:00:00,榮成變電所,GAEMI,3,980.0,235.41398189520336,0
2024-07-26 02:00:00,西螺服務區,GAEMI,3,980.0,264.0369192758333,0
2024-07-26 02:00:00,中部科學園區,GAEMI,3,980.0,245.1421628964645,0
2024-07-26 02:00:00,興變電所,GAEMI,3,980.0,311.0235495482034,0
2024-07-26 02:00:00,中正變電所,GAEMI,3,980.0,277.8806032459547,0
2024-07-26 02:00:00,成都變電所,GAEMI,3,980.0,253.73605038001523,0
2024-07-26 02:00:00,新豐配電變電所,GAEMI,3,980.0,227.35892494859308,0
2024-07-26 02:00:00,內惟配電變電所,GAEMI,3,980.0,365.45434402079894,0
2024-07-26 02:00:00,永華二次變電所,GAEMI,3,980.0,329.31306414811814,0
2024-07-26 02:00:00,關西二次變電所,GAEMI,3,980.0,250.17821532526327,0
2024-07-26 02:00:00,源海二次變電所,GAEMI,3,980.0,277.877529118921,0
2024-07-26 02:00:00,四湖配電變電所,GAEMI,3,980.0,265.63129850646357,0
2024-07-26 02:00:00,新高港超高壓變電所,GAEMI,3,980.0,380.17390363376325,0
2024-07-26 02:00:00,九曲配電變電所,GAEMI,3,980.0,328.85285829151366,0
2024-07-26 02:00:00,崙背變電所,GAEMI,3,980.0,261.07914737923403,0
2024-07-26 02:00:00,常德變電所,GAEMI,3,980.0,272.6573587223578,0
2024-07-26 02:00:00,嶺口二次變電所,GAEMI,3,980.0,359.0636742703548,0
2024-07-26 02:00:00,龍明配電變電所,GAEMI,3,980.0,253.27961505639396,0
2024-07-26 02:00:00,新工配電變電所,GAEMI,3,980.0,230.08275308204247,0
2024-07-26 08:00:00,榮成變電所,GAEMI,3,985.0,320.67564747644354,0
2024-07-26 08:00:00,西螺服務區,GAEMI,3,985.0,362.27595889191934,0
2024-07-26 08:00:00,中部科學園區,GAEMI,3,985.0,342.17115499600374,0
2024-07-26 08:00:00,興變電所,GAEMI,3,985.0,409.250686191444,0
2024-07-26 08:00:00,中正變電所,GAEMI,3,985.0,360.70738775458994,0
2024-07-26 08:00:00,成都變電所,GAEMI,3,985.0,338.9119945042423,0
2024-07-26 08:00:00,新豐配電變電所,GAEMI,3,985.0,316.20592968536783,0
2024-07-26 08:00:00,內惟配電變電所,GAEMI,3,985.0,461.20334829593,0
2024-07-26 08:00:00,永華二次變電所,GAEMI,3,985.0,425.4985407540381,0
2024-07-26 08:00:00,關西二次變電所,GAEMI,3,985.0,339.3218548312487,0
2024-07-26 08:00:00,源海二次變電所,GAEMI,3,985.0,360.70257877423006,0
2024-07-26 08:00:00,四湖配電變電所,GAEMI,3,985.0,363.34834596594663,0
2024-07-26 08:00:00,新高港超高壓變電所,GAEMI,3,985.0,476.27597862109525,0
2024-07-26 08:00:00,九曲配電變電所,GAEMI,3,985.0,424.96980263686373,0
2024-07-26 08:00:00,崙背變電所,GAEMI,3,985.0,359.22403983199445,0
2024-07-26 08:00:00,常德變電所,GAEMI,3,985.0,355.2813418986823,0
2024-07-26 08:00:00,嶺口二次變電所,GAEMI,3,985.0,455.377909580718,0
2024-07-26 08:00:00,龍明配電變電所,GAEMI,3,985.0,338.49914726942274,0
2024-07-26 08:00:00,新工配電變電所,GAEMI,3,985.0,320.3810943051818,0
2024-07-26 14:00:00,榮成變電所,GAEMI,3,988.0,436.9967609712241,0
2024-07-26 14:00:00,西螺服務區,GAEMI,3,988.0,496.22370979471424,0
2024-07-26 14:00:00,中部科學園區,GAEMI,3,988.0,472.53115447321966,0
2024-07-26 14:00:00,興變電所,GAEMI,3,988.0,542.731251139943,0
2024-07-26 14:00:00,中正變電所,GAEMI,3,988.0,473.03711868662657,0
2024-07-26 14:00:00,成都變電所,GAEMI,3,988.0,454.5361494400847,0
2024-07-26 14:00:00,新豐配電變電所,GAEMI,3,988.0,436.5155016384083,0
2024-07-26 14:00:00,內惟配電變電所,GAEMI,3,988.0,597.205624645427,0
2024-07-26 14:00:00,永華二次變電所,GAEMI,3,988.0,561.4624409848554,0
2024-07-26 14:00:00,關西二次變電所,GAEMI,3,988.0,459.3565518332761,0
2024-07-26 14:00:00,源海二次變電所,GAEMI,3,988.0,473.03053831139346,0
2024-07-26 14:00:00,四湖配電變電所,GAEMI,3,988.0,498.6403269561209,0
2024-07-26 14:00:00,新高港超高壓變電所,GAEMI,3,988.0,612.2561325268906,0
2024-07-26 14:00:00,九曲配電變電所,GAEMI,3,988.0,560.9419299780283,0
2024-07-26 14:00:00,崙背變電所,GAEMI,3,988.0,493.79196738884764,0
2024-07-26 14:00:00,常德變電所,GAEMI,3,988.0,467.56717377883876,0
2024-07-26 14:00:00,嶺口二次變電所,GAEMI,3,988.0,591.3281608354167,0
2024-07-26 14:00:00,龍明配電變電所,GAEMI,3,988.0,454.1840850253929,0
2024-07-26 14:00:00,新工配電變電所,GAEMI,3,988.0,442.19054828063224,0
2024-07-26 20:00:00,榮成變電所,GAEMI,3,990.0,534.6958315149226,0
2024-07-26 20:00:00,西螺服務區,GAEMI,3,990.0,585.2242405102413,0
2024-07-26 20:00:00,中部科學園區,GAEMI,3,990.0,565.0961263833891,0
2024-07-26 20:00:00,興變電所,GAEMI,3,990.0,632.3386681508186,0
2024-07-26 20:00:00,中正變電所,GAEMI,3,990.0,571.4381650462458,0
2024-07-26 20:00:00,成都變電所,GAEMI,3,990.0,552.4053072771059,0
2024-07-26 20:00:00,新豐配電變電所,GAEMI,3,990.0,533.3307386335105,0
2024-07-26 20:00:00,內惟配電變電所,GAEMI,3,990.0,679.2563182945233,0
2024-07-26 20:00:00,永華二次變電所,GAEMI,3,990.0,644.4499404025468,0
2024-07-26 20:00:00,關西二次變電所,GAEMI,3,990.0,556.303068005839,0
2024-07-26 20:00:00,源海二次變電所,GAEMI,3,990.0,571.4317953168481,0
2024-07-26 20:00:00,四湖配電變電所,GAEMI,3,990.0,585.0305813933064,0
2024-07-26 20:00:00,新高港超高壓變電所,GAEMI,3,990.0,694.8203771137568,0
2024-07-26 20:00:00,九曲配電變電所,GAEMI,3,990.0,643.8175513799506,0
2024-07-26 20:00:00,崙背變電所,GAEMI,3,990.0,581.7894000249647,0
2024-07-26 20:00:00,常德變電所,GAEMI,3,990.0,565.9631972338125,0
2024-07-26 20:00:00,嶺口二次變電所,GAEMI,3,990.0,674.376197343835,0
2024-07-26 20:00:00,龍明配電變電所,GAEMI,3,990.0,552.0417901032002,0
2024-07-26 20:00:00,新工配電變電所,GAEMI,3,990.0,538.605391335269,0
2024-07-27 02:00:00,榮成變電所,GAEMI,2,992.0,609.1944553263505,0
2024-07-27 02:00:00,西螺服務區,GAEMI,2,992.0,645.4615658115155,0
2024-07-27 02:00:00,中部科學園區,GAEMI,2,992.0,630.3946343193156,0
2024-07-27 02:00:00,興變電所,GAEMI,2,992.0,692.9522449004361,0
2024-07-27 02:00:00,中正變電所,GAEMI,2,992.0,647.6879979350326,0
2024-07-27 02:00:00,成都變電所,GAEMI,2,992.0,627.239088537575,0
2024-07-27 02:00:00,新豐配電變電所,GAEMI,2,992.0,605.9117233793604,0
2024-07-27 02:00:00,內惟配電變電所,GAEMI,2,992.0,730.0131526651991,0
2024-07-27 02:00:00,永華二次變電所,GAEMI,2,992.0,696.6651908325849,0
2024-07-27 02:00:00,關西二次變電所,GAEMI,2,992.0,629.02202068411,0
2024-07-27 02:00:00,源海二次變電所,GAEMI,2,992.0,647.6823174464153,0
2024-07-27 02:00:00,四湖配電變電所,GAEMI,2,992.0,641.9795866897342,0
2024-07-27 02:00:00,新高港超高壓變電所,GAEMI,2,992.0,746.0365967773289,0
2024-07-27 02:00:00,九曲配電變電所,GAEMI,2,992.0,695.9074171879962,0
2024-07-27 02:00:00,崙背變電所,GAEMI,2,992.0,640.7749861387445,0
2024-07-27 02:00:00,常德變電所,GAEMI,2,992.0,642.216968432971,0
2024-07-27 02:00:00,嶺口二次變電所,GAEMI,2,992.0,726.3619490462942,0
2024-07-27 02:00:00,龍明配電變電所,GAEMI,2,992.0,626.8482499133173,0
2024-07-27 02:00:00,新工配電變電所,GAEMI,2,992.0,610.3719897390762,0
2024-07-27 08:00:00,榮成變電所,GAEMI,2,996.0,696.5495554944035,0
2024-07-27 08:00:00,西螺服務區,GAEMI,2,996.0,733.5181947292022,0
2024-07-27 08:00:00,中部科學園區,GAEMI,2,996.0,718.7173574449554,0
2024-07-27 08:00:00,興變電所,GAEMI,2,996.0,781.019169049067,0
2024-07-27 08:00:00,中正變電所,GAEMI,2,996.0,734.5860859482626,0
2024-07-27 08:00:00,成都變電所,GAEMI,2,996.0,714.5229288534725,0
2024-07-27 08:00:00,新豐配電變電所,GAEMI,2,996.0,693.6606809726591,0
2024-07-27 08:00:00,內惟配電變電所,GAEMI,2,996.0,816.4030690473802,0
2024-07-27 08:00:00,永華二次變電所,GAEMI,2,996.0,783.4272344068536,0
2024-07-27 08:00:00,關西二次變電所,GAEMI,2,996.0,716.7593848439909,0
2024-07-27 08:00:00,源海二次變電所,GAEMI,2,996.0,734.5801875223052,0
2024-07-27 08:00:00,四湖配電變電所,GAEMI,2,996.0,729.6473299820942,0
2024-07-27 08:00:00,新高港超高壓變電所,GAEMI,2,996.0,832.5087642641679,0
2024-07-27 08:00:00,九曲配電變電所,GAEMI,2,996.0,782.6440908847945,0
2024-07-27 08:00:00,崙背變電所,GAEMI,2,996.0,728.7044146709832,0
2024-07-27 08:00:00,常德變電所,GAEMI,2,996.0,729.1106068302797,0
2024-07-27 08:00:00,嶺口二次變電所,GAEMI,2,996.0,813.0328946215467,0
2024-07-27 08:00:00,龍明配電變電所,GAEMI,2,996.0,714.1387324745906,0
2024-07-27 08:00:00,新工配電變電所,GAEMI,2,996.0,698.2554338269148,0
2024-07-27 14:00:00,榮成變電所,GAEMI,2,996.0,749.9300768875404,0
2024-07-27 14:00:00,西螺服務區,GAEMI,2,996.0,784.6297907526598,0
2024-07-27 14:00:00,中部科學園區,GAEMI,2,996.0,770.8134235198968,0
2024-07-27 14:00:00,興變電所,GAEMI,2,996.0,832.138109498566,0
2024-07-27 14:00:00,中正變電所,GAEMI,2,996.0,788.1093171162097,0
2024-07-27 14:00:00,成都變電所,GAEMI,2,996.0,767.9312383440076,0
2024-07-27 14:00:00,新豐配電變電所,GAEMI,2,996.0,746.8409929643082,0
2024-07-27 14:00:00,內惟配電變電所,GAEMI,2,996.0,865.1236739815853,0
2024-07-27 14:00:00,永華二次變電所,GAEMI,2,996.0,832.6007972160523,0
2024-07-27 14:00:00,關西二次變電所,GAEMI,2,996.0,769.9478717847521,0
2024-07-27 14:00:00,源海二次變電所,GAEMI,2,996.0,788.1034701668267,0
2024-07-27 14:00:00,四湖配電變電所,GAEMI,2,996.0,780.0616820468285,0
2024-07-27 14:00:00,新高港超高壓變電所,GAEMI,2,996.0,881.3121073179893,0
2024-07-27 14:00:00,九曲配電變電所,GAEMI,2,996.0,831.7880053271869,0
2024-07-27 14:00:00,崙背變電所,GAEMI,2,996.0,779.5626242954743,0
2024-07-27 14:00:00,常德變電所,GAEMI,2,996.0,782.6346289839005,0
2024-07-27 14:00:00,嶺口二次變電所,GAEMI,2,996.0,862.0794136082616,0
2024-07-27 14:00:00,龍明配電變電所,GAEMI,2,996.0,767.5446039295014,0
2024-07-27 14:00:00,新工配電變電所,GAEMI,2,996.0,751.3372492592435,0
2024-07-27 20:00:00,榮成變電所,GAEMI,2,998.0,836.8989460170417,0
2024-07-27 20:00:00,西螺服務區,GAEMI,2,998.0,872.5434786713865,0
2024-07-27 20:00:00,中部科學園區,GAEMI,2,998.0,858.7564465321556,0
2024-07-27 20:00:00,興變電所,GAEMI,2,998.0,920.0508940010774,0
2024-07-27 20:00:00,中正變電所,GAEMI,2,998.0,874.6917302542782,0
2024-07-27 20:00:00,成都變電所,GAEMI,2,998.0,854.8372831487702,0
2024-07-27 20:00:00,新豐配電變電所,GAEMI,2,998.0,834.1473026196636,0
2024-07-27 20:00:00,內惟配電變電所,GAEMI,2,998.0,952.0966394748498,0
2024-07-27 20:00:00,永華二次變電所,GAEMI,2,998.0,919.8178487295036,0
2024-07-27 20:00:00,關西二次變電所,GAEMI,2,998.0,857.2425271988925,0
2024-07-27 20:00:00,源海二次變電所,GAEMI,2,998.0,874.6857064646534,0
2024-07-27 20:00:00,四湖配電變電所,GAEMI,2,998.0,867.7999170559024,0
2024-07-27 20:00:00,新高港超高壓變電所,GAEMI,2,998.0,968.325025727169,0
2024-07-27 20:00:00,九曲配電變電所,GAEMI,2,998.0,918.9906139910512,0
2024-07-27 20:00:00,崙背變電所,GAEMI,2,998.0,867.4242207927455,0
2024-07-27 20:00:00,常德變電所,GAEMI,2,998.0,869.215003197639,0
2024-07-27 20:00:00,嶺口二次變電所,GAEMI,2,998.0,949.2249826934325,0
2024-07-27 20:00:00,龍明配電變電所,GAEMI,2,998.0,854.4562715524311,0
2024-07-27 20:00:00,新工配電變電所,GAEMI,2,998.0,838.7640072833219,0
2024-07-28 02:00:00,榮成變電所,GAEMI,2,998.0,899.0693242837008,0
2024-07-28 02:00:00,西螺服務區,GAEMI,2,998.0,938.3948274629279,0
2024-07-28 02:00:00,中部科學園區,GAEMI,2,998.0,923.6031201385493,0
2024-07-28 02:00:00,興變電所,GAEMI,2,998.0,985.9008019060249,0
2024-07-28 02:00:00,中正變電所,GAEMI,2,998.0,936.1500867762308,0
2024-07-28 02:00:00,成都變電所,GAEMI,2,998.0,916.8782982684172,0
2024-07-28 02:00:00,新豐配電變電所,GAEMI,2,998.0,896.9912010447367,0
2024-07-28 02:00:00,內惟配電變電所,GAEMI,2,998.0,1019.2683623728577,0
2024-07-28 02:00:00,永華二次變電所,GAEMI,2,998.0,986.813106767265,0
2024-07-28 02:00:00,關西二次變電所,GAEMI,2,998.0,920.047078596515,0
2024-07-28 02:00:00,源海二次變電所,GAEMI,2,998.0,936.1437698290894,0
2024-07-28 02:00:00,四湖配電變電所,GAEMI,2,998.0,934.1521334957735,0
2024-07-28 02:00:00,新高港超高壓變電所,GAEMI,2,998.0,1035.471351124877,0
2024-07-28 02:00:00,九曲配電變電所,GAEMI,2,998.0,985.9976335457727,0
2024-07-28 02:00:00,崙背變電所,GAEMI,2,998.0,933.4727874595875,0
2024-07-28 02:00:00,常德變電所,GAEMI,2,998.0,930.6743361857822,0
2024-07-28 02:00:00,嶺口二次變電所,GAEMI,2,998.0,1016.2771312186109,0
2024-07-28 02:00:00,龍明配電變電所,GAEMI,2,998.0,916.5078719795298,0
2024-07-28 02:00:00,新工配電變電所,GAEMI,2,998.0,901.8730272305613,0
2024-07-28 08:00:00,榮成變電所,GAEMI,2,1000.0,998.817595976878,0
2024-07-28 08:00:00,西螺服務區,GAEMI,2,1000.0,1033.4942115738809,0
2024-07-28 08:00:00,中部科學園區,GAEMI,2,1000.0,1020.5010191990432,0
2024-07-28 08:00:00,興變電所,GAEMI,2,1000.0,1080.9858255990093,0
2024-07-28 08:00:00,中正變電所,GAEMI,2,1000.0,1036.391049588988,0
2024-07-28 08:00:00,成都變電所,GAEMI,2,1000.0,1016.7232701024029,0
2024-07-28 08:00:00,新豐配電變電所,GAEMI,2,1000.0,996.194359885514,0
2024-07-28 08:00:00,內惟配電變電所,GAEMI,2,1000.0,1110.262703258995,0
2024-07-28 08:00:00,永華二次變電所,GAEMI,2,1000.0,1078.6012288546863,0
2024-07-28 08:00:00,關西二次變電所,GAEMI,2,1000.0,1019.2856880717802,0
2024-07-28 08:00:00,源海二次變電所,GAEMI,2,1000.0,1036.3849167344117,0
2024-07-28 08:00:00,四湖配電變電所,GAEMI,2,1000.0,1028.0606928252569,0
2024-07-28 08:00:00,新高港超高壓變電所,GAEMI,2,1000.0,1126.5727842348606,0
2024-07-28 08:00:00,九曲配電變電所,GAEMI,2,1000.0,1077.738764355194,0
2024-07-28 08:00:00,崙背變電所,GAEMI,2,1000.0,1028.1358670204909,0
2024-07-28 08:00:00,常德變電所,GAEMI,2,1000.0,1030.914038679286,0
2024-07-28 08:00:00,嶺口二次變電所,GAEMI,2,1000.0,1107.8093971911824,0
2024-07-28 08:00:00,龍明配電變電所,GAEMI,2,1000.0,1016.3451378819419,0
2024-07-28 08:00:00,新工配電變電所,GAEMI,2,1000.0,1000.8361028581166,0
2024-07-28 14:00:00,榮成變電所,GAEMI,2,998.0,1124.8843969123811,0
2024-07-28 14:00:00,西螺服務區,GAEMI,2,998.0,1141.9620488448948,0
2024-07-28 14:00:00,中部科學園區,GAEMI,2,998.0,1135.087358785347,0
2024-07-28 14:00:00,興變電所,GAEMI,2,998.0,1188.9676398654692,0
2024-07-28 14:00:00,中正變電所,GAEMI,2,998.0,1164.6041821169,0
2024-07-28 14:00:00,成都變電所,GAEMI,2,998.0,1143.1187995242965,0
2024-07-28 14:00:00,新豐配電變電所,GAEMI,2,998.0,1119.8479577509177,0
2024-07-28 14:00:00,內惟配電變電所,GAEMI,2,998.0,1205.802776791985,0
2024-07-28 14:00:00,永華二次變電所,GAEMI,2,998.0,1176.6987630088029,0
2024-07-28 14:00:00,關西二次變電所,GAEMI,2,998.0,1142.920516084708,0
2024-07-28 14:00:00,源海二次變電所,GAEMI,2,998.0,1164.5990286938109,0
2024-07-28 14:00:00,四湖配電變電所,GAEMI,2,998.0,1132.8883504493156,0
2024-07-28 14:00:00,新高港超高壓變電所,GAEMI,2,998.0,1222.248935444796,0
2024-07-28 14:00:00,九曲配電變電所,GAEMI,2,998.0,1175.712004297683,0
2024-07-28 14:00:00,崙背變電所,GAEMI,2,998.0,1135.280754648443,0
2024-07-28 14:00:00,常德變電所,GAEMI,2,998.0,1159.1551280898134,0
2024-07-28 14:00:00,嶺口二次變電所,GAEMI,2,998.0,1204.8843821319801,0
2024-07-28 14:00:00,龍明配電變電所,GAEMI,2,998.0,1142.706789355133,0
2024-07-28 14:00:00,新工配電變電所,GAEMI,2,998.0,1123.4369450794613,0
2024-07-28 20:00:00,榮成變電所,GAEMI,2,998.0,1262.5442001452095,0
2024-07-28 20:00:00,西螺服務區,GAEMI,2,998.0,1275.6815798294651,0
2024-07-28 20:00:00,中部科學園區,GAEMI,2,998.0,1270.3789435518638,0
2024-07-28 20:00:00,興變電所,GAEMI,2,998.0,1322.4392519539515,0
2024-07-28 20:00:00,中正變電所,GAEMI,2,998.0,1302.570985633488,0
2024-07-28 20:00:00,成都變電所,GAEMI,2,998.0,1280.8132879948068,0
2024-07-28 20:00:00,新豐配電變電所,GAEMI,2,998.0,1257.088389101298,0
2024-07-28 20:00:00,內惟配電變電所,GAEMI,2,998.0,1335.435283319768,0
2024-07-28 20:00:00,永華二次變電所,GAEMI,2,998.0,1307.2590116727372,0
2024-07-28 20:00:00,關西二次變電所,GAEMI,2,998.0,1280.1269046066175,0
2024-07-28 20:00:00,源海二次變電所,GAEMI,2,998.0,1302.5659899716848,0
2024-07-28 20:00:00,四湖配電變電所,GAEMI,2,998.0,1265.6201117409207,0
2024-07-28 20:00:00,新高港超高壓變電所,GAEMI,2,998.0,1351.8730236272986,0
2024-07-28 20:00:00,九曲配電變電所,GAEMI,2,998.0,1306.2357647558429,0
2024-07-28 20:00:00,崙背變電所,GAEMI,2,998.0,1268.6567423709714,0
2024-07-28 20:00:00,常德變電所,GAEMI,2,998.0,1297.1314426157576,0
2024-07-28 20:00:00,嶺口二次變電所,GAEMI,2,998.0,1335.0245311992467,0
2024-07-28 20:00:00,龍明配電變電所,GAEMI,2,998.0,1280.3960525282803,0
2024-07-28 20:00:00,新工配電變電所,GAEMI,2,998.0,1260.4748660741714,0
2024-07-29 02:00:00,榮成變電所,GAEMI,2,998.0,1350.6313745388566,0
2024-07-29 02:00:00,西螺服務區,GAEMI,2,998.0,1364.6170262629264,0
2024-07-29 02:00:00,中部科學園區,GAEMI,2,998.0,1359.1690754712774,0
2024-07-29 02:00:00,興變電所,GAEMI,2,998.0,1411.384831989367,0
2024-07-29 02:00:00,中正變電所,GAEMI,2,998.0,1390.481910174912,0
2024-07-29 02:00:00,成都變電所,GAEMI,2,998.0,1368.8827869747272,0
2024-07-29 02:00:00,新豐配電變電所,GAEMI,2,998.0,1345.37091783948,0
2024-07-29 02:00:00,內惟配電變電所,GAEMI,2,998.0,1424.2159040261813,0
2024-07-29 02:00:00,永華二次變電所,GAEMI,2,998.0,1396.1238804064778,0
2024-07-29 02:00:00,關西二次變電所,GAEMI,2,998.0,1368.4245528050026,0
2024-07-29 02:00:00,源海二次變電所,GAEMI,2,998.0,1390.4768136870057,0
2024-07-29 02:00:00,四湖配電變電所,GAEMI,2,998.0,1354.5756184446354,0
2024-07-29 02:00:00,新高港超高壓變電所,GAEMI,2,998.0,1440.6513130035028,0
2024-07-29 02:00:00,九曲配電變電所,GAEMI,2,998.0,1395.0979147138605,0
2024-07-29 02:00:00,崙背變電所,GAEMI,2,998.0,1357.6042616797235,0
2024-07-29 02:00:00,常德變電所,GAEMI,2,998.0,1385.0361199711208,0
2024-07-29 02:00:00,嶺口二次變電所,GAEMI,2,998.0,1423.853059831713,0
2024-07-29 02:00:00,龍明配電變電所,GAEMI,2,998.0,1368.4683345930555,0
2024-07-29 02:00:00,新工配電變電所,GAEMI,2,998.0,1348.8370085144873,0
2024-07-20 08:00:00,榮成變電所,PRAPIROON,2,1002.0,1298.063390747383,0
2024-07-20 08:00:00,西螺服務區,PRAPIROON,2,1002.0,1143.0621301125598,0
2024-07-20 08:00:00,中部科學園區,PRAPIROON,2,1002.0,1195.2872536406742,0
2024-07-20 08:00:00,興變電所,PRAPIROON,2,1002.0,1130.156115803463,0
2024-07-20 08:00:00,中正變電所,PRAPIROON,2,1002.0,1316.696584483959,0
2024-07-20 08:00:00,成都變電所,PRAPIROON,2,1002.0,1300.0190115001697,0
2024-07-20 08:00:00,新豐配電變電所,PRAPIROON,2,1002.0,1276.4507554165734,0
2024-07-20 08:00:00,內惟配電變電所,PRAPIROON,2,1002.0,1023.5913899356934,0
2024-07-20 08:00:00,永華二次變電所,PRAPIROON,2,1002.0,1051.5522521392545,0
2024-07-20 08:00:00,關西二次變電所,PRAPIROON,2,1002.0,1274.3042536743835,0
2024-07-20 08:00:00,源海二次變電所,PRAPIROON,2,1002.0,1316.7062769097092,0
2024-07-20 08:00:00,四湖配電變電所,PRAPIROON,2,1002.0,1115.8508359042414,0
2024-07-20 08:00:00,新高港超高壓變電所,PRAPIROON,2,1002.0,1020.5873166291017,0
2024-07-20 08:00:00,九曲配電變電所,PRAPIROON,2,1002.0,1050.8296698999459,0
2024-07-20 08:00:00,崙背變電所,PRAPIROON,2,1002.0,1133.7632121051163,0
2024-07-20 08:00:00,常德變電所,PRAPIROON,2,1002.0,1317.0937719109647,0
2024-07-20 08:00:00,嶺口二次變電所,PRAPIROON,2,1002.0,1036.1983109593532,0
2024-07-20 08:00:00,龍明配電變電所,PRAPIROON,2,1002.0,1299.7213025576425,0
2024-07-20 08:00:00,新工配電變電所,PRAPIROON,2,1002.0,1266.6458666030728,0
2024-07-20 14:00:00,榮成變電所,PRAPIROON,2,1002.0,1253.5882731468346,0
2024-07-20 14:00:00,西螺服務區,PRAPIROON,2,1002.0,1099.2887522436713,0
2024-07-20 14:00:00,中部科學園區,PRAPIROON,2,1002.0,1151.3425300943045,0
2024-07-20 14:00:00,興變電所,PRAPIROON,2,1002.0,1089.90857900401,0
2024-07-20 14:00:00,中正變電所,PRAPIROON,2,1002.0,1274.7873987803964,0
2024-07-20 14:00:00,成都變電所,PRAPIROON,2,1002.0,1256.744366914522,0
2024-07-20 14:00:00,新豐配電變電所,PRAPIROON,2,1002.0,1231.6502150160215,0
2024-07-20 14:00:00,內惟配電變電所,PRAPIROON,2,1002.0,983.7222958896334,0
2024-07-20 14:00:00,永華二次變電所,PRAPIROON,2,1002.0,1009.5650300611729,0
2024-07-20 14:00:00,關西二次變電所,PRAPIROON,2,1002.0,1231.0549728288493,0
2024-07-20 14:00:00,源海二次變電所,PRAPIROON,2,1002.0,1274.7967112774575,0
2024-07-20 14:00:00,四湖配電變電所,PRAPIROON,2,1002.0,1071.1148201492472,0
2024-07-20 14:00:00,新高港超高壓變電所,PRAPIROON,2,1002.0,982.1225158917279,0
2024-07-20 14:00:00,九曲配電變電所,PRAPIROON,2,1002.0,1008.7493914593832,0
2024-07-20 14:00:00,崙背變電所,PRAPIROON,2,1002.0,1089.3980564878373,0
2024-07-20 14:00:00,常德變電所,PRAPIROON,2,1002.0,1274.8243984412873,0
2024-07-20 14:00:00,嶺口二次變電所,PRAPIROON,2,1002.0,996.4136700910676,0
2024-07-20 14:00:00,龍明配電變電所,PRAPIROON,2,1002.0,1256.420037491245,0
2024-07-20 14:00:00,新工配電變電所,PRAPIROON,2,1002.0,1222.0809673169254,0
2024-07-20 20:00:00,榮成變電所,PRAPIROON,2,1002.0,1302.4413824633418,0
2024-07-20 20:00:00,西螺服務區,PRAPIROON,2,1002.0,1151.5631783398,0
2024-07-20 20:00:00,中部科學園區,PRAPIROON,2,1002.0,1202.5304412626676,0
2024-07-20 20:00:00,興變電所,PRAPIROON,2,1002.0,1148.8193659120673,0
2024-07-20 20:00:00,中正變電所,PRAPIROON,2,1002.0,1328.211324984417,0
2024-07-20 20:00:00,成都變電所,PRAPIROON,2,1002.0,1307.8310494658347,0
2024-07-20 20:00:00,新豐配電變電所,PRAPIROON,2,1002.0,1280.1509982408304,0
2024-07-20 20:00:00,內惟配電變電所,PRAPIROON,2,1002.0,1045.0893867342036,0
2024-07-20 20:00:00,永華二次變電所,PRAPIROON,2,1002.0,1066.6335352935248,0
2024-07-20 20:00:00,關西二次變電所,PRAPIROON,2,1002.0,1282.5007703711613,0
2024-07-20 20:00:00,源海二次變電所,PRAPIROON,2,1002.0,1328.2198264537694,0
2024-07-20 20:00:00,四湖配電變電所,PRAPIROON,2,1002.0,1122.0151848029277,0
2024-07-20 20:00:00,新高港超高壓變電所,PRAPIROON,2,1002.0,1046.007114383532,0
2024-07-20 20:00:00,九曲配電變電所,PRAPIROON,2,1002.0,1065.6617899369878,0
2024-07-20 20:00:00,崙背變電所,PRAPIROON,2,1002.0,1140.710219896265,0
2024-07-20 20:00:00,常德變電所,PRAPIROON,2,1002.0,1327.5791918631653,0
2024-07-20 20:00:00,嶺口二次變電所,PRAPIROON,2,1002.0,1057.7012540577682,0
2024-07-20 20:00:00,龍明配電變電所,PRAPIROON,2,1002.0,1307.4605353477873,0
2024-07-20 20:00:00,新工配電變電所,PRAPIROON,2,1002.0,1271.1511101309575,0
2024-07-21 02:00:00,榮成變電所,PRAPIROON,2,1000.0,1368.465727777504,0
2024-07-21 02:00:00,西螺服務區,PRAPIROON,2,1000.0,1223.0279008741015,0
2024-07-21 02:00:00,中部科學園區,PRAPIROON,2,1000.0,1272.1712404329742,0
2024-07-21 02:00:00,興變電所,PRAPIROON,2,1000.0,1226.2777542190663,0
2024-07-21 02:00:00,中正變電所,PRAPIROON,2,1000.0,1398.0757270008016,0
2024-07-21 02:00:00,成都變電所,PRAPIROON,2,1000.0,1375.8291237951105,0
2024-07-21 02:00:00,新豐配電變電所,PRAPIROON,2,1000.0,1346.1670183684255,0
2024-07-21 02:00:00,內惟配電變電所,PRAPIROON,2,1000.0,1126.5754161289324,0
2024-07-21 02:00:00,永華二次變電所,PRAPIROON,2,1000.0,1143.919682165503,0
2024-07-21 02:00:00,關西二次變電所,PRAPIROON,2,1000.0,1351.1783656245254,0
2024-07-21 02:00:00,源海二次變電所,PRAPIROON,2,1000.0,1398.0833759157374,0
2024-07-21 02:00:00,四湖配電變電所,PRAPIROON,2,1000.0,1192.7630692079176,0
2024-07-21 02:00:00,新高港超高壓變電所,PRAPIROON,2,1000.0,1129.6759498542394,0
2024-07-21 02:00:00,九曲配電變電所,PRAPIROON,2,1000.0,1142.8284345003983,0
2024-07-21 02:00:00,崙背變電所,PRAPIROON,2,1000.0,1211.4958794560703,0
2024-07-21 02:00:00,常德變電所,PRAPIROON,2,1000.0,1396.8399105654032,0
2024-07-21 02:00:00,嶺口二次變電所,PRAPIROON,2,1000.0,1138.8759542217215,0
2024-07-21 02:00:00,龍明配電變電所,PRAPIROON,2,1000.0,1375.4213708688947,0
2024-07-21 02:00:00,新工配電變電所,PRAPIROON,2,1000.0,1337.818793625425,0
2024-07-21 08:00:00,榮成變電所,PRAPIROON,3,998.0,1434.7684010541925,0
2024-07-21 08:00:00,西螺服務區,PRAPIROON,3,998.0,1291.6415482919772,0
2024-07-21 08:00:00,中部科學園區,PRAPIROON,3,998.0,1340.0107267608435,0
2024-07-21 08:00:00,興變電所,PRAPIROON,3,998.0,1296.816565524514,0
2024-07-21 08:00:00,中正變電所,PRAPIROON,3,998.0,1465.601992614116,0
2024-07-21 08:00:00,成都變電所,PRAPIROON,3,998.0,1442.7858638045186,0
2024-07-21 08:00:00,新豐配電變電所,PRAPIROON,3,998.0,1412.5364304620598,0
2024-07-21 08:00:00,內惟配電變電所,PRAPIROON,3,998.0,1198.7076500050964,0
2024-07-21 08:00:00,永華二次變電所,PRAPIROON,3,998.0,1214.6901931673235,0
2024-07-21 08:00:00,關西二次變電所,PRAPIROON,3,998.0,1418.4403939517179,0
2024-07-21 08:00:00,源海二次變電所,PRAPIROON,3,998.0,1465.609331410842,0
2024-07-21 08:00:00,四湖配電變電所,PRAPIROON,3,998.0,1261.2513021050804,0
2024-07-21 08:00:00,新高港超高壓變電所,PRAPIROON,3,998.0,1202.4573880006133,0
2024-07-21 08:00:00,九曲配電變電所,PRAPIROON,3,998.0,1213.565490301398,0
2024-07-21 08:00:00,崙背變電所,PRAPIROON,3,998.0,1279.9274781815077,0
2024-07-21 08:00:00,常德變電所,PRAPIROON,3,998.0,1464.1650729907558,0
2024-07-21 08:00:00,嶺口二次變電所,PRAPIROON,3,998.0,1210.8694016267887,0
2024-07-21 08:00:00,龍明配電變電所,PRAPIROON,3,998.0,1442.3666243387013,0
2024-07-21 08:00:00,新工配電變電所,PRAPIROON,3,998.0,1404.438102026621,0
2024-07-21 14:00:00,榮成變電所,PRAPIROON,3,998.0,1402.7385317527346,0
2024-07-21 14:00:00,西螺服務區,PRAPIROON,3,998.0,1262.5855387389379,0
2024-07-21 14:00:00,中部科學園區,PRAPIROON,3,998.0,1309.9281568425015,0
2024-07-21 14:00:00,興變電所,PRAPIROON,3,998.0,1270.1398607688966,0
2024-07-21 14:00:00,中正變電所,PRAPIROON,3,998.0,1434.9085308982283,0
2024-07-21 14:00:00,成都變電所,PRAPIROON,3,998.0,1411.4790274167083,0
2024-07-21 14:00:00,新豐配電變電所,PRAPIROON,3,998.0,1380.6231477928864,0
2024-07-21 14:00:00,內惟配電變電所,PRAPIROON,3,998.0,1174.3822800703304,0
2024-07-21 14:00:00,永華二次變電所,PRAPIROON,3,998.0,1188.5137626881751,0
2024-07-21 14:00:00,關西二次變電所,PRAPIROON,3,998.0,1387.528714583814,0
2024-07-21 14:00:00,源海二次變電所,PRAPIROON,3,998.0,1434.9154968814855,0
2024-07-21 14:00:00,四湖配電變電所,PRAPIROON,3,998.0,1232.116831555331,0
2024-07-21 14:00:00,新高港超高壓變電所,PRAPIROON,3,998.0,1179.0182093530063,0
2024-07-21 14:00:00,九曲配電變電所,PRAPIROON,3,998.0,1187.3487155169105,0
2024-07-21 14:00:00,崙背變電所,PRAPIROON,3,998.0,1250.6806210939142,0
2024-07-21 14:00:00,常德變電所,PRAPIROON,3,998.0,1433.2416573814833,0
2024-07-21 14:00:00,嶺口二次變電所,PRAPIROON,3,998.0,1186.3230323419211,0
2024-07-21 14:00:00,龍明配電變電所,PRAPIROON,3,998.0,1411.0474734680083,0
2024-07-21 14:00:00,新工配電變電所,PRAPIROON,3,998.0,1372.821231392203,0
2024-07-21 20:00:00,榮成變電所,PRAPIROON,3,996.0,1376.0758926203805,0
2024-07-21 20:00:00,西螺服務區,PRAPIROON,3,996.0,1242.0349243512978,0
2024-07-21 20:00:00,中部科學園區,PRAPIROON,3,996.0,1287.260352010901,0
2024-07-21 20:00:00,興變電所,PRAPIROON,3,996.0,1253.7533448249842,0
2024-07-21 20:00:00,中正變電所,PRAPIROON,3,996.0,1410.4900971646023,0
2024-07-21 20:00:00,成都變電所,PRAPIROON,3,996.0,1386.0746172433694,0
2024-07-21 20:00:00,新豐配電變電所,PRAPIROON,3,996.0,1354.2822778728976,0
2024-07-21 20:00:00,內惟配電變電所,PRAPIROON,3,996.0,1162.7628618466463,0
2024-07-21 20:00:00,永華二次變電所,PRAPIROON,3,996.0,1173.5542202759025,0
2024-07-21 20:00:00,關西二次變電所,PRAPIROON,3,996.0,1362.9538808518819,0
2024-07-21 20:00:00,源海二次變電所,PRAPIROON,3,996.0,1410.4963624997013,0
2024-07-21 20:00:00,四湖配電變電所,PRAPIROON,3,996.0,1211.621759183821,0
2024-07-21 20:00:00,新高港超高壓變電所,PRAPIROON,3,996.0,1168.9034383997168,0
2024-07-21 20:00:00,九曲配電變電所,PRAPIROON,3,996.0,1172.3266431859272,0
2024-07-21 20:00:00,崙背變電所,PRAPIROON,3,996.0,1229.865024722795,0
2024-07-21 20:00:00,常德變電所,PRAPIROON,3,996.0,1408.4193888324276,0
2024-07-21 20:00:00,嶺口二次變電所,PRAPIROON,3,996.0,1174.231285259659,0
2024-07-21 20:00:00,龍明配電變電所,PRAPIROON,3,996.0,1385.623068112376,0
2024-07-21 20:00:00,新工配電變電所,PRAPIROON,3,996.0,1347.0548091030337,0
2024-07-22 02:00:00,榮成變電所,PRAPIROON,3,992.0,1336.3941382127252,0
2024-07-22 02:00:00,西螺服務區,PRAPIROON,3,992.0,1210.5513318045741,0
2024-07-22 02:00:00,中部科學園區,PRAPIROON,3,992.0,1252.9130405425863,0
2024-07-22 02:00:00,興變電所,PRAPIROON,3,992.0,1226.9383928901966,0
2024-07-22 02:00:00,中正變電所,PRAPIROON,3,992.0,1373.1122447594375,0
2024-07-22 02:00:00,成都變電所,PRAPIROON,3,992.0,1347.7554598058434,0
2024-07-22 02:00:00,新豐配電變電所,PRAPIROON,3,992.0,1315.1430396286128,0
2024-07-22 02:00:00,內惟配電變電所,PRAPIROON,3,992.0,1142.3991763249408,0
2024-07-22 02:00:00,永華二次變電所,PRAPIROON,3,992.0,1149.226901691381,0
2024-07-22 02:00:00,關西二次變電所,PRAPIROON,3,992.0,1325.7681382819007,0
2024-07-22 02:00:00,源海二次變電所,PRAPIROON,3,992.0,1373.1176612960344,0
2024-07-22 02:00:00,四湖配電變電所,PRAPIROON,3,992.0,1180.5113346765945,0
2024-07-22 02:00:00,新高港超高壓變電所,PRAPIROON,3,992.0,1150.1968839960657,0
2024-07-22 02:00:00,九曲配電變電所,PRAPIROON,3,992.0,1147.9413094932681,0
2024-07-22 02:00:00,崙背變電所,PRAPIROON,3,992.0,1198.1985283279912,0
2024-07-22 02:00:00,常德變電所,PRAPIROON,3,992.0,1370.595179032101,0
2024-07-22 02:00:00,嶺口二次變電所,PRAPIROON,3,992.0,1153.1929985772863,0
2024-07-22 02:00:00,龍明配電變電所,PRAPIROON,3,992.0,1347.284532705207,0
2024-07-22 02:00:00,新工配電變電所,PRAPIROON,3,992.0,1308.6330792945707,0
2024-07-22 08:00:00,榮成變電所,PRAPIROON,4,990.0,1373.4148128091842,0
2024-07-22 08:00:00,西螺服務區,PRAPIROON,4,990.0,1258.0874701255484,0
2024-07-22 08:00:00,中部科學園區,PRAPIROON,4,990.0,1296.8192834412755,0
2024-07-22 08:00:00,興變電所,PRAPIROON,4,990.0,1279.2851501122343,0
2024-07-22 08:00:00,中正變電所,PRAPIROON,4,990.0,1412.3789872482644,0
2024-07-22 08:00:00,成都變電所,PRAPIROON,4,990.0,1386.2087330774073,0
2024-07-22 08:00:00,新豐配電變電所,PRAPIROON,4,990.0,1353.0013942037012,0
2024-07-22 08:00:00,內惟配電變電所,PRAPIROON,4,990.0,1202.4627909819208,0
2024-07-22 08:00:00,永華二次變電所,PRAPIROON,4,990.0,1205.1278903934233,0
2024-07-22 08:00:00,關西二次變電所,PRAPIROON,4,990.0,1365.7232135841343,0
2024-07-22 08:00:00,源海二次變電所,PRAPIROON,4,990.0,1412.3833952989664,0
2024-07-22 08:00:00,四湖配電變電所,PRAPIROON,4,990.0,1228.8207952293399,0
2024-07-22 08:00:00,新高港超高壓變電所,PRAPIROON,4,990.0,1211.8395365166054,0
2024-07-22 08:00:00,九曲配電變電所,PRAPIROON,4,990.0,1203.7985038939785,0
2024-07-22 08:00:00,崙背變電所,PRAPIROON,4,990.0,1245.6859441302502,0
2024-07-22 08:00:00,常德變電所,PRAPIROON,4,990.0,1409.382827606814,0
2024-07-22 08:00:00,嶺口二次變電所,PRAPIROON,4,990.0,1212.4326723883823,0
2024-07-22 08:00:00,龍明配電變電所,PRAPIROON,4,990.0,1385.7205967483944,0
2024-07-22 08:00:00,新工配電變電所,PRAPIROON,4,990.0,1347.3735192124718,0
2024-07-22 14:00:00,榮成變電所,PRAPIROON,4,985.0,1408.1983700994024,0
2024-07-22 14:00:00,西螺服務區,PRAPIROON,4,985.0,1300.286723680951,0
2024-07-22 14:00:00,中部科學園區,PRAPIROON,4,985.0,1336.472385592956,0
2024-07-22 14:00:00,興變電所,PRAPIROON,4,985.0,1324.382151721829,0
2024-07-22 14:00:00,中正變電所,PRAPIROON,4,985.0,1448.3920453041526,0
2024-07-22 14:00:00,成都變電所,PRAPIROON,4,985.0,1421.84241170041,0
2024-07-22 14:00:00,新豐配電變電所,PRAPIROON,4,985.0,1388.443761078392,0
2024-07-22 14:00:00,內惟配電變電所,PRAPIROON,4,985.0,1252.845009478652,0
2024-07-22 14:00:00,永華二次變電所,PRAPIROON,4,985.0,1252.9139874451462,0
2024-07-22 14:00:00,關西二次變電所,PRAPIROON,4,985.0,1402.439025519936,0
2024-07-22 14:00:00,源海二次變電所,PRAPIROON,4,985.0,1448.3957801014906,0
2024-07-22 14:00:00,四湖配電變電所,PRAPIROON,4,985.0,1271.699902083911,0
2024-07-22 14:00:00,新高港超高壓變電所,PRAPIROON,4,985.0,1263.1367189229236,0
2024-07-22 14:00:00,九曲配電變電所,PRAPIROON,4,985.0,1251.5661609797528,0
2024-07-22 14:00:00,崙背變電所,PRAPIROON,4,985.0,1287.9350242902806,0
2024-07-22 14:00:00,常德變電所,PRAPIROON,4,985.0,1445.1035628057941,0
2024-07-22 14:00:00,嶺口二次變電所,PRAPIROON,4,985.0,1262.241939770523,0
2024-07-22 14:00:00,龍明配電變電所,PRAPIROON,4,985.0,1421.3459436207106,0
2024-07-22 14:00:00,新工配電變電所,PRAPIROON,4,985.0,1383.4163925261762,0
2024-07-22 20:00:00,榮成變電所,PRAPIROON,4,985.0,1427.9343977608867,0
2024-07-22 20:00:00,西螺服務區,PRAPIROON,4,985.0,1324.790244656412,0
2024-07-22 20:00:00,中部科學園區,PRAPIROON,4,985.0,1359.3409213604102,0
2024-07-22 20:00:00,興變電所,PRAPIROON,4,985.0,1350.5901106574358,0
2024-07-22 20:00:00,中正變電所,PRAPIROON,4,985.0,1468.792469029656,0
2024-07-22 20:00:00,成都變電所,PRAPIROON,4,985.0,1442.0675121145575,0
2024-07-22 20:00:00,新豐配電變電所,PRAPIROON,4,985.0,1408.6261812985117,0
2024-07-22 20:00:00,內惟配電變電所,PRAPIROON,4,985.0,1282.4271317196785,0
2024-07-22 20:00:00,永華二次變電所,PRAPIROON,4,985.0,1280.9230866622622,0
2024-07-22 20:00:00,關西二次變電所,PRAPIROON,4,985.0,1423.367035047811,0
2024-07-22 20:00:00,源海二次變電所,PRAPIROON,4,985.0,1468.7957846898425,0
2024-07-22 20:00:00,四湖配電變電所,PRAPIROON,4,985.0,1296.686951563296,0
2024-07-22 20:00:00,新高港超高壓變電所,PRAPIROON,4,985.0,1293.249143731565,0
2024-07-22 20:00:00,九曲配電變電所,PRAPIROON,4,985.0,1279.567401876919,0
2024-07-22 20:00:00,崙背變電所,PRAPIROON,4,985.0,1312.49909580731,0
2024-07-22 20:00:00,常德變電所,PRAPIROON,4,985.0,1465.332257383612,0
2024-07-22 20:00:00,嶺口二次變電所,PRAPIROON,4,985.0,1291.4546108304066,0
2024-07-22 20:00:00,龍明配電變電所,PRAPIROON,4,985.0,1441.5670325355277,0
2024-07-22 20:00:00,新工配電變電所,PRAPIROON,4,985.0,1403.9765225791677,0
2024-07-23 02:00:00,榮成變電所,PRAPIROON,4,985.0,1432.0976914836106,0
2024-07-23 02:00:00,西螺服務區,PRAPIROON,4,985.0,1335.29973259675,0
2024-07-23 02:00:00,中部科學園區,PRAPIROON,4,985.0,1367.6594965826255,0
2024-07-23 02:00:00,興變電所,PRAPIROON,4,985.0,1363.2362066745907,0
2024-07-23 02:00:00,中正變電所,PRAPIROON,4,985.0,1473.701149055428,0
2024-07-23 02:00:00,成都變電所,PRAPIROON,4,985.0,1446.8158606585,0
2024-07-23 02:00:00,新豐配電變電所,PRAPIROON,4,985.0,1413.4011251086004,0
2024-07-23 02:00:00,內惟配電變電所,PRAPIROON,4,985.0,1299.669334898643,0
2024-07-23 02:00:00,永華二次變電所,PRAPIROON,4,985.0,1296.1037070803206,0
2024-07-23 02:00:00,關西二次變電所,PRAPIROON,4,985.0,1429.0513876374412,0
2024-07-23 02:00:00,源海二次變電所,PRAPIROON,4,985.0,1473.7039258392458,0
2024-07-23 02:00:00,四湖配電變電所,PRAPIROON,4,985.0,1307.8973519575416,0
2024-07-23 02:00:00,新高港超高壓變電所,PRAPIROON,4,985.0,1311.1622234108884,0
2024-07-23 02:00:00,九曲配電變電所,PRAPIROON,4,985.0,1294.7415388700772,0
2024-07-23 02:00:00,崙背變電所,PRAPIROON,4,985.0,1323.1201461872715,0
2024-07-23 02:00:00,常德變電所,PRAPIROON,4,985.0,1470.0311958686161,0
2024-07-23 02:00:00,嶺口二次變電所,PRAPIROON,4,985.0,1308.1854911510798,0
2024-07-23 02:00:00,龍明配電變電所,PRAPIROON,4,985.0,1446.3114803360093,0
2024-07-23 02:00:00,新工配電變電所,PRAPIROON,4,985.0,1409.2414534686388,0
2024-07-23 08:00:00,榮成變電所,PRAPIROON,3,990.0,1446.5969189698983,0
2024-07-23 08:00:00,西螺服務區,PRAPIROON,3,990.0,1354.3938157436553,0
2024-07-23 08:00:00,中部科學園區,PRAPIROON,3,990.0,1385.1799008204623,0
2024-07-23 08:00:00,興變電所,PRAPIROON,3,990.0,1383.7496743222805,0
2024-07-23 08:00:00,中正變電所,PRAPIROON,3,990.0,1488.6611582572325,0
2024-07-23 08:00:00,成都變電所,PRAPIROON,3,990.0,1461.7045901885108,0
2024-07-23 08:00:00,新豐配電變電所,PRAPIROON,3,990.0,1428.3627414681941,0
2024-07-23 08:00:00,內惟配電變電所,PRAPIROON,3,990.0,1323.406705084013,0
2024-07-23 08:00:00,永華二次變電所,PRAPIROON,3,990.0,1318.4582167317342,0
2024-07-23 08:00:00,關西二次變電所,PRAPIROON,3,990.0,1444.6275852674707,0
2024-07-23 08:00:00,源海二次變電所,PRAPIROON,3,990.0,1488.6635507549688,0
2024-07-23 08:00:00,四湖配電變電所,PRAPIROON,3,990.0,1327.5233092123322,0
2024-07-23 08:00:00,新高港超高壓變電所,PRAPIROON,3,990.0,1335.3294821053873,0
2024-07-23 08:00:00,九曲配電變電所,PRAPIROON,3,990.0,1317.0941140418734,0
2024-07-23 08:00:00,崙背變電所,PRAPIROON,3,990.0,1342.3129056977252,0
2024-07-23 08:00:00,常德變電所,PRAPIROON,3,990.0,1484.84885235496,0
2024-07-23 08:00:00,嶺口二次變電所,PRAPIROON,3,990.0,1331.5644609512328,0
2024-07-23 08:00:00,龍明配電變電所,PRAPIROON,3,990.0,1461.1982573871853,0
2024-07-23 08:00:00,新工配電變電所,PRAPIROON,3,990.0,1424.5551005154534,0
2024-07-23 14:00:00,榮成變電所,PRAPIROON,3,992.0,1433.2838439483692,0
2024-07-23 14:00:00,西螺服務區,PRAPIROON,3,992.0,1341.7947981037187,0
2024-07-23 14:00:00,中部科學園區,PRAPIROON,3,992.0,1372.3221265397367,0
2024-07-23 14:00:00,興變電所,PRAPIROON,3,992.0,1371.3889841734826,0
2024-07-23 14:00:00,中正變電所,PRAPIROON,3,992.0,1475.4085997116554,0
2024-07-23 14:00:00,成都變電所,PRAPIROON,3,992.0,1448.4447234951554,0
2024-07-23 14:00:00,新豐配電變電所,PRAPIROON,3,992.0,1415.1168521213806,0
2024-07-23 14:00:00,內惟配電變電所,PRAPIROON,3,992.0,1311.6533013575604,0
2024-07-23 14:00:00,永華二次變電所,PRAPIROON,3,992.0,1306.4406496804143,0
2024-07-23 14:00:00,關西二次變電所,PRAPIROON,3,992.0,1431.4683964825206,0
2024-07-23 14:00:00,源海二次變電所,PRAPIROON,3,992.0,1475.4109373592612,0
2024-07-23 14:00:00,四湖配電變電所,PRAPIROON,3,992.0,1315.0176389813143,0
2024-07-23 14:00:00,新高港超高壓變電所,PRAPIROON,3,992.0,1323.6590922769,0
2024-07-23 14:00:00,九曲配電變電所,PRAPIROON,3,992.0,1305.0764050588948,0
2024-07-23 14:00:00,崙背變電所,PRAPIROON,3,992.0,1329.732070378697,0
2024-07-23 14:00:00,常德變電所,PRAPIROON,3,992.0,1471.5765124116165,0
2024-07-23 14:00:00,嶺口二次變電所,PRAPIROON,3,992.0,1319.73984089188,0
2024-07-23 14:00:00,龍明配電變電所,PRAPIROON,3,992.0,1447.93816756167,0
2024-07-23 14:00:00,新工配電變電所,PRAPIROON,3,992.0,1411.3600905901462,0
2024-07-23 20:00:00,西螺服務區,PRAPIROON,2,994.0,1435.0073702563254,0
2024-07-23 20:00:00,中部科學園區,PRAPIROON,2,994.0,1465.187491995608,0
2024-07-23 20:00:00,興變電所,PRAPIROON,2,994.0,1464.8334589482824,0
2024-07-23 20:00:00,內惟配電變電所,PRAPIROON,2,994.0,1405.3837126924261,0
2024-07-23 20:00:00,永華二次變電所,PRAPIROON,2,994.0,1400.0973595880473,0
2024-07-23 20:00:00,四湖配電變電所,PRAPIROON,2,994.0,1408.3316772774765,0
2024-07-23 20:00:00,新高港超高壓變電所,PRAPIROON,2,994.0,1417.3982857384033,0
2024-07-23 20:00:00,九曲配電變電所,PRAPIROON,2,994.0,1398.7330762479369,0
2024-07-23 20:00:00,崙背變電所,PRAPIROON,2,994.0,1422.9657171260153,0
2024-07-23 20:00:00,嶺口二次變電所,PRAPIROON,2,994.0,1413.4572998005438,0
2024-07-24 02:00:00,西螺服務區,PRAPIROON,2,994.0,1465.2746253496916,0
2024-07-24 02:00:00,中部科學園區,PRAPIROON,2,994.0,1495.2396513124386,0
2024-07-24 02:00:00,興變電所,PRAPIROON,2,994.0,1495.265580884737,0
2024-07-24 02:00:00,內惟配電變電所,PRAPIROON,2,994.0,1436.133615519532,0
2024-07-24 02:00:00,永華二次變電所,PRAPIROON,2,994.0,1430.7276918570883,0
2024-07-24 02:00:00,四湖配電變電所,PRAPIROON,2,994.0,1438.6687055632578,0
2024-07-24 02:00:00,新高港超高壓變電所,PRAPIROON,2,994.0,1448.1806236208315,0
2024-07-24 02:00:00,九曲配電變電所,PRAPIROON,2,994.0,1429.3633779493466,0
2024-07-24 02:00:00,崙背變電所,PRAPIROON,2,994.0,1453.2473329772176,0
2024-07-24 02:00:00,嶺口二次變電所,PRAPIROON,2,994.0,1444.1771866424506,0
2024-07-24 08:00:00,西螺服務區,PRAPIROON,2,994.0,1452.7666858111215,0
2024-07-24 08:00:00,中部科學園區,PRAPIROON,2,994.0,1482.484445591662,0
2024-07-24 08:00:00,興變電所,PRAPIROON,2,994.0,1482.9782458063225,0
2024-07-24 08:00:00,內惟配電變電所,PRAPIROON,2,994.0,1424.417195612422,0
2024-07-24 08:00:00,永華二次變電所,PRAPIROON,2,994.0,1418.766546698171,0
2024-07-24 08:00:00,四湖配電變電所,PRAPIROON,2,994.0,1426.2512574247955,0
2024-07-24 08:00:00,新高港超高壓變電所,PRAPIROON,2,994.0,1436.5402345317111,0
2024-07-24 08:00:00,九曲配電變電所,PRAPIROON,2,994.0,1417.4022221525956,0
2024-07-24 08:00:00,崙背變電所,PRAPIROON,2,994.0,1440.7577817399267,0
2024-07-24 08:00:00,嶺口二次變電所,PRAPIROON,2,994.0,1432.394108715979,0
2024-07-24 14:00:00,西螺服務區,PRAPIROON,2,994.0,1440.3219246032406,0
2024-07-24 14:00:00,中部科學園區,PRAPIROON,2,994.0,1469.7869060787573,0
2024-07-24 14:00:00,興變電所,PRAPIROON,2,994.0,1470.7568919706205,0
2024-07-24 14:00:00,內惟配電變電所,PRAPIROON,2,994.0,1412.7791023889993,0
2024-07-24 14:00:00,永華二次變電所,PRAPIROON,2,994.0,1406.8797380859903,0
2024-07-24 14:00:00,四湖配電變電所,PRAPIROON,2,994.0,1413.8996355389374,0
2024-07-24 14:00:00,新高港超高壓變電所,PRAPIROON,2,994.0,1424.9788870299742,0
2024-07-24 14:00:00,九曲配電變電所,PRAPIROON,2,994.0,1405.5154641890576,0
2024-07-24 14:00:00,崙背變電所,PRAPIROON,2,994.0,1428.3321858778268,0
2024-07-24 14:00:00,嶺口二次變電所,PRAPIROON,2,994.0,1420.6878403315293,0
2024-07-24 20:00:00,西螺服務區,PRAPIROON,2,994.0,1440.3219246032406,0
2024-07-24 20:00:00,中部科學園區,PRAPIROON,2,994.0,1469.7869060787573,0
2024-07-24 20:00:00,興變電所,PRAPIROON,2,994.0,1470.7568919706205,0
2024-07-24 20:00:00,內惟配電變電所,PRAPIROON,2,994.0,1412.7791023889993,0
2024-07-24 20:00:00,永華二次變電所,PRAPIROON,2,994.0,1406.8797380859903,0
2024-07-24 20:00:00,四湖配電變電所,PRAPIROON,2,994.0,1413.8996355389374,0
2024-07-24 20:00:00,新高港超高壓變電所,PRAPIROON,2,994.0,1424.9788870299742,0
2024-07-24 20:00:00,九曲配電變電所,PRAPIROON,2,994.0,1405.5154641890576,0
2024-07-24 20:00:00,崙背變電所,PRAPIROON,2,994.0,1428.3321858778268,0
2024-07-24 20:00:00,嶺口二次變電所,PRAPIROON,2,994.0,1420.6878403315293,0
2024-07-25 02:00:00,榮成變電所,PRAPIROON,2,994.0,1482.77654157717,0
2024-07-25 02:00:00,西螺服務區,PRAPIROON,2,994.0,1384.3735040943743,0
2024-07-25 02:00:00,中部科學園區,PRAPIROON,2,994.0,1417.3303327624426,0
2024-07-25 02:00:00,興變電所,PRAPIROON,2,994.0,1411.7023116007488,0
2024-07-25 02:00:00,成都變電所,PRAPIROON,2,994.0,1497.3682109066979,0
2024-07-25 02:00:00,新豐配電變電所,PRAPIROON,2,994.0,1463.9396463459648,0
2024-07-25 02:00:00,內惟配電變電所,PRAPIROON,2,994.0,1346.641640257623,0
2024-07-25 02:00:00,永華二次變電所,PRAPIROON,2,994.0,1343.7608374623571,0
2024-07-25 02:00:00,關西二次變電所,PRAPIROON,2,994.0,1479.385234667515,0
2024-07-25 02:00:00,四湖配電變電所,PRAPIROON,2,994.0,1356.7649851684207,0
2024-07-25 02:00:00,新高港超高壓變電所,PRAPIROON,2,994.0,1357.9063516385334,0
2024-07-25 02:00:00,九曲配電變電所,PRAPIROON,2,994.0,1342.4002892860872,0
2024-07-25 02:00:00,崙背變電所,PRAPIROON,2,994.0,1372.1590226296116,0
2024-07-25 02:00:00,嶺口二次變電所,PRAPIROON,2,994.0,1355.3347693352537,0
2024-07-25 02:00:00,龍明配電變電所,PRAPIROON,2,994.0,1496.8645910213809,0
2024-07-25 02:00:00,新工配電變電所,PRAPIROON,2,994.0,1459.6675656596365,0
2024-08-11 20:00:00,榮成變電所,AMPIL,2,1002.0,1453.1262542879663,0
2024-08-11 20:00:00,西螺服務區,AMPIL,2,1002.0,1497.6551044839262,0
2024-08-11 20:00:00,中部科學園區,AMPIL,2,1002.0,1479.8867176473236,0
2024-08-11 20:00:00,興變電所,AMPIL,2,1002.0,1460.5996188944619,0
2024-08-11 20:00:00,中正變電所,AMPIL,2,1002.0,1409.9289083426388,0
2024-08-11 20:00:00,成都變電所,AMPIL,2,1002.0,1435.0368404564404,0
2024-08-11 20:00:00,新豐配電變電所,AMPIL,2,1002.0,1464.3727624167323,0
2024-08-11 20:00:00,關西二次變電所,AMPIL,2,1002.0,1442.9239838324897,0
2024-08-11 20:00:00,源海二次變電所,AMPIL,2,1002.0,1409.931316543809,0
2024-08-11 20:00:00,新高港超高壓變電所,AMPIL,2,1002.0,1495.232299584995,0
2024-08-11 20:00:00,常德變電所,AMPIL,2,1002.0,1415.047509416929,0
2024-08-11 20:00:00,龍明配電變電所,AMPIL,2,1002.0,1435.5158739198782,0
2024-08-11 20:00:00,新工配電變電所,AMPIL,2,1002.0,1464.047740319053,0
2024-08-12 02:00:00,榮成變電所,AMPIL,2,1000.0,1492.9405974129868,0
2024-08-12 02:00:00,中正變電所,AMPIL,2,1000.0,1449.5410853121366,0
2024-08-12 02:00:00,成都變電所,AMPIL,2,1000.0,1474.9606461654416,0
2024-08-12 02:00:00,關西二次變電所,AMPIL,2,1000.0,1483.6285351103022,0
2024-08-12 02:00:00,源海二次變電所,AMPIL,2,1000.0,1449.5431325339794,0
2024-08-12 02:00:00,常德變電所,AMPIL,2,1000.0,1454.5923923541077,0
2024-08-12 02:00:00,龍明配電變電所,AMPIL,2,1000.0,1475.4449328069838,0
2024-08-12 08:00:00,中正變電所,AMPIL,2,1000.0,1477.6277867012916,0
2024-08-12 08:00:00,源海二次變電所,AMPIL,2,1000.0,1477.629427902951,0
2024-08-12 08:00:00,常德變電所,AMPIL,2,1000.0,1482.5973642620895,0
2024-08-12 14:00:00,中正變電所,AMPIL,2,998.0,1499.766332915568,0
2024-08-12 14:00:00,源海二次變電所,AMPIL,2,998.0,1499.7676779770445,0
2024-08-18 08:00:00,榮成變電所,JONGDARI,2,1004.0,599.9178141084276,0
2024-08-18 08:00:00,西螺服務區,JONGDARI,2,1004.0,645.9086514093057,0
2024-08-18 08:00:00,中部科學園區,JONGDARI,2,1004.0,625.4095643858683,0
2024-08-18 08:00:00,興變電所,JONGDARI,2,1004.0,611.7900753614497,0
2024-08-18 08:00:00,中正變電所,JONGDARI,2,1004.0,557.2827649274042,0
2024-08-18 08:00:00,成都變電所,JONGDARI,2,1004.0,581.6732257421554,0
2024-08-18 08:00:00,新豐配電變電所,JONGDARI,2,1004.0,610.1572632915282,0
2024-08-18 08:00:00,內惟配電變電所,JONGDARI,2,1004.0,672.6658956337249,0
2024-08-18 08:00:00,永華二次變電所,JONGDARI,2,1004.0,675.2696321903715,0
2024-08-18 08:00:00,關西二次變電所,JONGDARI,2,1004.0,588.3953994465103,0
2024-08-18 08:00:00,源海二次變電所,JONGDARI,2,1004.0,557.2859639879546,0
2024-08-18 08:00:00,四湖配電變電所,JONGDARI,2,1004.0,670.2337512915909,0
2024-08-18 08:00:00,新高港超高壓變電所,JONGDARI,2,1004.0,662.1648646187421,0
2024-08-18 08:00:00,九曲配電變電所,JONGDARI,2,1004.0,676.632795865679,0
2024-08-18 08:00:00,崙背變電所,JONGDARI,2,1004.0,657.3407115465285,0
2024-08-18 08:00:00,常德變電所,JONGDARI,2,1004.0,562.531792835622,0
2024-08-18 08:00:00,嶺口二次變電所,JONGDARI,2,1004.0,663.6258019705042,0
2024-08-18 08:00:00,龍明配電變電所,JONGDARI,2,1004.0,582.1412059763452,0
2024-08-18 08:00:00,新工配電變電所,JONGDARI,2,1004.0,609.4544318652454,0
2024-08-18 14:00:00,榮成變電所,JONGDARI,2,1000.0,561.0562923849004,0
2024-08-18 14:00:00,西螺服務區,JONGDARI,2,1000.0,613.7983524516333,0
2024-08-18 14:00:00,中部科學園區,JONGDARI,2,1000.0,590.9450692178743,0
2024-08-18 14:00:00,興變電所,JONGDARI,2,1000.0,581.4972123166887,0
2024-08-18 14:00:00,中正變電所,JONGDARI,2,1000.0,518.0557236767573,0
2024-08-18 14:00:00,成都變電所,JONGDARI,2,1000.0,542.9084355965144,0
2024-08-18 14:00:00,新豐配電變電所,JONGDARI,2,1000.0,572.0952556510781,0
2024-08-18 14:00:00,內惟配電變電所,JONGDARI,2,1000.0,647.2430405287795,0
2024-08-18 14:00:00,永華二次變電所,JONGDARI,2,1000.0,647.7982062929844,0
2024-08-18 14:00:00,關西二次變電所,JONGDARI,2,1000.0,550.6860979131973,0
2024-08-18 14:00:00,源海二次變電所,JONGDARI,2,1000.0,518.0584728949244,0
2024-08-18 14:00:00,四湖配電變電所,JONGDARI,2,1000.0,639.0180315483221,0
2024-08-18 14:00:00,新高港超高壓變電所,JONGDARI,2,1000.0,637.4886556860145,0
2024-08-18 14:00:00,九曲配電變電所,JONGDARI,2,1000.0,649.156291249446,0
2024-08-18 14:00:00,崙背變電所,JONGDARI,2,1000.0,625.4585058827025,0
2024-08-18 14:00:00,常德變電所,JONGDARI,2,1000.0,523.2350424700562,0
2024-08-18 14:00:00,嶺口二次變電所,JONGDARI,2,1000.0,637.7098255404914,0
2024-08-18 14:00:00,龍明配電變電所,JONGDARI,2,1000.0,543.3842537249374,0
2024-08-18 14:00:00,新工配電變電所,JONGDARI,2,1000.0,571.8250895517093,0
2024-08-18 20:00:00,榮成變電所,JONGDARI,3,998.0,543.1561730783234,0
2024-08-18 20:00:00,西螺服務區,JONGDARI,3,998.0,603.8561134484605,0
2024-08-18 20:00:00,中部科學園區,JONGDARI,3,998.0,578.4365589716274,0
2024-08-18 20:00:00,興變電所,JONGDARI,3,998.0,573.5899026782403,0
2024-08-18 20:00:00,中正變電所,JONGDARI,3,998.0,499.77108827259275,0
2024-08-18 20:00:00,成都變電所,JONGDARI,3,998.0,525.187698581742,0
2024-08-18 20:00:00,新豐配電變電所,JONGDARI,3,998.0,555.231965844232,0
2024-08-18 20:00:00,內惟配電變電所,JONGDARI,3,998.0,643.9635565782081,0
2024-08-18 20:00:00,永華二次變電所,JONGDARI,3,998.0,642.5394539101543,0
2024-08-18 20:00:00,關西二次變電所,JONGDARI,3,998.0,534.3399315196336,0
2024-08-18 20:00:00,源海二次變電所,JONGDARI,3,998.0,499.77320365041805,0
2024-08-18 20:00:00,四湖配電變電所,JONGDARI,3,998.0,629.9640031270054,0
2024-08-18 20:00:00,新高港超高壓變電所,JONGDARI,3,998.0,634.9424922853484,0
2024-08-18 20:00:00,九曲配電變電所,JONGDARI,3,998.0,643.8886297576704,0
2024-08-18 20:00:00,崙背變電所,JONGDARI,3,998.0,615.729550238947,0
2024-08-18 20:00:00,常德變電所,JONGDARI,3,998.0,504.83830926940743,0
2024-08-18 20:00:00,嶺口二次變電所,JONGDARI,3,998.0,633.9894324825048,0
2024-08-18 20:00:00,龍明配電變電所,JONGDARI,3,998.0,525.6728246835683,0
2024-08-18 20:00:00,新工配電變電所,JONGDARI,3,998.0,555.5235861477828,0
2024-08-19 02:00:00,榮成變電所,JONGDARI,3,998.0,513.9319956495722,0
2024-08-19 02:00:00,西螺服務區,JONGDARI,3,998.0,588.2510982956567,0
2024-08-19 02:00:00,中部科學園區,JONGDARI,3,998.0,558.526194311126,0
2024-08-19 02:00:00,興變電所,JONGDARI,3,998.0,561.757976399415,0
2024-08-19 02:00:00,中正變電所,JONGDARI,3,998.0,470.201733930366,0
2024-08-19 02:00:00,成都變電所,JONGDARI,3,998.0,496.4239909485023,0
2024-08-19 02:00:00,新豐配電變電所,JONGDARI,3,998.0,527.775317572074,0
2024-08-19 02:00:00,內惟配電變電所,JONGDARI,3,998.0,639.5722812524939,0
2024-08-19 02:00:00,永華二次變電所,JONGDARI,3,998.0,634.766826409741,0
2024-08-19 02:00:00,關西二次變電所,JONGDARI,3,998.0,507.9683697598545,0
2024-08-19 02:00:00,源海二次變電所,JONGDARI,3,998.0,470.20268372419935,0
2024-08-19 02:00:00,四湖配電變電所,JONGDARI,3,998.0,615.7219656763839,0
2024-08-19 02:00:00,新高港超高壓變電所,JONGDARI,3,998.0,631.8645806617734,0
2024-08-19 02:00:00,九曲配電變電所,JONGDARI,3,998.0,636.0916874997904,0
2024-08-19 02:00:00,崙背變電所,JONGDARI,3,998.0,600.4116919282537,0
2024-08-19 02:00:00,常德變電所,JONGDARI,3,998.0,475.0226525706009,0
2024-08-19 02:00:00,嶺口二次變電所,JONGDARI,3,998.0,628.9123433596309,0
2024-08-19 02:00:00,龍明配電變電所,JONGDARI,3,998.0,496.9219859125162,0
2024-08-19 02:00:00,新工配電變電所,JONGDARI,3,998.0,529.067500455823,0
2024-08-19 08:00:00,榮成變電所,JONGDARI,3,998.0,510.4483081447597,0
2024-08-19 08:00:00,西螺服務區,JONGDARI,3,998.0,600.6342367423975,0
2024-08-19 08:00:00,中部科學園區,JONGDARI,3,998.0,566.2056281080714,0
2024-08-19 08:00:00,興變電所,JONGDARI,3,998.0,578.7149481896885,0
2024-08-19 08:00:00,中正變電所,JONGDARI,3,998.0,466.9632775861656,0
2024-08-19 08:00:00,成都變電所,JONGDARI,3,998.0,493.82214244473147,0
2024-08-19 08:00:00,新豐配電變電所,JONGDARI,3,998.0,526.4239351957419,0
2024-08-19 08:00:00,內惟配電變電所,JONGDARI,3,998.0,663.68893652108,0
2024-08-19 08:00:00,永華二次變電所,JONGDARI,3,998.0,655.3617769313929,0
2024-08-19 08:00:00,關西二次變電所,JONGDARI,3,998.0,508.31710069283304,0
2024-08-19 08:00:00,源海二次變電所,JONGDARI,3,998.0,466.96264478258695,0
2024-08-19 08:00:00,四湖配電變電所,JONGDARI,3,998.0,629.3658986804542,0
2024-08-19 08:00:00,新高港超高壓變電所,JONGDARI,3,998.0,657.4057259423499,0
2024-08-19 08:00:00,九曲配電變電所,JONGDARI,3,998.0,656.6481757574581,0
2024-08-19 08:00:00,崙背變電所,JONGDARI,3,998.0,612.9892394747952,0
2024-08-19 08:00:00,常德變電所,JONGDARI,3,998.0,471.3686446693325,0
2024-08-19 08:00:00,嶺口二次變電所,JONGDARI,3,998.0,652.4125403001541,0
2024-08-19 08:00:00,龍明配電變電所,JONGDARI,3,998.0,494.32931180813966,0
2024-08-19 08:00:00,新工配電變電所,JONGDARI,3,998.0,528.9966584456448,0
2024-08-19 14:00:00,榮成變電所,JONGDARI,3,996.0,507.08471264586706,0
2024-08-19 14:00:00,西螺服務區,JONGDARI,3,996.0,622.8597438883966,0
2024-08-19 14:00:00,中部科學園區,JONGDARI,3,996.0,581.0770674999759,0
2024-08-19 14:00:00,興變電所,JONGDARI,3,996.0,609.8166188562117,0
2024-08-19 14:00:00,中正變電所,JONGDARI,3,996.0,466.21427657274023,0
2024-08-19 14:00:00,成都變電所,JONGDARI,3,996.0,492.8784616123061,0
2024-08-19 14:00:00,新豐配電變電所,JONGDARI,3,996.0,526.3154643227242,0
2024-08-19 14:00:00,內惟配電變電所,JONGDARI,3,996.0,705.2385454388609,0
2024-08-19 14:00:00,永華二次變電所,JONGDARI,3,996.0,690.8167597894559,0
2024-08-19 14:00:00,關西二次變電所,JONGDARI,3,996.0,512.1434500312712,0
2024-08-19 14:00:00,源海二次變電所,JONGDARI,3,996.0,466.2107408135212,0
2024-08-19 14:00:00,四湖配電變電所,JONGDARI,3,996.0,653.0180362003396,0
2024-08-19 14:00:00,新高港超高壓變電所,JONGDARI,3,996.0,701.6353918267482,0
2024-08-19 14:00:00,九曲配電變電所,JONGDARI,3,996.0,692.0030843405957,0
2024-08-19 14:00:00,崙背變電所,JONGDARI,3,996.0,635.1907285862471,0
2024-08-19 14:00:00,常德變電所,JONGDARI,3,996.0,469.6112353439836,0
2024-08-19 14:00:00,嶺口二次變電所,JONGDARI,3,996.0,693.125359709094,0
2024-08-19 14:00:00,龍明配電變電所,JONGDARI,3,996.0,493.3780941082198,0
2024-08-19 14:00:00,新工配電變電所,JONGDARI,3,996.0,531.1457256144573,0
2024-08-19 20:00:00,榮成變電所,JONGDARI,3,996.0,553.0113461886792,0
2024-08-19 20:00:00,西螺服務區,JONGDARI,3,996.0,689.0738992291533,0
2024-08-19 20:00:00,中部科學園區,JONGDARI,3,996.0,641.7510877472077,0
2024-08-19 20:00:00,興變電所,JONGDARI,3,996.0,685.1252075672445,0
2024-08-19 20:00:00,中正變電所,JONGDARI,3,996.0,517.7460521523656,0
2024-08-19 20:00:00,成都變電所,JONGDARI,3,996.0,542.3079300615296,0
2024-08-19 20:00:00,新豐配電變電所,JONGDARI,3,996.0,574.4839539353608,0
2024-08-19 20:00:00,內惟配電變電所,JONGDARI,3,996.0,787.3744229132745,0
2024-08-19 20:00:00,永華二次變電所,JONGDARI,3,996.0,767.5781781518466,0
2024-08-19 20:00:00,關西二次變電所,JONGDARI,3,996.0,565.2820912337313,0
2024-08-19 20:00:00,源海二次變電所,JONGDARI,3,996.0,517.7397701114344,0
2024-08-19 20:00:00,四湖配電變電所,JONGDARI,3,996.0,719.5175090782426,0
2024-08-19 20:00:00,新高港超高壓變電所,JONGDARI,3,996.0,786.3697340189885,0
2024-08-19 20:00:00,九曲配電變電所,JONGDARI,3,996.0,768.6340499768785,0
2024-08-19 20:00:00,崙背變電所,JONGDARI,3,996.0,700.9072964810684,0
2024-08-19 20:00:00,常德變電所,JONGDARI,3,996.0,519.8411165938038,0
2024-08-19 20:00:00,嶺口二次變電所,JONGDARI,3,996.0,774.8042369544031,0
2024-08-19 20:00:00,龍明配電變電所,JONGDARI,3,996.0,542.7657636121738,0
2024-08-19 20:00:00,新工配電變電所,JONGDARI,3,996.0,581.3976562658873,0
2024-08-20 02:00:00,榮成變電所,JONGDARI,3,996.0,654.5476561838426,0
2024-08-20 02:00:00,西螺服務區,JONGDARI,3,996.0,805.0078410875707,0
2024-08-20 02:00:00,中部科學園區,JONGDARI,3,996.0,753.8604214391171,0
2024-08-20 02:00:00,興變電所,JONGDARI,3,996.0,811.4057443865371,0
2024-08-20 02:00:00,中正變電所,JONGDARI,3,996.0,628.3483888540438,0
2024-08-20 02:00:00,成都變電所,JONGDARI,3,996.0,648.5893564666882,0
2024-08-20 02:00:00,新豐配電變電所,JONGDARI,3,996.0,676.8793218176545,0
2024-08-20 02:00:00,內惟配電變電所,JONGDARI,3,996.0,917.5563766677619,0
2024-08-20 02:00:00,永華二次變電所,JONGDARI,3,996.0,892.2980505314825,0
2024-08-20 02:00:00,關西二次變電所,JONGDARI,3,996.0,673.8858247903961,0
2024-08-20 02:00:00,源海二次變電所,JONGDARI,3,996.0,628.3396867557005,0
2024-08-20 02:00:00,四湖配電變電所,JONGDARI,3,996.0,834.402734682606,0
2024-08-20 02:00:00,新高港超高壓變電所,JONGDARI,3,996.0,919.5298129171812,0
2024-08-20 02:00:00,九曲配電變電所,JONGDARI,3,996.0,893.1683292723731,0
2024-08-20 02:00:00,崙背變電所,JONGDARI,3,996.0,815.7294455890025,0
2024-08-20 02:00:00,常德變電所,JONGDARI,3,996.0,628.8599097823442,0
2024-08-20 02:00:00,嶺口二次變電所,JONGDARI,3,996.0,904.8680732114038,0
2024-08-20 02:00:00,龍明配電變電所,JONGDARI,3,996.0,648.9643791303008,0
2024-08-20 02:00:00,新工配電變電所,JONGDARI,3,996.0,685.628564761846,0
2024-08-20 08:00:00,榮成變電所,JONGDARI,3,998.0,804.1097003176659,0
2024-08-20 08:00:00,西螺服務區,JONGDARI,3,998.0,957.98137165199,0
2024-08-20 08:00:00,中部科學園區,JONGDARI,3,998.0,905.982570561841,0
2024-08-20 08:00:00,興變電所,JONGDARI,3,998.0,969.0907004535089,0
2024-08-20 08:00:00,中正變電所,JONGDARI,3,998.0,782.7746237255922,0
2024-08-20 08:00:00,成都變電所,JONGDARI,3,998.0,800.519145059342,0
2024-08-20 08:00:00,新豐配電變電所,JONGDARI,3,998.0,826.2164958374332,0
2024-08-20 08:00:00,內惟配電變電所,JONGDARI,3,998.0,1075.655654308143,0
2024-08-20 08:00:00,永華二次變電所,JONGDARI,3,998.0,1048.1369349685358,0
2024-08-20 08:00:00,關西二次變電所,JONGDARI,3,998.0,826.2027262920501,0
2024-08-20 08:00:00,源海二次變電所,JONGDARI,3,998.0,782.7651018979468,0
2024-08-20 08:00:00,四湖配電變電所,JONGDARI,3,998.0,986.3664455874787,0
2024-08-20 08:00:00,新高港超高壓變電所,JONGDARI,3,998.0,1078.9811483969734,0
2024-08-20 08:00:00,九曲配電變電所,JONGDARI,3,998.0,1048.907697618088,0
2024-08-20 08:00:00,崙背變電所,JONGDARI,3,998.0,967.9815804684731,0
2024-08-20 08:00:00,常德變電所,JONGDARI,3,998.0,782.5743039644747,0
2024-08-20 08:00:00,嶺口二次變電所,JONGDARI,3,998.0,1063.058375017772,0
2024-08-20 08:00:00,龍明配電變電所,JONGDARI,3,998.0,800.8458957199241,0
2024-08-20 08:00:00,新工配電變電所,JONGDARI,3,998.0,835.6018512199593,0
2024-08-20 14:00:00,榮成變電所,JONGDARI,3,998.0,936.0972630960923,0
2024-08-20 14:00:00,西螺服務區,JONGDARI,3,998.0,1091.1588626385617,0
2024-08-20 14:00:00,中部科學園區,JONGDARI,3,998.0,1038.9581796465122,0
2024-08-20 14:00:00,興變電所,JONGDARI,3,998.0,1107.6306750895142,0
2024-08-20 14:00:00,中正變電所,JONGDARI,3,998.0,920.413570734,0
2024-08-20 14:00:00,成都變電所,JONGDARI,3,998.0,935.1156241661587,0
2024-08-20 14:00:00,新豐配電變電所,JONGDARI,3,998.0,957.5243869917905,0
2024-08-20 14:00:00,內惟配電變電所,JONGDARI,3,998.0,1213.5387831476037,0
2024-08-20 14:00:00,永華二次變電所,JONGDARI,3,998.0,1183.5603053679902,0
2024-08-20 14:00:00,關西二次變電所,JONGDARI,3,998.0,960.7370628635107,0
2024-08-20 14:00:00,源海二次變電所,JONGDARI,3,998.0,920.4033380765849,0
2024-08-20 14:00:00,四湖配電變電所,JONGDARI,3,998.0,1117.997230882137,0
2024-08-20 14:00:00,新高港超高壓變電所,JONGDARI,3,998.0,1218.508819670452,0
2024-08-20 14:00:00,九曲配電變電所,JONGDARI,3,998.0,1184.203245739298,0
2024-08-20 14:00:00,崙背變電所,JONGDARI,3,998.0,1100.194140384961,0
2024-08-20 14:00:00,常德變電所,JONGDARI,3,998.0,919.445101332292,0
2024-08-20 14:00:00,嶺口二次變電所,JONGDARI,3,998.0,1201.178895528158,0
2024-08-20 14:00:00,龍明配電變電所,JONGDARI,3,998.0,935.3839993764309,0
2024-08-20 14:00:00,新工配電變電所,JONGDARI,3,998.0,967.4156942449291,0
2024-08-20 20:00:00,榮成變電所,JONGDARI,3,1002.0,1100.1263701240316,0
2024-08-20 20:00:00,西螺服務區,JONGDARI,3,1002.0,1255.132775941449,0
2024-08-20 20:00:00,中部科學園區,JONGDARI,3,1002.0,1202.9718942458421,0
2024-08-20 20:00:00,興變電所,JONGDARI,3,1002.0,1272.295929515325,0
2024-08-20 20:00:00,中正變電所,JONGDARI,3,1002.0,1085.1602605682906,0
2024-08-20 20:00:00,成都變電所,JONGDARI,3,1002.0,1099.4974272003967,0
2024-08-20 20:00:00,新豐配電變電所,JONGDARI,3,1002.0,1121.416597484122,0
2024-08-20 20:00:00,內惟配電變電所,JONGDARI,3,1002.0,1378.042069932745,0
2024-08-20 20:00:00,永華二次變電所,JONGDARI,3,1002.0,1347.7601400750004,0
2024-08-20 20:00:00,關西二次變電所,JONGDARI,3,1002.0,1125.0750776166904,0
2024-08-20 20:00:00,源海二次變電所,JONGDARI,3,1002.0,1085.1499668636307,0
2024-08-20 20:00:00,四湖配電變電所,JONGDARI,3,1002.0,1281.6917222491402,0
2024-08-20 20:00:00,新高港超高壓變電所,JONGDARI,3,1002.0,1383.204068432835,0
2024-08-20 20:00:00,九曲配電變電所,JONGDARI,3,1002.0,1348.384198029074,0
2024-08-20 20:00:00,崙背變電所,JONGDARI,3,1002.0,1264.0067670722444,0
2024-08-20 20:00:00,常德變電所,JONGDARI,3,1002.0,1084.1125286653348,0
2024-08-20 20:00:00,嶺口二次變電所,JONGDARI,3,1002.0,1365.7210856607685,0
2024-08-20 20:00:00,龍明配電變電所,JONGDARI,3,1002.0,1099.758076983838,0
2024-08-20 20:00:00,新工配電變電所,JONGDARI,3,1002.0,1131.3665844392274,0
2024-08-21 02:00:00,榮成變電所,JONGDARI,3,1004.0,1346.4626211847751,0
2024-08-21 02:00:00,西螺服務區,JONGDARI,3,1004.0,1499.6837580643955,0
2024-08-21 02:00:00,中部科學園區,JONGDARI,3,1004.0,1448.230646944884,0
2024-08-21 02:00:00,中正變電所,JONGDARI,3,1004.0,1336.9570970795314,0
2024-08-21 02:00:00,成都變電所,JONGDARI,3,1004.0,1348.243708782462,0
2024-08-21 02:00:00,新豐配電變電所,JONGDARI,3,1004.0,1366.674490515842,0
2024-08-21 02:00:00,關西二次變電所,JONGDARI,3,1004.0,1373.2625674702385,0
2024-08-21 02:00:00,源海二次變電所,JONGDARI,3,1004.0,1336.946353252931,0
2024-08-21 02:00:00,常德變電所,JONGDARI,3,1004.0,1335.2333644675252,0
2024-08-21 02:00:00,龍明配電變電所,JONGDARI,3,1004.0,1348.4456291694892,0
2024-08-21 02:00:00,新工配電變電所,JONGDARI,3,1004.0,1376.8916383408648,0
2024-08-21 08:00:00,榮成變電所,JONGDARI,2,1006.0,1482.4157112469436,0
2024-08-21 08:00:00,中正變電所,JONGDARI,2,1006.0,1472.295524320607,0
2024-08-21 08:00:00,成都變電所,JONGDARI,2,1006.0,1483.949780150555,0
2024-08-21 08:00:00,源海二次變電所,JONGDARI,2,1006.0,1472.2848275817446,0
2024-08-21 08:00:00,常德變電所,JONGDARI,2,1006.0,1470.6540443233473,0
2024-08-21 08:00:00,龍明配電變電所,JONGDARI,2,1006.0,1484.1582668518624,0
2024-08-25 20:00:00,中正變電所,SHANSHAN,5,980.0,1482.6432116182195,0
2024-08-25 20:00:00,源海二次變電所,SHANSHAN,5,980.0,1482.6415439921007,0
2024-08-25 20:00:00,常德變電所,SHANSHAN,5,980.0,1486.7169050159735,0
2024-08-26 02:00:00,榮成變電所,SHANSHAN,5,980.0,1399.6346921583117,0
2024-08-26 02:00:00,西螺服務區,SHANSHAN,5,980.0,1497.7084348310168,0
2024-08-26 02:00:00,中部科學園區,SHANSHAN,5,980.0,1462.6869136668636,0
2024-08-26 02:00:00,興變電所,SHANSHAN,5,980.0,1474.6691419444164,0
2024-08-26 02:00:00,中正變電所,SHANSHAN,5,980.0,1357.242535413328,0
2024-08-26 02:00:00,成都變電所,SHANSHAN,5,980.0,1384.2254011107082,0
2024-08-26 02:00:00,新豐配電變電所,SHANSHAN,5,980.0,1417.5069392321652,0
2024-08-26 02:00:00,關西二次變電所,SHANSHAN,5,980.0,1401.1252000108989,0
2024-08-26 02:00:00,源海二次變電所,SHANSHAN,5,980.0,1357.2403701139328,0
2024-08-26 02:00:00,常德變電所,SHANSHAN,5,980.0,1361.1464177980529,0
2024-08-26 02:00:00,龍明配電變電所,SHANSHAN,5,980.0,1384.7326151057161,0
2024-08-26 02:00:00,新工配電變電所,SHANSHAN,5,980.0,1421.2011066143168,0
2024-08-26 08:00:00,榮成變電所,SHANSHAN,5,980.0,1286.3777767845495,0
2024-08-26 08:00:00,西螺服務區,SHANSHAN,5,980.0,1389.7552098267547,0
2024-08-26 08:00:00,中部科學園區,SHANSHAN,5,980.0,1352.9802216702767,0
2024-08-26 08:00:00,興變電所,SHANSHAN,5,980.0,1368.742971557308,0
2024-08-26 08:00:00,中正變電所,SHANSHAN,5,980.0,1244.503062003185,0
2024-08-26 08:00:00,成都變電所,SHANSHAN,5,980.0,1271.4179080209592,0
2024-08-26 08:00:00,新豐配電變電所,SHANSHAN,5,980.0,1304.8112319267898,0
2024-08-26 08:00:00,內惟配電變電所,SHANSHAN,5,980.0,1451.8036053813612,0
2024-08-26 08:00:00,永華二次變電所,SHANSHAN,5,980.0,1444.9709828781167,0
2024-08-26 08:00:00,關西二次變電所,SHANSHAN,5,980.0,1289.1638392451955,0
2024-08-26 08:00:00,源海二次變電所,SHANSHAN,5,980.0,1244.500406098601,0
2024-08-26 08:00:00,四湖配電變電所,SHANSHAN,5,980.0,1418.8383364095007,0
2024-08-26 08:00:00,新高港超高壓變電所,SHANSHAN,5,980.0,1444.58122681316,0
2024-08-26 08:00:00,九曲配電變電所,SHANSHAN,5,980.0,1446.268905696489,0
2024-08-26 08:00:00,崙背變電所,SHANSHAN,5,980.0,1402.1450507262807,0
2024-08-26 08:00:00,常德變電所,SHANSHAN,5,980.0,1248.2301700643168,0
2024-08-26 08:00:00,嶺口二次變電所,SHANSHAN,5,980.0,1440.8588596328,0
2024-08-26 08:00:00,龍明配電變電所,SHANSHAN,5,980.0,1271.9231540253177,0
2024-08-26 08:00:00,新工配電變電所,SHANSHAN,5,980.0,1308.920566097954,0
2024-08-26 14:00:00,榮成變電所,SHANSHAN,5,980.0,1194.1808135927713,0
2024-08-26 14:00:00,西螺服務區,SHANSHAN,5,980.0,1302.2178818005473,0
2024-08-26 14:00:00,中部科學園區,SHANSHAN,5,980.0,1263.9156928400566,0
2024-08-26 14:00:00,興變電所,SHANSHAN,5,980.0,1283.0905555020943,0
2024-08-26 14:00:00,中正變電所,SHANSHAN,5,980.0,1152.8544010587837,0
2024-08-26 14:00:00,成都變電所,SHANSHAN,5,980.0,1179.6589836129785,0
2024-08-26 14:00:00,新豐配電變電所,SHANSHAN,5,980.0,1213.098697455263,0
2024-08-26 14:00:00,內惟配電變電所,SHANSHAN,5,980.0,1369.0897630086858,0
2024-08-26 14:00:00,永華二次變電所,SHANSHAN,5,980.0,1360.6449431546753,0
2024-08-26 14:00:00,關西二次變電所,SHANSHAN,5,980.0,1198.1514586440176,0
2024-08-26 14:00:00,源海二次變電所,SHANSHAN,5,980.0,1152.8512971049386,0
2024-08-26 14:00:00,四湖配電變電所,SHANSHAN,5,980.0,1331.6593396040998,0
2024-08-26 14:00:00,新高港超高壓變電所,SHANSHAN,5,980.0,1362.551505498073,0
2024-08-26 14:00:00,九曲配電變電所,SHANSHAN,5,980.0,1361.923097029913,0
2024-08-26 14:00:00,崙背變電所,SHANSHAN,5,980.0,1314.6219770642988,0
2024-08-26 14:00:00,常德變電所,SHANSHAN,5,980.0,1156.4116840895067,0
2024-08-26 14:00:00,嶺口二次變電所,SHANSHAN,5,980.0,1357.8638501668163,0
2024-08-26 14:00:00,龍明配電變電所,SHANSHAN,5,980.0,1180.1615487605507,0
2024-08-26 14:00:00,新工配電變電所,SHANSHAN,5,980.0,1217.5814635458112,0
2024-08-26 20:00:00,榮成變電所,SHANSHAN,5,980.0,1121.4372518962493,0
2024-08-26 20:00:00,西螺服務區,SHANSHAN,5,980.0,1233.1925302500863,0
2024-08-26 20:00:00,中部科學園區,SHANSHAN,5,980.0,1193.6785893362514,0
2024-08-26 20:00:00,興變電所,SHANSHAN,5,980.0,1215.6537289843793,0
2024-08-26 20:00:00,中正變電所,SHANSHAN,5,980.0,1080.6182525400288,0
2024-08-26 20:00:00,成都變電所,SHANSHAN,5,980.0,1107.2964378846068,0
2024-08-26 20:00:00,新豐配電變電所,SHANSHAN,5,980.0,1140.733755014148,0
2024-08-26 20:00:00,內惟配電變電所,SHANSHAN,5,980.0,1303.9509553447267,0
2024-08-26 20:00:00,永華二次變電所,SHANSHAN,5,980.0,1294.1886507562904,0
2024-08-26 20:00:00,關西二次變電所,SHANSHAN,5,980.0,1126.3853827311323,0
2024-08-26 20:00:00,源海二次變電所,SHANSHAN,5,980.0,1080.6147792203585,0
2024-08-26 20:00:00,四湖配電變電所,SHANSHAN,5,980.0,1262.8903617031726,0
2024-08-26 20:00:00,新高港超高壓變電所,SHANSHAN,5,980.0,1297.9878637806337,0
2024-08-26 20:00:00,九曲配電變電所,SHANSHAN,5,980.0,1295.4486334193284,0
2024-08-26 20:00:00,崙背變電所,SHANSHAN,5,980.0,1245.5917354688024,0
2024-08-26 20:00:00,常德變電所,SHANSHAN,5,980.0,1084.0293463965295,0
2024-08-26 20:00:00,嶺口二次變電所,SHANSHAN,5,980.0,1292.5103720250966,0
2024-08-26 20:00:00,龍明配電變電所,SHANSHAN,5,980.0,1107.7961454261806,0
2024-08-26 20:00:00,新工配電變電所,SHANSHAN,5,980.0,1145.5202139664407,0
2024-08-26 23:00:00,榮成變電所,SHANSHAN,5,975.0,1085.700276485685,0
2024-08-26 23:00:00,西螺服務區,SHANSHAN,5,975.0,1199.4446898104984,0
2024-08-26 23:00:00,中部科學園區,SHANSHAN,5,975.0,1159.2880134955863,0
2024-08-26 23:00:00,興變電所,SHANSHAN,5,975.0,1182.7821055040852,0
2024-08-26 23:00:00,中正變電所,SHANSHAN,5,975.0,1045.1827857480876,0
2024-08-26 23:00:00,成都變電所,SHANSHAN,5,975.0,1071.7773295443783,0
2024-08-26 23:00:00,新豐配電變電所,SHANSHAN,5,975.0,1105.1973991040734,0
2024-08-26 23:00:00,內惟配電變電所,SHANSHAN,5,975.0,1272.2744919084062,0
2024-08-26 23:00:00,永華二次變電所,SHANSHAN,5,975.0,1261.804968544734,0
2024-08-26 23:00:00,關西二次變電所,SHANSHAN,5,975.0,1091.1869584878636,0
2024-08-26 23:00:00,源海二次變電所,SHANSHAN,5,975.0,1045.179109084117,0
2024-08-26 23:00:00,四湖配電變電所,SHANSHAN,5,975.0,1229.2671593314126,0
2024-08-26 23:00:00,新高港超高壓變電所,SHANSHAN,5,975.0,1266.6256586508755,0
2024-08-26 23:00:00,九曲配電變電所,SHANSHAN,5,975.0,1263.0544148582958,0
2024-08-26 23:00:00,崙背變電所,SHANSHAN,5,975.0,1211.8348743110653,0
2024-08-26 23:00:00,常德變電所,SHANSHAN,5,975.0,1048.5109182178296,0
2024-08-26 23:00:00,嶺口二次變電所,SHANSHAN,5,975.0,1260.7245539826445,0
2024-08-26 23:00:00,龍明配電變電所,SHANSHAN,5,975.0,1072.2752080460687,0
2024-08-26 23:00:00,新工配電變電所,SHANSHAN,5,975.0,1110.14940872205,0
2024-08-27 02:00:00,榮成變電所,SHANSHAN,5,970.0,1053.4143876459582,0
2024-08-27 02:00:00,西螺服務區,SHANSHAN,5,970.0,1170.2188383271562,0
2024-08-27 02:00:00,中部科學園區,SHANSHAN,5,970.0,1129.0985502195012,0
2024-08-27 02:00:00,興變電所,SHANSHAN,5,970.0,1154.8938166068365,0
2024-08-27 02:00:00,中正變電所,SHANSHAN,5,970.0,1013.4185884744044,0
2024-08-27 02:00:00,成都變電所,SHANSHAN,5,970.0,1039.8568750163422,0
2024-08-27 02:00:00,新豐配電變電所,SHANSHAN,5,970.0,1073.2247777127054,0
2024-08-27 02:00:00,內惟配電變電所,SHANSHAN,5,970.0,1246.0811257978776,0
2024-08-27 02:00:00,永華二次變電所,SHANSHAN,5,970.0,1234.5831975086662,0
2024-08-27 02:00:00,關西二次變電所,SHANSHAN,5,970.0,1059.769816576593,0
2024-08-27 02:00:00,源海二次變電所,SHANSHAN,5,970.0,1013.4145848686368,0
2024-08-27 02:00:00,四湖配電變電所,SHANSHAN,5,970.0,1200.2107721032473,0
2024-08-27 02:00:00,新高港超高壓變電所,SHANSHAN,5,970.0,1240.8919799241046,0
2024-08-27 02:00:00,九曲配電變電所,SHANSHAN,5,970.0,1235.8162059422061,0
2024-08-27 02:00:00,崙背變電所,SHANSHAN,5,970.0,1182.5865720228073,0
2024-08-27 02:00:00,常德變電所,SHANSHAN,5,970.0,1016.6093337103016,0
2024-08-27 02:00:00,嶺口二次變電所,SHANSHAN,5,970.0,1234.380474987705,0
2024-08-27 02:00:00,龍明配電變電所,SHANSHAN,5,970.0,1040.351410149284,0
2024-08-27 02:00:00,新工配電變電所,SHANSHAN,5,970.0,1078.4411640094422,0
2024-08-27 05:00:00,榮成變電所,SHANSHAN,5,960.0,1037.6946832875656,0
2024-08-27 05:00:00,西螺服務區,SHANSHAN,5,960.0,1156.0547867247628,0
2024-08-27 05:00:00,中部科學園區,SHANSHAN,5,960.0,1114.4474315353982,0
2024-08-27 05:00:00,興變電所,SHANSHAN,5,960.0,1141.4292770810039,0
2024-08-27 05:00:00,中正變電所,SHANSHAN,5,960.0,997.9872000807266,0
2024-08-27 05:00:00,成都變電所,SHANSHAN,5,960.0,1024.3335199285393,0
2024-08-27 05:00:00,新豐配電變電所,SHANSHAN,5,960.0,1057.6621995526252,0
2024-08-27 05:00:00,內惟配電變電所,SHANSHAN,5,960.0,1233.4611753125885,0
2024-08-27 05:00:00,永華二次變電所,SHANSHAN,5,960.0,1221.4359297519059,0
2024-08-27 05:00:00,關西二次變電所,SHANSHAN,5,960.0,1044.502630713904,0
2024-08-27 05:00:00,源海二次變電所,SHANSHAN,5,960.0,997.983026591386,0
2024-08-27 05:00:00,四湖配電變電所,SHANSHAN,5,960.0,1186.1247774481587,0
2024-08-27 05:00:00,新高港超高壓變電所,SHANSHAN,5,960.0,1228.5109826146413,0
2024-08-27 05:00:00,九曲配電變電所,SHANSHAN,5,960.0,1222.660033460198,0
2024-08-27 05:00:00,崙背變電所,SHANSHAN,5,960.0,1168.4067409044744,0
2024-08-27 05:00:00,常德變電所,SHANSHAN,5,960.0,1001.104651179471,0
2024-08-27 05:00:00,嶺口二次變電所,SHANSHAN,5,960.0,1221.6867121835119,0
2024-08-27 05:00:00,龍明配電變電所,SHANSHAN,5,960.0,1024.8261209710538,0
2024-08-27 05:00:00,新工配電變電所,SHANSHAN,5,960.0,1063.0150719251462,0
2024-08-27 08:00:00,榮成變電所,SHANSHAN,5,950.0,1022.2733933041783,0
2024-08-27 08:00:00,西螺服務區,SHANSHAN,5,950.0,1142.2038691687342,0
2024-08-27 08:00:00,中部科學園區,SHANSHAN,5,950.0,1100.1068055232101,0
2024-08-27 08:00:00,興變電所,SHANSHAN,5,950.0,1128.298772445773,0
2024-08-27 08:00:00,中正變電所,SHANSHAN,5,950.0,982.8740120380102,0
2024-08-27 08:00:00,成都變電所,SHANSHAN,5,950.0,1009.1182208285703,0
2024-08-27 08:00:00,新豐配電變電所,SHANSHAN,5,950.0,1042.3979035611883,0
2024-08-27 08:00:00,內惟配電變電所,SHANSHAN,5,950.0,1221.1713054523636,0
2024-08-27 08:00:00,永華二次變電所,SHANSHAN,5,950.0,1208.6102960827618,0
2024-08-27 08:00:00,關西二次變電所,SHANSHAN,5,950.0,1029.546069735337,0
2024-08-27 08:00:00,源海二次變電所,SHANSHAN,5,950.0,982.8696644045285,0
2024-08-27 08:00:00,四湖配電變電所,SHANSHAN,5,950.0,1172.3468188894374,0
2024-08-27 08:00:00,新高港超高壓變電所,SHANSHAN,5,950.0,1216.4661855066563,0
2024-08-27 08:00:00,九曲配電變電所,SHANSHAN,5,950.0,1209.8250144774438,0
2024-08-27 08:00:00,崙背變電所,SHANSHAN,5,950.0,1154.5367272875774,0
2024-08-27 08:00:00,常德變電所,SHANSHAN,5,950.0,985.9149426800343,0
2024-08-27 08:00:00,嶺口二次變電所,SHANSHAN,5,950.0,1209.3242991465345,0
2024-08-27 08:00:00,龍明配電變電所,SHANSHAN,5,950.0,1009.6086961528345,0
2024-08-27 08:00:00,新工配電變電所,SHANSHAN,5,950.0,1047.890068245915,0
2024-08-27 11:00:00,榮成變電所,SHANSHAN,5,950.0,1007.1633211446124,0
2024-08-27 11:00:00,西螺服務區,SHANSHAN,5,950.0,1128.6768204766324,0
2024-08-27 11:00:00,中部科學園區,SHANSHAN,5,950.0,1086.0881419918019,0
2024-08-27 11:00:00,興變電所,SHANSHAN,5,950.0,1115.5132921049774,0
2024-08-27 11:00:00,中正變電所,SHANSHAN,5,950.0,968.0929794201998,0
2024-08-27 11:00:00,成都變電所,SHANSHAN,5,950.0,994.2242025686771,0
2024-08-27 11:00:00,新豐配電變電所,SHANSHAN,5,950.0,1027.4443005291787,0
2024-08-27 11:00:00,內惟配電變電所,SHANSHAN,5,950.0,1209.2208464358414,0
2024-08-27 11:00:00,永華二次變電所,SHANSHAN,5,950.0,1196.11590047589,0
2024-08-27 11:00:00,關西二次變電所,SHANSHAN,5,950.0,1014.9129695190436,0
2024-08-27 11:00:00,源海二次變電所,SHANSHAN,5,950.0,968.0884534190495,0
2024-08-27 11:00:00,四湖配電變電所,SHANSHAN,5,950.0,1158.8871142323499,0
2024-08-27 11:00:00,新高港超高壓變電所,SHANSHAN,5,950.0,1204.766934235882,0
2024-08-27 11:00:00,九曲配電變電所,SHANSHAN,5,950.0,1197.320735586378,0
2024-08-27 11:00:00,崙背變電所,SHANSHAN,5,950.0,1140.9870466234552,0
2024-08-27 11:00:00,常德變電所,SHANSHAN,5,950.0,971.0540451746143,0
2024-08-27 11:00:00,嶺口二次變電所,SHANSHAN,5,950.0,1197.3027569740389,0
2024-08-27 11:00:00,龍明配電變電所,SHANSHAN,5,950.0,994.7123473169671,0
2024-08-27 11:00:00,新工配電變電所,SHANSHAN,5,950.0,1033.0784992562965,0
2024-08-27 14:00:00,榮成變電所,SHANSHAN,5,950.0,996.2114162140912,0
2024-08-27 14:00:00,西螺服務區,SHANSHAN,5,950.0,1120.2338516312707,0
2024-08-27 14:00:00,中部科學園區,SHANSHAN,5,950.0,1076.8804448061646,0
2024-08-27 14:00:00,興變電所,SHANSHAN,5,950.0,1108.2464395874067,0
2024-08-27 14:00:00,中正變電所,SHANSHAN,5,950.0,957.7124530887553,0
2024-08-27 14:00:00,成都變電所,SHANSHAN,5,950.0,983.6396250871574,0
2024-08-27 14:00:00,新豐配電變電所,SHANSHAN,5,950.0,1016.7406018499636,0
2024-08-27 14:00:00,內惟配電變電所,SHANSHAN,5,950.0,1203.196175627166,0
2024-08-27 14:00:00,永華二次變電所,SHANSHAN,5,950.0,1189.2601357646893,0
2024-08-27 14:00:00,關西二次變電所,SHANSHAN,5,950.0,1004.746220754285,0
2024-08-27 14:00:00,源海二次變電所,SHANSHAN,5,950.0,957.7076352884425,0
2024-08-27 14:00:00,四湖配電變電所,SHANSHAN,5,950.0,1150.535740362783,0
2024-08-27 14:00:00,新高港超高壓變電所,SHANSHAN,5,950.0,1199.1276514030976,0
2024-08-27 14:00:00,九曲配電變電所,SHANSHAN,5,950.0,1190.4490697729839,0
2024-08-27 14:00:00,崙背變電所,SHANSHAN,5,950.0,1132.5016727551747,0
2024-08-27 14:00:00,常德變電所,SHANSHAN,5,950.0,960.5393724974219,0
2024-08-27 14:00:00,嶺口二次變電所,SHANSHAN,5,950.0,1191.1750614696555,0
2024-08-27 14:00:00,龍明配電變電所,SHANSHAN,5,950.0,984.1235978185467,0
2024-08-27 14:00:00,新工配電變電所,SHANSHAN,5,950.0,1022.606677976709,0
2024-08-27 17:00:00,榮成變電所,SHANSHAN,5,950.0,991.0499929742606,0
2024-08-27 17:00:00,西螺服務區,SHANSHAN,5,950.0,1116.310625294516,0
2024-08-27 17:00:00,中部科學園區,SHANSHAN,5,950.0,1072.5813524042367,0
2024-08-27 17:00:00,興變電所,SHANSHAN,5,950.0,1104.9202247831258,0
2024-08-27 17:00:00,中正變電所,SHANSHAN,5,950.0,952.8530882438076,0
2024-08-27 17:00:00,成都變電所,SHANSHAN,5,950.0,978.6685466468494,0
2024-08-27 17:00:00,新豐配電變電所,SHANSHAN,5,950.0,1011.6993687517344,0
2024-08-27 17:00:00,內惟配電變電所,SHANSHAN,5,950.0,1200.473497147774,0
2024-08-27 17:00:00,永華二次變電所,SHANSHAN,5,950.0,1186.1218750534033,0
2024-08-27 17:00:00,關西二次變電所,SHANSHAN,5,950.0,999.9809908989615,0
2024-08-27 17:00:00,源海二次變電所,SHANSHAN,5,950.0,952.848123759389,0
2024-08-27 17:00:00,四湖配電變電所,SHANSHAN,5,950.0,1146.6515632016392,0
2024-08-27 17:00:00,新高港超高壓變電所,SHANSHAN,5,950.0,1196.5998678894064,0
2024-08-27 17:00:00,九曲配電變電所,SHANSHAN,5,950.0,1187.302527834357,0
2024-08-27 17:00:00,崙背變電所,SHANSHAN,5,950.0,1128.554040849371,0
2024-08-27 17:00:00,常德變電所,SHANSHAN,5,950.0,955.6109573020616,0
2024-08-27 17:00:00,嶺口二次變電所,SHANSHAN,5,950.0,1188.403192839012,0
2024-08-27 17:00:00,龍明配電變電所,SHANSHAN,5,950.0,979.1502541637153,0
2024-08-27 17:00:00,新工配電變電所,SHANSHAN,5,950.0,1017.6815098422005,0
2024-08-27 20:00:00,榮成變電所,SHANSHAN,5,940.0,991.0499929742606,0
2024-08-27 20:00:00,西螺服務區,SHANSHAN,5,940.0,1116.310625294516,0
2024-08-27 20:00:00,中部科學園區,SHANSHAN,5,940.0,1072.5813524042367,0
2024-08-27 20:00:00,興變電所,SHANSHAN,5,940.0,1104.9202247831258,0
2024-08-27 20:00:00,中正變電所,SHANSHAN,5,940.0,952.8530882438076,0
2024-08-27 20:00:00,成都變電所,SHANSHAN,5,940.0,978.6685466468494,0
2024-08-27 20:00:00,新豐配電變電所,SHANSHAN,5,940.0,1011.6993687517344,0
2024-08-27 20:00:00,內惟配電變電所,SHANSHAN,5,940.0,1200.473497147774,0
2024-08-27 20:00:00,永華二次變電所,SHANSHAN,5,940.0,1186.1218750534033,0
2024-08-27 20:00:00,關西二次變電所,SHANSHAN,5,940.0,999.9809908989615,0
2024-08-27 20:00:00,源海二次變電所,SHANSHAN,5,940.0,952.848123759389,0
2024-08-27 20:00:00,四湖配電變電所,SHANSHAN,5,940.0,1146.6515632016392,0
2024-08-27 20:00:00,新高港超高壓變電所,SHANSHAN,5,940.0,1196.5998678894064,0
2024-08-27 20:00:00,九曲配電變電所,SHANSHAN,5,940.0,1187.302527834357,0
2024-08-27 20:00:00,崙背變電所,SHANSHAN,5,940.0,1128.554040849371,0
2024-08-27 20:00:00,常德變電所,SHANSHAN,5,940.0,955.6109573020616,0
2024-08-27 20:00:00,嶺口二次變電所,SHANSHAN,5,940.0,1188.403192839012,0
2024-08-27 20:00:00,龍明配電變電所,SHANSHAN,5,940.0,979.1502541637153,0
2024-08-27 20:00:00,新工配電變電所,SHANSHAN,5,940.0,1017.6815098422005,0
2024-08-27 23:00:00,榮成變電所,SHANSHAN,5,935.0,999.3438727112047,0
2024-08-27 23:00:00,西螺服務區,SHANSHAN,5,935.0,1126.3423271496222,0
2024-08-27 23:00:00,中部科學園區,SHANSHAN,5,935.0,1082.098822988875,0
2024-08-27 23:00:00,興變電所,SHANSHAN,5,935.0,1115.7694548862244,0
2024-08-27 23:00:00,中正變電所,SHANSHAN,5,935.0,961.6060006951376,0
2024-08-27 23:00:00,成都變電所,SHANSHAN,5,935.0,987.2481230067499,0
2024-08-27 23:00:00,新豐配電變電所,SHANSHAN,5,935.0,1020.1638459655805,0
2024-08-27 23:00:00,內惟配電變電所,SHANSHAN,5,935.0,1212.0960312233817,0
2024-08-27 23:00:00,永華二次變電所,SHANSHAN,5,935.0,1197.2017450780857,0
2024-08-27 23:00:00,關西二次變電所,SHANSHAN,5,935.0,1008.8535809303257,0
2024-08-27 23:00:00,源海二次變電所,SHANSHAN,5,935.0,961.6008240576474,0
2024-08-27 23:00:00,四湖配電變電所,SHANSHAN,5,935.0,1156.7293343107842,0
2024-08-27 23:00:00,新高港超高壓變電所,SHANSHAN,5,935.0,1208.4749644762535,0
2024-08-27 23:00:00,九曲配電變電所,SHANSHAN,5,935.0,1198.3711175804704,0
2024-08-27 23:00:00,崙背變電所,SHANSHAN,5,935.0,1138.5485645673664,0
2024-08-27 23:00:00,常德變電所,SHANSHAN,5,935.0,964.2618303765236,0
2024-08-27 23:00:00,嶺口二次變電所,SHANSHAN,5,935.0,1199.964467783487,0
2024-08-27 23:00:00,龍明配電變電所,SHANSHAN,5,935.0,987.7263248133177,0
2024-08-27 23:00:00,新工配電變電所,SHANSHAN,5,935.0,1026.3146138325365,0
2024-08-28 02:00:00,榮成變電所,SHANSHAN,5,935.0,990.2760418170368,0
2024-08-28 02:00:00,西螺服務區,SHANSHAN,5,935.0,1119.636637615621,0
2024-08-28 02:00:00,中部科學園區,SHANSHAN,5,935.0,1074.6809938174185,0
2024-08-28 02:00:00,興變電所,SHANSHAN,5,935.0,1110.2715419889157,0
2024-08-28 02:00:00,中正變電所,SHANSHAN,5,935.0,953.1967037471417,0
2024-08-28 02:00:00,成都變電所,SHANSHAN,5,935.0,978.5804161534919,0
2024-08-28 02:00:00,新豐配電變電所,SHANSHAN,5,935.0,1011.315066586051,0
2024-08-28 02:00:00,內惟配電變電所,SHANSHAN,5,935.0,1207.7182295122068,0
2024-08-28 02:00:00,永華二次變電所,SHANSHAN,5,935.0,1192.0058902556973,0
2024-08-28 02:00:00,關西二次變電所,SHANSHAN,5,935.0,1000.5761965961724,0
2024-08-28 02:00:00,源海二次變電所,SHANSHAN,5,935.0,953.191237064566,0
2024-08-28 02:00:00,四湖配電變電所,SHANSHAN,5,935.0,1150.0738040076635,0
2024-08-28 02:00:00,新高港超高壓變電所,SHANSHAN,5,935.0,1204.4890758535269,0
2024-08-28 02:00:00,九曲配電變電所,SHANSHAN,5,935.0,1193.1577032668977,0
2024-08-28 02:00:00,崙背變電所,SHANSHAN,5,935.0,1131.782296191991,0
2024-08-28 02:00:00,常德變電所,SHANSHAN,5,935.0,955.7093750749814,0
2024-08-28 02:00:00,嶺口二次變電所,SHANSHAN,5,935.0,1195.4985932506554,0
2024-08-28 02:00:00,龍明配電變電所,SHANSHAN,5,935.0,979.0534463681272,0
2024-08-28 02:00:00,新工配電變電所,SHANSHAN,5,935.0,1017.6936583396398,0
2024-08-28 05:00:00,榮成變電所,SHANSHAN,5,935.0,981.4143346819986,0
2024-08-28 05:00:00,西螺服務區,SHANSHAN,5,935.0,1111.1313484849393,0
2024-08-28 05:00:00,中部科學園區,SHANSHAN,5,935.0,1066.0633488271374,0
2024-08-28 05:00:00,興變電所,SHANSHAN,5,935.0,1101.9726239945487,0
2024-08-28 05:00:00,中正變電所,SHANSHAN,5,935.0,944.4344416351568,0
2024-08-28 05:00:00,成都變電所,SHANSHAN,5,935.0,969.7778001077987,0
2024-08-28 05:00:00,新豐配電變電所,SHANSHAN,5,935.0,1002.4836780219939,0
2024-08-28 05:00:00,內惟配電變電所,SHANSHAN,5,935.0,1199.6146728174704,0
2024-08-28 05:00:00,永華二次變電所,SHANSHAN,5,935.0,1183.7549161984236,0
2024-08-28 05:00:00,關西二次變電所,SHANSHAN,5,935.0,991.8303558715511,0
2024-08-28 05:00:00,源海二次變電所,SHANSHAN,5,935.0,944.428931785706,0
2024-08-28 05:00:00,四湖配電變電所,SHANSHAN,5,935.0,1141.5749025692162,0
2024-08-28 05:00:00,新高港超高壓變電所,SHANSHAN,5,935.0,1196.4588576590238,0
2024-08-28 05:00:00,九曲配電變電所,SHANSHAN,5,935.0,1184.9035338191293,0
2024-08-28 05:00:00,崙背變電所,SHANSHAN,5,935.0,1123.2662682733885,0
2024-08-28 05:00:00,常德變電所,SHANSHAN,5,935.0,946.9255093667202,0
2024-08-28 05:00:00,嶺口二次變電所,SHANSHAN,5,935.0,1187.3795785214695,0
2024-08-28 05:00:00,龍明配電變電所,SHANSHAN,5,935.0,970.250033571557,0
2024-08-28 05:00:00,新工配電變電所,SHANSHAN,5,935.0,1008.8952900276357,0
2024-08-28 08:00:00,榮成變電所,SHANSHAN,5,935.0,999.5926210876172,0
2024-08-28 08:00:00,西螺服務區,SHANSHAN,5,935.0,1130.538250871878,0
2024-08-28 08:00:00,中部科學園區,SHANSHAN,5,935.0,1085.1168129248663,0
2024-08-28 08:00:00,興變電所,SHANSHAN,5,935.0,1121.9746388706953,0
2024-08-28 08:00:00,中正變電所,SHANSHAN,5,935.0,963.0004263028138,0
2024-08-28 08:00:00,成都變電所,SHANSHAN,5,935.0,988.1883861792533,0
2024-08-28 08:00:00,新豐配電變電所,SHANSHAN,5,935.0,1020.7781737612561,0
2024-08-28 08:00:00,內惟配電變電所,SHANSHAN,5,935.0,1220.1051419232485,0
2024-08-28 08:00:00,永華二次變電所,SHANSHAN,5,935.0,1203.876434732595,0
2024-08-28 08:00:00,關西二次變電所,SHANSHAN,5,935.0,1010.4487508672538,0
2024-08-28 08:00:00,源海二次變電所,SHANSHAN,5,935.0,962.9947583229949,0
2024-08-28 08:00:00,四湖配電變電所,SHANSHAN,5,935.0,1160.9980579834837,0
2024-08-28 08:00:00,新高港超高壓變電所,SHANSHAN,5,935.0,1217.1224147426192,0
2024-08-28 08:00:00,九曲配電變電所,SHANSHAN,5,935.0,1205.016560250561,0
2024-08-28 08:00:00,崙背變電所,SHANSHAN,5,935.0,1142.6386660362323,0
2024-08-28 08:00:00,常德變電所,SHANSHAN,5,935.0,965.4107775730852,0
2024-08-28 08:00:00,嶺口二次變電所,SHANSHAN,5,935.0,1207.8337160821288,0
2024-08-28 08:00:00,龍明配電變電所,SHANSHAN,5,935.0,988.6575081694447,0
2024-08-28 08:00:00,新工配電變電所,SHANSHAN,5,935.0,1027.3157751553142,0
2024-08-28 11:00:00,榮成變電所,SHANSHAN,5,935.0,1019.4167247364646,0
2024-08-28 11:00:00,西螺服務區,SHANSHAN,5,935.0,1153.3090470835666,0
2024-08-28 11:00:00,中部科學園區,SHANSHAN,5,935.0,1107.024049114121,0
2024-08-28 11:00:00,興變電所,SHANSHAN,5,935.0,1146.3075125282,0
2024-08-28 11:00:00,中正變電所,SHANSHAN,5,935.0,983.8144822787466,0
2024-08-28 11:00:00,成都變電所,SHANSHAN,5,935.0,1008.5920057368867,0
2024-08-28 11:00:00,新豐配電變電所,SHANSHAN,5,935.0,1040.8624830436477,0
2024-08-28 11:00:00,內惟配電變電所,SHANSHAN,5,935.0,1245.6908240661446,0
2024-08-28 11:00:00,永華二次變電所,SHANSHAN,5,935.0,1228.4712815277617,0
2024-08-28 11:00:00,關西二次變電所,SHANSHAN,5,935.0,1031.3400030075638,0
2024-08-28 11:00:00,源海二次變電所,SHANSHAN,5,935.0,983.8084312012994,0
2024-08-28 11:00:00,四湖配電變電所,SHANSHAN,5,935.0,1183.7874185261328,0
2024-08-28 11:00:00,新高港超高壓變電所,SHANSHAN,5,935.0,1243.1879279877087,0
2024-08-28 11:00:00,九曲配電變電所,SHANSHAN,5,935.0,1229.5879057362283,0
2024-08-28 11:00:00,崙背變電所,SHANSHAN,5,935.0,1165.3112919427135,0
2024-08-28 11:00:00,常德變電所,SHANSHAN,5,935.0,986.0234732034651,0
2024-08-28 11:00:00,嶺口二次變電所,SHANSHAN,5,935.0,1233.3272451333771,0
2024-08-28 11:00:00,龍明配電變電所,SHANSHAN,5,935.0,1009.0529806346497,0
2024-08-28 11:00:00,新工配電變電所,SHANSHAN,5,935.0,1047.7017850477243,0
2024-08-28 14:00:00,榮成變電所,SHANSHAN,5,935.0,1040.752380113384,0
2024-08-28 14:00:00,西螺服務區,SHANSHAN,5,935.0,1177.3071097920554,0
2024-08-28 14:00:00,中部科學園區,SHANSHAN,5,935.0,1130.2446431472845,0
2024-08-28 14:00:00,興變電所,SHANSHAN,5,935.0,1171.811406044253,0
2024-08-28 14:00:00,中正變電所,SHANSHAN,5,935.0,1006.1533454088112,0
2024-08-28 14:00:00,成都變電所,SHANSHAN,5,935.0,1030.5000505653,0
2024-08-28 14:00:00,新豐配電變電所,SHANSHAN,5,935.0,1062.417238883656,0
2024-08-28 14:00:00,內惟配電變電所,SHANSHAN,5,935.0,1272.3042684502886,0
2024-08-28 14:00:00,永華二次變電所,SHANSHAN,5,935.0,1254.148334292693,0
2024-08-28 14:00:00,關西二次變電所,SHANSHAN,5,935.0,1053.6830041192125,0
2024-08-28 14:00:00,源海二次變電所,SHANSHAN,5,935.0,1006.1469368556386,0
2024-08-28 14:00:00,四湖配電變電所,SHANSHAN,5,935.0,1207.7716611379826,0
2024-08-28 14:00:00,新高港超高壓變電所,SHANSHAN,5,935.0,1270.2636307808637,0
2024-08-28 14:00:00,九曲配電變電所,SHANSHAN,5,935.0,1255.2413992428815,0
2024-08-28 14:00:00,崙背變電所,SHANSHAN,5,935.0,1189.2023293516995,0
2024-08-28 14:00:00,常德變電所,SHANSHAN,5,935.0,1008.1660920836075,0
2024-08-28 14:00:00,嶺口二次變電所,SHANSHAN,5,935.0,1259.8626501252784,0
2024-08-28 14:00:00,龍明配電變電所,SHANSHAN,5,935.0,1030.952525750211,0
2024-08-28 14:00:00,新工配電變電所,SHANSHAN,5,935.0,1069.536940962144,0
2024-08-28 17:00:00,榮成變電所,SHANSHAN,5,935.0,1051.9585519302918,0
2024-08-28 17:00:00,西螺服務區,SHANSHAN,5,935.0,1189.7433046565652,0
2024-08-28 17:00:00,中部科學園區,SHANSHAN,5,935.0,1142.322595783826,0
2024-08-28 17:00:00,興變電所,SHANSHAN,5,935.0,1184.9789906127503,0
2024-08-28 17:00:00,中正變電所,SHANSHAN,5,935.0,1017.8634730893458,0
2024-08-28 17:00:00,成都變電所,SHANSHAN,5,935.0,1041.988831794132,0
2024-08-28 17:00:00,新豐配電變電所,SHANSHAN,5,935.0,1073.7185947491357,0
2024-08-28 17:00:00,內惟配電變電所,SHANSHAN,5,935.0,1285.9765549330004,0
2024-08-28 17:00:00,永華二次變電所,SHANSHAN,5,935.0,1267.3722385699384,0
2024-08-28 17:00:00,關西二次變電所,SHANSHAN,5,935.0,1065.3705977154927,0
2024-08-28 17:00:00,源海二次變電所,SHANSHAN,5,935.0,1017.8568951894193,0
2024-08-28 17:00:00,四湖配電變電所,SHANSHAN,5,935.0,1220.189979299104,0
2024-08-28 17:00:00,新高港超高壓變電所,SHANSHAN,5,935.0,1284.1604259051428,0
2024-08-28 17:00:00,九曲配電變電所,SHANSHAN,5,935.0,1268.4535395157784,0
2024-08-28 17:00:00,崙背變電所,SHANSHAN,5,935.0,1201.5821835132401,0
2024-08-28 17:00:00,常德變電所,SHANSHAN,5,935.0,1019.7802473738694,0
2024-08-28 17:00:00,嶺口二次變電所,SHANSHAN,5,935.0,1273.5008012394162,0
2024-08-28 17:00:00,龍明配電變電所,SHANSHAN,5,935.0,1042.4369558514234,0
2024-08-28 17:00:00,新工配電變電所,SHANSHAN,5,935.0,1080.9707322422607,0
2024-08-28 20:00:00,榮成變電所,SHANSHAN,5,935.0,1083.4515213572906,0
2024-08-28 20:00:00,西螺服務區,SHANSHAN,5,935.0,1223.189012253583,0
2024-08-28 20:00:00,中部科學園區,SHANSHAN,5,935.0,1175.2050838977962,0
2024-08-28 20:00:00,興變電所,SHANSHAN,5,935.0,1219.6178793557017,0
2024-08-28 20:00:00,中正變電所,SHANSHAN,5,935.0,1050.2222552686353,0
2024-08-28 20:00:00,成都變電所,SHANSHAN,5,935.0,1073.9615202468292,0
2024-08-28 20:00:00,新豐配電變電所,SHANSHAN,5,935.0,1105.3547915341248,0
2024-08-28 20:00:00,內惟配電變電所,SHANSHAN,5,935.0,1321.3816409606072,0
2024-08-28 20:00:00,永華二次變電所,SHANSHAN,5,935.0,1302.0640950642057,0
2024-08-28 20:00:00,關西二次變電所,SHANSHAN,5,935.0,1097.6567651765765,0
2024-08-28 20:00:00,源海二次變電所,SHANSHAN,5,935.0,1050.2154019915954,0
2024-08-28 20:00:00,四湖配電變電所,SHANSHAN,5,935.0,1253.5904779045668,0
2024-08-28 20:00:00,新高港超高壓變電所,SHANSHAN,5,935.0,1319.9241919651788,0
2024-08-28 20:00:00,九曲配電變電所,SHANSHAN,5,935.0,1303.125912884395,0
2024-08-28 20:00:00,崙背變電所,SHANSHAN,5,935.0,1234.9290497232184,0
2024-08-28 20:00:00,常德變電所,SHANSHAN,5,935.0,1051.978427134514,0
2024-08-28 20:00:00,嶺口二次變電所,SHANSHAN,5,935.0,1308.856284201506,0
2024-08-28 20:00:00,龍明配電變電所,SHANSHAN,5,935.0,1074.4020580193114,0
2024-08-28 20:00:00,新工配電變電所,SHANSHAN,5,935.0,1112.823171778795,0
2024-08-28 23:00:00,榮成變電所,SHANSHAN,5,940.0,1079.6719947143124,0
2024-08-28 23:00:00,西螺服務區,SHANSHAN,5,940.0,1221.0794334402137,0
2024-08-28 23:00:00,中部科學園區,SHANSHAN,5,940.0,1172.603746119329,0
2024-08-28 23:00:00,興變電所,SHANSHAN,5,940.0,1218.6529921360666,0
2024-08-28 23:00:00,中正變電所,SHANSHAN,5,940.0,1047.2371672215033,0
2024-08-28 23:00:00,成都變電所,SHANSHAN,5,940.0,1070.6121821601405,0
2024-08-28 23:00:00,新豐配電變電所,SHANSHAN,5,940.0,1101.684008249271,0
2024-08-28 23:00:00,內惟配電變電所,SHANSHAN,5,940.0,1321.1247566574343,0
2024-08-28 23:00:00,永華二次變電所,SHANSHAN,5,940.0,1301.1055290019272,0
2024-08-28 23:00:00,關西二次變電所,SHANSHAN,5,940.0,1094.5689778647013,0
2024-08-28 23:00:00,源海二次變電所,SHANSHAN,5,940.0,1047.2300719209322,0
2024-08-28 23:00:00,四湖配電變電所,SHANSHAN,5,940.0,1251.4208013404643,0
2024-08-28 23:00:00,新高港超高壓變電所,SHANSHAN,5,940.0,1320.0340940015092,0
2024-08-28 23:00:00,九曲配電變電所,SHANSHAN,5,940.0,1302.147653911447,0
2024-08-28 23:00:00,崙背變電所,SHANSHAN,5,940.0,1232.7201168997708,0
2024-08-28 23:00:00,常德變電所,SHANSHAN,5,940.0,1048.8478334291435,0
2024-08-28 23:00:00,嶺口二次變電所,SHANSHAN,5,940.0,1308.5555082692897,0
2024-08-28 23:00:00,龍明配電變電所,SHANSHAN,5,940.0,1071.0456345466023,0
2024-08-28 23:00:00,新工配電變電所,SHANSHAN,5,940.0,1109.337493181716,0
2024-08-29 02:00:00,榮成變電所,SHANSHAN,5,945.0,1111.787740793519,0
2024-08-29 02:00:00,西螺服務區,SHANSHAN,5,945.0,1255.5365063803235,0
2024-08-29 02:00:00,中部科學園區,SHANSHAN,5,945.0,1206.3857418647024,0
2024-08-29 02:00:00,興變電所,SHANSHAN,5,945.0,1254.7689193967751,0
2024-08-29 02:00:00,中正變電所,SHANSHAN,5,945.0,1080.6085590927864,0
2024-08-29 02:00:00,成都變電所,SHANSHAN,5,945.0,1103.3991940936626,0
2024-08-29 02:00:00,新豐配電變電所,SHANSHAN,5,945.0,1133.9362666137713,0
2024-08-29 02:00:00,內惟配電變電所,SHANSHAN,5,945.0,1358.1438794393987,0
2024-08-29 02:00:00,永華二次變電所,SHANSHAN,5,945.0,1337.1524240800145,0
2024-08-29 02:00:00,關西二次變電所,SHANSHAN,5,945.0,1127.718920693838,0
2024-08-29 02:00:00,源海二次變電所,SHANSHAN,5,945.0,1080.601110572262,0
2024-08-29 02:00:00,四湖配電變電所,SHANSHAN,5,945.0,1285.7579445485937,0
2024-08-29 02:00:00,新高港超高壓變電所,SHANSHAN,5,945.0,1357.562953518889,0
2024-08-29 02:00:00,九曲配電變電所,SHANSHAN,5,945.0,1338.165550411813,0
2024-08-29 02:00:00,崙背變電所,SHANSHAN,5,945.0,1267.0184635430915,0
2024-08-29 02:00:00,常德變電所,SHANSHAN,5,945.0,1081.9977503222206,0
2024-08-29 02:00:00,嶺口二次變電所,SHANSHAN,5,945.0,1345.5239665161414,0
2024-08-29 02:00:00,龍明配電變電所,SHANSHAN,5,945.0,1103.8212544349315,0
2024-08-29 02:00:00,新工配電變電所,SHANSHAN,5,945.0,1141.8630635154775,0
2024-08-29 05:00:00,榮成變電所,SHANSHAN,5,955.0,1146.2191639514065,0
2024-08-29 05:00:00,西螺服務區,SHANSHAN,5,955.0,1291.3351031357342,0
2024-08-29 05:00:00,中部科學園區,SHANSHAN,5,955.0,1241.7943627970042,0
2024-08-29 05:00:00,興變電所,SHANSHAN,5,955.0,1291.5956270448776,0
2024-08-29 05:00:00,中正變電所,SHANSHAN,5,955.0,1115.860284415635,0
2024-08-29 05:00:00,成都變電所,SHANSHAN,5,955.0,1138.263237525958,0
2024-08-29 05:00:00,新豐配電變電所,SHANSHAN,5,955.0,1168.4349429620006,0
2024-08-29 05:00:00,內惟配電變電所,SHANSHAN,5,955.0,1395.4683198684745,0
2024-08-29 05:00:00,永華二次變電所,SHANSHAN,5,955.0,1373.8911956863983,0
2024-08-29 05:00:00,關西二次變電所,SHANSHAN,5,955.0,1162.7907741483652,0
2024-08-29 05:00:00,源海二次變電所,SHANSHAN,5,955.0,1115.8526213956638,0
2024-08-29 05:00:00,四湖配電變電所,SHANSHAN,5,955.0,1321.4624994227843,0
2024-08-29 05:00:00,新高港超高壓變電所,SHANSHAN,5,955.0,1395.1974511658238,0
2024-08-29 05:00:00,九曲配電變電所,SHANSHAN,5,955.0,1374.8859126291993,0
2024-08-29 05:00:00,崙背變電所,SHANSHAN,5,955.0,1302.710380330651,0
2024-08-29 05:00:00,常德變電所,SHANSHAN,5,955.0,1117.1093657964043,0
2024-08-29 05:00:00,嶺口二次變電所,SHANSHAN,5,955.0,1382.8236040694774,0
2024-08-29 05:00:00,龍明配電變電所,SHANSHAN,5,955.0,1138.677734903868,0
2024-08-29 05:00:00,新工配電變電所,SHANSHAN,5,955.0,1176.528519497734,0
2024-08-29 07:00:00,榮成變電所,SHANSHAN,5,955.0,1174.803153250205,0
2024-08-29 07:00:00,西螺服務區,SHANSHAN,5,955.0,1320.1527606288278,0
2024-08-29 07:00:00,中部科學園區,SHANSHAN,5,955.0,1270.5498946998332,0
2024-08-29 07:00:00,興變電所,SHANSHAN,5,955.0,1320.5632104231158,0
2024-08-29 07:00:00,中正變電所,SHANSHAN,5,955.0,1144.5967037639755,0
2024-08-29 07:00:00,成都變電所,SHANSHAN,5,955.0,1166.929157660885,0
2024-08-29 07:00:00,新豐配電變電所,SHANSHAN,5,955.0,1197.0301351462408,0
2024-08-29 07:00:00,內惟配電變電所,SHANSHAN,5,955.0,1424.4940480934217,0
2024-08-29 07:00:00,永華二次變電所,SHANSHAN,5,955.0,1402.8445791722274,0
2024-08-29 07:00:00,關西二次變電所,SHANSHAN,5,955.0,1191.4924327363447,0
2024-08-29 07:00:00,源海二次變電所,SHANSHAN,5,955.0,1144.5890042572664,0
2024-08-29 07:00:00,四湖配電變電所,SHANSHAN,5,955.0,1350.263530600187,0
2024-08-29 07:00:00,新高港超高壓變電所,SHANSHAN,5,955.0,1424.257068959614,0
2024-08-29 07:00:00,九曲配電變電所,SHANSHAN,5,955.0,1403.836794738875,0
2024-08-29 07:00:00,崙背變電所,SHANSHAN,5,955.0,1331.510200633949,0
2024-08-29 07:00:00,常德變電所,SHANSHAN,5,955.0,1145.8212620014503,0
2024-08-29 07:00:00,嶺口二次變電所,SHANSHAN,5,955.0,1411.8467735683757,0
2024-08-29 07:00:00,龍明配電變電所,SHANSHAN,5,955.0,1167.3422418835478,0
2024-08-29 07:00:00,新工配電變電所,SHANSHAN,5,955.0,1205.1548036349905,0
2024-08-29 08:00:00,榮成變電所,SHANSHAN,5,960.0,1195.6597523974388,0
2024-08-29 08:00:00,西螺服務區,SHANSHAN,5,960.0,1342.0867085248988,0
2024-08-29 08:00:00,中部科學園區,SHANSHAN,5,960.0,1292.1747924739568,0
2024-08-29 08:00:00,興變電所,SHANSHAN,5,960.0,1343.3860360947706,0
2024-08-29 08:00:00,中正變電所,SHANSHAN,5,960.0,1166.1607829580298,0
2024-08-29 08:00:00,成都變電所,SHANSHAN,5,960.0,1188.1530287090004,0
2024-08-29 08:00:00,新豐配電變電所,SHANSHAN,5,960.0,1217.9288339291215,0
2024-08-29 08:00:00,內惟配電變電所,SHANSHAN,5,960.0,1447.7150441709832,0
2024-08-29 08:00:00,永華二次變電所,SHANSHAN,5,960.0,1425.5583470509368,0
2024-08-29 08:00:00,關西二次變電所,SHANSHAN,5,960.0,1212.8759639763662,0
2024-08-29 08:00:00,源海二次變電所,SHANSHAN,5,960.0,1166.1529076445593,0
2024-08-29 08:00:00,四湖配電變電所,SHANSHAN,5,960.0,1372.1032053101376,0
2024-08-29 08:00:00,新高港超高壓變電所,SHANSHAN,5,960.0,1447.7531352934002,0
2024-08-29 08:00:00,九曲配電變電所,SHANSHAN,5,960.0,1426.5341018384165,0
2024-08-29 08:00:00,崙背變電所,SHANSHAN,5,960.0,1353.3474808490516,0
2024-08-29 08:00:00,常德變電所,SHANSHAN,5,960.0,1167.266623982777,0
2024-08-29 08:00:00,嶺口二次變電所,SHANSHAN,5,960.0,1435.0501673862557,0
2024-08-29 08:00:00,龍明配電變電所,SHANSHAN,5,960.0,1188.5595028899925,0
2024-08-29 08:00:00,新工配電變電所,SHANSHAN,5,960.0,1226.1882925330808,0
2024-08-29 11:00:00,榮成變電所,SHANSHAN,5,970.0,1209.9558018669813,0
2024-08-29 11:00:00,西螺服務區,SHANSHAN,5,970.0,1357.5995144486274,0
2024-08-29 11:00:00,中部科學園區,SHANSHAN,5,970.0,1307.3381822700344,0
2024-08-29 11:00:00,興變電所,SHANSHAN,5,970.0,1359.9863112547066,0
2024-08-29 11:00:00,中正變電所,SHANSHAN,5,970.0,1181.3249787630004,0
2024-08-29 11:00:00,成都變電所,SHANSHAN,5,970.0,1202.893785944431,0
2024-08-29 11:00:00,新豐配電變電所,SHANSHAN,5,970.0,1232.2612291804571,0
2024-08-29 11:00:00,內惟配電變電所,SHANSHAN,5,970.0,1464.7633478973999,0
2024-08-29 11:00:00,永華二次變電所,SHANSHAN,5,970.0,1441.9880088418713,0
2024-08-29 11:00:00,關西二次變電所,SHANSHAN,5,970.0,1227.793242016825,0
2024-08-29 11:00:00,源海二次變電所,SHANSHAN,5,970.0,1181.3168966742794,0
2024-08-29 11:00:00,四湖配電變電所,SHANSHAN,5,970.0,1387.4870566344573,0
2024-08-29 11:00:00,新高港超高壓變電所,SHANSHAN,5,970.0,1465.1440320768102,0
2024-08-29 11:00:00,九曲配電變電所,SHANSHAN,5,970.0,1442.9430764950055,0
2024-08-29 11:00:00,崙背變電所,SHANSHAN,5,970.0,1368.7373383965023,0
2024-08-29 11:00:00,常德變電所,SHANSHAN,5,970.0,1182.287112061832,0
2024-08-29 11:00:00,嶺口二次變電所,SHANSHAN,5,970.0,1452.081640431173,0
2024-08-29 11:00:00,龍明配電變電所,SHANSHAN,5,970.0,1203.2920654714314,0
2024-08-29 11:00:00,新工配電變電所,SHANSHAN,5,970.0,1240.677042127139,0
2024-08-29 14:00:00,榮成變電所,SHANSHAN,4,980.0,1224.6182455371068,0
2024-08-29 14:00:00,西螺服務區,SHANSHAN,4,980.0,1372.8588914766797,0
2024-08-29 14:00:00,中部科學園區,SHANSHAN,4,980.0,1322.4278249683232,0
2024-08-29 14:00:00,興變電所,SHANSHAN,4,980.0,1375.8021428511993,0
2024-08-29 14:00:00,中正變電所,SHANSHAN,4,980.0,1196.4469328989226,0
2024-08-29 14:00:00,成都變電所,SHANSHAN,4,980.0,1217.7902325158036,0
2024-08-29 14:00:00,新豐配電變電所,SHANSHAN,4,980.0,1246.936612921867,0
2024-08-29 14:00:00,內惟配電變電所,SHANSHAN,4,980.0,1480.7872457471044,0
2024-08-29 14:00:00,永華二次變電所,SHANSHAN,4,980.0,1457.701662063196,0
2024-08-29 14:00:00,關西二次變電所,SHANSHAN,4,980.0,1242.7747268776398,0
2024-08-29 14:00:00,源海二次變電所,SHANSHAN,4,980.0,1196.4387462225739,0
2024-08-29 14:00:00,四湖配電變電所,SHANSHAN,4,980.0,1402.6736286877167,0
2024-08-29 14:00:00,新高港超高壓變電所,SHANSHAN,4,980.0,1481.340567577122,0
2024-08-29 14:00:00,九曲配電變電所,SHANSHAN,4,980.0,1458.6460052713142,0
2024-08-29 14:00:00,崙背變電所,SHANSHAN,4,980.0,1383.9308564604448,0
2024-08-29 14:00:00,常德變電所,SHANSHAN,4,980.0,1197.3344620682462,0
2024-08-29 14:00:00,嶺口二次變電所,SHANSHAN,4,980.0,1468.099157519528,0
2024-08-29 14:00:00,龍明配電變電所,SHANSHAN,4,980.0,1218.184139781044,0
2024-08-29 14:00:00,新工配電變電所,SHANSHAN,4,980.0,1255.4319629748072,0
2024-08-29 17:00:00,榮成變電所,SHANSHAN,4,985.0,1245.9954801793435,0
2024-08-29 17:00:00,西螺服務區,SHANSHAN,4,985.0,1394.0797253007195,0
2024-08-29 17:00:00,中部科學園區,SHANSHAN,4,985.0,1343.6963562117708,0
2024-08-29 17:00:00,興變電所,SHANSHAN,4,985.0,1396.8442833718095,0
2024-08-29 17:00:00,中正變電所,SHANSHAN,4,985.0,1217.7042547552353,0
2024-08-29 17:00:00,成都變電所,SHANSHAN,4,985.0,1239.1089246116096,0
2024-08-29 17:00:00,新豐配電變電所,SHANSHAN,4,985.0,1268.3111246206806,0
2024-08-29 17:00:00,永華二次變電所,SHANSHAN,4,985.0,1478.7801573652866,0
2024-08-29 17:00:00,關西二次變電所,SHANSHAN,4,985.0,1264.0714236334593,0
2024-08-29 17:00:00,源海二次變電所,SHANSHAN,4,985.0,1217.6960972896004,0
2024-08-29 17:00:00,四湖配電變電所,SHANSHAN,4,985.0,1423.9160120325346,0
2024-08-29 17:00:00,九曲配電變電所,SHANSHAN,4,985.0,1479.7281428869708,0
2024-08-29 17:00:00,崙背變電所,SHANSHAN,4,985.0,1405.1709790831396,0
2024-08-29 17:00:00,常德變電所,SHANSHAN,4,985.0,1218.6124909197736,0
2024-08-29 17:00:00,嶺口二次變電所,SHANSHAN,4,985.0,1489.06986167552,0
2024-08-29 17:00:00,龍明配電變電所,SHANSHAN,4,985.0,1239.503975261049,0
2024-08-29 17:00:00,新工配電變電所,SHANSHAN,4,985.0,1276.7872175118505,0
2024-08-29 20:00:00,榮成變電所,SHANSHAN,3,990.0,1253.0308212485174,0
2024-08-29 20:00:00,西螺服務區,SHANSHAN,3,990.0,1400.8932521110405,0
2024-08-29 20:00:00,中部科學園區,SHANSHAN,3,990.0,1350.5747129567608,0
2024-08-29 20:00:00,興變電所,SHANSHAN,3,990.0,1403.4351439785444,0
2024-08-29 20:00:00,中正變電所,SHANSHAN,3,990.0,1224.5701217394326,0
2024-08-29 20:00:00,成都變電所,SHANSHAN,3,990.0,1246.0591353313243,0
2024-08-29 20:00:00,新豐配電變電所,SHANSHAN,3,990.0,1275.341941427037,0
2024-08-29 20:00:00,永華二次變電所,SHANSHAN,3,990.0,1485.4128898029035,0
2024-08-29 20:00:00,關西二次變電所,SHANSHAN,3,990.0,1270.9901931220127,0
2024-08-29 20:00:00,源海二次變電所,SHANSHAN,3,990.0,1224.5620038703294,0
2024-08-29 20:00:00,四湖配電變電所,SHANSHAN,3,990.0,1430.757587663804,0
2024-08-29 20:00:00,九曲配電變電所,SHANSHAN,3,990.0,1486.3652621793792,0
2024-08-29 20:00:00,崙背變電所,SHANSHAN,3,990.0,1412.0098704279906,0
2024-08-29 20:00:00,常德變電所,SHANSHAN,3,990.0,1225.5064904775295,0
2024-08-29 20:00:00,嶺口二次變電所,SHANSHAN,3,990.0,1495.575683765329,0
2024-08-29 20:00:00,龍明配電變電所,SHANSHAN,3,990.0,1246.4557993909682,0
2024-08-29 20:00:00,新工配電變電所,SHANSHAN,3,990.0,1283.7893568311476,0
2024-08-29 23:00:00,榮成變電所,SHANSHAN,3,992.0,1267.377169771311,0
2024-08-29 23:00:00,西螺服務區,SHANSHAN,3,992.0,1415.3101705057863,0
2024-08-29 23:00:00,中部科學園區,SHANSHAN,3,992.0,1364.9730983439258,0
2024-08-29 23:00:00,興變電所,SHANSHAN,3,992.0,1417.9030920188961,0
2024-08-29 23:00:00,中正變電所,SHANSHAN,3,992.0,1238.9718641512497,0
2024-08-29 23:00:00,成都變電所,SHANSHAN,3,992.0,1260.4348380568795,0
2024-08-29 23:00:00,新豐配電變電所,SHANSHAN,3,992.0,1289.6899922116152,0
2024-08-29 23:00:00,永華二次變電所,SHANSHAN,3,992.0,1499.8727753515336,0
2024-08-29 23:00:00,關西二次變電所,SHANSHAN,3,992.0,1285.3760354965602,0
2024-08-29 23:00:00,源海二次變電所,SHANSHAN,3,992.0,1238.9637346860582,0
2024-08-29 23:00:00,四湖配電變電所,SHANSHAN,3,992.0,1445.1668047786693,0
2024-08-29 23:00:00,崙背變電所,SHANSHAN,3,992.0,1426.4198050284251,0
2024-08-29 23:00:00,常德變電所,SHANSHAN,3,992.0,1239.899853505277,0
2024-08-29 23:00:00,龍明配電變電所,SHANSHAN,3,992.0,1260.8309752747582,0
2024-08-29 23:00:00,新工配電變電所,SHANSHAN,3,992.0,1298.1476174535958,0
2024-08-30 02:00:00,榮成變電所,SHANSHAN,3,992.0,1296.051391703269,0
2024-08-30 02:00:00,西螺服務區,SHANSHAN,3,992.0,1444.1222687194706,0
2024-08-30 02:00:00,中部科學園區,SHANSHAN,3,992.0,1393.7488828283754,0
2024-08-30 02:00:00,興變電所,SHANSHAN,3,992.0,1446.8163212905633,0
2024-08-30 02:00:00,中正變電所,SHANSHAN,3,992.0,1267.7550460931475,0
2024-08-30 02:00:00,成都變電所,SHANSHAN,3,992.0,1289.1667159926922,0
2024-08-30 02:00:00,新豐配電變電所,SHANSHAN,3,992.0,1318.3673476818735,0
2024-08-30 02:00:00,關西二次變電所,SHANSHAN,3,992.0,1314.1276439221333,0
2024-08-30 02:00:00,源海二次變電所,SHANSHAN,3,992.0,1267.7468938950453,0
2024-08-30 02:00:00,四湖配電變電所,SHANSHAN,3,992.0,1473.9635452632053,0
2024-08-30 02:00:00,崙背變電所,SHANSHAN,3,992.0,1455.2180528432725,0
2024-08-30 02:00:00,常德變電所,SHANSHAN,3,992.0,1268.6665665315377,0
2024-08-30 02:00:00,龍明配電變電所,SHANSHAN,3,992.0,1289.5618157338024,0
2024-08-30 02:00:00,新工配電變電所,SHANSHAN,3,992.0,1326.8449406775305,0
2024-08-30 05:00:00,榮成變電所,SHANSHAN,3,992.0,1338.654728015173,0
2024-08-30 05:00:00,西螺服務區,SHANSHAN,3,992.0,1485.9529402028081,0
2024-08-30 05:00:00,中部科學園區,SHANSHAN,3,992.0,1435.8087312310254,0
2024-08-30 05:00:00,興變電所,SHANSHAN,3,992.0,1487.8655322298373,0
2024-08-30 05:00:00,中正變電所,SHANSHAN,3,992.0,1309.78637883178,0
2024-08-30 05:00:00,成都變電所,SHANSHAN,3,992.0,1331.4830535634817,0
2024-08-30 05:00:00,新豐配電變電所,SHANSHAN,3,992.0,1360.953440574454,0
2024-08-30 05:00:00,關西二次變電所,SHANSHAN,3,992.0,1356.3343041997148,0
2024-08-30 05:00:00,源海二次變電所,SHANSHAN,3,992.0,1309.778363156494,0
2024-08-30 05:00:00,崙背變電所,SHANSHAN,3,992.0,1497.1354874703231,0
2024-08-30 05:00:00,常德變電所,SHANSHAN,3,992.0,1310.7939163286535,0
2024-08-30 05:00:00,龍明配電變電所,SHANSHAN,3,992.0,1331.8835880579409,0
2024-08-30 05:00:00,新工配電變電所,SHANSHAN,3,992.0,1369.3334706094586,0
2024-08-30 08:00:00,榮成變電所,SHANSHAN,3,994.0,1381.4449204934676,0
2024-08-30 08:00:00,中部科學園區,SHANSHAN,3,994.0,1478.7699050995238,0
2024-08-30 08:00:00,中正變電所,SHANSHAN,3,994.0,1352.7518313353792,0
2024-08-30 08:00:00,成都變電所,SHANSHAN,3,994.0,1374.365774262232,0
2024-08-30 08:00:00,新豐配電變電所,SHANSHAN,3,994.0,1403.7501492402273,0
2024-08-30 08:00:00,關西二次變電所,SHANSHAN,3,994.0,1399.250881486528,0
2024-08-30 08:00:00,源海二次變電所,SHANSHAN,3,994.0,1352.7437774148661,0
2024-08-30 08:00:00,常德變電所,SHANSHAN,3,994.0,1353.7322241383088,0
2024-08-30 08:00:00,龍明配電變電所,SHANSHAN,3,994.0,1374.7646485223197,0
2024-08-30 08:00:00,新工配電變電所,SHANSHAN,3,994.0,1412.1627970136424,0
2024-08-30 11:00:00,榮成變電所,SHANSHAN,3,994.0,1417.0245295829568,0
2024-08-30 11:00:00,中正變電所,SHANSHAN,3,994.0,1388.3015503750064,0
2024-08-30 11:00:00,成都變電所,SHANSHAN,3,994.0,1409.9327354449576,0
2024-08-30 11:00:00,新豐配電變電所,SHANSHAN,3,994.0,1439.3290999993562,0
2024-08-30 11:00:00,關西二次變電所,SHANSHAN,3,994.0,1434.8116060028372,0
2024-08-30 11:00:00,源海二次變電所,SHANSHAN,3,994.0,1388.2935058820037,0
2024-08-30 11:00:00,常德變電所,SHANSHAN,3,994.0,1389.2882835713444,0
2024-08-30 11:00:00,龍明配電變電所,SHANSHAN,3,994.0,1410.3318941634989,0
2024-08-30 11:00:00,新工配電變電所,SHANSHAN,3,994.0,1447.737870423997,0
2024-08-30 14:00:00,榮成變電所,SHANSHAN,3,994.0,1459.8250433278558,0
2024-08-30 14:00:00,中正變電所,SHANSHAN,3,994.0,1430.609838017475,0
2024-08-30 14:00:00,成都變電所,SHANSHAN,3,994.0,1452.4846025589059,0
2024-08-30 14:00:00,新豐配電變電所,SHANSHAN,3,994.0,1482.1112108381062,0
2024-08-30 14:00:00,關西二次變電所,SHANSHAN,3,994.0,1477.2636068697507,0
2024-08-30 14:00:00,源海二次變電所,SHANSHAN,3,994.0,1430.6019136283066,0
2024-08-30 14:00:00,常德變電所,SHANSHAN,3,994.0,1431.6797189430397,0
2024-08-30 14:00:00,龍明配電變電所,SHANSHAN,3,994.0,1452.8884194842217,0
2024-08-30 14:00:00,新工配電變電所,SHANSHAN,3,994.0,1490.4335669537975,0
2024-08-31 20:00:00,內惟配電變電所,YAGI,2,1004.0,1487.5286076046357,0
2024-08-31 20:00:00,新高港超高壓變電所,YAGI,2,1004.0,1471.341702867484,0
2024-08-31 20:00:00,嶺口二次變電所,YAGI,2,1004.0,1490.6842966542486,0
2024-09-01 02:00:00,興變電所,YAGI,2,1004.0,1457.005504693596,0
2024-09-01 02:00:00,內惟配電變電所,YAGI,2,1004.0,1407.3034432776637,0
2024-09-01 02:00:00,永華二次變電所,YAGI,2,1004.0,1441.308920672646,0
2024-09-01 02:00:00,新高港超高壓變電所,YAGI,2,1004.0,1391.4079482456161,0
2024-09-01 02:00:00,九曲配電變電所,YAGI,2,1004.0,1441.9987684349344,0
2024-09-01 02:00:00,嶺口二次變電所,YAGI,2,1004.0,1411.4474312120603,0
2024-09-01 08:00:00,西螺服務區,YAGI,2,1002.0,1443.710482673578,0
2024-09-01 08:00:00,中部科學園區,YAGI,2,1002.0,1475.247924567315,0
2024-09-01 08:00:00,興變電所,YAGI,2,1002.0,1398.867210457368,0
2024-09-01 08:00:00,內惟配電變電所,YAGI,2,1002.0,1341.5520518211495,0
2024-09-01 08:00:00,永華二次變電所,YAGI,2,1002.0,1376.6044589774147,0
2024-09-01 08:00:00,四湖配電變電所,YAGI,2,1002.0,1439.0177895167183,0
2024-09-01 08:00:00,新高港超高壓變電所,YAGI,2,1002.0,1326.0625734253006,0
2024-09-01 08:00:00,九曲配電變電所,YAGI,2,1002.0,1377.1967161607395,0
2024-09-01 08:00:00,崙背變電所,YAGI,2,1002.0,1444.9214098106672,0
2024-09-01 08:00:00,嶺口二次變電所,YAGI,2,1002.0,1346.6740252431534,0
2024-09-01 14:00:00,榮成變電所,YAGI,3,1000.0,1392.8774643156646,0
2024-09-01 14:00:00,西螺服務區,YAGI,3,1000.0,1285.7581620873025,0
2024-09-01 14:00:00,中部科學園區,YAGI,3,1000.0,1319.9028856427205,0
2024-09-01 14:00:00,興變電所,YAGI,3,1000.0,1242.0300352658865,0
2024-09-01 14:00:00,中正變電所,YAGI,3,1000.0,1377.6466784580273,0
2024-09-01 14:00:00,成都變電所,YAGI,3,1000.0,1381.1897507971546,0
2024-09-01 14:00:00,新豐配電變電所,YAGI,3,1000.0,1381.852162294322,1
2024-09-01 14:00:00,內惟配電變電所,YAGI,3,1000.0,1179.0671709953988,0
2024-09-01 14:00:00,永華二次變電所,YAGI,3,1000.0,1214.7468696529454,0
2024-09-01 14:00:00,關西二次變電所,YAGI,3,1000.0,1363.723691592259,0
2024-09-01 14:00:00,源海二次變電所,YAGI,3,1000.0,1377.6573536093813,0
2024-09-01 14:00:00,四湖配電變電所,YAGI,3,1000.0,1279.2056507129807,0
2024-09-01 14:00:00,新高港超高壓變電所,YAGI,3,1000.0,1163.9498885714916,0
2024-09-01 14:00:00,九曲配電變電所,YAGI,3,1000.0,1215.2636223675988,0
2024-09-01 14:00:00,崙背變電所,YAGI,3,1000.0,1286.1929654860696,0
2024-09-01 14:00:00,常德變電所,YAGI,3,1000.0,1381.8246956766438,0
2024-09-01 14:00:00,嶺口二次變電所,YAGI,3,1000.0,1184.8965302217648,0
2024-09-01 14:00:00,龍明配電變電所,YAGI,3,1000.0,1381.277385051093,0
2024-09-01 14:00:00,新工配電變電所,YAGI,3,1000.0,1372.775973217395,0
2024-09-01 20:00:00,榮成變電所,YAGI,3,1000.0,1275.8654141127906,0
2024-09-01 20:00:00,西螺服務區,YAGI,3,1000.0,1165.2538699103116,0
2024-09-01 20:00:00,中部科學園區,YAGI,3,1000.0,1200.563052566732,0
2024-09-01 20:00:00,興變電所,YAGI,3,1000.0,1122.1032131392137,0
2024-09-01 20:00:00,中正變電所,YAGI,3,1000.0,1262.111414563145,0
2024-09-01 20:00:00,成都變電所,YAGI,3,1000.0,1264.6776750920897,0
2024-09-01 20:00:00,新豐配電變電所,YAGI,3,1000.0,1264.1919532935906,1
2024-09-01 20:00:00,內惟配電變電所,YAGI,3,1000.0,1056.7288510272426,0
2024-09-01 20:00:00,永華二次變電所,YAGI,3,1000.0,1092.6282488947677,0
2024-09-01 20:00:00,關西二次變電所,YAGI,3,1000.0,1246.5604336896922,0
2024-09-01 20:00:00,源海二次變電所,YAGI,3,1000.0,1262.1221985077689,0
2024-09-01 20:00:00,四湖配電變電所,YAGI,3,1000.0,1157.88323745319,0
2024-09-01 20:00:00,新高港超高壓變電所,YAGI,3,1000.0,1041.7820584146384,0
2024-09-01 20:00:00,九曲配電變電所,YAGI,3,1000.0,1093.1132144742476,0
2024-09-01 20:00:00,崙背變電所,YAGI,3,1000.0,1165.3389564929244,0
2024-09-01 20:00:00,常德變電所,YAGI,3,1000.0,1266.1548899988554,0
2024-09-01 20:00:00,嶺口二次變電所,YAGI,3,1000.0,1062.8444592257013,0
2024-09-01 20:00:00,龍明配電變電所,YAGI,3,1000.0,1264.7475082916503,0
2024-09-01 20:00:00,新工配電變電所,YAGI,3,1000.0,1254.9588260945316,0
2024-09-02 02:00:00,榮成變電所,YAGI,3,996.0,1193.3495296162823,0
2024-09-02 02:00:00,西螺服務區,YAGI,3,996.0,1072.9805331843602,0
2024-09-02 02:00:00,中部科學園區,YAGI,3,996.0,1111.79422587883,0
2024-09-02 02:00:00,興變電所,YAGI,3,996.0,1031.9885121577279,0
2024-09-02 02:00:00,中正變電所,YAGI,3,996.0,1183.5812584227997,0
2024-09-02 02:00:00,成都變電所,YAGI,3,996.0,1183.574574848457,0
2024-09-02 02:00:00,新豐配電變電所,YAGI,3,996.0,1179.9584776526265,1
2024-09-02 02:00:00,內惟配電變電所,YAGI,3,996.0,958.4652395172114,0
2024-09-02 02:00:00,永華二次變電所,YAGI,3,996.0,995.0107915860121,0
2024-09-02 02:00:00,關西二次變電所,YAGI,3,996.0,1163.8089223301129,0
2024-09-02 02:00:00,源海二次變電所,YAGI,3,996.0,1183.5922529290494,0
2024-09-02 02:00:00,四湖配電變電所,YAGI,3,996.0,1062.8415310821376,0
2024-09-02 02:00:00,新高港超高壓變電所,YAGI,3,996.0,944.2925528600589,0
2024-09-02 02:00:00,九曲配電變電所,YAGI,3,996.0,995.3690909805648,0
2024-09-02 02:00:00,崙背變電所,YAGI,3,996.0,1071.8866364703267,0
2024-09-02 02:00:00,常德變電所,YAGI,3,996.0,1187.2521591401135,0
2024-09-02 02:00:00,嶺口二次變電所,YAGI,3,996.0,965.6699326007531,0
2024-09-02 02:00:00,龍明配電變電所,YAGI,3,996.0,1183.5965139524521,0
2024-09-02 02:00:00,新工配電變電所,YAGI,3,996.0,1170.3389533332245,0
2024-09-02 08:00:00,榮成變電所,YAGI,3,994.0,1100.220760810908,0
2024-09-02 08:00:00,西螺服務區,YAGI,3,994.0,978.7260958764066,0
2024-09-02 08:00:00,中部科學園區,YAGI,3,994.0,1017.8691394856603,0
2024-09-02 08:00:00,興變電所,YAGI,3,994.0,937.9619750905684,0
2024-09-02 08:00:00,中正變電所,YAGI,3,994.0,1091.1474410749215,0
2024-09-02 08:00:00,成都變電所,YAGI,3,994.0,1090.6844942402877,0
2024-09-02 08:00:00,新豐配電變電所,YAGI,3,994.0,1086.5789158606522,0
2024-09-02 08:00:00,內惟配電變電所,YAGI,3,994.0,863.891493421709,0
2024-09-02 08:00:00,永華二次變電所,YAGI,3,994.0,900.4526074809876,0
2024-09-02 08:00:00,關西二次變電所,YAGI,3,994.0,1070.6668381908614,0
2024-09-02 08:00:00,源海二次變電所,YAGI,3,994.0,1091.1584635427398,0
2024-09-02 08:00:00,四湖配電變電所,YAGI,3,994.0,968.3908533487453,0
2024-09-02 08:00:00,新高港超高壓變電所,YAGI,3,994.0,849.7494685391977,0
2024-09-02 08:00:00,九曲配電變電所,YAGI,3,994.0,900.8063465878381,0
2024-09-02 08:00:00,崙背變電所,YAGI,3,994.0,977.5389036320801,0
2024-09-02 08:00:00,常德變電所,YAGI,3,994.0,1094.7458223350088,0
2024-09-02 08:00:00,嶺口二次變電所,YAGI,3,994.0,871.1351769569358,0
2024-09-02 08:00:00,龍明配電變電所,YAGI,3,994.0,1090.6983547383686,0
2024-09-02 08:00:00,新工配電變電所,YAGI,3,994.0,1076.9103973842798,0
2024-09-02 14:00:00,榮成變電所,YAGI,3,994.0,990.8483652798951,0
2024-09-02 14:00:00,西螺服務區,YAGI,3,994.0,864.094786898013,0
2024-09-02 14:00:00,中部科學園區,YAGI,3,994.0,905.0941659118904,0
2024-09-02 14:00:00,興變電所,YAGI,3,994.0,824.7990915393276,0
2024-09-02 14:00:00,中正變電所,YAGI,3,994.0,984.3854761993471,0
2024-09-02 14:00:00,成都變電所,YAGI,3,994.0,982.2584954783722,0
2024-09-02 14:00:00,新豐配電變電所,YAGI,3,994.0,976.2086235691173,0
2024-09-02 14:00:00,內惟配電變電所,YAGI,3,994.0,746.4605087526935,0
2024-09-02 14:00:00,永華二次變電所,YAGI,3,994.0,783.212539370066,0
2024-09-02 14:00:00,關西二次變電所,YAGI,3,994.0,961.305918962685,0
2024-09-02 14:00:00,源海二次變電所,YAGI,3,994.0,984.3965691056757,0
2024-09-02 14:00:00,四湖配電變電所,YAGI,3,994.0,852.2612123076525,0
2024-09-02 14:00:00,新高港超高壓變電所,YAGI,3,994.0,732.7996457835826,0
2024-09-02 14:00:00,九曲配電變電所,YAGI,3,994.0,783.497724712018,0
2024-09-02 14:00:00,崙背變電所,YAGI,3,994.0,862.2475144048731,0
2024-09-02 14:00:00,常德變電所,YAGI,3,994.0,987.7179827202639,0
2024-09-02 14:00:00,嶺口二次變電所,YAGI,3,994.0,754.2586223219822,0
2024-09-02 14:00:00,龍明配電變電所,YAGI,3,994.0,982.2416804514573,0
2024-09-02 14:00:00,新工配電變電所,YAGI,3,994.0,966.3511455276396,0
2024-09-02 20:00:00,榮成變電所,YAGI,3,996.0,864.3022103993649,0
2024-09-02 20:00:00,西螺服務區,YAGI,3,996.0,733.9296061705935,0
2024-09-02 20:00:00,中部科學園區,YAGI,3,996.0,776.1566574285557,0
2024-09-02 20:00:00,興變電所,YAGI,3,996.0,695.7515372170272,0
2024-09-02 20:00:00,中正變電所,YAGI,3,996.0,859.9722661753182,0
2024-09-02 20:00:00,成都變電所,YAGI,3,996.0,856.4872553682005,0
2024-09-02 20:00:00,新豐配電變電所,YAGI,3,996.0,848.9203911418032,0
2024-09-02 20:00:00,內惟配電變電所,YAGI,3,996.0,614.7053431129443,0
2024-09-02 20:00:00,永華二次變電所,YAGI,3,996.0,651.5211463202418,0
2024-09-02 20:00:00,關西二次變電所,YAGI,3,996.0,834.8416793762962,0
2024-09-02 20:00:00,源海二次變電所,YAGI,3,996.0,859.9833841234456,0
2024-09-02 20:00:00,四湖配電變電所,YAGI,3,996.0,721.1449710429292,0
2024-09-02 20:00:00,新高港超高壓變電所,YAGI,3,996.0,601.3498804550159,0
2024-09-02 20:00:00,九曲配電變電所,YAGI,3,996.0,651.766638852745,0
2024-09-02 20:00:00,崙背變電所,YAGI,3,996.0,731.6477298624885,0
2024-09-02 20:00:00,常德變電所,YAGI,3,996.0,863.0739911424473,0
2024-09-02 20:00:00,嶺口二次變電所,YAGI,3,996.0,622.8211249633638,0
2024-09-02 20:00:00,龍明配電變電所,YAGI,3,996.0,856.445776017034,0
2024-09-02 20:00:00,新工配電變電所,YAGI,3,996.0,838.939835910094,0
2024-09-03 02:00:00,榮成變電所,YAGI,3,1000.0,773.4606142884476,0
2024-09-03 02:00:00,西螺服務區,YAGI,3,1000.0,636.0808935196774,0
2024-09-03 02:00:00,中部科學園區,YAGI,3,1000.0,680.924194557982,0
2024-09-03 02:00:00,興變電所,YAGI,3,1000.0,600.8120149328881,0
2024-09-03 02:00:00,中正變電所,YAGI,3,1000.0,773.1133871274376,0
2024-09-03 02:00:00,成都變電所,YAGI,3,1000.0,767.1641134432135,0
2024-09-03 02:00:00,新豐配電變電所,YAGI,3,1000.0,756.7166642877817,0
2024-09-03 02:00:00,內惟配電變電所,YAGI,3,1000.0,513.1674335757783,0
2024-09-03 02:00:00,永華二次變電所,YAGI,3,1000.0,549.96121807976,0
2024-09-03 02:00:00,關西二次變電所,YAGI,3,1000.0,744.3389921310438,0
2024-09-03 02:00:00,源海二次變電所,YAGI,3,1000.0,773.1244731902403,0
2024-09-03 02:00:00,四湖配電變電所,YAGI,3,1000.0,620.8906943198249,0
2024-09-03 02:00:00,新高港超高壓變電所,YAGI,3,1000.0,500.8605828044995,0
2024-09-03 02:00:00,九曲配電變電所,YAGI,3,1000.0,550.0811062125789,0
2024-09-03 02:00:00,崙背變電所,YAGI,3,1000.0,632.7150693873051,0
2024-09-03 02:00:00,常德變電所,YAGI,3,1000.0,775.7788670921017,0
2024-09-03 02:00:00,嶺口二次變電所,YAGI,3,1000.0,522.2183039251057,0
2024-09-03 02:00:00,龍明配電變電所,YAGI,3,1000.0,767.0766788630884,0
2024-09-03 02:00:00,新工配電變電所,YAGI,3,1000.0,746.5480622320347,0
2024-09-03 08:00:00,榮成變電所,YAGI,3,996.0,778.4655548839331,0
2024-09-03 08:00:00,西螺服務區,YAGI,3,996.0,629.0045554310399,0
2024-09-03 08:00:00,中部科學園區,YAGI,3,996.0,678.7223986854748,0
2024-09-03 08:00:00,興變電所,YAGI,3,996.0,602.3675217694744,0
2024-09-03 08:00:00,中正變電所,YAGI,3,996.0,786.4337112860987,0
2024-09-03 08:00:00,成都變電所,YAGI,3,996.0,775.5802349872445,0
2024-09-03 08:00:00,新豐配電變電所,YAGI,3,996.0,759.1852229439714,0
2024-09-03 08:00:00,內惟配電變電所,YAGI,3,996.0,501.74693203278366,0
2024-09-03 08:00:00,永華二次變電所,YAGI,3,996.0,536.5208173125901,0
2024-09-03 08:00:00,關西二次變電所,YAGI,3,996.0,750.8847262647419,0
2024-09-03 08:00:00,源海二次變電所,YAGI,3,996.0,786.4444344417553,0
2024-09-03 08:00:00,四湖配電變電所,YAGI,3,996.0,608.0051591113811,0
2024-09-03 08:00:00,新高港超高壓變電所,YAGI,3,996.0,493.16006877376196,0
2024-09-03 08:00:00,九曲配電變電所,YAGI,3,996.0,536.2696650278143,0
2024-09-03 08:00:00,崙背變電所,YAGI,3,996.0,622.9410594122379,0
2024-09-03 08:00:00,常德變電所,YAGI,3,996.0,788.1474809943606,0
2024-09-03 08:00:00,嶺口二次變電所,YAGI,3,996.0,512.9676718913149,0
2024-09-03 08:00:00,龍明配電變電所,YAGI,3,996.0,775.3984811951599,0
2024-09-03 08:00:00,新工配電變電所,YAGI,3,996.0,748.882888159138,0
2024-09-03 14:00:00,榮成變電所,YAGI,3,992.0,761.3275110598183,0
2024-09-03 14:00:00,西螺服務區,YAGI,3,992.0,608.4805135645402,0
2024-09-03 14:00:00,中部科學園區,YAGI,3,992.0,659.6233721058902,0
2024-09-03 14:00:00,興變電所,YAGI,3,992.0,586.5074376125302,0
2024-09-03 14:00:00,中正變電所,YAGI,3,992.0,773.1513542584596,0
2024-09-03 14:00:00,成都變電所,YAGI,3,992.0,760.0994144815658,0
2024-09-03 14:00:00,新豐配電變電所,YAGI,3,992.0,741.0977207788918,0
2024-09-03 14:00:00,內惟配電變電所,YAGI,3,992.0,482.21918516745905,0
2024-09-03 14:00:00,永華二次變電所,YAGI,3,992.0,515.034567903417,0
2024-09-03 14:00:00,關西二次變電所,YAGI,3,992.0,734.8449350101412,0
2024-09-03 14:00:00,源海二次變電所,YAGI,3,992.0,773.1617678146727,0
2024-09-03 14:00:00,四湖配電變電所,YAGI,3,992.0,585.1338550006118,0
2024-09-03 14:00:00,新高港超高壓變電所,YAGI,3,992.0,475.7025729045883,0
2024-09-03 14:00:00,九曲配電變電所,YAGI,3,992.0,514.6115564982997,0
2024-09-03 14:00:00,崙背變電所,YAGI,3,992.0,601.2518394955749,0
2024-09-03 14:00:00,常德變電所,YAGI,3,992.0,774.3890036186004,0
2024-09-03 14:00:00,嶺口二次變電所,YAGI,3,992.0,494.15490859314775,0
2024-09-03 14:00:00,龍明配電變電所,YAGI,3,992.0,759.8751511355503,0
2024-09-03 14:00:00,新工配電變電所,YAGI,3,992.0,730.8719282600784,0
2024-09-03 20:00:00,榮成變電所,YAGI,4,990.0,739.2937757069616,0
2024-09-03 20:00:00,西螺服務區,YAGI,4,990.0,585.156471090463,0
2024-09-03 20:00:00,中部科學園區,YAGI,4,990.0,636.8719652036758,0
2024-09-03 20:00:00,興變電所,YAGI,4,990.0,566.1417702440667,0
2024-09-03 20:00:00,中正變電所,YAGI,4,990.0,753.3824949685232,0
2024-09-03 20:00:00,成都變電所,YAGI,4,990.0,739.0607910231823,0
2024-09-03 20:00:00,新豐配電變電所,YAGI,4,990.0,718.5791158572939,0
2024-09-03 20:00:00,內惟配電變電所,YAGI,4,990.0,460.4566588411085,0
2024-09-03 20:00:00,永華二次變電所,YAGI,4,990.0,491.7817168651537,0
2024-09-03 20:00:00,關西二次變電所,YAGI,4,990.0,713.5751733476178,0
2024-09-03 20:00:00,源海二次變電所,YAGI,4,990.0,753.3926807158532,0
2024-09-03 20:00:00,四湖配電變電所,YAGI,4,990.0,560.5471036213282,0
2024-09-03 20:00:00,新高港超高壓變電所,YAGI,4,990.0,455.2812798969413,0
2024-09-03 20:00:00,九曲配電變電所,YAGI,4,990.0,491.2578644628301,0
2024-09-03 20:00:00,崙背變電所,YAGI,4,990.0,577.2733509268388,0
2024-09-03 20:00:00,常德變電所,YAGI,4,990.0,754.3284171857553,0
2024-09-03 20:00:00,嶺口二次變電所,YAGI,4,990.0,472.7178345290585,0
2024-09-03 20:00:00,龍明配電變電所,YAGI,4,990.0,738.8119490316235,0
2024-09-03 20:00:00,新工配電變電所,YAGI,4,990.0,708.4410295446909,0
2024-09-04 02:00:00,榮成變電所,YAGI,4,980.0,743.9916929356472,0
2024-09-04 02:00:00,西螺服務區,YAGI,4,980.0,589.0730974545336,0
2024-09-04 02:00:00,中部科學園區,YAGI,4,980.0,641.1750310128593,0
2024-09-04 02:00:00,興變電所,YAGI,4,980.0,573.3640411975115,0
2024-09-04 02:00:00,中正變電所,YAGI,4,980.0,760.445944498935,0
2024-09-04 02:00:00,成都變電所,YAGI,4,980.0,744.8303900297049,0
2024-09-04 02:00:00,新豐配電變電所,YAGI,4,980.0,722.8183448805746,0
2024-09-04 02:00:00,內惟配電變電所,YAGI,4,980.0,466.9059880939374,0
2024-09-04 02:00:00,永華二次變電所,YAGI,4,980.0,496.35259794991254,0
2024-09-04 02:00:00,關西二次變電所,YAGI,4,980.0,719.1844950826028,0
2024-09-04 02:00:00,源海二次變電所,YAGI,4,980.0,760.4558601225842,0
2024-09-04 02:00:00,四湖配電變電所,YAGI,4,980.0,563.1742297069159,0
2024-09-04 02:00:00,新高港超高壓變電所,YAGI,4,980.0,463.2054169644345,0
2024-09-04 02:00:00,九曲配電變電所,YAGI,4,980.0,495.7202860231483,0
2024-09-04 02:00:00,崙背變電所,YAGI,4,980.0,580.4985665918076,0
2024-09-04 02:00:00,常德變電所,YAGI,4,980.0,761.0835328079381,0
2024-09-04 02:00:00,嶺口二次變電所,YAGI,4,980.0,479.4185147749006,0
2024-09-04 02:00:00,龍明配電變電所,YAGI,4,980.0,744.5561389656915,0
2024-09-04 02:00:00,新工配電變電所,YAGI,4,980.0,712.8119342539098,0
2024-09-04 08:00:00,榮成變電所,YAGI,5,970.0,765.2659815882124,0
2024-09-04 08:00:00,西螺服務區,YAGI,5,970.0,610.501447305927,0
2024-09-04 08:00:00,中部科學園區,YAGI,5,970.0,662.6750704492273,0
2024-09-04 08:00:00,興變電所,YAGI,5,970.0,600.2250999344482,0
2024-09-04 08:00:00,中正變電所,YAGI,5,970.0,785.4106046294326,0
2024-09-04 08:00:00,成都變電所,YAGI,5,970.0,767.8284446621257,0
2024-09-04 08:00:00,新豐配電變電所,YAGI,5,970.0,743.507933242327,0
2024-09-04 08:00:00,內惟配電變電所,YAGI,5,970.0,494.0549385929571,0
2024-09-04 08:00:00,永華二次變電所,YAGI,5,970.0,520.0727097451302,0
2024-09-04 08:00:00,關西二次變電所,YAGI,5,970.0,742.1143174486573,0
2024-09-04 08:00:00,源海二次變電所,YAGI,5,970.0,785.4200218367888,0
2024-09-04 08:00:00,四湖配電變電所,YAGI,5,970.0,582.835347761333,0
2024-09-04 08:00:00,新高港超高壓變電所,YAGI,5,970.0,492.69239421564794,0
2024-09-04 08:00:00,九曲配電變電所,YAGI,5,970.0,519.2786445587356,0
2024-09-04 08:00:00,崙背變電所,YAGI,5,970.0,600.9131138074794,0
2024-09-04 08:00:00,常德變電所,YAGI,5,970.0,785.5506363281023,0
2024-09-04 08:00:00,嶺口二次變電所,YAGI,5,970.0,506.74889742280874,0
2024-09-04 08:00:00,龍明配電變電所,YAGI,5,970.0,767.5152668351432,0
2024-09-04 08:00:00,新工配電變電所,YAGI,5,970.0,733.7931576209581,0
2024-09-04 14:00:00,榮成變電所,YAGI,5,955.0,755.9082385288282,0
2024-09-04 14:00:00,西螺服務區,YAGI,5,955.0,601.7050430552906,0
2024-09-04 14:00:00,中部科學園區,YAGI,5,955.0,653.7130666004637,0
2024-09-04 14:00:00,興變電所,YAGI,5,955.0,593.7283285950074,0
2024-09-04 14:00:00,中正變電所,YAGI,5,955.0,777.5201644971469,0
2024-09-04 14:00:00,成都變電所,YAGI,5,955.0,759.1677296720432,0
2024-09-04 14:00:00,新豐配電變電所,YAGI,5,955.0,733.970868683794,0
2024-09-04 14:00:00,內惟配電變電所,YAGI,5,955.0,488.2289757261707,0
2024-09-04 14:00:00,永華二次變電所,YAGI,5,955.0,512.6521676969857,0
2024-09-04 14:00:00,關西二次變電所,YAGI,5,955.0,733.4934998744237,0
2024-09-04 14:00:00,源海二次變電所,YAGI,5,955.0,777.5293507383498,0
2024-09-04 14:00:00,四湖配電變電所,YAGI,5,955.0,573.4409153182698,0
2024-09-04 14:00:00,新高港超高壓變電所,YAGI,5,955.0,487.87592426752025,0
2024-09-04 14:00:00,九曲配電變電所,YAGI,5,955.0,511.7955624131402,0
2024-09-04 14:00:00,崙背變電所,YAGI,5,955.0,591.7447579103375,0
2024-09-04 14:00:00,常德變電所,YAGI,5,955.0,777.4526867043355,0
2024-09-04 14:00:00,嶺口二次變電所,YAGI,5,955.0,500.92203506060713,0
2024-09-04 14:00:00,龍明配電變電所,YAGI,5,955.0,758.8393593046444,0
2024-09-04 14:00:00,新工配電變電所,YAGI,5,955.0,724.400679601175,0
2024-09-04 20:00:00,榮成變電所,YAGI,5,940.0,777.6398269735331,0
2024-09-04 20:00:00,西螺服務區,YAGI,5,940.0,624.4962240309226,0
2024-09-04 20:00:00,中部科學園區,YAGI,5,940.0,676.1589696770824,0
2024-09-04 20:00:00,興變電所,YAGI,5,940.0,619.1760235092994,0
2024-09-04 20:00:00,中正變電所,YAGI,5,940.0,800.9645323510533,0
2024-09-04 20:00:00,成都變電所,YAGI,5,940.0,781.7363523750877,0
2024-09-04 20:00:00,新豐配電變電所,YAGI,5,940.0,755.5278234739322,0
2024-09-04 20:00:00,內惟配電變電所,YAGI,5,940.0,514.7664281779789,0
2024-09-04 20:00:00,永華二次變電所,YAGI,5,940.0,537.3469360576037,0
2024-09-04 20:00:00,關西二次變電所,YAGI,5,940.0,756.1615213639765,0
2024-09-04 20:00:00,源海二次變電所,YAGI,5,940.0,800.9734322383179,0
2024-09-04 20:00:00,四湖配電變電所,YAGI,5,940.0,595.6050923473694,0
2024-09-04 20:00:00,新高港超高壓變電所,YAGI,5,940.0,515.4679489543352,0
2024-09-04 20:00:00,九曲配電變電所,YAGI,5,940.0,536.4232417869373,0
2024-09-04 20:00:00,崙背變電所,YAGI,5,940.0,614.1216934121976,0
2024-09-04 20:00:00,常德變電所,YAGI,5,940.0,800.6540972995264,0
2024-09-04 20:00:00,嶺口二次變電所,YAGI,5,940.0,527.4076862900304,0
2024-09-04 20:00:00,龍明配電變電所,YAGI,5,940.0,781.3904428928832,0
2024-09-04 20:00:00,新工配電變電所,YAGI,5,940.0,746.1556522552661,0
2024-09-05 02:00:00,榮成變電所,YAGI,5,925.0,825.5573599417575,0
2024-09-05 02:00:00,西螺服務區,YAGI,5,925.0,675.3912234539647,0
2024-09-05 02:00:00,中部科學園區,YAGI,5,925.0,726.0332306834115,0
2024-09-05 02:00:00,興變電所,YAGI,5,925.0,674.8306409668347,0
2024-09-05 02:00:00,中正變電所,YAGI,5,925.0,851.8958548380606,0
2024-09-05 02:00:00,成都變電所,YAGI,5,925.0,831.165846463945,0
2024-09-05 02:00:00,新豐配電變電所,YAGI,5,925.0,803.2562246954309,0
2024-09-05 02:00:00,內惟配電變電所,YAGI,5,925.0,573.2068018785125,0
2024-09-05 02:00:00,永華二次變電所,YAGI,5,925.0,592.3892595125286,0
2024-09-05 02:00:00,關西二次變電所,YAGI,5,925.0,805.9179843122981,0
2024-09-05 02:00:00,源海二次變電所,YAGI,5,925.0,851.9041852606888,0
2024-09-05 02:00:00,四湖配電變電所,YAGI,5,925.0,645.6348032029975,0
2024-09-05 02:00:00,新高港超高壓變電所,YAGI,5,925.0,575.6997500587324,0
2024-09-05 02:00:00,九曲配電變電所,YAGI,5,925.0,591.3583512574868,0
2024-09-05 02:00:00,崙背變電所,YAGI,5,925.0,664.3647040575374,0
2024-09-05 02:00:00,常德變電所,YAGI,5,925.0,851.1420612758634,0
2024-09-05 02:00:00,嶺口二次變電所,YAGI,5,925.0,585.6379462509884,0
2024-09-05 02:00:00,龍明配電變電所,YAGI,5,925.0,830.7897184246619,0
2024-09-05 02:00:00,新工配電變電所,YAGI,5,925.0,794.3042776195254,0
2024-09-05 08:00:00,榮成變電所,YAGI,5,915.0,868.8447467817736,0
2024-09-05 08:00:00,西螺服務區,YAGI,5,915.0,719.657293135328,0
2024-09-05 08:00:00,中部科學園區,YAGI,5,915.0,769.9688730524871,0
2024-09-05 08:00:00,興變電所,YAGI,5,915.0,720.1785730526009,0
2024-09-05 08:00:00,中正變電所,YAGI,5,915.0,895.9425970320285,0
2024-09-05 08:00:00,成都變電所,YAGI,5,915.0,874.8484505044975,0
2024-09-05 08:00:00,新豐配電變電所,YAGI,5,915.0,846.5219050817271,0
2024-09-05 08:00:00,內惟配電變電所,YAGI,5,915.0,619.2305579061405,0
2024-09-05 08:00:00,永華二次變電所,YAGI,5,915.0,637.7235868283897,0
2024-09-05 08:00:00,關西二次變電所,YAGI,5,915.0,849.7159771598492,0
2024-09-05 08:00:00,源海二次變電所,YAGI,5,915.0,895.95077419723,0
2024-09-05 08:00:00,四湖配電變電所,YAGI,5,915.0,689.7406239894652,0
2024-09-05 08:00:00,新高港超高壓變電所,YAGI,5,915.0,622.0318183977109,0
2024-09-05 08:00:00,九曲配電變電所,YAGI,5,915.0,636.6720059704708,0
2024-09-05 08:00:00,崙背變電所,YAGI,5,915.0,708.4899399023959,0
2024-09-05 08:00:00,常德變電所,YAGI,5,915.0,895.076477632457,0
2024-09-05 08:00:00,嶺口二次變電所,YAGI,5,915.0,631.6071314611671,0
2024-09-05 08:00:00,龍明配電變電所,YAGI,5,915.0,874.4648550767357,0
2024-09-05 08:00:00,新工配電變電所,YAGI,5,915.0,837.6949123310566,0
2024-09-05 14:00:00,榮成變電所,YAGI,5,915.0,891.4571184504375,0
2024-09-05 14:00:00,西螺服務區,YAGI,5,915.0,747.0033526539814,0
2024-09-05 14:00:00,中部科學園區,YAGI,5,915.0,795.6464581655248,0
2024-09-05 14:00:00,興變電所,YAGI,5,915.0,752.3790599044133,0
2024-09-05 14:00:00,中正變電所,YAGI,5,915.0,921.4207691975998,0
2024-09-05 14:00:00,成都變電所,YAGI,5,915.0,898.958483491149,0
2024-09-05 14:00:00,新豐配電變電所,YAGI,5,915.0,869.1651661117024,0
2024-09-05 14:00:00,內惟配電變電所,YAGI,5,915.0,655.6530765630982,0
2024-09-05 14:00:00,永華二次變電所,YAGI,5,915.0,670.4243513326572,0
2024-09-05 14:00:00,關西二次變電所,YAGI,5,915.0,874.4059232678849,0
2024-09-05 14:00:00,源海二次變電所,YAGI,5,915.0,921.4282801165269,0
2024-09-05 14:00:00,四湖配電變電所,YAGI,5,915.0,716.6378181128214,0
2024-09-05 14:00:00,新高港超高壓變電所,YAGI,5,915.0,660.2526690710564,0
2024-09-05 14:00:00,九曲配電變電所,YAGI,5,915.0,669.2812486920536,0
2024-09-05 14:00:00,崙背變電所,YAGI,5,915.0,735.3322840807689,0
2024-09-05 14:00:00,常德變電所,YAGI,5,915.0,920.0998642903124,0
2024-09-05 14:00:00,嶺口二次變電所,YAGI,5,915.0,667.6323329376285,0
2024-09-05 14:00:00,龍明配電變電所,YAGI,5,915.0,898.5472921848515,0
2024-09-05 14:00:00,新工配電變電所,YAGI,5,915.0,860.8585908626794,0
2024-09-05 20:00:00,榮成變電所,YAGI,5,915.0,958.2301399475032,0
2024-09-05 20:00:00,西螺服務區,YAGI,5,915.0,818.4678789133508,0
2024-09-05 20:00:00,中部科學園區,YAGI,5,915.0,865.480666387661,0
2024-09-05 20:00:00,興變電所,YAGI,5,915.0,827.415488111689,0
2024-09-05 20:00:00,中正變電所,YAGI,5,915.0,990.3551466812768,0
2024-09-05 20:00:00,成都變電所,YAGI,5,915.0,966.9104484859694,0
2024-09-05 20:00:00,新豐配電變電所,YAGI,5,915.0,936.096592491172,0
2024-09-05 20:00:00,內惟配電變電所,YAGI,5,915.0,734.2790439842393,0
2024-09-05 20:00:00,永華二次變電所,YAGI,5,915.0,746.3886018135174,0
2024-09-05 20:00:00,關西二次變電所,YAGI,5,915.0,942.9650710046125,0
2024-09-05 20:00:00,源海二次變電所,YAGI,5,915.0,990.3620843433438,0
2024-09-05 20:00:00,四湖配電變電所,YAGI,5,915.0,787.989877298277,0
2024-09-05 20:00:00,新高港超高壓變電所,YAGI,5,915.0,740.0340849621211,0
2024-09-05 20:00:00,九曲配電變電所,YAGI,5,915.0,745.1898638461337,0
2024-09-05 20:00:00,崙背變電所,YAGI,5,915.0,806.498286279863,0
2024-09-05 20:00:00,常德變電所,YAGI,5,915.0,988.6755450518987,0
2024-09-05 20:00:00,嶺口二次變電所,YAGI,5,915.0,745.9070478494692,0
2024-09-05 20:00:00,龍明配電變電所,YAGI,5,915.0,966.4791861940037,0
2024-09-05 20:00:00,新工配電變電所,YAGI,5,915.0,928.2654238201648,0
2024-09-06 02:00:00,榮成變電所,YAGI,5,915.0,1060.3598944667713,0
2024-09-06 02:00:00,西螺服務區,YAGI,5,915.0,926.0714297995972,0
2024-09-06 02:00:00,中部科學園區,YAGI,5,915.0,971.2138817604217,0
2024-09-06 02:00:00,興變電所,YAGI,5,915.0,938.3898837756375,0
2024-09-06 02:00:00,中正變電所,YAGI,5,915.0,1094.5302519034046,0
2024-09-06 02:00:00,成都變電所,YAGI,5,915.0,1070.1993884961637,0
2024-09-06 02:00:00,新豐配電變電所,YAGI,5,915.0,1038.5111040521076,0
2024-09-06 02:00:00,內惟配電變電所,YAGI,5,915.0,849.0151044391806,0
2024-09-06 02:00:00,永華二次變電所,YAGI,5,915.0,858.6510059882295,0
2024-09-06 02:00:00,關西二次變電所,YAGI,5,915.0,1046.9953390105136,0
2024-09-06 02:00:00,源海二次變電所,YAGI,5,915.0,1094.5365722475224,0
2024-09-06 02:00:00,四湖配電變電所,YAGI,5,915.0,895.6733839976322,0
2024-09-06 02:00:00,新高港超高壓變電所,YAGI,5,915.0,855.7719339126998,0
2024-09-06 02:00:00,九曲配電變電所,YAGI,5,915.0,857.4079192031312,0
2024-09-06 02:00:00,崙背變電所,YAGI,5,915.0,913.886186441004,0
2024-09-06 02:00:00,常德變電所,YAGI,5,915.0,1092.4927054288398,0
2024-09-06 02:00:00,嶺口二次變電所,YAGI,5,915.0,860.271935516212,0
2024-09-06 02:00:00,龍明配電變電所,YAGI,5,915.0,1069.749869327981,0
2024-09-06 02:00:00,新工配電變電所,YAGI,5,915.0,1031.2076776175984,0
2024-09-06 08:00:00,榮成變電所,YAGI,5,915.0,1126.4703590958322,0
2024-09-06 08:00:00,西螺服務區,YAGI,5,915.0,996.0746867143636,0
2024-09-06 08:00:00,中部科學園區,YAGI,5,915.0,1039.8919152443157,0
2024-09-06 08:00:00,興變電所,YAGI,5,915.0,1010.5116933710426,0
2024-09-06 08:00:00,中正變電所,YAGI,5,915.0,1161.8659936369065,0
2024-09-06 08:00:00,成都變電所,YAGI,5,915.0,1137.027263579596,0
2024-09-06 08:00:00,新豐配電變電所,YAGI,5,915.0,1104.8684974848,0
2024-09-06 08:00:00,內惟配電變電所,YAGI,5,915.0,923.776550558028,0
2024-09-06 08:00:00,永華二次變電所,YAGI,5,915.0,931.8069710020334,0
2024-09-06 08:00:00,關西二次變電所,YAGI,5,915.0,1114.364391129249,0
2024-09-06 08:00:00,源海二次變電所,YAGI,5,915.0,1161.8718981018549,0
2024-09-06 08:00:00,四湖配電變電所,YAGI,5,915.0,965.8222331150104,0
2024-09-06 08:00:00,新高港超高壓變電所,YAGI,5,915.0,931.1647626217751,0
2024-09-06 08:00:00,九曲配電變電所,YAGI,5,915.0,930.5391518100402,0
2024-09-06 08:00:00,崙背變電所,YAGI,5,915.0,983.7905012566637,0
2024-09-06 08:00:00,常德變電所,YAGI,5,915.0,1159.6020214963935,0
2024-09-06 08:00:00,嶺口二次變電所,YAGI,5,915.0,934.767556889837,0
2024-09-06 08:00:00,龍明配電變電所,YAGI,5,915.0,1136.5672218775169,0
2024-09-06 08:00:00,新工配電變電所,YAGI,5,915.0,1097.9245459656104,0
2024-09-06 14:00:00,榮成變電所,YAGI,5,915.0,1166.7051723058673,0
2024-09-06 14:00:00,西螺服務區,YAGI,5,915.0,1045.2435154273576,0
2024-09-06 14:00:00,中部科學園區,YAGI,5,915.0,1085.9525677855243,0
2024-09-06 14:00:00,興變電所,YAGI,5,915.0,1064.173483165354,0
2024-09-06 14:00:00,中正變電所,YAGI,5,915.0,1204.3395791945786,0
2024-09-06 14:00:00,成都變電所,YAGI,5,915.0,1178.6295152307516,0
2024-09-06 14:00:00,新豐配電變電所,YAGI,5,915.0,1145.7443146381104,0
2024-09-06 14:00:00,內惟配電變電所,YAGI,5,915.0,984.1578215883134,0
2024-09-06 14:00:00,永華二次變電所,YAGI,5,915.0,988.389353440161,0
2024-09-06 14:00:00,關西二次變電所,YAGI,5,915.0,1157.2129953344308,0
2024-09-06 14:00:00,源海二次變電所,YAGI,5,915.0,1204.344599086325,0
2024-09-06 14:00:00,四湖配電變電所,YAGI,5,915.0,1015.5415597298526,0
2024-09-06 14:00:00,新高港超高壓變電所,YAGI,5,915.0,993.0153657129641,0
2024-09-06 14:00:00,九曲配電變電所,YAGI,5,915.0,987.0755081057782,0
2024-09-06 14:00:00,崙背變電所,YAGI,5,915.0,1032.8470856031363,0
2024-09-06 14:00:00,常德變電所,YAGI,5,915.0,1201.6290883911834,0
2024-09-06 14:00:00,嶺口二次變電所,YAGI,5,915.0,994.4334613310394,0
2024-09-06 14:00:00,龍明配電變電所,YAGI,5,915.0,1178.1512666066253,0
2024-09-06 14:00:00,新工配電變電所,YAGI,5,915.0,1139.56865910587,0
2024-09-06 20:00:00,榮成變電所,YAGI,5,930.0,1254.920671534692,0
2024-09-06 20:00:00,西螺服務區,YAGI,5,930.0,1139.8718684754206,0
2024-09-06 20:00:00,中部科學園區,YAGI,5,930.0,1178.4131532869244,0
2024-09-06 20:00:00,興變電所,YAGI,5,930.0,1161.435603638875,0
2024-09-06 20:00:00,中正變電所,YAGI,5,930.0,1293.8742440015324,0
2024-09-06 20:00:00,成都變電所,YAGI,5,930.0,1267.7045347496976,0
2024-09-06 20:00:00,新豐配電變電所,YAGI,5,930.0,1234.4989874327255,0
2024-09-06 20:00:00,內惟配電變電所,YAGI,5,930.0,1085.6385570562188,0
2024-09-06 20:00:00,永華二次變電所,YAGI,5,930.0,1087.7219391941212,0
2024-09-06 20:00:00,關西二次變電所,YAGI,5,930.0,1247.222594775839,0
2024-09-06 20:00:00,源海二次變電所,YAGI,5,930.0,1293.8786506339611,0
2024-09-06 20:00:00,四湖配電變電所,YAGI,5,930.0,1110.6690011697324,0
2024-09-06 20:00:00,新高港超高壓變電所,YAGI,5,930.0,1095.2573855932017,0
2024-09-06 20:00:00,九曲配電變電所,YAGI,5,930.0,1086.3883494184872,0
2024-09-06 20:00:00,崙背變電所,YAGI,5,930.0,1127.4724916772457,0
2024-09-06 20:00:00,常德變電所,YAGI,5,930.0,1290.878138570991,0
2024-09-06 20:00:00,嶺口二次變電所,YAGI,5,930.0,1095.472730840728,0
2024-09-06 20:00:00,龍明配電變電所,YAGI,5,930.0,1267.216442775252,0
2024-09-06 20:00:00,新工配電變電所,YAGI,5,930.0,1228.8686329050308,0
2024-09-07 02:00:00,榮成變電所,YAGI,5,945.0,1351.522123945609,0
2024-09-07 02:00:00,西螺服務區,YAGI,5,945.0,1243.6265094785101,0
2024-09-07 02:00:00,中部科學園區,YAGI,5,945.0,1279.7604742412861,0
2024-09-07 02:00:00,興變電所,YAGI,5,945.0,1267.834231602073,0
2024-09-07 02:00:00,中正變電所,YAGI,5,945.0,1391.6926330395454,0
2024-09-07 02:00:00,成都變電所,YAGI,5,945.0,1365.1486624855152,0
2024-09-07 02:00:00,新豐配電變電所,YAGI,5,945.0,1331.7522413809857,0
2024-09-07 02:00:00,內惟配電變電所,YAGI,5,945.0,1196.6888827414407,0
2024-09-07 02:00:00,永華二次變電所,YAGI,5,945.0,1196.5421833740709,0
2024-09-07 02:00:00,關西二次變電所,YAGI,5,945.0,1345.7285862054493,0
2024-09-07 02:00:00,源海二次變電所,YAGI,5,945.0,1391.6963790415148,0
2024-09-07 02:00:00,四湖配電變電所,YAGI,5,945.0,1215.063720155964,0
2024-09-07 02:00:00,新高港超高壓變電所,YAGI,5,945.0,1207.0671514564676,0
2024-09-07 02:00:00,九曲配電變電所,YAGI,5,945.0,1195.1932850287915,0
2024-09-07 02:00:00,崙背變電所,YAGI,5,945.0,1231.277212882962,0
2024-09-07 02:00:00,常德變電所,YAGI,5,945.0,1388.4091189502453,0
2024-09-07 02:00:00,嶺口二次變電所,YAGI,5,945.0,1206.0312385643113,0
2024-09-07 02:00:00,龍明配電變電所,YAGI,5,945.0,1364.6523296436467,0
2024-09-07 02:00:00,新工配電變電所,YAGI,5,945.0,1326.7142575903347,0
2024-09-07 08:00:00,榮成變電所,YAGI,5,940.0,1427.9343977608867,0
2024-09-07 08:00:00,西螺服務區,YAGI,5,940.0,1324.790244656412,0
2024-09-07 08:00:00,中部科學園區,YAGI,5,940.0,1359.3409213604102,0
2024-09-07 08:00:00,興變電所,YAGI,5,940.0,1350.5901106574358,0
2024-09-07 08:00:00,中正變電所,YAGI,5,940.0,1468.792469029656,0
2024-09-07 08:00:00,成都變電所,YAGI,5,940.0,1442.0675121145575,0
2024-09-07 08:00:00,新豐配電變電所,YAGI,5,940.0,1408.6261812985117,0
2024-09-07 08:00:00,內惟配電變電所,YAGI,5,940.0,1282.4271317196785,0
2024-09-07 08:00:00,永華二次變電所,YAGI,5,940.0,1280.9230866622622,0
2024-09-07 08:00:00,關西二次變電所,YAGI,5,940.0,1423.367035047811,0
2024-09-07 08:00:00,源海二次變電所,YAGI,5,940.0,1468.7957846898425,0
2024-09-07 08:00:00,四湖配電變電所,YAGI,5,940.0,1296.686951563296,0
2024-09-07 08:00:00,新高港超高壓變電所,YAGI,5,940.0,1293.249143731565,0
2024-09-07 08:00:00,九曲配電變電所,YAGI,5,940.0,1279.567401876919,0
2024-09-07 08:00:00,崙背變電所,YAGI,5,940.0,1312.49909580731,0
2024-09-07 08:00:00,常德變電所,YAGI,5,940.0,1465.332257383612,0
2024-09-07 08:00:00,嶺口二次變電所,YAGI,5,940.0,1291.4546108304066,0
2024-09-07 08:00:00,龍明配電變電所,YAGI,5,940.0,1441.5670325355277,0
2024-09-07 08:00:00,新工配電變電所,YAGI,5,940.0,1403.9765225791677,0
2024-09-07 14:00:00,西螺服務區,YAGI,5,935.0,1418.3170696460834,0
2024-09-07 14:00:00,中部科學園區,YAGI,5,935.0,1450.3083451470252,0
2024-09-07 14:00:00,興變電所,YAGI,5,935.0,1446.5309239564735,0
2024-09-07 14:00:00,新豐配電變電所,YAGI,5,935.0,1495.3036377525439,0
2024-09-07 14:00:00,內惟配電變電所,YAGI,5,935.0,1383.3541776802467,0
2024-09-07 14:00:00,永華二次變電所,YAGI,5,935.0,1379.6582505979738,0
2024-09-07 14:00:00,四湖配電變電所,YAGI,5,935.0,1391.0213733982703,0
2024-09-07 14:00:00,新高港超高壓變電所,YAGI,5,935.0,1394.875211103292,0
2024-09-07 14:00:00,九曲配電變電所,YAGI,5,935.0,1378.2957557788895,0
2024-09-07 14:00:00,崙背變電所,YAGI,5,935.0,1406.1570130752868,0
2024-09-07 14:00:00,嶺口二次變電所,YAGI,5,935.0,1391.8430281888252,0
2024-09-07 14:00:00,新工配電變電所,YAGI,5,935.0,1491.2574855345342,0
2024-09-07 20:00:00,內惟配電變電所,YAGI,4,980.0,1487.5297050112,0
2024-09-07 20:00:00,永華二次變電所,YAGI,4,980.0,1483.6083561907453,0
2024-09-07 20:00:00,四湖配電變電所,YAGI,4,980.0,1494.3401953362047,0
2024-09-07 20:00:00,新高港超高壓變電所,YAGI,4,980.0,1499.107860953818,0
2024-09-07 20:00:00,九曲配電變電所,YAGI,4,980.0,1482.2453932049389,0
2024-09-07 20:00:00,嶺口二次變電所,YAGI,4,980.0,1495.967186178383,0
2024-09-13 14:00:00,榮成變電所,BEBINCA,3,990.0,1477.8496794804544,0
2024-09-13 14:00:00,中正變電所,BEBINCA,3,990.0,1434.1107787721296,0
2024-09-13 14:00:00,成都變電所,BEBINCA,3,990.0,1460.3656171939685,0
2024-09-13 14:00:00,新豐配電變電所,BEBINCA,3,990.0,1491.63638853807,0
2024-09-13 14:00:00,關西二次變電所,BEBINCA,3,990.0,1471.575567501678,0
2024-09-13 14:00:00,源海二次變電所,BEBINCA,3,990.0,1434.111620909844,0
2024-09-13 14:00:00,常德變電所,BEBINCA,3,990.0,1438.901359034997,0
2024-09-13 14:00:00,龍明配電變電所,BEBINCA,3,990.0,1460.8636764739376,0
2024-09-13 14:00:00,新工配電變電所,BEBINCA,3,990.0,1492.7197460793352,0
2024-09-13 20:00:00,榮成變電所,BEBINCA,3,990.0,1268.000138309701,0
2024-09-13 20:00:00,西螺服務區,BEBINCA,3,990.0,1344.8748165328257,0
2024-09-13 20:00:00,中部科學園區,BEBINCA,3,990.0,1316.445077489211,0
2024-09-13 20:00:00,興變電所,BEBINCA,3,990.0,1315.6651312003214,0
2024-09-13 20:00:00,中正變電所,BEBINCA,3,990.0,1224.363179642406,0
2024-09-13 20:00:00,成都變電所,BEBINCA,3,990.0,1251.0765111864755,0
2024-09-13 20:00:00,新豐配電變電所,BEBINCA,3,990.0,1283.2754133089177,0
2024-09-13 20:00:00,內惟配電變電所,BEBINCA,3,990.0,1383.91164597474,0
2024-09-13 20:00:00,永華二次變電所,BEBINCA,3,990.0,1384.1510526423892,0
2024-09-13 20:00:00,關西二次變電所,BEBINCA,3,990.0,1264.3239466967443,0
2024-09-13 20:00:00,源海二次變電所,BEBINCA,3,990.0,1224.3630178899239,0
2024-09-13 20:00:00,四湖配電變電所,BEBINCA,3,990.0,1371.5593476422694,0
2024-09-13 20:00:00,新高港超高壓變電所,BEBINCA,3,990.0,1373.9958064220893,0
2024-09-13 20:00:00,九曲配電變電所,BEBINCA,3,990.0,1385.5056407269678,0
2024-09-13 20:00:00,崙背變電所,BEBINCA,3,990.0,1356.8931962187016,0
2024-09-13 20:00:00,常德變電所,BEBINCA,3,990.0,1228.895680286048,0
2024-09-13 20:00:00,嶺口二次變電所,BEBINCA,3,990.0,1374.405379391629,0
2024-09-13 20:00:00,龍明配電變電所,BEBINCA,3,990.0,1251.5816373412283,0
2024-09-13 20:00:00,新工配電變電所,BEBINCA,3,990.0,1285.2642662143849,0
2024-09-14 02:00:00,榮成變電所,BEBINCA,4,985.0,1154.0223756253595,0
2024-09-14 02:00:00,西螺服務區,BEBINCA,4,985.0,1238.0742339943306,0
2024-09-14 02:00:00,中部科學園區,BEBINCA,4,985.0,1207.228037044855,0
2024-09-14 02:00:00,興變電所,BEBINCA,4,985.0,1211.1200154696576,0
2024-09-14 02:00:00,中正變電所,BEBINCA,4,985.0,1110.605098028915,0
2024-09-14 02:00:00,成都變電所,BEBINCA,4,985.0,1137.4874937997101,0
2024-09-14 02:00:00,新豐配電變電所,BEBINCA,4,985.0,1170.1116708981237,0
2024-09-14 02:00:00,內惟配電變電所,BEBINCA,4,985.0,1284.2798540763465,0
2024-09-14 02:00:00,永華二次變電所,BEBINCA,4,985.0,1282.2598497551203,0
2024-09-14 02:00:00,關西二次變電所,BEBINCA,4,985.0,1151.8799811092508,0
2024-09-14 02:00:00,源海二次變電所,BEBINCA,4,985.0,1110.6043457715307,0
2024-09-14 02:00:00,四湖配電變電所,BEBINCA,4,985.0,1265.5524605823016,0
2024-09-14 02:00:00,新高港超高壓變電所,BEBINCA,4,985.0,1275.2095272361155,0
2024-09-14 02:00:00,九曲配電變電所,BEBINCA,4,985.0,1283.6021783572223,0
2024-09-14 02:00:00,崙背變電所,BEBINCA,4,985.0,1250.2475652283676,0
2024-09-14 02:00:00,常德變電所,BEBINCA,4,985.0,1114.9686052942864,0
2024-09-14 02:00:00,嶺口二次變電所,BEBINCA,4,985.0,1274.267217488174,0
2024-09-14 02:00:00,龍明配電變電所,BEBINCA,4,985.0,1137.994896094236,0
2024-09-14 02:00:00,新工配電變電所,BEBINCA,4,985.0,1172.6219499382348,0
2024-09-14 08:00:00,榮成變電所,BEBINCA,4,985.0,1058.919714371716,0
2024-09-14 08:00:00,西螺服務區,BEBINCA,4,985.0,1157.3404783994572,0
2024-09-14 08:00:00,中部科學園區,BEBINCA,4,985.0,1121.8764743657553,0
2024-09-14 08:00:00,興變電所,BEBINCA,4,985.0,1135.119096595878,0
2024-09-14 08:00:00,中正變電所,BEBINCA,4,985.0,1016.4285048621432,0
2024-09-14 08:00:00,成都變電所,BEBINCA,4,985.0,1043.4180122501205,0
2024-09-14 08:00:00,新豐配電變電所,BEBINCA,4,985.0,1076.6732274101635,0
2024-09-14 08:00:00,內惟配電變電所,BEBINCA,4,985.0,1216.8281250490204,0
2024-09-14 08:00:00,永華二次變電所,BEBINCA,4,985.0,1210.6180369370297,0
2024-09-14 08:00:00,關西二次變電所,BEBINCA,4,985.0,1060.2036225008594,0
2024-09-14 08:00:00,源海二次變電所,BEBINCA,4,985.0,1016.4264291865121,0
2024-09-14 08:00:00,四湖配電變電所,BEBINCA,4,985.0,1186.1327349451492,0
2024-09-14 08:00:00,新高港超高壓變電所,BEBINCA,4,985.0,1209.4038056302024,0
2024-09-14 08:00:00,九曲配電變電所,BEBINCA,4,985.0,1211.9239849212593,0
2024-09-14 08:00:00,崙背變電所,BEBINCA,4,985.0,1169.7055346871396,0
2024-09-14 08:00:00,常德變電所,BEBINCA,4,985.0,1020.3655536887015,0
2024-09-14 08:00:00,嶺口二次變電所,BEBINCA,4,985.0,1205.9823835415575,0
2024-09-14 08:00:00,龍明配電變電所,BEBINCA,4,985.0,1043.9254832936806,0
2024-09-14 08:00:00,新工配電變電所,BEBINCA,4,985.0,1080.3084266985813,0
2024-09-14 11:00:00,榮成變電所,BEBINCA,4,980.0,987.6892066564775,0
2024-09-14 11:00:00,西螺服務區,BEBINCA,4,980.0,1093.71450091962,0
2024-09-14 11:00:00,中部科學園區,BEBINCA,4,980.0,1055.8154210041973,0
2024-09-14 11:00:00,興變電所,BEBINCA,4,980.0,1074.3606404046461,0
2024-09-14 11:00:00,中正變電所,BEBINCA,4,980.0,945.9829217819487,0
2024-09-14 11:00:00,成都變電所,BEBINCA,4,980.0,972.8643237397677,0
2024-09-14 11:00:00,新豐配電變電所,BEBINCA,4,980.0,1006.2798736510895,0
2024-09-14 11:00:00,內惟配電變電所,BEBINCA,4,980.0,1160.5228004269711,0
2024-09-14 11:00:00,永華二次變電所,BEBINCA,4,980.0,1151.9182518032494,0
2024-09-14 11:00:00,關西二次變電所,BEBINCA,4,980.0,990.9071396645387,0
2024-09-14 11:00:00,源海二次變電所,BEBINCA,4,980.0,945.9801053237898,0
2024-09-14 11:00:00,四湖配電變電所,BEBINCA,4,980.0,1123.0940779831876,0
2024-09-14 11:00:00,新高港超高壓變電所,BEBINCA,4,980.0,1154.1033746681812,0
2024-09-14 11:00:00,九曲配電變電所,BEBINCA,4,980.0,1153.1954354164918,0
2024-09-14 11:00:00,崙背變電所,BEBINCA,4,980.0,1106.1175270578972,0
2024-09-14 11:00:00,常德變電所,BEBINCA,4,980.0,949.652026035739,0
2024-09-14 11:00:00,嶺口二次變電所,BEBINCA,4,980.0,1149.258721595838,0
2024-09-14 11:00:00,龍明配電變電所,BEBINCA,4,980.0,973.3687429659842,0
2024-09-14 11:00:00,新工配電變電所,BEBINCA,4,980.0,1010.5304007563971,0
2024-09-14 14:00:00,榮成變電所,BEBINCA,4,980.0,941.0808444600056,0
2024-09-14 14:00:00,西螺服務區,BEBINCA,4,980.0,1054.569499577185,0
2024-09-14 14:00:00,中部科學園區,BEBINCA,4,980.0,1014.3388315883557,0
2024-09-14 14:00:00,興變電所,BEBINCA,4,980.0,1038.2093847810486,0
2024-09-14 14:00:00,中正變電所,BEBINCA,4,980.0,900.4214326987033,0
2024-09-14 14:00:00,成都變電所,BEBINCA,4,980.0,927.051809444286,0
2024-09-14 14:00:00,新豐配電變電所,BEBINCA,4,980.0,960.4808206009669,0
2024-09-14 14:00:00,內惟配電變電所,BEBINCA,4,980.0,1128.4045325228647,0
2024-09-14 14:00:00,永華二次變電所,BEBINCA,4,980.0,1117.4736605249923,0
2024-09-14 14:00:00,關西二次變電所,BEBINCA,4,980.0,946.3460075834339,0
2024-09-14 14:00:00,源海二次變電所,BEBINCA,4,980.0,900.4178362983959,0
2024-09-14 14:00:00,四湖配電變電所,BEBINCA,4,980.0,1084.419610525121,0
2024-09-14 14:00:00,新高港超高壓變電所,BEBINCA,4,980.0,1122.9980525368483,0
2024-09-14 14:00:00,九曲配電變電所,BEBINCA,4,980.0,1118.716839835109,0
2024-09-14 14:00:00,崙背變電所,BEBINCA,4,980.0,1066.957160616611,0
2024-09-14 14:00:00,常德變電所,BEBINCA,4,980.0,903.7840815728925,0
2024-09-14 14:00:00,嶺口二次變電所,BEBINCA,4,980.0,1116.7786010352684,0
2024-09-14 14:00:00,龍明配電變電所,BEBINCA,4,980.0,927.5505030905609,0
2024-09-14 14:00:00,新工配電變電所,BEBINCA,4,980.0,965.3661012881853,0
2024-09-14 17:00:00,榮成變電所,BEBINCA,4,980.0,887.1435336578721,0
2024-09-14 17:00:00,西螺服務區,BEBINCA,4,980.0,1007.4378953266771,0
2024-09-14 17:00:00,中部科學園區,BEBINCA,4,980.0,965.0960778443,0
2024-09-14 17:00:00,興變電所,BEBINCA,4,980.0,994.0991318111247,0
2024-09-14 17:00:00,中正變電所,BEBINCA,4,980.0,847.7140754843133,0
2024-09-14 17:00:00,成都變電所,BEBINCA,4,980.0,873.9620932022474,0
2024-09-14 17:00:00,新豐配電變電所,BEBINCA,4,980.0,907.2460902249918,0
2024-09-14 17:00:00,內惟配電變電所,BEBINCA,4,980.0,1087.8710230657762,0
2024-09-14 17:00:00,永華二次變電所,BEBINCA,4,980.0,1074.6944669138222,0
2024-09-14 17:00:00,關西二次變電所,BEBINCA,4,980.0,894.3915556198916,0
2024-09-14 17:00:00,源海二次變電所,BEBINCA,4,980.0,847.709728889763,0
2024-09-14 17:00:00,四湖配電變電所,BEBINCA,4,980.0,1037.623498587718,0
2024-09-14 17:00:00,新高港超高壓變電所,BEBINCA,4,980.0,1083.4873133133322,0
2024-09-14 17:00:00,九曲配電變電所,BEBINCA,4,980.0,1075.8990282184475,0
2024-09-14 17:00:00,崙背變電所,BEBINCA,4,980.0,1019.7575315571751,0
2024-09-14 17:00:00,常德變電所,BEBINCA,4,980.0,850.7571523828921,0
2024-09-14 17:00:00,嶺口二次變電所,BEBINCA,4,980.0,1075.937672790367,0
2024-09-14 17:00:00,龍明配電變電所,BEBINCA,4,980.0,874.4527148795119,0
2024-09-14 17:00:00,新工配電變電所,BEBINCA,4,980.0,912.7303716274744,0
2024-09-14 20:00:00,榮成變電所,BEBINCA,4,975.0,870.5892766189572,0
2024-09-14 20:00:00,西螺服務區,BEBINCA,4,975.0,995.168503954818,0
2024-09-14 20:00:00,中部科學園區,BEBINCA,4,975.0,951.5326243425916,0
2024-09-14 20:00:00,興變電所,BEBINCA,4,975.0,983.8229022196575,0
2024-09-14 20:00:00,中正變電所,BEBINCA,4,975.0,832.1240506852372,0
2024-09-14 20:00:00,成都變電所,BEBINCA,4,975.0,858.0312331127011,0
2024-09-14 20:00:00,新豐配電變電所,BEBINCA,4,975.0,891.1243017442268,0
2024-09-14 20:00:00,內惟配電變電所,BEBINCA,4,975.0,1079.6490903423507,0
2024-09-14 20:00:00,永華二次變電所,BEBINCA,4,975.0,1065.0835001335179,0
2024-09-14 20:00:00,關西二次變電所,BEBINCA,4,975.0,879.183018127986,0
2024-09-14 20:00:00,源海二次變電所,BEBINCA,4,975.0,832.1192001278255,0
2024-09-14 20:00:00,四湖配電變電所,BEBINCA,4,975.0,1025.5053396384924,0
2024-09-14 20:00:00,新高港超高壓變電所,BEBINCA,4,975.0,1075.9138675398633,0
2024-09-14 20:00:00,九曲配電變電所,BEBINCA,4,975.0,1066.2609348521332,0
2024-09-14 20:00:00,崙背變電所,BEBINCA,4,975.0,1007.4152577696232,0
2024-09-14 20:00:00,常德變電所,BEBINCA,4,975.0,834.9373744896385,0
2024-09-14 20:00:00,嶺口二次變電所,BEBINCA,4,975.0,1067.548607925601,0
2024-09-14 20:00:00,龍明配電變電所,BEBINCA,4,975.0,858.5148912477623,0
2024-09-14 20:00:00,新工配電變電所,BEBINCA,4,975.0,897.006148865054,0
2024-09-14 23:00:00,榮成變電所,BEBINCA,4,975.0,834.2277064907604,0
2024-09-14 23:00:00,西螺服務區,BEBINCA,4,975.0,965.1448660991882,0
2024-09-14 23:00:00,中部科學園區,BEBINCA,4,975.0,919.6061238468434,0
2024-09-14 23:00:00,興變電所,BEBINCA,4,975.0,957.0539509300545,0
2024-09-14 23:00:00,中正變電所,BEBINCA,4,975.0,797.4966571982206,0
2024-09-14 23:00:00,成都變電所,BEBINCA,4,975.0,822.7268898558307,0
2024-09-14 23:00:00,新豐配電變電所,BEBINCA,4,975.0,855.3608091848351,0
2024-09-14 23:00:00,內惟配電變電所,BEBINCA,4,975.0,1055.8381270633668,0
2024-09-14 23:00:00,永華二次變電所,BEBINCA,4,975.0,1039.0803685871638,0
2024-09-14 23:00:00,關西二次變電所,BEBINCA,4,975.0,844.9360684590862,0
2024-09-14 23:00:00,源海二次變電所,BEBINCA,4,975.0,797.4910218131761,0
2024-09-14 23:00:00,四湖配電變電所,BEBINCA,4,975.0,995.610914287916,0
2024-09-14 23:00:00,新高港超高壓變電所,BEBINCA,4,975.0,1053.1656399805515,0
2024-09-14 23:00:00,九曲配電變電所,BEBINCA,4,975.0,1040.2099376634721,0
2024-09-14 23:00:00,崙背變電所,BEBINCA,4,975.0,977.2280433124129,0
2024-09-14 23:00:00,常德變電所,BEBINCA,4,975.0,799.9263147558356,0
2024-09-14 23:00:00,嶺口二次變電所,BEBINCA,4,975.0,1043.5099376171827,0
2024-09-14 23:00:00,龍明配電變電所,BEBINCA,4,975.0,823.1970492925336,0
2024-09-14 23:00:00,新工配電變電所,BEBINCA,4,975.0,861.8521474969216,0
2024-09-15 02:00:00,榮成變電所,BEBINCA,5,970.0,803.4979395253807,0
2024-09-15 02:00:00,西螺服務區,BEBINCA,5,970.0,940.4445528222365,0
2024-09-15 02:00:00,中部科學園區,BEBINCA,5,970.0,893.1302809137542,0
2024-09-15 02:00:00,興變電所,BEBINCA,5,970.0,935.8285109431412,0
2024-09-15 02:00:00,中正變電所,BEBINCA,5,970.0,768.8962586893081,0
2024-09-15 02:00:00,成都變電所,BEBINCA,5,970.0,793.2179180501406,0
2024-09-15 02:00:00,新豐配電變電所,BEBINCA,5,970.0,825.1454111892057,0
2024-09-15 02:00:00,內惟配電變電所,BEBINCA,5,970.0,1037.2125880496003,0
2024-09-15 02:00:00,永華二次變電所,BEBINCA,5,970.0,1018.2459558886164,0
2024-09-15 02:00:00,關西二次變電所,BEBINCA,5,970.0,816.422641361226,0
2024-09-15 02:00:00,源海二次變電所,BEBINCA,5,970.0,768.8898142923528,0
2024-09-15 02:00:00,四湖配電變電所,BEBINCA,5,970.0,970.8943662492337,0
2024-09-15 02:00:00,新高港超高壓變電所,BEBINCA,5,970.0,1035.6566772771255,0
2024-09-15 02:00:00,九曲配電變電所,BEBINCA,5,970.0,1019.3202542347938,0
2024-09-15 02:00:00,崙背變電所,BEBINCA,5,970.0,952.2930044339627,0
2024-09-15 02:00:00,常德變電所,BEBINCA,5,970.0,770.8928881669833,0
2024-09-15 02:00:00,嶺口二次變電所,BEBINCA,5,970.0,1024.7043799781834,0
2024-09-15 02:00:00,龍明配電變電所,BEBINCA,5,970.0,793.6703130097958,0
2024-09-15 02:00:00,新工配電變電所,BEBINCA,5,970.0,832.2548160366106,0
2024-09-15 08:00:00,榮成變電所,BEBINCA,5,965.0,783.8082360607609,0
2024-09-15 08:00:00,西螺服務區,BEBINCA,5,965.0,928.8544186310631,0
2024-09-15 08:00:00,中部科學園區,BEBINCA,5,965.0,879.2259075797533,0
2024-09-15 08:00:00,興變電所,BEBINCA,5,965.0,929.8289785936405,0
2024-09-15 08:00:00,中正變電所,BEBINCA,5,965.0,753.2821286854073,0
2024-09-15 08:00:00,成都變電所,BEBINCA,5,965.0,775.7137467442991,0
2024-09-15 08:00:00,新豐配電變電所,BEBINCA,5,965.0,805.9973085715487,0
2024-09-15 08:00:00,內惟配電變電所,BEBINCA,5,965.0,1034.2514648307267,0
2024-09-15 08:00:00,永華二次變電所,BEBINCA,5,965.0,1012.0012155197727,0
2024-09-15 08:00:00,關西二次變電所,BEBINCA,5,965.0,800.2148371991316,0
2024-09-15 08:00:00,源海二次變電所,BEBINCA,5,965.0,753.2744552163322,0
2024-09-15 08:00:00,四湖配電變電所,BEBINCA,5,965.0,958.948864758363,0
2024-09-15 08:00:00,新高港超高壓變電所,BEBINCA,5,965.0,1034.447427280982,0
2024-09-15 08:00:00,九曲配電變電所,BEBINCA,5,965.0,1012.9780695656032,0
2024-09-15 08:00:00,崙背變電所,BEBINCA,5,965.0,940.1948046684992,0
2024-09-15 08:00:00,常德變電所,BEBINCA,5,965.0,754.5304531065849,0
2024-09-15 08:00:00,嶺口二次變電所,BEBINCA,5,965.0,1021.5801751400575,0
2024-09-15 08:00:00,龍明配電變電所,BEBINCA,5,965.0,776.1297367731913,0
2024-09-15 08:00:00,新工配電變電所,BEBINCA,5,965.0,814.0315909806728,0
2024-09-15 14:00:00,榮成變電所,BEBINCA,5,965.0,744.4345853914953,0
2024-09-15 14:00:00,西螺服務區,BEBINCA,5,965.0,895.6194575963498,0
2024-09-15 14:00:00,中部科學園區,BEBINCA,5,965.0,844.3005081577282,0
2024-09-15 14:00:00,興變電所,BEBINCA,5,965.0,902.6165475900737,0
2024-09-15 14:00:00,中正變電所,BEBINCA,5,965.0,719.0229020891388,0
2024-09-15 14:00:00,成都變電所,BEBINCA,5,965.0,738.889323912537,0
2024-09-15 14:00:00,新豐配電變電所,BEBINCA,5,965.0,766.7547615030234,0
2024-09-15 14:00:00,內惟配電變電所,BEBINCA,5,965.0,1008.844746921421,0
2024-09-15 14:00:00,永華二次變電所,BEBINCA,5,965.0,983.3408750966412,0
2024-09-15 14:00:00,關西二次變電所,BEBINCA,5,965.0,764.2792289493775,0
2024-09-15 14:00:00,源海二次變電所,BEBINCA,5,965.0,719.0140684512758,0
2024-09-15 14:00:00,四湖配電變電所,BEBINCA,5,965.0,924.8817288795951,0
2024-09-15 14:00:00,新高港超高壓變電所,BEBINCA,5,965.0,1010.9309448622417,0
2024-09-15 14:00:00,九曲配電變電所,BEBINCA,5,965.0,984.1998151603492,0
2024-09-15 14:00:00,崙背變電所,BEBINCA,5,965.0,906.239537238173,0
2024-09-15 14:00:00,常德變電所,BEBINCA,5,965.0,719.4264779388516,0
2024-09-15 14:00:00,嶺口二次變電所,BEBINCA,5,965.0,996.1609220313605,0
2024-09-15 14:00:00,龍明配電變電所,BEBINCA,5,965.0,739.2566432260751,0
2024-09-15 14:00:00,新工配電變電所,BEBINCA,5,965.0,775.6318449408786,0
2024-09-15 20:00:00,榮成變電所,BEBINCA,5,965.0,695.2921643216969,0
2024-09-15 20:00:00,西螺服務區,BEBINCA,5,965.0,849.9583500602205,0
2024-09-15 20:00:00,中部科學園區,BEBINCA,5,965.0,797.7809538546579,0
2024-09-15 20:00:00,興變電所,BEBINCA,5,965.0,863.4284857076469,0
2024-09-15 20:00:00,中正變電所,BEBINCA,5,965.0,676.3151377015647,0
2024-09-15 20:00:00,成都變電所,BEBINCA,5,965.0,692.7508204713445,1
2024-09-15 20:00:00,新豐配電變電所,BEBINCA,5,965.0,717.1917358313394,0
2024-09-15 20:00:00,內惟配電變電所,BEBINCA,5,965.0,969.8447692829855,0
2024-09-15 20:00:00,永華二次變電所,BEBINCA,5,965.0,941.1922871172986,0
2024-09-15 20:00:00,關西二次變電所,BEBINCA,5,965.0,718.4695819495536,0
2024-09-15 20:00:00,源海二次變電所,BEBINCA,5,965.0,676.3052605527913,0
2024-09-15 20:00:00,四湖配電變電所,BEBINCA,5,965.0,877.7872046902871,0
2024-09-15 20:00:00,新高港超高壓變電所,BEBINCA,5,965.0,973.9530854615195,0
2024-09-15 20:00:00,九曲配電變電所,BEBINCA,5,965.0,941.9094753490679,0
2024-09-15 20:00:00,崙背變電所,BEBINCA,5,965.0,859.5948355304374,0
2024-09-15 20:00:00,常德變電所,BEBINCA,5,965.0,675.7600587894634,0
2024-09-15 20:00:00,嶺口二次變電所,BEBINCA,5,965.0,957.3402714086186,0
2024-09-15 20:00:00,龍明配電變電所,BEBINCA,5,965.0,693.0537072683281,0
2024-09-15 20:00:00,新工配電變電所,BEBINCA,5,965.0,726.7928512961955,0
2024-09-16 02:00:00,榮成變電所,BEBINCA,5,970.0,652.3667414022638,0
2024-09-16 02:00:00,西螺服務區,BEBINCA,5,970.0,806.4148766061667,0
2024-09-16 02:00:00,中部科學園區,BEBINCA,5,970.0,754.6313970681152,0
2024-09-16 02:00:00,興變電所,BEBINCA,5,970.0,827.307715172959,0
2024-09-16 02:00:00,中正變電所,BEBINCA,5,970.0,642.0755187735487,0
2024-09-16 02:00:00,成都變電所,BEBINCA,5,970.0,653.6338535318062,1
2024-09-16 02:00:00,新豐配電變電所,BEBINCA,5,970.0,672.9295821747062,0
2024-09-16 02:00:00,內惟配電變電所,BEBINCA,5,970.0,931.5231328380507,0
2024-09-16 02:00:00,永華二次變電所,BEBINCA,5,970.0,899.7262214512959,0
2024-09-16 02:00:00,關西二次變電所,BEBINCA,5,970.0,678.7816597699168,0
2024-09-16 02:00:00,源海二次變電所,BEBINCA,5,970.0,642.0647786084546,0
2024-09-16 02:00:00,四湖配電變電所,BEBINCA,5,970.0,831.8213850540045,0
2024-09-16 02:00:00,新高港超高壓變電所,BEBINCA,5,970.0,937.9377501988375,0
2024-09-16 02:00:00,九曲配電變電所,BEBINCA,5,970.0,900.2593313019963,0
2024-09-16 02:00:00,崙背變電所,BEBINCA,5,970.0,814.6181296646868,0
2024-09-16 02:00:00,常德變電所,BEBINCA,5,970.0,640.3694666172728,0
2024-09-16 02:00:00,嶺口二次變電所,BEBINCA,5,970.0,919.4873489620837,0
2024-09-16 02:00:00,龍明配電變電所,BEBINCA,5,970.0,653.84552199423,0
2024-09-16 02:00:00,新工配電變電所,BEBINCA,5,970.0,683.0825568150353,0
2024-09-16 08:00:00,榮成變電所,BEBINCA,5,980.0,664.313718209906,0
2024-09-16 08:00:00,西螺服務區,BEBINCA,5,980.0,811.4716968973872,0
2024-09-16 08:00:00,中部科學園區,BEBINCA,5,980.0,761.93795534931,0
2024-09-16 08:00:00,興變電所,BEBINCA,5,980.0,839.7854227097246,0
2024-09-16 08:00:00,中正變電所,BEBINCA,5,980.0,663.9101130605987,0
2024-09-16 08:00:00,成都變電所,BEBINCA,5,980.0,669.6727156067748,1
2024-09-16 08:00:00,新豐配電變電所,BEBINCA,5,980.0,682.4157210153159,0
2024-09-16 08:00:00,內惟配電變電所,BEBINCA,5,980.0,938.7216786518413,0
2024-09-16 08:00:00,永華二次變電所,BEBINCA,5,980.0,904.3118062680663,0
2024-09-16 08:00:00,關西二次變電所,BEBINCA,5,980.0,693.0116796054681,0
2024-09-16 08:00:00,源海二次變電所,BEBINCA,5,980.0,663.8989998992599,0
2024-09-16 08:00:00,四湖配電變電所,BEBINCA,5,980.0,833.3795244619148,0
2024-09-16 08:00:00,新高港超高壓變電所,BEBINCA,5,980.0,947.4708908402066,0
2024-09-16 08:00:00,九曲配電變電所,BEBINCA,5,980.0,904.6288231250784,0
2024-09-16 08:00:00,崙背變電所,BEBINCA,5,980.0,817.8201791687828,0
2024-09-16 08:00:00,常德變電所,BEBINCA,5,980.0,661.0684278561491,0
2024-09-16 08:00:00,嶺口二次變電所,BEBINCA,5,980.0,927.4967197994398,0
2024-09-16 08:00:00,龍明配電變電所,BEBINCA,5,980.0,669.775292650345,0
2024-09-16 08:00:00,新工配電變電所,BEBINCA,5,980.0,692.7125898360488,0
2024-09-16 14:00:00,榮成變電所,BEBINCA,4,985.0,708.256891160757,0
2024-09-16 14:00:00,西螺服務區,BEBINCA,4,985.0,845.2324252295199,0
2024-09-16 14:00:00,中部科學園區,BEBINCA,4,985.0,798.9206893877468,0
2024-09-16 14:00:00,興變電所,BEBINCA,4,985.0,878.9371437041427,0
2024-09-16 14:00:00,中正變電所,BEBINCA,4,985.0,715.6290162499613,0
2024-09-16 14:00:00,成都變電所,BEBINCA,4,985.0,716.6627346133952,1
2024-09-16 14:00:00,新豐配電變電所,BEBINCA,4,985.0,723.7311827961461,0
2024-09-16 14:00:00,內惟配電變電所,BEBINCA,4,985.0,971.3731818510904,0
2024-09-16 14:00:00,永華二次變電所,BEBINCA,4,985.0,935.4888283331211,0
2024-09-16 14:00:00,關西二次變電所,BEBINCA,4,985.0,737.7559462889129,0
2024-09-16 14:00:00,源海二次變電所,BEBINCA,4,985.0,715.618008781081,0
2024-09-16 14:00:00,四湖配電變電所,BEBINCA,4,985.0,863.6642638158912,0
2024-09-16 14:00:00,新高港超高壓變電所,BEBINCA,4,985.0,981.8916354628966,0
2024-09-16 14:00:00,九曲配電變電所,BEBINCA,4,985.0,935.6184062555503,0
2024-09-16 14:00:00,崙背變電所,BEBINCA,4,985.0,849.8748011667041,0
2024-09-16 14:00:00,常德變電所,BEBINCA,4,985.0,712.0095004225925,0
2024-09-16 14:00:00,嶺口二次變電所,BEBINCA,4,985.0,961.046177247094,0
2024-09-16 14:00:00,龍明配電變電所,BEBINCA,4,985.0,716.6756776587995,0
2024-09-16 14:00:00,新工配電變電所,BEBINCA,4,985.0,733.7831454211906,0
2024-09-16 20:00:00,榮成變電所,BEBINCA,4,992.0,760.2880399140478,0
2024-09-16 20:00:00,西螺服務區,BEBINCA,4,992.0,886.0301328564076,0
2024-09-16 20:00:00,中部科學園區,BEBINCA,4,992.0,843.2894245736114,0
2024-09-16 20:00:00,興變電所,BEBINCA,4,992.0,923.6647160409276,0
2024-09-16 20:00:00,中正變電所,BEBINCA,4,992.0,773.7064479848034,0
2024-09-16 20:00:00,成都變電所,BEBINCA,4,992.0,770.9459833498768,1
2024-09-16 20:00:00,新豐配電變電所,BEBINCA,4,992.0,773.2741081572067,0
2024-09-16 20:00:00,內惟配電變電所,BEBINCA,4,992.0,1009.2094912059355,0
2024-09-16 20:00:00,永華二次變電所,BEBINCA,4,992.0,972.5964707355411,0
2024-09-16 20:00:00,關西二次變電所,BEBINCA,4,992.0,789.7608350802958,0
2024-09-16 20:00:00,源海二次變電所,BEBINCA,4,992.0,773.6957655761198,0
2024-09-16 20:00:00,四湖配電變電所,BEBINCA,4,992.0,901.1998116719436,0
2024-09-16 20:00:00,新高港超高壓變電所,BEBINCA,4,992.0,1021.0873218983536,0
2024-09-16 20:00:00,九曲配電變電所,BEBINCA,4,992.0,972.5645471722504,0
2024-09-16 20:00:00,崙背變電所,BEBINCA,4,992.0,889.1532491216901,0
2024-09-16 20:00:00,常德變電所,BEBINCA,4,992.0,769.54941625805,0
2024-09-16 20:00:00,嶺口二次變電所,BEBINCA,4,992.0,999.7932381468859,0
2024-09-16 20:00:00,龍明配電變電所,BEBINCA,4,992.0,770.886790400255,0
2024-09-16 20:00:00,新工配電變電所,BEBINCA,4,992.0,782.8960721058377,0
2024-09-17 02:00:00,榮成變電所,BEBINCA,3,1000.0,820.2652053765028,0
2024-09-17 02:00:00,西螺服務區,BEBINCA,3,1000.0,932.7944560133086,0
2024-09-17 02:00:00,中部科學園區,BEBINCA,3,1000.0,894.2981932453889,0
2024-09-17 02:00:00,興變電所,BEBINCA,3,1000.0,973.7371580824484,0
2024-09-17 02:00:00,中正變電所,BEBINCA,3,1000.0,839.1955534184181,0
2024-09-17 02:00:00,成都變電所,BEBINCA,3,1000.0,832.8698518818514,1
2024-09-17 02:00:00,新豐配電變電所,BEBINCA,3,1000.0,830.6085712970104,0
2024-09-17 02:00:00,內惟配電變電所,BEBINCA,3,1000.0,1051.2096305531002,0
2024-09-17 02:00:00,永華二次變電所,BEBINCA,3,1000.0,1014.361790858305,0
2024-09-17 02:00:00,關西二次變電所,BEBINCA,3,1000.0,849.1499787715665,0
2024-09-17 02:00:00,源海二次變電所,BEBINCA,3,1000.0,839.1853718618795,0
2024-09-17 02:00:00,四湖配電變電所,BEBINCA,3,1000.0,944.4746814034356,0
2024-09-17 02:00:00,新高港超高壓變電所,BEBINCA,3,1000.0,1064.3025462656833,0
2024-09-17 02:00:00,九曲配電變電所,BEBINCA,3,1000.0,1014.168109201241,0
2024-09-17 02:00:00,崙背變電所,BEBINCA,3,1000.0,934.35921304147,0
2024-09-17 02:00:00,常德變電所,BEBINCA,3,1000.0,834.6026738386262,0
2024-09-17 02:00:00,嶺口二次變電所,BEBINCA,3,1000.0,1042.8335366349386,0
2024-09-17 02:00:00,龍明配電變電所,BEBINCA,3,1000.0,832.7428629983365,0
2024-09-17 02:00:00,新工配電變電所,BEBINCA,3,1000.0,839.6291217171531,0
2024-09-17 08:00:00,榮成變電所,BEBINCA,2,1004.0,902.0336869222887,0
2024-09-17 08:00:00,西螺服務區,BEBINCA,2,1004.0,1008.482542491736,0
2024-09-17 08:00:00,中部科學園區,BEBINCA,2,1004.0,972.0448196037416,0
2024-09-17 08:00:00,興變電所,BEBINCA,2,1004.0,1050.6870675983826,0
2024-09-17 08:00:00,中正變電所,BEBINCA,2,1004.0,922.9276867163685,0
2024-09-17 08:00:00,成都變電所,BEBINCA,2,1004.0,915.3153233389739,1
2024-09-17 08:00:00,新豐配電變電所,BEBINCA,2,1004.0,911.2946388466656,0
2024-09-17 08:00:00,內惟配電變電所,BEBINCA,2,1004.0,1124.1204148547783,0
2024-09-17 08:00:00,永華二次變電所,BEBINCA,2,1004.0,1087.3364175524684,0
2024-09-17 08:00:00,關西二次變電所,BEBINCA,2,1004.0,930.547250505107,0
2024-09-17 08:00:00,源海二次變電所,BEBINCA,2,1004.0,922.9177299730648,0
2024-09-17 08:00:00,四湖配電變電所,BEBINCA,2,1004.0,1018.515693791413,0
2024-09-17 08:00:00,新高港超高壓變電所,BEBINCA,2,1004.0,1137.7283066458333,0
2024-09-17 08:00:00,九曲配電變電所,BEBINCA,2,1004.0,1087.0672589166456,0
2024-09-17 08:00:00,崙背變電所,BEBINCA,2,1004.0,1009.3376984831531,0
2024-09-17 08:00:00,常德變電所,BEBINCA,2,1004.0,918.1969169723851,0
2024-09-17 08:00:00,嶺口二次變電所,BEBINCA,2,1004.0,1116.273492553491,0
2024-09-17 08:00:00,龍明配電變電所,BEBINCA,2,1004.0,915.1634185859753,0
2024-09-17 08:00:00,新工配電變電所,BEBINCA,2,1004.0,920.0287624494372,0
2024-09-17 14:00:00,榮成變電所,BEBINCA,2,1004.0,985.9937137890582,0
2024-09-17 14:00:00,西螺服務區,BEBINCA,2,1004.0,1087.1528384791343,0
2024-09-17 14:00:00,中部科學園區,BEBINCA,2,1004.0,1052.5317801508,0
2024-09-17 14:00:00,興變電所,BEBINCA,2,1004.0,1130.324043357169,0
2024-09-17 14:00:00,中正變電所,BEBINCA,2,1004.0,1008.4452605553021,0
2024-09-17 14:00:00,成都變電所,BEBINCA,2,1004.0,999.7999660579853,1
2024-09-17 14:00:00,新豐配電變電所,BEBINCA,2,1004.0,994.3514584488837,0
2024-09-17 14:00:00,內惟配電變電所,BEBINCA,2,1004.0,1200.1384501108346,0
2024-09-17 14:00:00,永華二次變電所,BEBINCA,2,1004.0,1163.49896327172,0
2024-09-17 14:00:00,關西二次變電所,BEBINCA,2,1004.0,1014.1454434576737,0
2024-09-17 14:00:00,源海二次變電所,BEBINCA,2,1004.0,1008.4355031330838,0
2024-09-17 14:00:00,四湖配電變電所,BEBINCA,2,1004.0,1095.7669074724802,0
2024-09-17 14:00:00,新高港超高壓變電所,BEBINCA,2,1004.0,1214.1590818416598,0
2024-09-17 14:00:00,九曲配電變電所,BEBINCA,2,1004.0,1163.1657005624709,0
2024-09-17 14:00:00,崙背變電所,BEBINCA,2,1004.0,1087.4067918697783,0
2024-09-17 14:00:00,常德變電所,BEBINCA,2,1004.0,1003.6105210554013,0
2024-09-17 14:00:00,嶺口二次變電所,BEBINCA,2,1004.0,1192.7658340081612,0
2024-09-17 14:00:00,龍明配電變電所,BEBINCA,2,1004.0,999.6280599579891,0
2024-09-17 14:00:00,新工配電變電所,BEBINCA,2,1004.0,1002.8314735792096,0
2024-09-17 20:00:00,榮成變電所,BEBINCA,2,1006.0,1019.117629637997,0
2024-09-17 20:00:00,西螺服務區,BEBINCA,2,1006.0,1118.5514444478858,0
2024-09-17 20:00:00,中部科學園區,BEBINCA,2,1006.0,1084.5315306983707,0
2024-09-17 20:00:00,興變電所,BEBINCA,2,1006.0,1162.0156142391525,0
2024-09-17 20:00:00,中正變電所,BEBINCA,2,1006.0,1042.0435739773993,0
2024-09-17 20:00:00,成都變電所,BEBINCA,2,1006.0,1033.0817649995429,0
2024-09-17 20:00:00,新豐配電變電所,BEBINCA,2,1006.0,1027.190260533116,0
2024-09-17 20:00:00,內惟配電變電所,BEBINCA,2,1006.0,1230.6143215241002,0
2024-09-17 20:00:00,永華二次變電所,BEBINCA,2,1006.0,1194.0405729144302,0
2024-09-17 20:00:00,關西二次變電所,BEBINCA,2,1006.0,1047.1458793886811,0
2024-09-17 20:00:00,源海二次變電所,BEBINCA,2,1006.0,1042.0338808977685,0
2024-09-17 20:00:00,四湖配電變電所,BEBINCA,2,1006.0,1126.7002609414205,0
2024-09-17 20:00:00,新高港超高壓變電所,BEBINCA,2,1006.0,1244.7646711379225,0
2024-09-17 20:00:00,九曲配電變電所,BEBINCA,2,1006.0,1193.6863781283964,0
2024-09-17 20:00:00,崙背變電所,BEBINCA,2,1006.0,1118.6104436531832,0
2024-09-17 20:00:00,常德變電所,BEBINCA,2,1006.0,1037.178287632171,0
2024-09-17 20:00:00,嶺口二次變電所,BEBINCA,2,1006.0,1223.401720112879,0
2024-09-17 20:00:00,龍明配電變電所,BEBINCA,2,1006.0,1032.9037133793047,0
2024-09-17 20:00:00,新工配電變電所,BEBINCA,2,1006.0,1035.5871003278492,0
2024-09-18 02:00:00,榮成變電所,BEBINCA,2,1008.0,1062.064702254521,0
2024-09-18 02:00:00,西螺服務區,BEBINCA,2,1008.0,1158.0651424127198,0
2024-09-18 02:00:00,中部科學園區,BEBINCA,2,1008.0,1125.2108929023464,0
2024-09-18 02:00:00,興變電所,BEBINCA,2,1008.0,1202.05731162129,0
2024-09-18 02:00:00,中正變電所,BEBINCA,2,1008.0,1085.970671408686,1
2024-09-18 02:00:00,成都變電所,BEBINCA,2,1008.0,1076.3469041317342,0
2024-09-18 02:00:00,新豐配電變電所,BEBINCA,2,1008.0,1069.5540285671464,0
2024-09-18 02:00:00,內惟配電變電所,BEBINCA,2,1008.0,1268.3446295611534,0
2024-09-18 02:00:00,永華二次變電所,BEBINCA,2,1008.0,1231.9145624657385,0
2024-09-18 02:00:00,關西二次變電所,BEBINCA,2,1008.0,1089.8251247086055,0
2024-09-18 02:00:00,源海二次變電所,BEBINCA,2,1008.0,1085.9611204324221,0
2024-09-18 02:00:00,四湖配電變電所,BEBINCA,2,1008.0,1165.340729941098,0
2024-09-18 02:00:00,新高港超高壓變電所,BEBINCA,2,1008.0,1282.7245522570483,0
2024-09-18 02:00:00,九曲配電變電所,BEBINCA,2,1008.0,1231.522249301686,0
2024-09-18 02:00:00,崙背變電所,BEBINCA,2,1008.0,1157.7587815123115,0
2024-09-18 02:00:00,常德變電所,BEBINCA,2,1008.0,1081.0425673391906,0
2024-09-18 02:00:00,嶺口二次變電所,BEBINCA,2,1008.0,1261.4302875164399,0
2024-09-18 02:00:00,龍明配電變電所,BEBINCA,2,1008.0,1076.1561876740436,0
2024-09-18 02:00:00,新工配電變電所,BEBINCA,2,1008.0,1077.7790609475903,0
2024-09-18 08:00:00,榮成變電所,BEBINCA,2,1008.0,1095.712873792851,0
2024-09-18 08:00:00,西螺服務區,BEBINCA,2,1008.0,1190.2306413624544,0
2024-09-18 08:00:00,中部科學園區,BEBINCA,2,1008.0,1157.9000989583012,0
2024-09-18 08:00:00,興變電所,BEBINCA,2,1008.0,1234.4471953853154,0
2024-09-18 08:00:00,中正變電所,BEBINCA,2,1008.0,1119.9948531606979,1
2024-09-18 08:00:00,成都變電所,BEBINCA,2,1008.0,1110.1176450851594,0
2024-09-18 08:00:00,新豐配電變電所,BEBINCA,2,1008.0,1102.9659210945613,0
2024-09-18 08:00:00,內惟配電變電所,BEBINCA,2,1008.0,1299.6578893158053,0
2024-09-18 08:00:00,永華二次變電所,BEBINCA,2,1008.0,1263.3057314529067,0
2024-09-18 08:00:00,關西二次變電所,BEBINCA,2,1008.0,1123.3603645477804,0
2024-09-18 08:00:00,源海二次變電所,BEBINCA,2,1008.0,1119.9853576676267,0
2024-09-18 08:00:00,四湖配電變電所,BEBINCA,2,1008.0,1197.1073775861037,0
2024-09-18 08:00:00,新高港超高壓變電所,BEBINCA,2,1008.0,1314.1418923992103,0
2024-09-18 08:00:00,九曲配電變電所,BEBINCA,2,1008.0,1262.8956463545737,0
2024-09-18 08:00:00,崙背變電所,BEBINCA,2,1008.0,1189.7594507569456,0
2024-09-18 08:00:00,常德變電所,BEBINCA,2,1008.0,1115.043750313967,0
2024-09-18 08:00:00,嶺口二次變電所,BEBINCA,2,1008.0,1292.8855799415733,0
2024-09-18 08:00:00,龍明配電變電所,BEBINCA,2,1008.0,1109.9220026502285,0
2024-09-18 08:00:00,新工配電變電所,BEBINCA,2,1008.0,1111.1188346718627,0
2024-09-18 14:00:00,榮成變電所,BEBINCA,2,1008.0,1133.7925479685596,0
2024-09-18 14:00:00,西螺服務區,BEBINCA,2,1008.0,1228.3424606290957,0
2024-09-18 14:00:00,中部科學園區,BEBINCA,2,1008.0,1196.048933261777,0
2024-09-18 14:00:00,興變電所,BEBINCA,2,1008.0,1272.5797079877825,0
2024-09-18 14:00:00,中正變電所,BEBINCA,2,1008.0,1157.9786404783263,1
2024-09-18 14:00:00,成都變電所,BEBINCA,2,1008.0,1148.1715295303295,0
2024-09-18 14:00:00,新豐配電變電所,BEBINCA,2,1008.0,1141.0830035359554,0
2024-09-18 14:00:00,內惟配電變電所,BEBINCA,2,1008.0,1337.6287173747912,0
2024-09-18 14:00:00,永華二次變電所,BEBINCA,2,1008.0,1301.2935681985205,0
2024-09-18 14:00:00,關西二次變電所,BEBINCA,2,1008.0,1161.4600820216983,0
2024-09-18 14:00:00,源海二次變電所,BEBINCA,2,1008.0,1157.9691268048116,0
2024-09-18 14:00:00,四湖配電變電所,BEBINCA,2,1008.0,1235.165015088828,0
2024-09-18 14:00:00,新高港超高壓變電所,BEBINCA,2,1008.0,1352.133927643694,0
2024-09-18 14:00:00,九曲配電變電所,BEBINCA,2,1008.0,1300.8798625431125,0
2024-09-18 14:00:00,崙背變電所,BEBINCA,2,1008.0,1227.851404045987,0
2024-09-18 14:00:00,常德變電所,BEBINCA,2,1008.0,1153.0348730617939,0
2024-09-18 14:00:00,嶺口二次變電所,BEBINCA,2,1008.0,1330.8856174069467,0
2024-09-18 14:00:00,龍明配電變電所,BEBINCA,2,1008.0,1147.9770210666456,0
2024-09-18 14:00:00,新工配電變電所,BEBINCA,2,1008.0,1149.2443679831638,0
2024-09-17 20:00:00,榮成變電所,PULASAN,3,992.0,1413.7591241984896,0
2024-09-17 20:00:00,西螺服務區,PULASAN,3,992.0,1457.20289956994,0
2024-09-17 20:00:00,中部科學園區,PULASAN,3,992.0,1439.743090944849,0
2024-09-17 20:00:00,興變電所,PULASAN,3,992.0,1419.9827058328249,0
2024-09-17 20:00:00,中正變電所,PULASAN,3,992.0,1370.6260683748158,0
2024-09-17 20:00:00,成都變電所,PULASAN,3,992.0,1395.642867967268,0
2024-09-17 20:00:00,新豐配電變電所,PULASAN,3,992.0,1424.838806301542,0
2024-09-17 20:00:00,內惟配電變電所,PULASAN,3,992.0,1466.892949327625,0
2024-09-17 20:00:00,永華二次變電所,PULASAN,3,992.0,1475.7145644589955,0
2024-09-17 20:00:00,關西二次變電所,PULASAN,3,992.0,1403.3184814150502,0
2024-09-17 20:00:00,源海二次變電所,PULASAN,3,992.0,1370.6285770033346,0
2024-09-17 20:00:00,四湖配電變電所,PULASAN,3,992.0,1479.7717339756448,0
2024-09-17 20:00:00,新高港超高壓變電所,PULASAN,3,992.0,1454.167574233627,0
2024-09-17 20:00:00,九曲配電變電所,PULASAN,3,992.0,1477.0699728144762,0
2024-09-17 20:00:00,崙背變電所,PULASAN,3,992.0,1468.1852292228198,0
2024-09-17 20:00:00,常德變電所,PULASAN,3,992.0,1375.7625024295792,0
2024-09-17 20:00:00,嶺口二次變電所,PULASAN,3,992.0,1459.6282874157932,0
2024-09-17 20:00:00,龍明配電變電所,PULASAN,3,992.0,1396.1203704120117,0
2024-09-17 20:00:00,新工配電變電所,PULASAN,3,992.0,1424.428210990219,0
2024-09-18 02:00:00,榮成變電所,PULASAN,3,992.0,1306.6557571095857,0
2024-09-18 02:00:00,西螺服務區,PULASAN,3,992.0,1358.5599127233597,0
2024-09-18 02:00:00,中部科學園區,PULASAN,3,992.0,1338.208200595401,0
2024-09-18 02:00:00,興變電所,PULASAN,3,992.0,1323.235561744927,0
2024-09-18 02:00:00,中正變電所,PULASAN,3,992.0,1263.187578309249,1
2024-09-18 02:00:00,成都變電所,PULASAN,3,992.0,1288.7272387185847,0
2024-09-18 02:00:00,新豐配電變電所,PULASAN,3,992.0,1318.774669670017,0
2024-09-18 02:00:00,內惟配電變電所,PULASAN,3,992.0,1376.2309966146695,0
2024-09-18 02:00:00,永華二次變電所,PULASAN,3,992.0,1382.7187067193147,0
2024-09-18 02:00:00,關西二次變電所,PULASAN,3,992.0,1297.7556664773465,0
2024-09-18 02:00:00,源海二次變電所,PULASAN,3,992.0,1263.189481947527,0
2024-09-18 02:00:00,四湖配電變電所,PULASAN,3,992.0,1382.3217221864609,0
2024-09-18 02:00:00,新高港超高壓變電所,PULASAN,3,992.0,1364.2237816961783,0
2024-09-18 02:00:00,九曲配電變電所,PULASAN,3,992.0,1384.0812830232342,0
2024-09-18 02:00:00,崙背變電所,PULASAN,3,992.0,1369.869153378965,0
2024-09-18 02:00:00,常德變電所,PULASAN,3,992.0,1268.2109646300964,0
2024-09-18 02:00:00,嶺口二次變電所,PULASAN,3,992.0,1368.298144246406,0
2024-09-18 02:00:00,龍明配電變電所,PULASAN,3,992.0,1289.213607879359,0
2024-09-18 02:00:00,新工配電變電所,PULASAN,3,992.0,1318.9318315951207,0
2024-09-18 08:00:00,榮成變電所,PULASAN,3,992.0,1106.9746287882865,0
2024-09-18 08:00:00,西螺服務區,PULASAN,3,992.0,1165.5498862319573,0
2024-09-18 08:00:00,中部科學園區,PULASAN,3,992.0,1142.7375902344775,0
2024-09-18 08:00:00,興變電所,PULASAN,3,992.0,1132.0961020494708,0
2024-09-18 08:00:00,中正變電所,PULASAN,3,992.0,1063.3519392629994,1
2024-09-18 08:00:00,成都變電所,PULASAN,3,992.0,1089.2075845866707,0
2024-09-18 08:00:00,新豐配電變電所,PULASAN,3,992.0,1119.8037328502976,0
2024-09-18 08:00:00,內惟配電變電所,PULASAN,3,992.0,1190.9164775726508,0
2024-09-18 08:00:00,永華二次變電所,PULASAN,3,992.0,1194.9993758210724,0
2024-09-18 08:00:00,關西二次變電所,PULASAN,3,992.0,1099.1911608875175,0
2024-09-18 08:00:00,源海二次變電所,PULASAN,3,992.0,1063.3534249141446,0
2024-09-18 08:00:00,四湖配電變電所,PULASAN,3,992.0,1190.322889158925,0
2024-09-18 08:00:00,新高港超高壓變電所,PULASAN,3,992.0,1179.714687550125,0
2024-09-18 08:00:00,九曲配電變電所,PULASAN,3,992.0,1196.363587829726,0
2024-09-18 08:00:00,崙背變電所,PULASAN,3,992.0,1177.119149259813,0
2024-09-18 08:00:00,常德變電所,PULASAN,3,992.0,1068.2892898915227,0
2024-09-18 08:00:00,嶺口二次變電所,PULASAN,3,992.0,1182.3295800304115,0
2024-09-18 08:00:00,龍明配電變電所,PULASAN,3,992.0,1089.699269528312,0
2024-09-18 08:00:00,新工配電變電所,PULASAN,3,992.0,1120.3741193420706,0
2024-09-18 14:00:00,榮成變電所,PULASAN,3,992.0,957.6850798604895,0
2024-09-18 14:00:00,西螺服務區,PULASAN,3,992.0,1030.897656448862,0
2024-09-18 14:00:00,中部科學園區,PULASAN,3,992.0,1003.1442636890667,0
2024-09-18 14:00:00,興變電所,PULASAN,3,992.0,1001.470699365767,0
2024-09-18 14:00:00,中正變電所,PULASAN,3,992.0,913.9527342879173,1
2024-09-18 14:00:00,成都變電所,PULASAN,3,992.0,940.4628954420028,0
2024-09-18 14:00:00,新豐配電變電所,PULASAN,3,992.0,972.2543719534301,0
2024-09-18 14:00:00,內惟配電變電所,PULASAN,3,992.0,1070.3603733329478,0
2024-09-18 14:00:00,永華二次變電所,PULASAN,3,992.0,1070.1312207269568,0
2024-09-18 14:00:00,關西二次變電所,PULASAN,3,992.0,952.803485749779,0
2024-09-18 14:00:00,源海二次變電所,PULASAN,3,992.0,913.9530862096192,0
2024-09-18 14:00:00,四湖配電變電所,PULASAN,3,992.0,1057.458999281948,0
2024-09-18 14:00:00,新高港超高壓變電所,PULASAN,3,992.0,1060.6844291962725,0
2024-09-18 14:00:00,九曲配電變電所,PULASAN,3,992.0,1071.4843347495957,0
2024-09-18 14:00:00,崙背變電所,PULASAN,3,992.0,1042.8857832523652,0
2024-09-18 14:00:00,常德變電所,PULASAN,3,992.0,918.6232986081692,0
2024-09-18 14:00:00,嶺口二次變電所,PULASAN,3,992.0,1060.7220062709168,0
2024-09-18 14:00:00,龍明配電變電所,PULASAN,3,992.0,940.9650480906007,0
2024-09-18 14:00:00,新工配電變電所,PULASAN,3,992.0,973.8493535835864,0
2024-09-18 20:00:00,榮成變電所,PULASAN,3,996.0,777.7107348861484,0
2024-09-18 20:00:00,西螺服務區,PULASAN,3,996.0,878.0590457751103,0
2024-09-18 20:00:00,中部科學園區,PULASAN,3,996.0,841.5366105276521,0
2024-09-18 20:00:00,興變電所,PULASAN,3,996.0,857.4988027219682,0
2024-09-18 20:00:00,中正變電所,PULASAN,3,996.0,735.2138523783437,1
2024-09-18 20:00:00,成都變電所,PULASAN,3,996.0,762.202496575548,0
2024-09-18 20:00:00,新豐配電變電所,PULASAN,3,996.0,795.4634916919201,0
2024-09-18 20:00:00,內惟配電變電所,PULASAN,3,996.0,942.6891404519803,0
2024-09-18 20:00:00,永華二次變電所,PULASAN,3,996.0,934.505208228569,0
2024-09-18 20:00:00,關西二次變電所,PULASAN,3,996.0,779.0746212307207,0
2024-09-18 20:00:00,源海二次變電所,PULASAN,3,996.0,735.2117618588733,0
2024-09-18 20:00:00,四湖配電變電所,PULASAN,3,996.0,907.1711731642085,0
2024-09-18 20:00:00,新高港超高壓變電所,PULASAN,3,996.0,936.1705962361908,0
2024-09-18 20:00:00,九曲配電變電所,PULASAN,3,996.0,935.7896525845381,0
2024-09-18 20:00:00,崙背變電所,PULASAN,3,996.0,890.4497487534592,0
2024-09-18 20:00:00,常德變電所,PULASAN,3,996.0,739.1484628847622,0
2024-09-18 20:00:00,嶺口二次變電所,PULASAN,3,996.0,931.4765249977045,0
2024-09-18 20:00:00,龍明配電變電所,PULASAN,3,996.0,762.7099365261738,0
2024-09-18 20:00:00,新工配電變電所,PULASAN,3,996.0,799.1352181071765,0
2024-09-19 02:00:00,榮成變電所,PULASAN,3,998.0,654.8741252089847,0
2024-09-19 02:00:00,西螺服務區,PULASAN,3,998.0,779.4610973309768,0
2024-09-19 02:00:00,中部科學園區,PULASAN,3,998.0,735.5343421897579,0
2024-09-19 02:00:00,興變電所,PULASAN,3,998.0,769.071991521843,0
2024-09-19 02:00:00,中正變電所,PULASAN,3,998.0,616.1515548923388,1
2024-09-19 02:00:00,成都變電所,PULASAN,3,998.0,642.1331309272241,0
2024-09-19 02:00:00,新豐配電變電所,PULASAN,3,998.0,675.2813249436372,0
2024-09-19 02:00:00,內惟配電變電所,PULASAN,3,998.0,866.3305463288239,0
2024-09-19 02:00:00,永華二次變電所,PULASAN,3,998.0,850.6906921228227,0
2024-09-19 02:00:00,關西二次變電所,PULASAN,3,998.0,663.1626724179084,0
2024-09-19 02:00:00,源海二次變電所,PULASAN,3,998.0,616.1467904651811,0
2024-09-19 02:00:00,四湖配電變電所,PULASAN,3,998.0,809.8364880002429,0
2024-09-19 02:00:00,新高港超高壓變電所,PULASAN,3,998.0,863.1988953369553,0
2024-09-19 02:00:00,九曲配電變電所,PULASAN,3,998.0,851.8482645887577,0
2024-09-19 02:00:00,崙背變電所,PULASAN,3,998.0,791.6797719810012,0
2024-09-19 02:00:00,常德變電所,PULASAN,3,998.0,619.0096655204886,0
2024-09-19 02:00:00,嶺口二次變電所,PULASAN,3,998.0,854.1012046585374,0
2024-09-19 02:00:00,龍明配電變電所,PULASAN,3,998.0,642.6185261307269,0
2024-09-19 02:00:00,新工配電變電所,PULASAN,3,998.0,681.070259703998,0
2024-09-19 08:00:00,榮成變電所,PULASAN,3,998.0,572.0040496442424,0
2024-09-19 08:00:00,西螺服務區,PULASAN,3,998.0,716.4171598615453,0
2024-09-19 08:00:00,中部科學園區,PULASAN,3,998.0,666.8420093152287,0
2024-09-19 08:00:00,興變電所,PULASAN,3,998.0,717.7316612849547,0
2024-09-19 08:00:00,中正變電所,PULASAN,3,998.0,540.9377999441006,1
2024-09-19 08:00:00,成都變電所,PULASAN,3,998.0,563.5695907581547,0
2024-09-19 08:00:00,新豐配電變電所,PULASAN,3,998.0,594.1276667578852,0
2024-09-19 08:00:00,內惟配電變電所,PULASAN,3,998.0,822.4961075979996,0
2024-09-19 08:00:00,永華二次變電所,PULASAN,3,998.0,799.8082427901312,0
2024-09-19 08:00:00,關西二次變電所,PULASAN,3,998.0,587.9528457313224,0
2024-09-19 08:00:00,源海二次變電所,PULASAN,3,998.0,540.9302063434222,0
2024-09-19 08:00:00,四湖配電變電所,PULASAN,3,998.0,746.5173253397335,0
2024-09-19 08:00:00,新高港超高壓變電所,PULASAN,3,998.0,823.0302019626712,0
2024-09-19 08:00:00,九曲配電變電所,PULASAN,3,998.0,800.7743361450201,0
2024-09-19 08:00:00,崙背變電所,PULASAN,3,998.0,727.7638009485008,0
2024-09-19 08:00:00,常德變電所,PULASAN,3,998.0,542.2460686046977,0
2024-09-19 08:00:00,嶺口二次變電所,PULASAN,3,998.0,809.8113587381639,0
2024-09-19 08:00:00,龍明配電變電所,PULASAN,3,998.0,563.9904797077346,0
2024-09-19 08:00:00,新工配電變電所,PULASAN,3,998.0,602.0251542628612,0
2024-09-19 14:00:00,榮成變電所,PULASAN,3,998.0,607.5640706002953,0
2024-09-19 14:00:00,西螺服務區,PULASAN,3,998.0,762.3546511449221,0
2024-09-19 14:00:00,中部科學園區,PULASAN,3,998.0,710.2909421473879,0
2024-09-19 14:00:00,興變電所,PULASAN,3,998.0,781.1904389880475,0
2024-09-19 14:00:00,中正變電所,PULASAN,3,998.0,594.7950892448091,1
2024-09-19 14:00:00,成都變電所,PULASAN,3,998.0,607.7390831799814,0
2024-09-19 14:00:00,新豐配電變電所,PULASAN,3,998.0,628.6131119255879,0
2024-09-19 14:00:00,內惟配電變電所,PULASAN,3,998.0,886.2746114463853,0
2024-09-19 14:00:00,永華二次變電所,PULASAN,3,998.0,855.3031206229205,0
2024-09-19 14:00:00,關西二次變電所,PULASAN,3,998.0,633.155520779236,0
2024-09-19 14:00:00,源海二次變電所,PULASAN,3,998.0,594.7845295530558,0
2024-09-19 14:00:00,四湖配電變電所,PULASAN,3,998.0,788.5644482373001,0
2024-09-19 14:00:00,新高港超高壓變電所,PULASAN,3,998.0,892.0640159380473,0
2024-09-19 14:00:00,九曲配電變電所,PULASAN,3,998.0,855.8910870917884,0
2024-09-19 14:00:00,崙背變電所,PULASAN,3,998.0,771.011633298543,0
2024-09-19 14:00:00,常德變電所,PULASAN,3,998.0,593.38886259425,0
2024-09-19 14:00:00,嶺口二次變電所,PULASAN,3,998.0,874.0805093115713,0
2024-09-19 14:00:00,龍明配電變電所,PULASAN,3,998.0,607.9774011320058,0
2024-09-19 14:00:00,新工配電變電所,PULASAN,3,998.0,638.6433870222453,0
2024-09-19 20:00:00,榮成變電所,PULASAN,3,1000.0,633.4804327376914,0
2024-09-19 20:00:00,西螺服務區,PULASAN,3,1000.0,782.1874334540902,0
2024-09-19 20:00:00,中部科學園區,PULASAN,3,1000.0,732.1499866674933,0
2024-09-19 20:00:00,興變電所,PULASAN,3,1000.0,809.3469028125941,0
2024-09-19 20:00:00,中正變電所,PULASAN,3,1000.0,631.597101342372,1
2024-09-19 20:00:00,成都變電所,PULASAN,3,1000.0,638.2280018965469,0
2024-09-19 20:00:00,新豐配電變電所,PULASAN,3,1000.0,652.0340301378216,0
2024-09-19 20:00:00,內惟配電變電所,PULASAN,3,1000.0,909.3432399130577,0
2024-09-19 20:00:00,永華二次變電所,PULASAN,3,1000.0,875.311266513205,0
2024-09-19 20:00:00,關西二次變電所,PULASAN,3,1000.0,661.9172977200286,0
2024-09-19 20:00:00,源海二次變電所,PULASAN,3,1000.0,631.5860060191445,0
2024-09-19 20:00:00,四湖配電變電所,PULASAN,3,1000.0,804.7491119651802,0
2024-09-19 20:00:00,新高港超高壓變電所,PULASAN,3,1000.0,917.7196056082905,0
2024-09-19 20:00:00,九曲配電變電所,PULASAN,3,1000.0,875.6659215105365,0
2024-09-19 20:00:00,崙背變電所,PULASAN,3,1000.0,788.8678262464978,0
2024-09-19 20:00:00,常德變電所,PULASAN,3,1000.0,628.908820166816,0
2024-09-19 20:00:00,嶺口二次變電所,PULASAN,3,1000.0,897.9621331698626,0
2024-09-19 20:00:00,龍明配電變電所,PULASAN,3,1000.0,638.3473866511343,0
2024-09-19 20:00:00,新工配電變電所,PULASAN,3,1000.0,662.3413640882154,0
2024-09-20 02:00:00,榮成變電所,PULASAN,3,1000.0,694.8033254889522,0
2024-09-20 02:00:00,西螺服務區,PULASAN,3,1000.0,835.1978204800406,0
2024-09-20 02:00:00,中部科學園區,PULASAN,3,1000.0,787.8063102663168,0
2024-09-20 02:00:00,興變電所,PULASAN,3,1000.0,867.3764522696384,0
2024-09-20 02:00:00,中正變電所,PULASAN,3,1000.0,699.9100730360581,0
2024-09-20 02:00:00,成都變電所,PULASAN,3,1000.0,702.338914660914,0
2024-09-20 02:00:00,新豐配電變電所,PULASAN,3,1000.0,711.1057251415879,0
2024-09-20 02:00:00,內惟配電變電所,PULASAN,3,1000.0,961.9418840088603,0
2024-09-20 02:00:00,永華二次變電所,PULASAN,3,1000.0,926.4281080026416,0
2024-09-20 02:00:00,關西二次變電所,PULASAN,3,1000.0,724.1622983901569,0
2024-09-20 02:00:00,源海二次變電所,PULASAN,3,1000.0,699.8989991802403,0
2024-09-20 02:00:00,四湖配電變電所,PULASAN,3,1000.0,854.7113850691686,0
2024-09-20 02:00:00,新高港超高壓變電所,PULASAN,3,1000.0,971.9509465382616,0
2024-09-20 02:00:00,九曲配電變電所,PULASAN,3,1000.0,926.6139749991174,0
2024-09-20 02:00:00,崙背變電所,PULASAN,3,1000.0,840.3602946631445,0
2024-09-20 02:00:00,常德變電所,PULASAN,3,1000.0,696.5075103947232,0
2024-09-20 02:00:00,嶺口二次變電所,PULASAN,3,1000.0,951.3268891493591,0
2024-09-20 02:00:00,龍明配電變電所,PULASAN,3,1000.0,702.3783149425341,0
2024-09-20 02:00:00,新工配電變電所,PULASAN,3,1000.0,721.2628870144871,0
2024-09-20 08:00:00,榮成變電所,PULASAN,3,1000.0,753.428762652819,0
2024-09-20 08:00:00,西螺服務區,PULASAN,3,1000.0,889.7279391398346,0
2024-09-20 08:00:00,中部科學園區,PULASAN,3,1000.0,843.6695678734364,0
2024-09-20 08:00:00,興變電所,PULASAN,3,1000.0,923.7557701154924,0
2024-09-20 08:00:00,中正變電所,PULASAN,3,1000.0,761.031022481779,0
2024-09-20 08:00:00,成都變電所,PULASAN,3,1000.0,761.9399402443403,0
2024-09-20 08:00:00,新豐配電變電所,PULASAN,3,1000.0,768.7771345891819,0
2024-09-20 08:00:00,內惟配電變電所,PULASAN,3,1000.0,1015.6831849091946,0
2024-09-20 08:00:00,永華二次變電所,PULASAN,3,1000.0,979.7111307629466,0
2024-09-20 08:00:00,關西二次變電所,PULASAN,3,1000.0,782.9405242795368,0
2024-09-20 08:00:00,源海二次變電所,PULASAN,3,1000.0,761.0200205909425,0
2024-09-20 08:00:00,四湖配電變電所,PULASAN,3,1000.0,907.8804767065504,0
2024-09-20 08:00:00,新高港超高壓變電所,PULASAN,3,1000.0,1026.3275739215921,0
2024-09-20 08:00:00,九曲配電變電所,PULASAN,3,1000.0,979.8255614416674,0
2024-09-20 08:00:00,崙背變電所,PULASAN,3,1000.0,894.241518448402,0
2024-09-20 08:00:00,常德變電所,PULASAN,3,1000.0,757.3963983964338,0
2024-09-20 08:00:00,嶺口二次變電所,PULASAN,3,1000.0,1005.432269148364,0
2024-09-20 08:00:00,龍明配電變電所,PULASAN,3,1000.0,761.9499516519329,0
2024-09-20 08:00:00,新工配電變電所,PULASAN,3,1000.0,778.8095340178763,0
2024-09-20 14:00:00,榮成變電所,PULASAN,3,1000.0,775.5635979140661,0
2024-09-20 14:00:00,西螺服務區,PULASAN,3,1000.0,911.9662929640326,0
2024-09-20 14:00:00,中部科學園區,PULASAN,3,1000.0,865.8944044358799,0
2024-09-20 14:00:00,興變電所,PULASAN,3,1000.0,945.9734223109792,0
2024-09-20 14:00:00,中正變電所,PULASAN,3,1000.0,783.0100106619084,0
2024-09-20 14:00:00,成都變電所,PULASAN,3,1000.0,784.0241644768432,0
2024-09-20 14:00:00,新豐配電變電所,PULASAN,3,1000.0,790.9522965931724,0
2024-09-20 14:00:00,內惟配電變電所,PULASAN,3,1000.0,1037.9207195439787,0
2024-09-20 14:00:00,永華二次變電所,PULASAN,3,1000.0,1001.945944943852,0
2024-09-20 14:00:00,關西二次變電所,PULASAN,3,1000.0,805.0704358222904,0
2024-09-20 14:00:00,源海二次變電所,PULASAN,3,1000.0,782.9990017757335,0
2024-09-20 14:00:00,四湖配電變電所,PULASAN,3,1000.0,930.1152478780314,0
2024-09-20 14:00:00,新高港超高壓變電所,PULASAN,3,1000.0,1048.5665525073803,0
2024-09-20 14:00:00,九曲配電變電所,PULASAN,3,1000.0,1002.0597611459345,0
2024-09-20 14:00:00,崙背變電所,PULASAN,3,1000.0,916.4801912520907,0
2024-09-20 14:00:00,常德變電所,PULASAN,3,1000.0,779.3931904156262,0
2024-09-20 14:00:00,嶺口二次變電所,PULASAN,3,1000.0,1027.6710718951624,0
2024-09-20 14:00:00,龍明配電變電所,PULASAN,3,1000.0,784.0358973727367,0
2024-09-20 14:00:00,新工配電變電所,PULASAN,3,1000.0,800.9896650864496,0
2024-09-20 20:00:00,榮成變電所,PULASAN,3,1000.0,850.1310684287578,0
2024-09-20 20:00:00,西螺服務區,PULASAN,3,1000.0,992.3738547437977,0
2024-09-20 20:00:00,中部科學園區,PULASAN,3,1000.0,944.4959941718597,0
2024-09-20 20:00:00,興變電所,PULASAN,3,1000.0,1023.7424479956434,0
2024-09-20 20:00:00,中正變電所,PULASAN,3,1000.0,853.2827180751475,0
2024-09-20 20:00:00,成都變電所,PULASAN,3,1000.0,856.9688816242004,0
2024-09-20 20:00:00,新豐配電變電所,PULASAN,3,1000.0,866.9860775641515,0
2024-09-20 20:00:00,內惟配電變電所,PULASAN,3,1000.0,1119.3020380217201,0
2024-09-20 20:00:00,永華二次變電所,PULASAN,3,1000.0,1083.9445516521027,0
2024-09-20 20:00:00,關西二次變電所,PULASAN,3,1000.0,879.3325834417909,0
2024-09-20 20:00:00,源海二次變電所,PULASAN,3,1000.0,853.2716075664681,0
2024-09-20 20:00:00,四湖配電變電所,PULASAN,3,1000.0,1012.2972464834205,0
2024-09-20 20:00:00,新高港超高壓變電所,PULASAN,3,1000.0,1129.0897948508618,0
2024-09-20 20:00:00,九曲配電變電所,PULASAN,3,1000.0,1084.150468751515,0
2024-09-20 20:00:00,崙背變電所,PULASAN,3,1000.0,997.7485359804061,0
2024-09-20 20:00:00,常德變電所,PULASAN,3,1000.0,850.0987825917466,0
2024-09-20 20:00:00,嶺口二次變電所,PULASAN,3,1000.0,1108.5730578418013,0
2024-09-20 20:00:00,龍明配電變電所,PULASAN,3,1000.0,857.0301588769843,0
2024-09-20 20:00:00,新工配電變電所,PULASAN,3,1000.0,877.1973906372438,0
2024-09-21 02:00:00,榮成變電所,PULASAN,3,998.0,912.7597358775686,0
2024-09-21 02:00:00,西螺服務區,PULASAN,3,998.0,1060.555710926201,0
2024-09-21 02:00:00,中部科學園區,PULASAN,3,998.0,1010.9033672293089,0
2024-09-21 02:00:00,興變電所,PULASAN,3,998.0,1088.488834251444,0
2024-09-21 02:00:00,中正變電所,PULASAN,3,998.0,910.9304119322658,0
2024-09-21 02:00:00,成都變電所,PULASAN,3,998.0,917.6410074422063,0
2024-09-21 02:00:00,新豐配電變電所,PULASAN,3,998.0,931.1287377807681,0
2024-09-21 02:00:00,內惟配電變電所,PULASAN,3,998.0,1187.7980788127393,0
2024-09-21 02:00:00,永華二次變電所,PULASAN,3,998.0,1153.427594057587,0
2024-09-21 02:00:00,關西二次變電所,PULASAN,3,998.0,941.2742617027997,0
2024-09-21 02:00:00,源海二次變電所,PULASAN,3,998.0,910.9193239985393,0
2024-09-21 02:00:00,四湖配電變電所,PULASAN,3,998.0,1082.4958328790835,0
2024-09-21 02:00:00,新高港超高壓變電所,PULASAN,3,998.0,1196.463772382471,0
2024-09-21 02:00:00,九曲配電變電所,PULASAN,3,998.0,1153.74633393289,0
2024-09-21 02:00:00,崙背變電所,PULASAN,3,998.0,1066.9365224289663,0
2024-09-21 02:00:00,常德變電所,PULASAN,3,998.0,908.2816376211716,0
2024-09-21 02:00:00,嶺口二次變電所,PULASAN,3,998.0,1176.5427327375287,0
2024-09-21 02:00:00,龍明配電變電所,PULASAN,3,998.0,917.7587192867951,0
2024-09-21 02:00:00,新工配電變電所,PULASAN,3,998.0,941.4324756201758,0
2024-09-21 08:00:00,榮成變電所,PULASAN,3,998.0,982.1414345784277,0
2024-09-21 08:00:00,西螺服務區,PULASAN,3,998.0,1134.3632293662108,0
2024-09-21 08:00:00,中部科學園區,PULASAN,3,998.0,1083.2423749352513,0
2024-09-21 08:00:00,興變電所,PULASAN,3,998.0,1158.0670380216204,0
2024-09-21 08:00:00,中正變電所,PULASAN,3,998.0,974.7595434355388,0
2024-09-21 08:00:00,成都變電所,PULASAN,3,998.0,984.7569765690627,0
2024-09-21 08:00:00,新豐配電變電所,PULASAN,3,998.0,1001.9410182619514,0
2024-09-21 08:00:00,內惟配電變電所,PULASAN,3,998.0,1260.7610532579827,0
2024-09-21 08:00:00,永華二次變電所,PULASAN,3,998.0,1227.8332518540462,0
2024-09-21 08:00:00,關西二次變電所,PULASAN,3,998.0,1009.4689887344923,0
2024-09-21 08:00:00,源海二次變電所,PULASAN,3,998.0,974.7486567717722,0
2024-09-21 08:00:00,四湖配電變電所,PULASAN,3,998.0,1158.390338777663,0
2024-09-21 08:00:00,新高港超高壓變電所,PULASAN,3,998.0,1268.0503757675963,0
2024-09-21 08:00:00,九曲配電變電所,PULASAN,3,998.0,1228.2797155880025,0
2024-09-21 08:00:00,崙背變電所,PULASAN,3,998.0,1141.8291534320479,0
2024-09-21 08:00:00,常德變電所,PULASAN,3,998.0,972.7526326044036,0
2024-09-21 08:00:00,嶺口二次變電所,PULASAN,3,998.0,1248.9923269751612,0
2024-09-21 08:00:00,龍明配電變電所,PULASAN,3,998.0,984.9361818775217,0
2024-09-21 08:00:00,新工配電變電所,PULASAN,3,998.0,1012.2044647400395,0
2024-09-21 14:00:00,榮成變電所,PULASAN,6,1000.0,1062.7772185624735,0
2024-09-21 14:00:00,西螺服務區,PULASAN,6,1000.0,1217.4117952496863,0
2024-09-21 14:00:00,中部科學園區,PULASAN,6,1000.0,1165.41970738045,0
2024-09-21 14:00:00,興變電所,PULASAN,6,1000.0,1236.4997112376159,0
2024-09-21 14:00:00,中正變電所,PULASAN,6,1000.0,1049.9267979647423,0
2024-09-21 14:00:00,成都變電所,PULASAN,6,1000.0,1063.0718170077675,0
2024-09-21 14:00:00,新豐配電變電所,PULASAN,6,1000.0,1083.7082460591114,0
2024-09-21 14:00:00,內惟配電變電所,PULASAN,6,1000.0,1341.5962232994873,0
2024-09-21 14:00:00,永華二次變電所,PULASAN,6,1000.0,1310.4871477677466,0
2024-09-21 14:00:00,關西二次變電所,PULASAN,6,1000.0,1088.4828467537698,0
2024-09-21 14:00:00,源海二次變電所,PULASAN,6,1000.0,1049.9162996142566,0
2024-09-21 14:00:00,四湖配電變電所,PULASAN,6,1000.0,1243.3039068912153,0
2024-09-21 14:00:00,新高港超高壓變電所,PULASAN,6,1000.0,1347.385080388264,0
2024-09-21 14:00:00,九曲配電變電所,PULASAN,6,1000.0,1311.0611757634347,0
2024-09-21 14:00:00,崙背變電所,PULASAN,6,1000.0,1225.901825703011,0
2024-09-21 14:00:00,常德變電所,PULASAN,6,1000.0,1048.6013654698854,0
2024-09-21 14:00:00,嶺口二次變電所,PULASAN,6,1000.0,1329.4101435037499,0
2024-09-21 14:00:00,龍明配電變電所,PULASAN,6,1000.0,1063.3100579640181,0
2024-09-21 14:00:00,新工配電變電所,PULASAN,6,1000.0,1093.7774697421225,0
2024-09-21 20:00:00,榮成變電所,PULASAN,6,1002.0,1198.0535102773126,0
2024-09-21 20:00:00,西螺服務區,PULASAN,6,1002.0,1352.6933783862962,0
2024-09-21 20:00:00,中部科學園區,PULASAN,6,1002.0,1300.5265361304375,0
2024-09-21 20:00:00,興變電所,PULASAN,6,1002.0,1365.4889737001413,0
2024-09-21 20:00:00,中正變電所,PULASAN,6,1002.0,1178.6228177016471,0
2024-09-21 20:00:00,成都變電所,PULASAN,6,1002.0,1195.4235229087055,0
2024-09-21 20:00:00,新豐配電變電所,PULASAN,6,1002.0,1219.9444895722804,0
2024-09-21 20:00:00,內惟配電變電所,PULASAN,6,1002.0,1472.0051984704253,0
2024-09-21 20:00:00,永華二次變電所,PULASAN,6,1002.0,1443.7431240400915,0
2024-09-21 20:00:00,關西二次變電所,PULASAN,6,1002.0,1221.142576790593,0
2024-09-21 20:00:00,源海二次變電所,PULASAN,6,1002.0,1178.6130659824767,0
2024-09-21 20:00:00,四湖配電變電所,PULASAN,6,1002.0,1380.5485644082203,0
2024-09-21 20:00:00,新高港超高壓變電所,PULASAN,6,1002.0,1475.7382928665813,0
2024-09-21 20:00:00,九曲配電變電所,PULASAN,6,1002.0,1444.474579611612,0
2024-09-21 20:00:00,崙背變電所,PULASAN,6,1002.0,1362.3542307735026,0
2024-09-21 20:00:00,常德變電所,PULASAN,6,1002.0,1178.1892730115248,0
2024-09-21 20:00:00,嶺口二次變電所,PULASAN,6,1002.0,1459.4565766807755,0
2024-09-21 20:00:00,龍明配電變電所,PULASAN,6,1002.0,1195.730599950152,0
2024-09-21 20:00:00,新工配電變電所,PULASAN,6,1002.0,1229.5535748602108,0
2024-09-15 08:00:00,榮成變電所,SOULIK,2,998.0,1057.4517012621745,0
2024-09-15 08:00:00,西螺服務區,SOULIK,2,998.0,977.5808090560109,0
2024-09-15 08:00:00,中部科學園區,SOULIK,2,998.0,1001.4857267339339,0
2024-09-15 08:00:00,興變電所,SOULIK,2,998.0,930.6246443634968,0
2024-09-15 08:00:00,中正變電所,SOULIK,2,998.0,1034.5508656732054,0
2024-09-15 08:00:00,成都變電所,SOULIK,2,998.0,1043.2093152668567,0
2024-09-15 08:00:00,新豐配電變電所,SOULIK,2,998.0,1050.5355304050681,0
2024-09-15 08:00:00,內惟配電變電所,SOULIK,2,998.0,893.0382735861525,0
2024-09-15 08:00:00,永華二次變電所,SOULIK,2,998.0,924.7014654214933,0
2024-09-15 08:00:00,關西二次變電所,SOULIK,2,998.0,1029.8688567233849,0
2024-09-15 08:00:00,源海二次變電所,SOULIK,2,998.0,1034.560749876938,0
2024-09-15 08:00:00,四湖配電變電所,SOULIK,2,998.0,978.5818298737141,0
2024-09-15 08:00:00,新高港超高壓變電所,SOULIK,2,998.0,876.6949725277505,0
2024-09-15 08:00:00,九曲配電變電所,SOULIK,2,998.0,925.5449450248861,0
2024-09-15 08:00:00,崙背變電所,SOULIK,2,998.0,981.0309110682107,0
2024-09-15 08:00:00,常德變電所,SOULIK,2,998.0,1039.328451273839,0
2024-09-15 08:00:00,嶺口二次變電所,SOULIK,2,998.0,895.4133692191529,0
2024-09-15 08:00:00,龍明配電變電所,SOULIK,2,998.0,1043.3935082607804,0
2024-09-15 08:00:00,新工配電變電所,SOULIK,2,998.0,1042.6504112918224,0
2024-09-15 14:00:00,榮成變電所,SOULIK,2,996.0,1073.5799248949656,0
2024-09-15 14:00:00,西螺服務區,SOULIK,2,996.0,1000.4070254215019,0
2024-09-15 14:00:00,中部科學園區,SOULIK,2,996.0,1021.9570522793293,0
2024-09-15 14:00:00,興變電所,SOULIK,2,996.0,953.141611429534,0
2024-09-15 14:00:00,中正變電所,SOULIK,2,996.0,1048.8522557607355,0
2024-09-15 14:00:00,成都變電所,SOULIK,2,996.0,1058.7832791381843,0
2024-09-15 14:00:00,新豐配電變電所,SOULIK,2,996.0,1067.7115002979513,0
2024-09-15 14:00:00,內惟配電變電所,SOULIK,2,996.0,920.8242249120729,0
2024-09-15 14:00:00,永華二次變電所,SOULIK,2,996.0,951.4814166923968,0
2024-09-15 14:00:00,關西二次變電所,SOULIK,2,996.0,1046.5574129625206,0
2024-09-15 14:00:00,源海二次變電所,SOULIK,2,996.0,1048.8618696600554,0
2024-09-15 14:00:00,四湖配電變電所,SOULIK,2,996.0,1002.9206608812057,0
2024-09-15 14:00:00,新高港超高壓變電所,SOULIK,2,996.0,904.4071197074664,0
2024-09-15 14:00:00,九曲配電變電所,SOULIK,2,996.0,952.3780699153754,0
2024-09-15 14:00:00,崙背變電所,SOULIK,2,996.0,1004.447031689828,0
2024-09-15 14:00:00,常德變電所,SOULIK,2,996.0,1053.7588686673348,0
2024-09-15 14:00:00,嶺口二次變電所,SOULIK,2,996.0,922.5490577047848,0
2024-09-15 14:00:00,龍明配電變電所,SOULIK,2,996.0,1058.9908299046342,0
2024-09-15 14:00:00,新工配電變電所,SOULIK,2,996.0,1060.161594014383,0
2024-09-15 20:00:00,榮成變電所,SOULIK,2,998.0,1037.8180637889134,0
2024-09-15 20:00:00,西螺服務區,SOULIK,2,998.0,959.5064852733219,0
2024-09-15 20:00:00,中部科學園區,SOULIK,2,998.0,982.8139027322864,0
2024-09-15 20:00:00,興變電所,SOULIK,2,998.0,912.4557942481401,0
2024-09-15 20:00:00,中正變電所,SOULIK,2,998.0,1014.5537245533853,0
2024-09-15 20:00:00,成都變電所,SOULIK,2,998.0,1023.4608682546057,1
2024-09-15 20:00:00,新豐配電變電所,SOULIK,2,998.0,1031.1197033500796,0
2024-09-15 20:00:00,內惟配電變電所,SOULIK,2,998.0,876.4045435911684,0
2024-09-15 20:00:00,永華二次變電所,SOULIK,2,998.0,907.7572506630255,0
2024-09-15 20:00:00,關西二次變電所,SOULIK,2,998.0,1010.3456447257453,0
2024-09-15 20:00:00,源海二次變電所,SOULIK,2,998.0,1014.5635597195994,0
2024-09-15 20:00:00,四湖配電變電所,SOULIK,2,998.0,960.9252084150813,0
2024-09-15 20:00:00,新高港超高壓變電所,SOULIK,2,998.0,860.0325092586496,0
2024-09-15 20:00:00,九曲配電變電所,SOULIK,2,998.0,908.6175454689259,0
2024-09-15 20:00:00,崙背變電所,SOULIK,2,998.0,963.1173681734155,0
2024-09-15 20:00:00,常德變電所,SOULIK,2,998.0,1019.3566481332946,0
2024-09-15 20:00:00,嶺口二次變電所,SOULIK,2,998.0,878.572430576832,0
2024-09-15 20:00:00,龍明配電變電所,SOULIK,2,998.0,1023.6497629975133,0
2024-09-15 20:00:00,新工配電變電所,SOULIK,2,998.0,1023.3051736870331,0
2024-09-16 02:00:00,榮成變電所,SOULIK,2,996.0,978.6206025512852,0
2024-09-16 02:00:00,西螺服務區,SOULIK,2,996.0,898.5611574724685,0
2024-09-16 02:00:00,中部科學園區,SOULIK,2,996.0,922.3637060478053,0
2024-09-16 02:00:00,興變電所,SOULIK,2,996.0,851.5758915679461,0
2024-09-16 02:00:00,中正變電所,SOULIK,2,996.0,956.0275141665235,0
2024-09-16 02:00:00,成都變電所,SOULIK,2,996.0,964.4618605938664,1
2024-09-16 02:00:00,新豐配電變電所,SOULIK,2,996.0,971.5793633883686,0
2024-09-16 02:00:00,內惟配電變電所,SOULIK,2,996.0,814.9031400311633,0
2024-09-16 02:00:00,永華二次變電所,SOULIK,2,996.0,846.3110896777966,0
2024-09-16 02:00:00,關西二次變電所,SOULIK,2,996.0,950.9705884391091,0
2024-09-16 02:00:00,源海二次變電所,SOULIK,2,996.0,956.0374478598072,0
2024-09-16 02:00:00,四湖配電變電所,SOULIK,2,996.0,899.7353787871594,0
2024-09-16 02:00:00,新高港超高壓變電所,SOULIK,2,996.0,798.5345574618901,0
2024-09-16 02:00:00,九曲配電變電所,SOULIK,2,996.0,847.1676134465029,0
2024-09-16 02:00:00,崙背變電所,SOULIK,2,996.0,902.0688928266292,0
2024-09-16 02:00:00,常德變電所,SOULIK,2,996.0,960.7789564193251,0
2024-09-16 02:00:00,嶺口二次變電所,SOULIK,2,996.0,817.1039133877346,0
2024-09-16 02:00:00,龍明配電變電所,SOULIK,2,996.0,964.6424097300196,0
2024-09-16 02:00:00,新工配電變電所,SOULIK,2,996.0,963.6621299825496,0
2024-09-16 08:00:00,榮成變電所,SOULIK,2,998.0,965.3295645707348,0
2024-09-16 08:00:00,西螺服務區,SOULIK,2,998.0,878.0061880911122,0
2024-09-16 08:00:00,中部科學園區,SOULIK,2,998.0,904.3958024043097,0
2024-09-16 08:00:00,興變電所,SOULIK,2,998.0,831.5111792689218,0
2024-09-16 08:00:00,中正變電所,SOULIK,2,998.0,944.8377459766039,0
2024-09-16 08:00:00,成都變電所,SOULIK,2,998.0,951.8318174476033,1
2024-09-16 08:00:00,新豐配電變電所,SOULIK,2,998.0,957.1466188933881,0
2024-09-16 08:00:00,內惟配電變電所,SOULIK,2,998.0,788.9097814903704,0
2024-09-16 08:00:00,永華二次變電所,SOULIK,2,998.0,821.3951605726711,0
2024-09-16 08:00:00,關西二次變電所,SOULIK,2,998.0,937.1460078746512,0
2024-09-16 08:00:00,源海二次變電所,SOULIK,2,998.0,944.8479440465748,0
2024-09-16 08:00:00,四湖配電變電所,SOULIK,2,998.0,877.4649645829714,0
2024-09-16 08:00:00,新高港超高壓變電所,SOULIK,2,998.0,772.6671409775207,0
2024-09-16 08:00:00,九曲配電變電所,SOULIK,2,998.0,822.1887722485998,0
2024-09-16 08:00:00,崙背變電所,SOULIK,2,998.0,880.8370009256113,0
2024-09-16 08:00:00,常德變電所,SOULIK,2,998.0,949.4295246940009,0
2024-09-16 08:00:00,嶺口二次變電所,SOULIK,2,998.0,791.8529514521971,0
2024-09-16 08:00:00,龍明配電變電所,SOULIK,2,998.0,951.9858418126779,0
2024-09-16 08:00:00,新工配電變電所,SOULIK,2,998.0,948.8808346409479,0
2024-09-16 14:00:00,榮成變電所,SOULIK,2,996.0,927.8924139587803,0
2024-09-16 14:00:00,西螺服務區,SOULIK,2,996.0,836.7239493830064,0
2024-09-16 14:00:00,中部科學園區,SOULIK,2,996.0,864.4222429874047,0
2024-09-16 14:00:00,興變電所,SOULIK,2,996.0,790.5384706158452,0
2024-09-16 14:00:00,中正變電所,SOULIK,2,996.0,908.6837867019856,0
2024-09-16 14:00:00,成都變電所,SOULIK,2,996.0,914.8026577658113,1
2024-09-16 14:00:00,新豐配電變電所,SOULIK,2,996.0,919.0600244757038,0
2024-09-16 14:00:00,內惟配電變電所,SOULIK,2,996.0,745.1838814245609,0
2024-09-16 14:00:00,永華二次變電所,SOULIK,2,996.0,778.1065152876632,0
2024-09-16 14:00:00,關西二次變電所,SOULIK,2,996.0,899.4374583796967,0
2024-09-16 14:00:00,源海二次變電所,SOULIK,2,996.0,908.6941299147667,0
2024-09-16 14:00:00,四湖配電變電所,SOULIK,2,996.0,835.3400209989496,0
2024-09-16 14:00:00,新高港超高壓變電所,SOULIK,2,996.0,729.0140604244114,0
2024-09-16 14:00:00,九曲配電變電所,SOULIK,2,996.0,778.8712628614123,0
2024-09-16 14:00:00,崙背變電所,SOULIK,2,996.0,839.2139790744963,0
2024-09-16 14:00:00,常德變電所,SOULIK,2,996.0,913.1715950752456,0
2024-09-16 14:00:00,嶺口二次變電所,SOULIK,2,996.0,748.4483334312079,0
2024-09-16 14:00:00,龍明配電變電所,SOULIK,2,996.0,914.9407479038917,0
2024-09-16 14:00:00,新工配電變電所,SOULIK,2,996.0,910.6063998097011,0
2024-09-16 20:00:00,榮成變電所,SOULIK,2,996.0,869.5169319463921,0
2024-09-16 20:00:00,西螺服務區,SOULIK,2,996.0,759.8251961168468,0
2024-09-16 20:00:00,中部科學園區,SOULIK,2,996.0,794.2198120529473,0
2024-09-16 20:00:00,興變電所,SOULIK,2,996.0,716.1181620595036,0
2024-09-16 20:00:00,中正變電所,SOULIK,2,996.0,856.6491109011122,0
2024-09-16 20:00:00,成都變電所,SOULIK,2,996.0,858.5661884009913,1
2024-09-16 20:00:00,新豐配電變電所,SOULIK,2,996.0,857.6553798494881,0
2024-09-16 20:00:00,內惟配電變電所,SOULIK,2,996.0,654.9638356618017,0
2024-09-16 20:00:00,永華二次變電所,SOULIK,2,996.0,690.1830814041897,0
2024-09-16 20:00:00,關西二次變電所,SOULIK,2,996.0,840.1643426690252,0
2024-09-16 20:00:00,源海二次變電所,SOULIK,2,996.0,856.6599695008115,0
2024-09-16 20:00:00,四湖配電變電所,SOULIK,2,996.0,753.6366284580803,0
2024-09-16 20:00:00,新高港超高壓變電所,SOULIK,2,996.0,639.5498104890476,0
2024-09-16 20:00:00,九曲配電變電所,SOULIK,2,996.0,690.7526136693876,0
2024-09-16 20:00:00,崙背變電所,SOULIK,2,996.0,760.3519369243462,0
2024-09-16 20:00:00,常德變電所,SOULIK,2,996.0,860.5857518570622,0
2024-09-16 20:00:00,嶺口二次變電所,SOULIK,2,996.0,660.2657791422743,0
2024-09-16 20:00:00,龍明配電變電所,SOULIK,2,996.0,858.6264800837952,0
2024-09-16 20:00:00,新工配電變電所,SOULIK,2,996.0,848.3969339870342,0
2024-09-17 02:00:00,榮成變電所,SOULIK,2,996.0,821.6698081976062,0
2024-09-17 02:00:00,西螺服務區,SOULIK,2,996.0,694.3114961932015,0
2024-09-17 02:00:00,中部科學園區,SOULIK,2,996.0,735.3140546523985,0
2024-09-17 02:00:00,興變電所,SOULIK,2,996.0,655.0024662449554,0
2024-09-17 02:00:00,中正變電所,SOULIK,2,996.0,816.1156554709817,0
2024-09-17 02:00:00,成都變電所,SOULIK,2,996.0,813.375842536724,1
2024-09-17 02:00:00,新豐配電變電所,SOULIK,2,996.0,806.7835340882101,0
2024-09-17 02:00:00,內惟配電變電所,SOULIK,2,996.0,577.319369325728,0
2024-09-17 02:00:00,永華二次變電所,SOULIK,2,996.0,614.0043372588433,0
2024-09-17 02:00:00,關西二次變電所,SOULIK,2,996.0,792.1494261850123,0
2024-09-17 02:00:00,源海二次變電所,SOULIK,2,996.0,816.126764414371,0
2024-09-17 02:00:00,四湖配電變電所,SOULIK,2,996.0,682.7164777172269,0
2024-09-17 02:00:00,新高港超高壓變電所,SOULIK,2,996.0,563.4644884477295,0
2024-09-17 02:00:00,九曲配電變電所,SOULIK,2,996.0,614.3174622155298,0
2024-09-17 02:00:00,崙背變電所,SOULIK,2,996.0,692.539535495461,0
2024-09-17 02:00:00,常德變電所,SOULIK,2,996.0,819.3380492975631,0
2024-09-17 02:00:00,嶺口二次變電所,SOULIK,2,996.0,584.9053290071162,0
2024-09-17 02:00:00,龍明配電變電所,SOULIK,2,996.0,813.3489141089308,0
2024-09-17 02:00:00,新工配電變電所,SOULIK,2,996.0,796.888324525944,0
2024-09-17 08:00:00,榮成變電所,SOULIK,2,998.0,829.3410682897864,0
2024-09-17 08:00:00,西螺服務區,SOULIK,2,998.0,681.6718987596137,0
2024-09-17 08:00:00,中部科學園區,SOULIK,2,998.0,730.6783910221961,0
2024-09-17 08:00:00,興變電所,SOULIK,2,998.0,653.2655941181689,0
2024-09-17 08:00:00,中正變電所,SOULIK,2,998.0,835.5834467123275,0
2024-09-17 08:00:00,成都變電所,SOULIK,2,998.0,825.7464515513569,1
2024-09-17 08:00:00,新豐配電變電所,SOULIK,2,998.0,810.508323769451,0
2024-09-17 08:00:00,內惟配電變電所,SOULIK,2,998.0,554.5517713922509,0
2024-09-17 08:00:00,永華二次變電所,SOULIK,2,998.0,589.8844457390094,0
2024-09-17 08:00:00,關西二次變電所,SOULIK,2,998.0,801.3610030601574,0
2024-09-17 08:00:00,源海二次變電所,SOULIK,2,998.0,835.5942825884852,0
2024-09-17 08:00:00,四湖配電變電所,SOULIK,2,998.0,661.6082035799392,0
2024-09-17 08:00:00,新高港超高壓變電所,SOULIK,2,998.0,545.2234464492365,0
2024-09-17 08:00:00,九曲配電變電所,SOULIK,2,998.0,589.6961515542605,0
2024-09-17 08:00:00,崙背變電所,SOULIK,2,998.0,676.066111919433,0
2024-09-17 08:00:00,常德變電所,SOULIK,2,998.0,837.5100922447748,0
2024-09-17 08:00:00,嶺口二次變電所,SOULIK,2,998.0,565.4479876547337,0
2024-09-17 08:00:00,龍明配電變電所,SOULIK,2,998.0,825.5838460762578,0
2024-09-17 08:00:00,新工配電變電所,SOULIK,2,998.0,800.2004808878908,0
2024-09-17 14:00:00,榮成變電所,SOULIK,2,996.0,887.7171975515216,0
2024-09-17 14:00:00,西螺服務區,SOULIK,2,996.0,739.2627199040687,0
2024-09-17 14:00:00,中部科學園區,SOULIK,2,996.0,788.6121321089901,0
2024-09-17 14:00:00,興變電所,SOULIK,2,996.0,711.5958280672425,0
2024-09-17 14:00:00,中正變電所,SOULIK,2,996.0,894.4672135182614,0
2024-09-17 14:00:00,成都變電所,SOULIK,2,996.0,884.3533718574321,1
2024-09-17 14:00:00,新豐配電變電所,SOULIK,2,996.0,868.7166700570959,0
2024-09-17 14:00:00,內惟配電變電所,SOULIK,2,996.0,612.0382956048617,0
2024-09-17 14:00:00,永華二次變電所,SOULIK,2,996.0,647.0809332219152,0
2024-09-17 14:00:00,關西二次變電所,SOULIK,2,996.0,859.8667288300989,0
2024-09-17 14:00:00,源海二次變電所,SOULIK,2,996.0,894.4780239706467,0
2024-09-17 14:00:00,四湖配電變電所,SOULIK,2,996.0,718.6812648175086,0
2024-09-17 14:00:00,新高港超高壓變電所,SOULIK,2,996.0,603.0578506529378,0
2024-09-17 14:00:00,九曲配電變電所,SOULIK,2,996.0,646.8565892407694,0
2024-09-17 14:00:00,崙背變電所,SOULIK,2,996.0,733.416284736416,0
2024-09-17 14:00:00,常德變電所,SOULIK,2,996.0,896.3416460338061,0
2024-09-17 14:00:00,嶺口二次變電所,SOULIK,2,996.0,623.0982501667445,0
2024-09-17 14:00:00,龍明配電變電所,SOULIK,2,996.0,884.1849377664706,0
2024-09-17 14:00:00,新工配電變電所,SOULIK,2,996.0,858.4091174660115,0
2024-09-17 20:00:00,榮成變電所,SOULIK,2,996.0,901.2851999000939,0
2024-09-17 20:00:00,西螺服務區,SOULIK,2,996.0,748.2599705439039,0
2024-09-17 20:00:00,中部科學園區,SOULIK,2,996.0,799.499915126279,0
2024-09-17 20:00:00,興變電所,SOULIK,2,996.0,726.4866847139277,0
2024-09-17 20:00:00,中正變電所,SOULIK,2,996.0,913.0707354111936,0
2024-09-17 20:00:00,成都變電所,SOULIK,2,996.0,900.0845055465961,0
2024-09-17 20:00:00,新豐配電變電所,SOULIK,2,996.0,881.0139182599072,0
2024-09-17 20:00:00,內惟配電變電所,SOULIK,2,996.0,622.1532326407956,0
2024-09-17 20:00:00,永華二次變電所,SOULIK,2,996.0,654.7913627217665,0
2024-09-17 20:00:00,關西二次變電所,SOULIK,2,996.0,874.8294184918246,0
2024-09-17 20:00:00,源海二次變電所,SOULIK,2,996.0,913.0811688419575,0
2024-09-17 20:00:00,四湖配電變電所,SOULIK,2,996.0,724.6302829812957,0
2024-09-17 20:00:00,新高港超高壓變電所,SOULIK,2,996.0,615.6879917896192,0
2024-09-17 20:00:00,九曲配電變電所,SOULIK,2,996.0,654.3501493867619,0
2024-09-17 20:00:00,崙背變電所,SOULIK,2,996.0,740.9019074876563,0
2024-09-17 20:00:00,常德變電所,SOULIK,2,996.0,914.3329067493963,0
2024-09-17 20:00:00,嶺口二次變電所,SOULIK,2,996.0,634.1142306001684,0
2024-09-17 20:00:00,龍明配電變電所,SOULIK,2,996.0,899.8603966570199,0
2024-09-17 20:00:00,新工配電變電所,SOULIK,2,996.0,870.7952277959859,0
2024-09-18 02:00:00,榮成變電所,SOULIK,2,996.0,922.3632931160104,0
2024-09-18 02:00:00,西螺服務區,SOULIK,2,996.0,767.4818659207199,0
2024-09-18 02:00:00,中部科學園區,SOULIK,2,996.0,819.5651917707344,0
2024-09-18 02:00:00,興變電所,SOULIK,2,996.0,751.1653564465466,0
2024-09-18 02:00:00,中正變電所,SOULIK,2,996.0,938.3766361665862,1
2024-09-18 02:00:00,成都變電所,SOULIK,2,996.0,923.0535419022135,0
2024-09-18 02:00:00,新豐配電變電所,SOULIK,2,996.0,901.2244070978347,0
2024-09-18 02:00:00,內惟配電變電所,SOULIK,2,996.0,644.8493362613877,0
2024-09-18 02:00:00,永華二次變電所,SOULIK,2,996.0,674.6755458462355,0
2024-09-18 02:00:00,關西二次變電所,SOULIK,2,996.0,897.4291573745587,0
2024-09-18 02:00:00,源海二次變電所,SOULIK,2,996.0,938.3866305322138,0
2024-09-18 02:00:00,四湖配電變電所,SOULIK,2,996.0,741.602766000194,0
2024-09-18 02:00:00,新高港超高壓變電所,SOULIK,2,996.0,640.686069269241,0
2024-09-18 02:00:00,九曲配電變電所,SOULIK,2,996.0,674.056041143491,0
2024-09-18 02:00:00,崙背變電所,SOULIK,2,996.0,758.9314094393225,0
2024-09-18 02:00:00,常德變電所,SOULIK,2,996.0,939.096888603429,0
2024-09-18 02:00:00,嶺口二次變電所,SOULIK,2,996.0,657.304884041981,0
2024-09-18 02:00:00,龍明配電變電所,SOULIK,2,996.0,922.7837691047807,0
2024-09-18 02:00:00,新工配電變電所,SOULIK,2,996.0,891.2075044945553,0
2024-09-18 08:00:00,榮成變電所,SOULIK,2,996.0,1022.4799762982699,0
2024-09-18 08:00:00,西螺服務區,SOULIK,2,996.0,870.1635862076558,0
2024-09-18 08:00:00,中部科學園區,SOULIK,2,996.0,921.5793916567388,0
2024-09-18 08:00:00,興變電所,SOULIK,2,996.0,865.6848462915867,0
2024-09-18 08:00:00,中正變電所,SOULIK,2,996.0,1046.786317364254,1
2024-09-18 08:00:00,成都變電所,SOULIK,2,996.0,1027.1094710538482,0
2024-09-18 08:00:00,新豐配電變電所,SOULIK,2,996.0,1000.2753521785216,0
2024-09-18 08:00:00,內惟配電變電所,SOULIK,2,996.0,761.3133525285568,0
2024-09-18 08:00:00,永華二次變電所,SOULIK,2,996.0,783.7587679353679,0
2024-09-18 08:00:00,關西二次變電所,SOULIK,2,996.0,1001.6173951147682,0
2024-09-18 08:00:00,源海二次變電所,SOULIK,2,996.0,1046.7950758665465,0
2024-09-18 08:00:00,四湖配電變電所,SOULIK,2,996.0,840.9828089861815,0
2024-09-18 08:00:00,新高港超高壓變電所,SOULIK,2,996.0,761.8586362815039,0
2024-09-18 08:00:00,九曲配電變電所,SOULIK,2,996.0,782.8215300461846,0
2024-09-18 08:00:00,崙背變電所,SOULIK,2,996.0,859.5880490528563,0
2024-09-18 08:00:00,常德變電所,SOULIK,2,996.0,1046.3571434556723,0
2024-09-18 08:00:00,嶺口二次變電所,SOULIK,2,996.0,773.959264810554,0
2024-09-18 08:00:00,龍明配電變電所,SOULIK,2,996.0,1026.7535823979479,0
2024-09-18 08:00:00,新工配電變電所,SOULIK,2,996.0,991.0540443960688,0
2024-09-18 14:00:00,榮成變電所,SOULIK,2,996.0,1176.7295993812938,0
2024-09-18 14:00:00,西螺服務區,SOULIK,2,996.0,1030.8334140224908,0
2024-09-18 14:00:00,中部科學園區,SOULIK,2,996.0,1080.0904155240432,0
2024-09-18 14:00:00,興變電所,SOULIK,2,996.0,1034.0047070386086,0
2024-09-18 14:00:00,中正變電所,SOULIK,2,996.0,1206.0327484400434,1
2024-09-18 14:00:00,成都變電所,SOULIK,2,996.0,1183.9163611509746,0
2024-09-18 14:00:00,新豐配電變電所,SOULIK,2,996.0,1154.4181993069524,0
2024-09-18 14:00:00,內惟配電變電所,SOULIK,2,996.0,934.5015537373587,0
2024-09-18 14:00:00,永華二次變電所,SOULIK,2,996.0,951.6564771957103,0
2024-09-18 14:00:00,關西二次變電所,SOULIK,2,996.0,1159.1998929418633,0
2024-09-18 14:00:00,源海二次變電所,SOULIK,2,996.0,1206.0404576126443,0
2024-09-18 14:00:00,四湖配電變電所,SOULIK,2,996.0,1000.58949430803,0
2024-09-18 14:00:00,新高港超高壓變電所,SOULIK,2,996.0,937.7683166113126,0
2024-09-18 14:00:00,九曲配電變電所,SOULIK,2,996.0,950.5629649826153,0
2024-09-18 14:00:00,崙背變電所,SOULIK,2,996.0,1019.3275872322641,0
2024-09-18 14:00:00,常德變電所,SOULIK,2,996.0,1204.838612334397,0
2024-09-18 14:00:00,嶺口二次變電所,SOULIK,2,996.0,946.774836164872,0
2024-09-18 14:00:00,龍明配電變電所,SOULIK,2,996.0,1183.511498761034,0
2024-09-18 14:00:00,新工配電變電所,SOULIK,2,996.0,1146.0024468935896,0
2024-09-18 20:00:00,榮成變電所,SOULIK,2,996.0,1334.2158760683901,0
2024-09-18 20:00:00,西螺服務區,SOULIK,2,996.0,1196.4350377400656,0
2024-09-18 20:00:00,中部科學園區,SOULIK,2,996.0,1242.9378807525043,0
2024-09-18 20:00:00,興變電所,SOULIK,2,996.0,1205.7996722464316,0
2024-09-18 20:00:00,中正變電所,SOULIK,2,996.0,1367.3051256530655,1
2024-09-18 20:00:00,成都變電所,SOULIK,2,996.0,1343.4616548670053,0
2024-09-18 20:00:00,新豐配電變電所,SOULIK,2,996.0,1312.210071188874,0
2024-09-18 20:00:00,內惟配電變電所,SOULIK,2,996.0,1112.1053212379052,0
2024-09-18 20:00:00,永華二次變電所,SOULIK,2,996.0,1124.7241753834464,0
2024-09-18 20:00:00,關西二次變電所,SOULIK,2,996.0,1319.8258225942348,0
2024-09-18 20:00:00,源海二次變電所,SOULIK,2,996.0,1367.311813366717,0
2024-09-18 20:00:00,四湖配電變電所,SOULIK,2,996.0,1165.9592175421908,0
2024-09-18 20:00:00,新高港超高壓變電所,SOULIK,2,996.0,1117.4529359316339,0
2024-09-18 20:00:00,九曲配電變電所,SOULIK,2,996.0,1123.5296960666178,0
2024-09-18 20:00:00,崙背變電所,SOULIK,2,996.0,1184.4065171993466,0
2024-09-18 20:00:00,常德變電所,SOULIK,2,996.0,1365.4740594181255,0
2024-09-18 20:00:00,嶺口二次變電所,SOULIK,2,996.0,1123.8404573174448,0
2024-09-18 20:00:00,龍明配電變電所,SOULIK,2,996.0,1343.021786010951,0
2024-09-18 20:00:00,新工配電變電所,SOULIK,2,996.0,1304.629437760585,0
2024-09-19 02:00:00,榮成變電所,SOULIK,3,992.0,1425.7384791813981,0
2024-09-19 02:00:00,西螺服務區,SOULIK,3,992.0,1294.008283021155,0
2024-09-19 02:00:00,中部科學園區,SOULIK,3,992.0,1338.4552618390114,0
2024-09-19 02:00:00,興變電所,SOULIK,3,992.0,1307.0229199276325,0
2024-09-19 02:00:00,中正變電所,SOULIK,3,992.0,1460.8940519161906,1
2024-09-19 02:00:00,成都變電所,SOULIK,3,992.0,1436.1692144625897,0
2024-09-19 02:00:00,新豐配電變電所,SOULIK,3,992.0,1404.0942190659891,0
2024-09-19 02:00:00,內惟配電變電所,SOULIK,3,992.0,1217.5841253215851,0
2024-09-19 02:00:00,永華二次變電所,SOULIK,3,992.0,1227.389373934869,0
2024-09-19 02:00:00,關西二次變電所,SOULIK,3,992.0,1413.3742743530302,0
2024-09-19 02:00:00,源海二次變電所,SOULIK,3,992.0,1460.9000643064705,0
2024-09-19 02:00:00,四湖配電變電所,SOULIK,3,992.0,1263.6670225236476,0
2024-09-19 02:00:00,新高港超高壓變電所,SOULIK,3,992.0,1224.1334166165364,0
2024-09-19 02:00:00,九曲配電變電所,SOULIK,3,992.0,1226.1453551966385,0
2024-09-19 02:00:00,崙背變電所,SOULIK,3,992.0,1281.7732430298493,0
2024-09-19 02:00:00,常德變電所,SOULIK,3,992.0,1458.6853713386645,0
2024-09-19 02:00:00,嶺口二次變電所,SOULIK,3,992.0,1228.899476873139,0
2024-09-19 02:00:00,龍明配電變電所,SOULIK,3,992.0,1435.7112980180539,0
2024-09-19 02:00:00,新工配電變電所,SOULIK,3,992.0,1397.0822288611844,0
2024-09-19 08:00:00,西螺服務區,SOULIK,3,992.0,1445.712942898777,0
2024-09-19 08:00:00,中部科學園區,SOULIK,3,992.0,1488.0769856624645,0
2024-09-19 08:00:00,興變電所,SOULIK,3,992.0,1461.871474308506,0
2024-09-19 08:00:00,內惟配電變電所,SOULIK,3,992.0,1376.5023415251044,0
2024-09-19 08:00:00,永華二次變電所,SOULIK,3,992.0,1383.8819790922557,0
2024-09-19 08:00:00,四湖配電變電所,SOULIK,3,992.0,1415.660119879469,0
2024-09-19 08:00:00,新高港超高壓變電所,SOULIK,3,992.0,1384.0225895325698,0
2024-09-19 08:00:00,九曲配電變電所,SOULIK,3,992.0,1382.6021896517536,0
2024-09-19 08:00:00,崙背變電所,SOULIK,3,992.0,1433.3624908669435,0
2024-09-19 08:00:00,嶺口二次變電所,SOULIK,3,992.0,1387.4113196587139,0
2024-09-19 14:00:00,內惟配電變電所,SOULIK,3,992.0,1496.3566477282607,0
2024-09-23 14:00:00,榮成變電所,CIMARON,2,1008.0,924.9947283432753,0
2024-09-23 14:00:00,西螺服務區,CIMARON,2,1008.0,1058.1164658374896,0
2024-09-23 14:00:00,中部科學園區,CIMARON,2,1008.0,1012.0015484161321,0
2024-09-23 14:00:00,興變電所,CIMARON,2,1008.0,1050.9264504922246,0
2024-09-23 14:00:00,中正變電所,CIMARON,2,1008.0,889.0624266731514,0
2024-09-23 14:00:00,成都變電所,CIMARON,2,1008.0,913.9711171775682,0
2024-09-23 14:00:00,新豐配電變電所,CIMARON,2,1008.0,946.3531797471322,0
2024-09-23 14:00:00,內惟配電變電所,CIMARON,2,1008.0,1150.2847283370322,0
2024-09-23 14:00:00,永華二次變電所,CIMARON,2,1008.0,1133.0774918076006,0
2024-09-23 14:00:00,關西二次變電所,CIMARON,2,1008.0,936.5729581040573,0
2024-09-23 14:00:00,源海二次變電所,CIMARON,2,1008.0,889.0564880150429,0
2024-09-23 14:00:00,四湖配電變電所,CIMARON,2,1008.0,1088.594021922074,0
2024-09-23 14:00:00,新高港超高壓變電所,CIMARON,2,1008.0,1147.8026395138227,0
2024-09-23 14:00:00,九曲配電變電所,CIMARON,2,1008.0,1134.1953126898043,0
2024-09-23 14:00:00,崙背變電所,CIMARON,2,1008.0,1070.1371276929513,0
2024-09-23 14:00:00,常德變電所,CIMARON,2,1008.0,891.3327017555155,0
2024-09-23 14:00:00,嶺口二次變電所,CIMARON,2,1008.0,1137.9193081326864,0
2024-09-23 14:00:00,龍明配電變電所,CIMARON,2,1008.0,914.4347982706261,0
2024-09-23 14:00:00,新工配電變電所,CIMARON,2,1008.0,953.0930934142998,0
2024-09-23 20:00:00,榮成變電所,CIMARON,2,1006.0,1086.3836852523864,0
2024-09-23 20:00:00,西螺服務區,CIMARON,2,1006.0,1209.2921419243646,0
2024-09-23 20:00:00,中部科學園區,CIMARON,2,1006.0,1166.3447566757316,0
2024-09-23 20:00:00,興變電所,CIMARON,2,1006.0,1196.563546995616,0
2024-09-23 20:00:00,中正變電所,CIMARON,2,1006.0,1047.6810289062157,0
2024-09-23 20:00:00,成都變電所,CIMARON,2,1006.0,1073.686072670556,0
2024-09-23 20:00:00,新豐配電變電所,CIMARON,2,1006.0,1106.8319083252004,0
2024-09-23 20:00:00,內惟配電變電所,CIMARON,2,1006.0,1290.5954009886657,0
2024-09-23 20:00:00,永華二次變電所,CIMARON,2,1006.0,1277.2928197004346,0
2024-09-23 20:00:00,關西二次變電所,CIMARON,2,1006.0,1094.635687423423,0
2024-09-23 20:00:00,源海二次變電所,CIMARON,2,1006.0,1047.6763216011987,0
2024-09-23 20:00:00,四湖配電變電所,CIMARON,2,1006.0,1239.543454308891,0
2024-09-23 20:00:00,新高港超高壓變電所,CIMARON,2,1006.0,1286.2110449303568,0
2024-09-23 20:00:00,九曲配電變電所,CIMARON,2,1006.0,1278.493332053918,0
2024-09-23 20:00:00,崙背變電所,CIMARON,2,1006.0,1221.5851330103048,0
2024-09-23 20:00:00,常德變電所,CIMARON,2,1006.0,1050.5583110804885,0
2024-09-23 20:00:00,嶺口二次變電所,CIMARON,2,1006.0,1278.6557882877362,0
2024-09-23 20:00:00,龍明配電變電所,CIMARON,2,1006.0,1074.1715855215386,0
2024-09-23 20:00:00,新工配電變電所,CIMARON,2,1006.0,1112.6154626665505,0
2024-09-24 02:00:00,榮成變電所,CIMARON,2,1004.0,1213.5395155580172,0
2024-09-24 02:00:00,西螺服務區,CIMARON,2,1004.0,1328.9605701267897,0
2024-09-24 02:00:00,中部科學園區,CIMARON,2,1004.0,1288.3930455747432,0
2024-09-24 02:00:00,興變電所,CIMARON,2,1004.0,1312.7001311579613,0
2024-09-24 02:00:00,中正變電所,CIMARON,2,1004.0,1173.3818016025205,0
2024-09-24 02:00:00,成都變電所,CIMARON,2,1004.0,1199.8739532941427,0
2024-09-24 02:00:00,新豐配電變電所,CIMARON,2,1004.0,1233.261373176236,0
2024-09-24 02:00:00,內惟配電變電所,CIMARON,2,1004.0,1402.462400764376,0
2024-09-24 02:00:00,永華二次變電所,CIMARON,2,1004.0,1391.8642619393374,0
2024-09-24 02:00:00,關西二次變電所,CIMARON,2,1004.0,1219.613556516681,0
2024-09-24 02:00:00,源海二次變電所,CIMARON,2,1004.0,1173.3779078616985,0
2024-09-24 02:00:00,四湖配電變電所,CIMARON,2,1004.0,1358.847088291369,0
2024-09-24 02:00:00,新高港超高壓變電所,CIMARON,2,1004.0,1396.840553173142,0
2024-09-24 02:00:00,九曲配電變電所,CIMARON,2,1004.0,1393.1109545553463,0
2024-09-24 02:00:00,崙背變電所,CIMARON,2,1004.0,1341.3436451629402,0
2024-09-24 02:00:00,常德變電所,CIMARON,2,1004.0,1176.618026031376,0
2024-09-24 02:00:00,嶺口二次變電所,CIMARON,2,1004.0,1390.8991815950799,0
2024-09-24 02:00:00,龍明配電變電所,CIMARON,2,1004.0,1200.3695952563507,0
2024-09-24 02:00:00,新工配電變電所,CIMARON,2,1004.0,1238.392098104948,0
2024-09-24 08:00:00,榮成變電所,CIMARON,2,1002.0,1279.9813035667094,0
2024-09-24 08:00:00,西螺服務區,CIMARON,2,1002.0,1390.1614625215223,0
2024-09-24 08:00:00,中部科學園區,CIMARON,2,1002.0,1351.262680667965,0
2024-09-24 08:00:00,興變電所,CIMARON,2,1002.0,1371.6823100618828,0
2024-09-24 08:00:00,中正變電所,CIMARON,2,1002.0,1238.9997986539775,0
2024-09-24 08:00:00,成都變電所,CIMARON,2,1002.0,1265.7227590414254,0
2024-09-24 08:00:00,新豐配電變電所,CIMARON,2,1002.0,1299.164879037527,0
2024-09-24 08:00:00,內惟配電變電所,CIMARON,2,1002.0,1458.4261617086574,0
2024-09-24 08:00:00,永華二次變電所,CIMARON,2,1002.0,1449.5889888634915,0
2024-09-24 08:00:00,關西二次變電所,CIMARON,2,1002.0,1284.6081124842128,0
2024-09-24 08:00:00,源海二次變電所,CIMARON,2,1002.0,1238.9964477253309,0
2024-09-24 08:00:00,四湖配電變電所,CIMARON,2,1002.0,1419.7214549325568,0
2024-09-24 08:00:00,新高港超高壓變電所,CIMARON,2,1002.0,1452.0358258868455,0
2024-09-24 08:00:00,九曲配電變電所,CIMARON,2,1002.0,1450.8614172805574,0
2024-09-24 08:00:00,崙背變電所,CIMARON,2,1002.0,1402.5652128857823,0
2024-09-24 08:00:00,常德變電所,CIMARON,2,1002.0,1242.45907075322,0
2024-09-24 08:00:00,嶺口二次變電所,CIMARON,2,1002.0,1447.1398151763278,0
2024-09-24 08:00:00,龍明配電變電所,CIMARON,2,1002.0,1266.2234463434265,0
2024-09-24 08:00:00,新工配電變電所,CIMARON,2,1002.0,1303.850869995361,0
2024-09-24 14:00:00,榮成變電所,CIMARON,3,1000.0,1335.8281357427572,0
2024-09-24 14:00:00,西螺服務區,CIMARON,3,1000.0,1444.030178208446,0
2024-09-24 14:00:00,中部科學園區,CIMARON,3,1000.0,1405.7867253730485,0
2024-09-24 14:00:00,興變電所,CIMARON,3,1000.0,1424.6978987677517,0
2024-09-24 14:00:00,中正變電所,CIMARON,3,1000.0,1294.5854209606387,0
2024-09-24 14:00:00,成都變電所,CIMARON,3,1000.0,1321.3725164137727,0
2024-09-24 14:00:00,新豐配電變電所,CIMARON,3,1000.0,1354.8143303318586,0
2024-09-24 14:00:00,關西二次變電所,CIMARON,3,1000.0,1339.9460552684036,0
2024-09-24 14:00:00,源海二次變電所,CIMARON,3,1000.0,1294.5822615490797,0
2024-09-24 14:00:00,四湖配電變電所,CIMARON,3,1000.0,1473.4456527592645,0
2024-09-24 14:00:00,崙背變電所,CIMARON,3,1000.0,1456.4339898315593,0
2024-09-24 14:00:00,常德變電所,CIMARON,3,1000.0,1298.1202057718733,0
2024-09-24 14:00:00,嶺口二次變電所,CIMARON,3,1000.0,1498.9896377467862,0
2024-09-24 14:00:00,龍明配電變電所,CIMARON,3,1000.0,1321.8746630139758,0
2024-09-24 14:00:00,新工配電變電所,CIMARON,3,1000.0,1359.3416669722978,0
2024-09-24 20:00:00,榮成變電所,CIMARON,3,998.0,1424.9041577227972,0
2024-09-24 20:00:00,中部科學園區,CIMARON,3,998.0,1494.5017869642993,0
2024-09-24 20:00:00,中正變電所,CIMARON,3,998.0,1383.6100015423506,0
2024-09-24 20:00:00,成都變電所,CIMARON,3,998.0,1410.4098418128801,0
2024-09-24 20:00:00,新豐配電變電所,CIMARON,3,998.0,1443.8502977417015,0
2024-09-24 20:00:00,關西二次變電所,CIMARON,3,998.0,1428.90990248733,0
2024-09-24 20:00:00,源海二次變電所,CIMARON,3,998.0,1383.606884355163,0
2024-09-24 20:00:00,常德變電所,CIMARON,3,998.0,1387.1608600942668,0
2024-09-24 20:00:00,龍明配電變電所,CIMARON,3,998.0,1410.9122782310492,0
2024-09-24 20:00:00,新工配電變電所,CIMARON,3,998.0,1448.3418843532052,0
2024-09-25 02:00:00,榮成變電所,CIMARON,3,998.0,1455.8214921878223,0
2024-09-25 02:00:00,中正變電所,CIMARON,3,998.0,1414.5876770429586,0
2024-09-25 02:00:00,成都變電所,CIMARON,3,998.0,1441.3739319187102,0
2024-09-25 02:00:00,新豐配電變電所,CIMARON,3,998.0,1474.8158489161306,0
2024-09-25 02:00:00,關西二次變電所,CIMARON,3,998.0,1459.9437598270576,0
2024-09-25 02:00:00,源海二次變電所,CIMARON,3,998.0,1414.58451613248,0
2024-09-25 02:00:00,常德變電所,CIMARON,3,998.0,1418.1212949909398,0
2024-09-25 02:00:00,龍明配電變電所,CIMARON,3,998.0,1441.8760502242355,0
2024-09-25 02:00:00,新工配電變電所,CIMARON,3,998.0,1479.3436159130283,0
2024-09-25 08:00:00,榮成變電所,CIMARON,3,998.0,1416.0928430617394,0
2024-09-25 08:00:00,中部科學園區,CIMARON,3,998.0,1488.7031786213743,0
2024-09-25 08:00:00,中正變電所,CIMARON,3,998.0,1375.4416594970432,0
2024-09-25 08:00:00,成都變電所,CIMARON,3,998.0,1402.0794969232938,0
2024-09-25 08:00:00,新豐配電變電所,CIMARON,3,998.0,1435.5091405454707,0
2024-09-25 08:00:00,關西二次變電所,CIMARON,3,998.0,1421.3067240276337,0
2024-09-25 08:00:00,源海二次變電所,CIMARON,3,998.0,1375.4380899622086,0
2024-09-25 08:00:00,常德變電所,CIMARON,3,998.0,1378.8117214771291,0
2024-09-25 08:00:00,龍明配電變電所,CIMARON,3,998.0,1402.5782713770054,0
2024-09-25 08:00:00,新工配電變電所,CIMARON,3,998.0,1440.3757947750898,0
2024-09-25 14:00:00,榮成變電所,CIMARON,3,998.0,1315.6990774197589,0
2024-09-25 14:00:00,西螺服務區,CIMARON,3,998.0,1427.898106125454,0
2024-09-25 14:00:00,中部科學園區,CIMARON,3,998.0,1388.3974046931924,0
2024-09-25 14:00:00,興變電所,CIMARON,3,998.0,1410.1454050424645,0
2024-09-25 14:00:00,中正變電所,CIMARON,3,998.0,1275.0437343250578,0
2024-09-25 14:00:00,成都變電所,CIMARON,3,998.0,1301.6812475531467,0
2024-09-25 14:00:00,新豐配電變電所,CIMARON,3,998.0,1335.1109638869261,0
2024-09-25 14:00:00,內惟配電變電所,CIMARON,3,998.0,1497.8166807354053,0
2024-09-25 14:00:00,永華二次變電所,CIMARON,3,998.0,1488.4619744267393,0
2024-09-25 14:00:00,關西二次變電所,CIMARON,3,998.0,1320.9156392673076,0
2024-09-25 14:00:00,源海二次變電所,CIMARON,3,998.0,1275.0401626775529,0
2024-09-25 14:00:00,四湖配電變電所,CIMARON,3,998.0,1457.57746343524,0
2024-09-25 14:00:00,新高港超高壓變電所,CIMARON,3,998.0,1491.6392996549794,0
2024-09-25 14:00:00,九曲配電變電所,CIMARON,3,998.0,1489.7269458764695,0
2024-09-25 14:00:00,崙背變電所,CIMARON,3,998.0,1440.29809747282,0
2024-09-25 14:00:00,常德變電所,CIMARON,3,998.0,1278.4134698613275,0
2024-09-25 14:00:00,嶺口二次變電所,CIMARON,3,998.0,1486.4486457001904,0
2024-09-25 14:00:00,龍明配電變電所,CIMARON,3,998.0,1302.1800272781502,0
2024-09-25 14:00:00,新工配電變電所,CIMARON,3,998.0,1339.978890217524,0
2024-09-25 20:00:00,榮成變電所,CIMARON,3,998.0,1248.8693471499992,0
2024-09-25 20:00:00,西螺服務區,CIMARON,3,998.0,1358.7356736244171,0
2024-09-25 20:00:00,中部科學園區,CIMARON,3,998.0,1319.9110217166628,0
2024-09-25 20:00:00,興變電所,CIMARON,3,998.0,1340.1938163708596,0
2024-09-25 20:00:00,中正變電所,CIMARON,3,998.0,1207.8278413968555,0
2024-09-25 20:00:00,成都變電所,CIMARON,3,998.0,1234.5654029593106,0
2024-09-25 20:00:00,新豐配電變電所,CIMARON,3,998.0,1268.0083132695472,0
2024-09-25 20:00:00,內惟配電變電所,CIMARON,3,998.0,1426.9050873234282,0
2024-09-25 20:00:00,永華二次變電所,CIMARON,3,998.0,1418.078498414815,0
2024-09-25 20:00:00,關西二次變電所,CIMARON,3,998.0,1253.3870484277338,0
2024-09-25 20:00:00,源海二次變電所,CIMARON,3,998.0,1207.8245312929434,0
2024-09-25 20:00:00,四湖配電變電所,CIMARON,3,998.0,1388.282882973196,0
2024-09-25 20:00:00,新高港超高壓變電所,CIMARON,3,998.0,1420.516247288381,0
2024-09-25 20:00:00,九曲配電變電所,CIMARON,3,998.0,1419.3512113390607,0
2024-09-25 20:00:00,崙背變電所,CIMARON,3,998.0,1371.1396182226915,0
2024-09-25 20:00:00,常德變電所,CIMARON,3,998.0,1211.3035936015926,0
2024-09-25 20:00:00,嶺口二次變電所,CIMARON,3,998.0,1415.6191122093824,0
2024-09-25 20:00:00,龍明配電變電所,CIMARON,3,998.0,1235.0664236901532,0
2024-09-25 20:00:00,新工配電變電所,CIMARON,3,998.0,1272.6607160240221,0
2024-09-26 02:00:00,榮成變電所,CIMARON,3,998.0,1215.1220067334696,0
2024-09-26 02:00:00,西螺服務區,CIMARON,3,998.0,1327.6456836030347,0
2024-09-26 02:00:00,中部科學園區,CIMARON,3,998.0,1287.9727919295985,0
2024-09-26 02:00:00,興變電所,CIMARON,3,998.0,1310.2084315591462,0
2024-09-26 02:00:00,中正變電所,CIMARON,3,998.0,1174.4736553841433,0
2024-09-26 02:00:00,成都變電所,CIMARON,3,998.0,1201.1075376547096,0
2024-09-26 02:00:00,新豐配電變電所,CIMARON,3,998.0,1234.5366486321661,0
2024-09-26 02:00:00,內惟配電變電所,CIMARON,3,998.0,1398.462857103788,0
2024-09-26 02:00:00,永華二次變電所,CIMARON,3,998.0,1388.7497438369203,0
2024-09-26 02:00:00,關西二次變電所,CIMARON,3,998.0,1220.362602974689,0
2024-09-26 02:00:00,源海二次變電所,CIMARON,3,998.0,1174.4700734194394,0
2024-09-26 02:00:00,四湖配電變電所,CIMARON,3,998.0,1357.3663034057922,0
2024-09-26 02:00:00,新高港超高壓變電所,CIMARON,3,998.0,1392.457982352866,0
2024-09-26 02:00:00,九曲配電變電所,CIMARON,3,998.0,1390.0099511859669,0
2024-09-26 02:00:00,崙背變電所,CIMARON,3,998.0,1340.0435340569377,0
2024-09-26 02:00:00,常德變電所,CIMARON,3,998.0,1177.8397951627749,0
2024-09-26 02:00:00,嶺口二次變電所,CIMARON,3,998.0,1387.0343225054953,0
2024-09-26 02:00:00,龍明配電變電所,CIMARON,3,998.0,1201.6062520441121,0
2024-09-26 02:00:00,新工配電變電所,CIMARON,3,998.0,1239.4124825060017,0
2024-09-26 08:00:00,榮成變電所,CIMARON,3,998.0,1172.8204178601086,0
2024-09-26 08:00:00,西螺服務區,CIMARON,3,998.0,1288.31399290868,0
2024-09-26 08:00:00,中部科學園區,CIMARON,3,998.0,1247.6939562262037,0
2024-09-26 08:00:00,興變電所,CIMARON,3,998.0,1272.1666109644339,0
2024-09-26 08:00:00,中正變電所,CIMARON,3,998.0,1132.6548834059056,0
2024-09-26 08:00:00,成都變電所,CIMARON,3,998.0,1159.1484451087179,0
2024-09-26 08:00:00,新豐配電變電所,CIMARON,3,998.0,1192.5365752481882,0
2024-09-26 08:00:00,內惟配電變電所,CIMARON,3,998.0,1362.13801486464,0
2024-09-26 08:00:00,永華二次變電所,CIMARON,3,998.0,1351.4057442479466,0
2024-09-26 08:00:00,關西二次變電所,CIMARON,3,998.0,1178.886351068007,0
2024-09-26 08:00:00,源海二次變電所,CIMARON,3,998.0,1132.650991692799,0
2024-09-26 08:00:00,四湖配電變電所,CIMARON,3,998.0,1318.2125452809091,0
2024-09-26 08:00:00,新高港超高壓變電所,CIMARON,3,998.0,1356.5833472844588,0
2024-09-26 08:00:00,九曲配電變電所,CIMARON,3,998.0,1352.6505306382478,0
2024-09-26 08:00:00,崙背變電所,CIMARON,3,998.0,1300.695623521273,0
2024-09-26 08:00:00,常德變電所,CIMARON,3,998.0,1135.892267598177,0
2024-09-26 08:00:00,嶺口二次變電所,CIMARON,3,998.0,1350.5532153770519,0
2024-09-26 08:00:00,龍明配電變電所,CIMARON,3,998.0,1159.6441262366086,0
2024-09-26 08:00:00,新工配電變電所,CIMARON,3,998.0,1197.6649248244569,0
2024-09-26 14:00:00,榮成變電所,CIMARON,2,1002.0,1129.2539331361595,0
2024-09-26 14:00:00,西螺服務區,CIMARON,2,1002.0,1243.9018870590887,0
2024-09-26 14:00:00,中部科學園區,CIMARON,2,1002.0,1203.5065431380474,0
2024-09-26 14:00:00,興變電所,CIMARON,2,1002.0,1227.5026854524249,0
2024-09-26 14:00:00,中正變電所,CIMARON,2,1002.0,1088.9158563092979,0
2024-09-26 14:00:00,成都變電所,CIMARON,2,1002.0,1115.4596842213055,0
2024-09-26 14:00:00,新豐配電變電所,CIMARON,2,1002.0,1148.864989329395,0
2024-09-26 14:00:00,內惟配電變電所,CIMARON,2,1002.0,1317.2397355951443,0
2024-09-26 14:00:00,永華二次變電所,CIMARON,2,1002.0,1306.6367182284637,0
2024-09-26 14:00:00,關西二次變電所,CIMARON,2,1002.0,1135.03950420815,0
2024-09-26 14:00:00,源海二次變電所,CIMARON,2,1002.0,1088.9120684281156,0
2024-09-26 14:00:00,四湖配電變電所,CIMARON,2,1002.0,1273.7638887760857,0
2024-09-26 14:00:00,新高港超高壓變電所,CIMARON,2,1002.0,1311.6384947532272,0
2024-09-26 14:00:00,九曲配電變電所,CIMARON,2,1002.0,1307.8838041617266,0
2024-09-26 14:00:00,崙背變電所,CIMARON,2,1002.0,1256.287941811515,0
2024-09-26 14:00:00,常德變電所,CIMARON,2,1002.0,1092.1973170720296,0
2024-09-26 14:00:00,嶺口二次變電所,CIMARON,2,1002.0,1305.6720702400592,0
2024-09-26 14:00:00,龍明配電變電所,CIMARON,2,1002.0,1115.9564552125985,0
2024-09-26 14:00:00,新工配電變電所,CIMARON,2,1002.0,1153.9080850038486,0
2024-09-26 20:00:00,榮成變電所,CIMARON,2,1004.0,1122.5889636781017,0
2024-09-26 20:00:00,西螺服務區,CIMARON,2,1004.0,1238.4311788802088,0
2024-09-26 20:00:00,中部科學園區,CIMARON,2,1004.0,1197.664361110868,0
2024-09-26 20:00:00,興變電所,CIMARON,2,1004.0,1222.5381542621085,0
2024-09-26 20:00:00,中正變電所,CIMARON,2,1004.0,1082.4584966603193,0
2024-09-26 20:00:00,成都變電所,CIMARON,2,1004.0,1108.940172806147,0
2024-09-26 20:00:00,新豐配電變電所,CIMARON,2,1004.0,1142.3242497136612,0
2024-09-26 20:00:00,內惟配電變電所,CIMARON,2,1004.0,1312.9115746339091,0
2024-09-26 20:00:00,永華二次變電所,CIMARON,2,1004.0,1301.9258891751547,0
2024-09-26 20:00:00,關西二次變電所,CIMARON,2,1004.0,1128.718320611293,0
2024-09-26 20:00:00,源海二次變電所,CIMARON,2,1004.0,1082.4545798854504,0
2024-09-26 20:00:00,四湖配電變電所,CIMARON,2,1004.0,1268.3587860865434,0
2024-09-26 20:00:00,新高港超高壓變電所,CIMARON,2,1004.0,1307.479300273797,0
2024-09-26 20:00:00,九曲配電變電所,CIMARON,2,1004.0,1303.16689732995,0
2024-09-26 20:00:00,崙背變電所,CIMARON,2,1004.0,1250.808982995264,0
2024-09-26 20:00:00,常德變電所,CIMARON,2,1004.0,1085.6856551958429,0
2024-09-26 20:00:00,嶺口二次變電所,CIMARON,2,1004.0,1301.2874550753313,0
2024-09-26 20:00:00,龍明配電變電所,CIMARON,2,1004.0,1109.4356118170085,0
2024-09-26 20:00:00,新工配電變電所,CIMARON,2,1004.0,1147.4719892751282,0
2024-09-27 02:00:00,榮成變電所,CIMARON,2,1004.0,1163.0096035709778,0
2024-09-27 02:00:00,西螺服務區,CIMARON,2,1004.0,1281.6586961487235,0
2024-09-27 02:00:00,中部科學園區,CIMARON,2,1004.0,1240.063891788409,0
2024-09-27 02:00:00,興變電所,CIMARON,2,1004.0,1266.8641857697746,0
2024-09-27 02:00:00,中正變電所,CIMARON,2,1004.0,1123.4348386171553,0
2024-09-27 02:00:00,成都變電所,CIMARON,2,1004.0,1149.74205720631,0
2024-09-27 02:00:00,新豐配電變電所,CIMARON,2,1004.0,1183.0510718492733,0
2024-09-27 02:00:00,內惟配電變電所,CIMARON,2,1004.0,1358.4777131730548,0
2024-09-27 02:00:00,永華二次變電所,CIMARON,2,1004.0,1346.74179951951,0
2024-09-27 02:00:00,關西二次變電所,CIMARON,2,1004.0,1170.0046439987354,0
2024-09-27 02:00:00,源海二次變電所,CIMARON,2,1004.0,1123.4306004780221,0
2024-09-27 02:00:00,四湖配電變電所,CIMARON,2,1004.0,1311.7188952871786,0
2024-09-27 02:00:00,新高港超高壓變電所,CIMARON,2,1004.0,1353.3678626603262,0
2024-09-27 02:00:00,九曲配電變電所,CIMARON,2,1004.0,1347.9700706549365,0
2024-09-27 02:00:00,崙背變電所,CIMARON,2,1004.0,1294.0125820639716,0
2024-09-27 02:00:00,常德變電所,CIMARON,2,1004.0,1126.522839473916,0
2024-09-27 02:00:00,嶺口二次變電所,CIMARON,2,1004.0,1346.7487005483474,0
2024-09-27 02:00:00,龍明配電變電所,CIMARON,2,1004.0,1150.233796068488,0
2024-09-27 02:00:00,新工配電變電所,CIMARON,2,1004.0,1188.460359271055,0
2024-09-27 08:00:00,榮成變電所,CIMARON,2,1004.0,1166.2461065161801,0
2024-09-27 08:00:00,西螺服務區,CIMARON,2,1004.0,1285.7531658286853,0
2024-09-27 08:00:00,中部科學園區,CIMARON,2,1004.0,1243.898228435904,0
2024-09-27 08:00:00,興變電所,CIMARON,2,1004.0,1271.324604996722,0
2024-09-27 08:00:00,中正變電所,CIMARON,2,1004.0,1126.846803279942,0
2024-09-27 08:00:00,成都變電所,CIMARON,2,1004.0,1153.0960764935305,0
2024-09-27 08:00:00,新豐配電變電所,CIMARON,2,1004.0,1186.3763692339553,0
2024-09-27 08:00:00,內惟配電變電所,CIMARON,2,1004.0,1363.356339156092,0
2024-09-27 08:00:00,永華二次變電所,CIMARON,2,1004.0,1351.3595991311347,0
2024-09-27 08:00:00,關西二次變電所,CIMARON,2,1004.0,1173.5028743977741,0
2024-09-27 08:00:00,源海二次變電所,CIMARON,2,1004.0,1126.8424681313759,0
2024-09-27 08:00:00,四湖配電變電所,CIMARON,2,1004.0,1315.8527046416402,0
2024-09-27 08:00:00,新高港超高壓變電所,CIMARON,2,1004.0,1358.36216472632,0
2024-09-27 08:00:00,九曲配電變電所,CIMARON,2,1004.0,1352.583350112043,0
2024-09-27 08:00:00,崙背變電所,CIMARON,2,1004.0,1298.0976294368884,0
2024-09-27 08:00:00,常德變電所,CIMARON,2,1004.0,1129.8919265475358,0
2024-09-27 08:00:00,嶺口二次變電所,CIMARON,2,1004.0,1351.5914461040086,0
2024-09-27 08:00:00,龍明配電變電所,CIMARON,2,1004.0,1153.586602802261,0
2024-09-27 08:00:00,新工配電變電所,CIMARON,2,1004.0,1191.8642097921763,0
2024-09-27 14:00:00,榮成變電所,CIMARON,2,1004.0,1219.4112582860248,0
2024-09-27 14:00:00,西螺服務區,CIMARON,2,1004.0,1339.2901367192026,0
2024-09-27 14:00:00,中部科學園區,CIMARON,2,1004.0,1297.356953576596,0
2024-09-27 14:00:00,興變電所,CIMARON,2,1004.0,1324.9185564199,0
2024-09-27 14:00:00,中正變電所,CIMARON,2,1004.0,1180.1163209161102,0
2024-09-27 14:00:00,成都變電所,CIMARON,2,1004.0,1206.3321436332826,0
2024-09-27 14:00:00,新豐配電變電所,CIMARON,2,1004.0,1239.5945037602091,0
2024-09-27 14:00:00,內惟配電變電所,CIMARON,2,1004.0,1416.9347588852872,0
2024-09-27 14:00:00,永華二次變電所,CIMARON,2,1004.0,1404.9579526214106,0
2024-09-27 14:00:00,關西二次變電所,CIMARON,2,1004.0,1226.8163955788257,0
2024-09-27 14:00:00,源海二次變電所,CIMARON,2,1004.0,1180.1119328882598,0
2024-09-27 14:00:00,四湖配電變電所,CIMARON,2,1004.0,1369.398602673082,0
2024-09-27 14:00:00,新高港超高壓變電所,CIMARON,2,1004.0,1411.9204342480627,0
2024-09-27 14:00:00,九曲配電變電所,CIMARON,2,1004.0,1406.1817448691668,0
2024-09-27 14:00:00,崙背變電所,CIMARON,2,1004.0,1351.6321662094356,0
2024-09-27 14:00:00,常德變電所,CIMARON,2,1004.0,1183.1374788819028,0
2024-09-27 14:00:00,嶺口二次變電所,CIMARON,2,1004.0,1405.1746491628842,0
2024-09-27 14:00:00,龍明配電變電所,CIMARON,2,1004.0,1206.8219556911872,0
2024-09-27 14:00:00,新工配電變電所,CIMARON,2,1004.0,1245.1269223176687,0
2024-09-27 20:00:00,榮成變電所,CIMARON,2,1006.0,1308.3827794741571,0
2024-09-27 20:00:00,西螺服務區,CIMARON,2,1006.0,1431.8679176388305,0
2024-09-27 20:00:00,中部科學園區,CIMARON,2,1006.0,1388.8796503104181,0
2024-09-27 20:00:00,興變電所,CIMARON,2,1006.0,1418.9733798654236,1
2024-09-27 20:00:00,中正變電所,CIMARON,2,1006.0,1269.9289489204525,0
2024-09-27 20:00:00,成都變電所,CIMARON,2,1006.0,1295.8522567327748,0
2024-09-27 20:00:00,新豐配電變電所,CIMARON,2,1006.0,1328.943586577922,0
2024-09-27 20:00:00,永華二次變電所,CIMARON,2,1006.0,1499.5737431340617,0
2024-09-27 20:00:00,關西二次變電所,CIMARON,2,1006.0,1316.9537231716117,0
2024-09-27 20:00:00,源海二次變電所,CIMARON,2,1006.0,1269.9241355883623,0
2024-09-27 20:00:00,四湖配電變電所,CIMARON,2,1006.0,1462.116086157675,0
2024-09-27 20:00:00,崙背變電所,CIMARON,2,1006.0,1444.1617416320933,0
2024-09-27 20:00:00,常德變電所,CIMARON,2,1006.0,1272.755117207431,0
2024-09-27 20:00:00,龍明配電變電所,CIMARON,2,1006.0,1296.3360006006653,0
2024-09-27 20:00:00,新工配電變電所,CIMARON,2,1006.0,1334.822854446727,0
2024-09-28 02:00:00,榮成變電所,CIMARON,6,1008.0,1380.96734348041,0
2024-09-28 02:00:00,中部科學園區,CIMARON,6,1008.0,1467.917426955759,0
2024-09-28 02:00:00,中正變電所,CIMARON,6,1008.0,1345.133793847298,0
2024-09-28 02:00:00,成都變電所,CIMARON,6,1008.0,1370.0295239730317,0
2024-09-28 02:00:00,新豐配電變電所,CIMARON,6,1008.0,1402.3725275767906,0
2024-09-28 02:00:00,關西二次變電所,CIMARON,6,1008.0,1392.6427271637406,0
2024-09-28 02:00:00,源海二次變電所,CIMARON,6,1008.0,1345.1278620280962,0
2024-09-28 02:00:00,常德變電所,CIMARON,6,1008.0,1347.4029250202886,0
2024-09-28 02:00:00,龍明配電變電所,CIMARON,6,1008.0,1370.4925346632488,0
2024-09-28 02:00:00,新工配電變電所,CIMARON,6,1008.0,1409.1489445030907,0
2024-09-26 20:00:00,榮成變電所,KRATHON,2,1006.0,749.2500320703754,0
2024-09-26 20:00:00,西螺服務區,KRATHON,2,1006.0,757.9379180874971,0
2024-09-26 20:00:00,中部科學園區,KRATHON,2,1006.0,750.2817972478205,0
2024-09-26 20:00:00,興變電所,KRATHON,2,1006.0,716.2307242602102,0
2024-09-26 20:00:00,中正變電所,KRATHON,2,1006.0,709.9989296124634,0
2024-09-26 20:00:00,成都變電所,KRATHON,2,1006.0,731.029160926877,0
2024-09-26 20:00:00,新豐配電變電所,KRATHON,2,1006.0,754.7213833675843,0
2024-09-26 20:00:00,內惟配電變電所,KRATHON,2,1006.0,750.4140688890294,0
2024-09-26 20:00:00,永華二次變電所,KRATHON,2,1006.0,762.927734863311,0
2024-09-26 20:00:00,關西二次變電所,KRATHON,2,1006.0,731.7401126470718,0
2024-09-26 20:00:00,源海二次變電所,KRATHON,2,1006.0,710.0045318488526,0
2024-09-26 20:00:00,四湖配電變電所,KRATHON,2,1006.0,776.7729810404493,0
2024-09-26 20:00:00,新高港超高壓變電所,KRATHON,2,1006.0,736.7930175436107,0
2024-09-26 20:00:00,九曲配電變電所,KRATHON,2,1006.0,764.2562043162038,0
2024-09-26 20:00:00,崙背變電所,KRATHON,2,1006.0,767.7608815512978,0
2024-09-26 20:00:00,常德變電所,KRATHON,2,1006.0,715.4678034103532,0
2024-09-26 20:00:00,嶺口二次變電所,KRATHON,2,1006.0,744.1998427303557,0
2024-09-26 20:00:00,龍明配電變電所,KRATHON,2,1006.0,731.4386672679203,0
2024-09-26 20:00:00,新工配電變電所,KRATHON,2,1006.0,751.6661565831666,0
2024-09-27 02:00:00,榮成變電所,KRATHON,2,1004.0,730.6766410279373,0
2024-09-27 02:00:00,西螺服務區,KRATHON,2,1004.0,726.0801060052758,0
2024-09-27 02:00:00,中部科學園區,KRATHON,2,1004.0,722.7489124234254,0
2024-09-27 02:00:00,興變電所,KRATHON,2,1004.0,682.6244941541817,0
2024-09-27 02:00:00,中正變電所,KRATHON,2,1004.0,693.359241297881,0
2024-09-27 02:00:00,成都變電所,KRATHON,2,1004.0,712.7283362950126,0
2024-09-27 02:00:00,新豐配電變電所,KRATHON,2,1004.0,734.2172993603684,0
2024-09-27 02:00:00,內惟配電變電所,KRATHON,2,1004.0,708.6593228795058,0
2024-09-27 02:00:00,永華二次變電所,KRATHON,2,1004.0,723.7271202765661,0
2024-09-27 02:00:00,關西二次變電所,KRATHON,2,1004.0,711.1042293293756,0
2024-09-27 02:00:00,源海二次變電所,KRATHON,2,1004.0,693.3657250640757,0
2024-09-27 02:00:00,四湖配電變電所,KRATHON,2,1004.0,742.9437119501716,0
2024-09-27 02:00:00,新高港超高壓變電所,KRATHON,2,1004.0,694.3897821786172,0
2024-09-27 02:00:00,九曲配電變電所,KRATHON,2,1004.0,725.0284695542283,0
2024-09-27 02:00:00,崙背變電所,KRATHON,2,1004.0,735.25980555007,0
2024-09-27 02:00:00,常德變電所,KRATHON,2,1004.0,698.8319597474662,0
2024-09-27 02:00:00,嶺口二次變電所,KRATHON,2,1004.0,703.2912945183541,0
2024-09-27 02:00:00,龍明配電變電所,KRATHON,2,1004.0,713.1087002725336,0
2024-09-27 02:00:00,新工配電變電所,KRATHON,2,1004.0,730.3119331253857,0
2024-09-27 08:00:00,榮成變電所,KRATHON,2,1004.0,740.2994296461968,0
2024-09-27 08:00:00,西螺服務區,KRATHON,2,1004.0,719.0117968662925,0
2024-09-27 08:00:00,中部科學園區,KRATHON,2,1004.0,721.3663222776698,0
2024-09-27 08:00:00,興變電所,KRATHON,2,1004.0,673.6829774706712,0
2024-09-27 08:00:00,中正變電所,KRATHON,2,1004.0,705.6807109987442,0
2024-09-27 08:00:00,成都變電所,KRATHON,2,1004.0,722.8670231834254,0
2024-09-27 08:00:00,新豐配電變電所,KRATHON,2,1004.0,741.4796110619453,0
2024-09-27 08:00:00,內惟配電變電所,KRATHON,2,1004.0,687.9614329563261,0
2024-09-27 08:00:00,永華二次變電所,KRATHON,2,1004.0,706.5727023429575,0
2024-09-27 08:00:00,關西二次變電所,KRATHON,2,1004.0,718.4523358328997,0
2024-09-27 08:00:00,源海二次變電所,KRATHON,2,1004.0,705.6881574468116,0
2024-09-27 08:00:00,四湖配電變電所,KRATHON,2,1004.0,733.0602288558965,0
2024-09-27 08:00:00,新高港超高壓變電所,KRATHON,2,1004.0,672.8814784600357,0
2024-09-27 08:00:00,九曲配電變電所,KRATHON,2,1004.0,707.8226248667305,0
2024-09-27 08:00:00,崙背變電所,KRATHON,2,1004.0,727.2397050886728,0
2024-09-27 08:00:00,常德變電所,KRATHON,2,1004.0,711.0958728962071,0
2024-09-27 08:00:00,嶺口二次變電所,KRATHON,2,1004.0,683.8827944334308,0
2024-09-27 08:00:00,龍明配電變電所,KRATHON,2,1004.0,723.2085138913237,0
2024-09-27 08:00:00,新工配電變電所,KRATHON,2,1004.0,736.5803890935481,0
2024-09-27 14:00:00,榮成變電所,KRATHON,2,1002.0,772.9116867259597,0
2024-09-27 14:00:00,西螺服務區,KRATHON,2,1002.0,735.1190449707643,0
2024-09-27 14:00:00,中部科學園區,KRATHON,2,1002.0,743.3041354083706,0
2024-09-27 14:00:00,興變電所,KRATHON,2,1002.0,688.4352578692665,0
2024-09-27 14:00:00,中正變電所,KRATHON,2,1002.0,741.2533487889826,0
2024-09-27 14:00:00,成都變電所,KRATHON,2,1002.0,756.1654454282866,0
2024-09-27 14:00:00,新豐配電變電所,KRATHON,2,1002.0,771.7908135110972,0
2024-09-27 14:00:00,內惟配電變電所,KRATHON,2,1002.0,689.736422790505,0
2024-09-27 14:00:00,永華二次變電所,KRATHON,2,1002.0,712.027127762882,0
2024-09-27 14:00:00,關西二次變電所,KRATHON,2,1002.0,749.1051011946096,0
2024-09-27 14:00:00,源海二次變電所,KRATHON,2,1002.0,741.2616220344158,0
2024-09-27 14:00:00,四湖配電變電所,KRATHON,2,1002.0,746.0285781133847,0
2024-09-27 14:00:00,新高港超高壓變電所,KRATHON,2,1002.0,673.9629279758312,0
2024-09-27 14:00:00,九曲配電變電所,KRATHON,2,1002.0,713.2038167146051,0
2024-09-27 14:00:00,崙背變電所,KRATHON,2,1002.0,742.2468175607155,0
2024-09-27 14:00:00,常德變電所,KRATHON,2,1002.0,746.5527106575511,0
2024-09-27 14:00:00,嶺口二次變電所,KRATHON,2,1002.0,687.1557820473857,0
2024-09-27 14:00:00,龍明配電變電所,KRATHON,2,1002.0,756.4658363368424,0
2024-09-27 14:00:00,新工配電變電所,KRATHON,2,1002.0,765.9741137695944,0
2024-09-27 20:00:00,榮成變電所,KRATHON,2,1002.0,803.826728291762,0
2024-09-27 20:00:00,西螺服務區,KRATHON,2,1002.0,752.4953429318009,0
2024-09-27 20:00:00,中部科學園區,KRATHON,2,1002.0,765.5403426136512,0
2024-09-27 20:00:00,興變電所,KRATHON,2,1002.0,705.1652133086521,1
2024-09-27 20:00:00,中正變電所,KRATHON,2,1002.0,774.8791534016209,0
2024-09-27 20:00:00,成都變電所,KRATHON,2,1002.0,787.7864083339485,0
2024-09-27 20:00:00,新豐配電變電所,KRATHON,2,1002.0,800.79782642297,0
2024-09-27 20:00:00,內惟配電變電所,KRATHON,2,1002.0,695.2713480312027,0
2024-09-27 20:00:00,永華二次變電所,KRATHON,2,1002.0,720.500718740326,0
2024-09-27 20:00:00,關西二次變電所,KRATHON,2,1002.0,778.5882151930554,0
2024-09-27 20:00:00,源海二次變電所,KRATHON,2,1002.0,774.8880397158789,0
2024-09-27 20:00:00,四湖配電變電所,KRATHON,2,1002.0,760.6141022863933,0
2024-09-27 20:00:00,新高港超高壓變電所,KRATHON,2,1002.0,679.0886237353469,0
2024-09-27 20:00:00,九曲配電變電所,KRATHON,2,1002.0,721.6006156902228,0
2024-09-27 20:00:00,崙背變電所,KRATHON,2,1002.0,758.6134895928689,0
2024-09-27 20:00:00,常德變電所,KRATHON,2,1002.0,780.0390313363318,0
2024-09-27 20:00:00,嶺口二次變電所,KRATHON,2,1002.0,694.0272256426779,0
2024-09-27 20:00:00,龍明配電變電所,KRATHON,2,1002.0,788.0502318461969,0
2024-09-27 20:00:00,新工配電變電所,KRATHON,2,1002.0,794.2635629190914,0
2024-09-28 02:00:00,榮成變電所,KRATHON,2,1000.0,824.8264152425882,0
2024-09-28 02:00:00,西螺服務區,KRATHON,2,1000.0,760.9752714585651,0
2024-09-28 02:00:00,中部科學園區,KRATHON,2,1000.0,778.5291451677485,0
2024-09-28 02:00:00,興變電所,KRATHON,2,1000.0,713.4682265486592,1
2024-09-28 02:00:00,中正變電所,KRATHON,2,1000.0,798.6867080810034,0
2024-09-28 02:00:00,成都變電所,KRATHON,2,1000.0,809.5756787488305,0
2024-09-28 02:00:00,新豐配電變電所,KRATHON,2,1000.0,819.9868126210821,0
2024-09-28 02:00:00,內惟配電變電所,KRATHON,2,1000.0,693.0878029222629,0
2024-09-28 02:00:00,永華二次變電所,KRATHON,2,1000.0,720.842274801719,0
2024-09-28 02:00:00,關西二次變電所,KRATHON,2,1000.0,798.3933177853303,0
2024-09-28 02:00:00,源海二次變電所,KRATHON,2,1000.0,798.6961208420867,0
2024-09-28 02:00:00,四湖配電變電所,KRATHON,2,1000.0,766.3772724092707,0
2024-09-28 02:00:00,新高港超高壓變電所,KRATHON,2,1000.0,676.6906891371214,0
2024-09-28 02:00:00,九曲配電變電所,KRATHON,2,1000.0,721.8589399687547,0
2024-09-28 02:00:00,崙背變電所,KRATHON,2,1000.0,766.0830295567754,0
2024-09-28 02:00:00,常德變電所,KRATHON,2,1000.0,803.6759609679204,0
2024-09-28 02:00:00,嶺口二次變電所,KRATHON,2,1000.0,693.1198611527435,0
2024-09-28 02:00:00,龍明配電變電所,KRATHON,2,1000.0,809.8025173110414,0
2024-09-28 02:00:00,新工配電變電所,KRATHON,2,1000.0,812.811242719469,0
2024-09-28 08:00:00,榮成變電所,KRATHON,3,998.0,846.2720619617733,0
2024-09-28 08:00:00,西螺服務區,KRATHON,3,998.0,773.385243423716,0
2024-09-28 08:00:00,中部科學園區,KRATHON,3,998.0,794.243217791065,0
2024-09-28 08:00:00,興變電所,KRATHON,3,998.0,726.0272355572089,1
2024-09-28 08:00:00,中正變電所,KRATHON,3,998.0,822.3033214296689,0
2024-09-28 08:00:00,成都變電所,KRATHON,3,998.0,831.6678117012511,0
2024-09-28 08:00:00,新豐配電變電所,KRATHON,3,998.0,840.1175973741103,0
2024-09-28 08:00:00,內惟配電變電所,KRATHON,3,998.0,697.7305328338566,0
2024-09-28 08:00:00,永華二次變電所,KRATHON,3,998.0,727.2599628348837,0
2024-09-28 08:00:00,關西二次變電所,KRATHON,3,998.0,819.0765006840976,0
2024-09-28 08:00:00,源海二次變電所,KRATHON,3,998.0,822.313076823775,0
2024-09-28 08:00:00,四湖配電變電所,KRATHON,3,998.0,776.6898145294834,0
2024-09-28 08:00:00,新高港超高壓變電所,KRATHON,3,998.0,681.2839423405668,0
2024-09-28 08:00:00,九曲配電變電所,KRATHON,3,998.0,728.2056324947387,0
2024-09-28 08:00:00,崙背變電所,KRATHON,3,998.0,777.6975035662372,0
2024-09-28 08:00:00,常德變電所,KRATHON,3,998.0,827.1462647124766,0
2024-09-28 08:00:00,嶺口二次變電所,KRATHON,3,998.0,698.7552370026527,0
2024-09-28 08:00:00,龍明配電變電所,KRATHON,3,998.0,831.8665098165154,0
2024-09-28 08:00:00,新工配電變電所,KRATHON,3,998.0,832.4996572189067,0
2024-09-28 14:00:00,榮成變電所,KRATHON,3,996.0,855.5619030676561,0
2024-09-28 14:00:00,西螺服務區,KRATHON,3,996.0,777.6758061073126,0
2024-09-28 14:00:00,中部科學園區,KRATHON,3,996.0,800.3622671441144,0
2024-09-28 14:00:00,興變電所,KRATHON,3,996.0,730.5094768484954,1
2024-09-28 14:00:00,中正變電所,KRATHON,3,996.0,832.8758578271672,0
2024-09-28 14:00:00,成都變電所,KRATHON,3,996.0,841.3516331571587,0
2024-09-28 14:00:00,新豐配電變電所,KRATHON,3,996.0,848.6662132188716,0
2024-09-28 14:00:00,內惟配電變電所,KRATHON,3,996.0,697.8247292337504,0
2024-09-28 14:00:00,永華二次變電所,KRATHON,3,996.0,728.2765415053158,0
2024-09-28 14:00:00,關西二次變電所,KRATHON,3,996.0,827.9766578103403,0
2024-09-28 14:00:00,源海二次變電所,KRATHON,3,996.0,832.8857933362544,0
2024-09-28 14:00:00,四湖配電變電所,KRATHON,3,996.0,779.7881830821766,0
2024-09-28 14:00:00,新高港超高壓變電所,KRATHON,3,996.0,681.3956923173946,0
2024-09-28 14:00:00,九曲配電變電所,KRATHON,3,996.0,729.1799112683269,0
2024-09-28 14:00:00,崙背變電所,KRATHON,3,996.0,781.5291925994228,0
2024-09-28 14:00:00,常德變電所,KRATHON,3,996.0,837.626888017212,0
2024-09-28 14:00:00,嶺口二次變電所,KRATHON,3,996.0,699.4049949616904,0
2024-09-28 14:00:00,龍明配電變電所,KRATHON,3,996.0,841.5338972697546,0
2024-09-28 14:00:00,新工配電變電所,KRATHON,3,996.0,840.8087876557696,0
2024-09-28 20:00:00,榮成變電所,KRATHON,4,990.0,841.171673333982,0
2024-09-28 20:00:00,西螺服務區,KRATHON,4,990.0,758.8446672399632,0
2024-09-28 20:00:00,中部科學園區,KRATHON,4,990.0,783.0916061585359,0
2024-09-28 20:00:00,興變電所,KRATHON,4,990.0,711.9020389857243,1
2024-09-28 20:00:00,中正變電所,KRATHON,4,990.0,819.7770305062589,0
2024-09-28 20:00:00,成都變電所,KRATHON,4,990.0,827.3615376479415,0
2024-09-28 20:00:00,新豐配電變電所,KRATHON,4,990.0,833.5729621704265,0
2024-09-28 20:00:00,內惟配電變電所,KRATHON,4,990.0,675.7382775366009,0
2024-09-28 20:00:00,永華二次變電所,KRATHON,4,990.0,706.8552653692021,0
2024-09-28 20:00:00,關西二次變電所,KRATHON,4,990.0,813.2429611754347,0
2024-09-28 20:00:00,源海二次變電所,KRATHON,4,990.0,819.7871346312619,0
2024-09-28 20:00:00,四湖配電變電所,KRATHON,4,990.0,759.9617652674226,0
2024-09-28 20:00:00,新高港超高壓變電所,KRATHON,4,990.0,659.3439825805793,0
2024-09-28 20:00:00,九曲配電變電所,KRATHON,4,990.0,707.7248911764003,0
2024-09-28 20:00:00,崙背變電所,KRATHON,4,990.0,762.3073863366352,0
2024-09-28 20:00:00,常德變電所,KRATHON,4,990.0,824.4301678679351,0
2024-09-28 20:00:00,嶺口二次變電所,KRATHON,4,990.0,677.7380960876648,0
2024-09-28 20:00:00,龍明配電變電所,KRATHON,4,990.0,827.527495657366,0
2024-09-28 20:00:00,新工配電變電所,KRATHON,4,990.0,825.4978283049584,0
2024-09-29 02:00:00,榮成變電所,KRATHON,4,985.0,817.5653846586777,0
2024-09-29 02:00:00,西螺服務區,KRATHON,4,985.0,731.6156838095882,0
2024-09-29 02:00:00,中部科學園區,KRATHON,4,985.0,757.1044090548642,0
2024-09-29 02:00:00,興變電所,KRATHON,4,985.0,684.8914954945908,1
2024-09-29 02:00:00,中正變電所,KRATHON,4,985.0,797.3204022528006,0
2024-09-29 02:00:00,成都變電所,KRATHON,4,985.0,804.1153098386642,0
2024-09-29 02:00:00,新豐配電變電所,KRATHON,4,985.0,809.3689557220476,0
2024-09-29 02:00:00,內惟配電變電所,KRATHON,4,985.0,646.0979293621551,0
2024-09-29 02:00:00,永華二次變電所,KRATHON,4,985.0,677.6784336074114,0
2024-09-29 02:00:00,關西二次變電所,KRATHON,4,985.0,789.3659082704746,0
2024-09-29 02:00:00,源海二次變電所,KRATHON,4,985.0,797.3306450973748,0
2024-09-29 02:00:00,四湖配電變電所,KRATHON,4,985.0,731.9522624919267,0
2024-09-29 02:00:00,新高港超高壓變電所,KRATHON,4,985.0,629.7401701206478,0
2024-09-29 02:00:00,九曲配電變電所,KRATHON,4,985.0,678.5226302844385,0
2024-09-29 02:00:00,崙背變電所,KRATHON,4,985.0,734.7671808157595,0
2024-09-29 02:00:00,常德變電所,KRATHON,4,985.0,801.8823966657613,0
2024-09-29 02:00:00,嶺口二次變電所,KRATHON,4,985.0,648.40115030733,0
2024-09-29 02:00:00,龍明配電變電所,KRATHON,4,985.0,804.2669063288338,0
2024-09-29 02:00:00,新工配電變電所,KRATHON,4,985.0,801.1151170786595,0
2024-09-29 08:00:00,榮成變電所,KRATHON,4,980.0,778.4751040369988,0
2024-09-29 08:00:00,西螺服務區,KRATHON,4,980.0,692.1761429505788,0
2024-09-29 08:00:00,中部科學園區,KRATHON,4,980.0,717.6581113846735,0
2024-09-29 08:00:00,興變電所,KRATHON,4,980.0,645.4381675147024,1
2024-09-29 08:00:00,中正變電所,KRATHON,4,980.0,758.5453908050222,0
2024-09-29 08:00:00,成都變電所,KRATHON,4,980.0,765.1159057821953,0
2024-09-29 08:00:00,新豐配電變電所,KRATHON,4,980.0,770.1503458382106,0
2024-09-29 08:00:00,內惟配電變電所,KRATHON,4,980.0,607.246158194927,0
2024-09-29 08:00:00,永華二次變電所,KRATHON,4,980.0,638.6374116229657,0
2024-09-29 08:00:00,關西二次變電所,KRATHON,4,980.0,750.2173542723415,0
2024-09-29 08:00:00,源海二次變電所,KRATHON,4,980.0,758.5556741093362,0
2024-09-29 08:00:00,四湖配電變電所,KRATHON,4,980.0,692.6069987538473,0
2024-09-29 08:00:00,新高港超高壓變電所,KRATHON,4,980.0,590.8704175498184,0
2024-09-29 08:00:00,九曲配電變電所,KRATHON,4,980.0,639.4910113904936,0
2024-09-29 08:00:00,崙背變電所,KRATHON,4,980.0,695.3560170464604,0
2024-09-29 08:00:00,常德變電所,KRATHON,4,980.0,763.0789089798441,0
2024-09-29 08:00:00,嶺口二次變電所,KRATHON,4,980.0,609.419100994033,0
2024-09-29 08:00:00,龍明配電變電所,KRATHON,4,980.0,765.2637668765533,0
2024-09-29 08:00:00,新工配電變電所,KRATHON,4,980.0,761.8632985621358,0
2024-09-29 14:00:00,榮成變電所,KRATHON,5,970.0,696.3221547514958,0
2024-09-29 14:00:00,西螺服務區,KRATHON,5,970.0,607.4515267681834,0
2024-09-29 14:00:00,中部科學園區,KRATHON,5,970.0,633.5483237306335,0
2024-09-29 14:00:00,興變電所,KRATHON,5,970.0,560.8066548447781,1
2024-09-29 14:00:00,中正變電所,KRATHON,5,970.0,677.6809546534693,0
2024-09-29 14:00:00,成都變電所,KRATHON,5,970.0,683.3545963368747,0
2024-09-29 14:00:00,新豐配電變電所,KRATHON,5,970.0,687.4214728606388,0
2024-09-29 14:00:00,內惟配電變電所,KRATHON,5,970.0,522.6236107870955,0
2024-09-29 14:00:00,永華二次變電所,KRATHON,5,970.0,553.8164464270825,0
2024-09-29 14:00:00,關西二次變電所,KRATHON,5,970.0,667.8221917885317,0
2024-09-29 14:00:00,源海二次變電所,KRATHON,5,970.0,677.6913848260997,0
2024-09-29 14:00:00,四湖配電變電所,KRATHON,5,970.0,607.6927409587146,0
2024-09-29 14:00:00,新高港超高壓變電所,KRATHON,5,970.0,506.229415361303,0
2024-09-29 14:00:00,九曲配電變電所,KRATHON,5,970.0,554.6781580767956,0
2024-09-29 14:00:00,崙背變電所,KRATHON,5,970.0,610.5344595395632,0
2024-09-29 14:00:00,常德變電所,KRATHON,5,970.0,682.1010240691555,0
2024-09-29 14:00:00,嶺口二次變電所,KRATHON,5,970.0,524.6548097223748,0
2024-09-29 14:00:00,龍明配電變電所,KRATHON,5,970.0,683.4868925323676,0
2024-09-29 14:00:00,新工配電變電所,KRATHON,5,970.0,678.9767506333246,0
2024-09-29 20:00:00,榮成變電所,KRATHON,5,965.0,608.9213289844907,0
2024-09-29 20:00:00,西螺服務區,KRATHON,5,965.0,505.6739377439748,0
2024-09-29 20:00:00,中部科學園區,KRATHON,5,965.0,536.7553727072284,0
2024-09-29 20:00:00,興變電所,KRATHON,5,965.0,460.40244188738393,0
2024-09-29 20:00:00,中正變電所,KRATHON,5,965.0,595.5363398095932,0
2024-09-29 20:00:00,成都變電所,KRATHON,5,965.0,597.6897573400353,0
2024-09-29 20:00:00,新豐配電變電所,KRATHON,5,965.0,597.5879381785951,0
2024-09-29 20:00:00,內惟配電變電所,KRATHON,5,965.0,411.63521729180013,0
2024-09-29 20:00:00,永華二次變電所,KRATHON,5,965.0,444.49407277954003,0
2024-09-29 20:00:00,關西二次變電所,KRATHON,5,965.0,579.6621535431665,0
2024-09-29 20:00:00,源海二次變電所,KRATHON,5,965.0,595.5471938815806,0
2024-09-29 20:00:00,四湖配電變電所,KRATHON,5,965.0,502.71487150141826,0
2024-09-29 20:00:00,新高港超高壓變電所,KRATHON,5,965.0,395.4324599267709,0
2024-09-29 20:00:00,九曲配電變電所,KRATHON,5,965.0,445.25429076860667,0
2024-09-29 20:00:00,崙背變電所,KRATHON,5,965.0,507.4454187064706,0
2024-09-29 20:00:00,常德變電所,KRATHON,5,965.0,599.4838170596821,0
2024-09-29 20:00:00,嶺口二次變電所,KRATHON,5,965.0,414.82534407897737,0
2024-09-29 20:00:00,龍明配電變電所,KRATHON,5,965.0,597.7580051955094,0
2024-09-29 20:00:00,新工配電變電所,KRATHON,5,965.0,588.4896272411108,0
2024-09-30 02:00:00,榮成變電所,KRATHON,5,950.0,587.7989159055118,0
2024-09-30 02:00:00,西螺服務區,KRATHON,5,950.0,477.21405816843685,0
2024-09-30 02:00:00,中部科學園區,KRATHON,5,950.0,511.01980639109547,0
2024-09-30 02:00:00,興變電所,KRATHON,5,950.0,433.0742381200462,0
2024-09-30 02:00:00,中正變電所,KRATHON,5,950.0,577.1530408415197,0
2024-09-30 02:00:00,成都變電所,KRATHON,5,950.0,577.5229797760345,0
2024-09-30 02:00:00,新豐配電變電所,KRATHON,5,950.0,575.2705649897147,0
2024-09-30 02:00:00,內惟配電變電所,KRATHON,5,950.0,377.5836799978819,0
2024-09-30 02:00:00,永華二次變電所,KRATHON,5,950.0,411.48105598717706,0
2024-09-30 02:00:00,關西二次變電所,KRATHON,5,950.0,558.3280550821922,0
2024-09-30 02:00:00,源海二次變電所,KRATHON,5,950.0,577.1640321657175,0
2024-09-30 02:00:00,四湖配電變電所,KRATHON,5,950.0,472.29352885206276,0
2024-09-30 02:00:00,新高港超高壓變電所,KRATHON,5,950.0,361.6166307861219,0
2024-09-30 02:00:00,九曲配電變電所,KRATHON,5,950.0,412.16564386251406,0
2024-09-30 02:00:00,崙背變電所,KRATHON,5,950.0,478.17627846365156,0
2024-09-30 02:00:00,常德變電所,KRATHON,5,950.0,580.8389607960379,0
2024-09-30 02:00:00,嶺口二次變電所,KRATHON,5,950.0,381.61195626424865,0
2024-09-30 02:00:00,龍明配電變電所,KRATHON,5,950.0,577.5582231133592,0
2024-09-30 02:00:00,新工配電變電所,KRATHON,5,950.0,565.8822183470069,0
2024-09-30 08:00:00,榮成變電所,KRATHON,5,935.0,558.1082565920095,0
2024-09-30 08:00:00,西螺服務區,KRATHON,5,935.0,440.62357901953214,0
2024-09-30 08:00:00,中部科學園區,KRATHON,5,935.0,476.9921095527826,0
2024-09-30 08:00:00,興變電所,KRATHON,5,935.0,397.8364010348256,0
2024-09-30 08:00:00,中正變電所,KRATHON,5,935.0,550.3240464502504,0
2024-09-30 08:00:00,成都變電所,KRATHON,5,935.0,548.8537012802111,0
2024-09-30 08:00:00,新豐配電變電所,KRATHON,5,935.0,544.4163940843723,0
2024-09-30 08:00:00,內惟配電變電所,KRATHON,5,935.0,336.02057313787765,0
2024-09-30 08:00:00,永華二次變電所,KRATHON,5,935.0,370.7580600117103,0
2024-09-30 08:00:00,關西二次變電所,KRATHON,5,935.0,528.5487607207009,0
2024-09-30 08:00:00,源海二次變電所,KRATHON,5,935.0,550.3351279772362,0
2024-09-30 08:00:00,四湖配電變電所,KRATHON,5,935.0,433.80920259537896,0
2024-09-30 08:00:00,新高港超高壓變電所,KRATHON,5,935.0,320.3479119944015,0
2024-09-30 08:00:00,九曲配電變電所,KRATHON,5,935.0,371.3686264675901,0
2024-09-30 08:00:00,崙背變電所,KRATHON,5,935.0,440.78717053159426,0
2024-09-30 08:00:00,常德變電所,KRATHON,5,935.0,553.7222025136108,0
2024-09-30 08:00:00,嶺口二次變電所,KRATHON,5,935.0,340.8251664608094,0
2024-09-30 08:00:00,龍明配電變電所,KRATHON,5,935.0,548.8549183950973,0
2024-09-30 08:00:00,新工配電變電所,KRATHON,5,935.0,534.7728346691006,0
2024-09-30 14:00:00,榮成變電所,KRATHON,5,935.0,506.5210568607467,0
2024-09-30 14:00:00,西螺服務區,KRATHON,5,935.0,374.49379278401113,0
2024-09-30 14:00:00,中部科學園區,KRATHON,5,935.0,416.5327802759939,0
2024-09-30 14:00:00,興變電所,KRATHON,5,935.0,336.12334315768857,0
2024-09-30 14:00:00,中正變電所,KRATHON,5,935.0,505.4248521429408,0
2024-09-30 14:00:00,成都變電所,KRATHON,5,935.0,499.77277006314705,0
2024-09-30 14:00:00,新豐配電變電所,KRATHON,5,935.0,490.347957891344,0
2024-09-30 14:00:00,內惟配電變電所,KRATHON,5,935.0,258.746699486378,0
2024-09-30 14:00:00,永華二次變電所,KRATHON,5,935.0,295.11377504459966,0
2024-09-30 14:00:00,關西二次變電所,KRATHON,5,935.0,477.2549757787243,0
2024-09-30 14:00:00,源海二次變電所,KRATHON,5,935.0,505.4359400027683,0
2024-09-30 14:00:00,四湖配電變電所,KRATHON,5,935.0,362.9626999079853,0
2024-09-30 14:00:00,新高港超高壓變電所,KRATHON,5,935.0,244.32179424977306,0
2024-09-30 14:00:00,九曲配電變電所,KRATHON,5,935.0,295.5075759209962,0
2024-09-30 14:00:00,崙背變電所,KRATHON,5,935.0,372.6262026780192,0
2024-09-30 14:00:00,常德變電所,KRATHON,5,935.0,508.1082314868213,0
2024-09-30 14:00:00,嶺口二次變電所,KRATHON,5,935.0,265.66471397293384,0
2024-09-30 14:00:00,龍明配電變電所,KRATHON,5,935.0,499.6957117472928,0
2024-09-30 14:00:00,新工配電變電所,KRATHON,5,935.0,480.26519278297286,0
2024-09-30 20:00:00,榮成變電所,KRATHON,5,935.0,511.9957946666179,0
2024-09-30 20:00:00,西螺服務區,KRATHON,5,935.0,366.86261197120365,0
2024-09-30 20:00:00,中部科學園區,KRATHON,5,935.0,414.4916913341678,1
2024-09-30 20:00:00,興變電所,KRATHON,5,935.0,336.1233431576884,0
2024-09-30 20:00:00,中正變電所,KRATHON,5,935.0,517.9944795164815,0
2024-09-30 20:00:00,成都變電所,KRATHON,5,935.0,508.12955293533275,0
2024-09-30 20:00:00,新豐配電變電所,KRATHON,5,935.0,493.492602815567,0
2024-09-30 20:00:00,內惟配電變電所,KRATHON,5,935.0,241.16874302048916,0
2024-09-30 20:00:00,永華二次變電所,KRATHON,5,935.0,277.63460844647625,0
2024-09-30 20:00:00,關西二次變電所,KRATHON,5,935.0,483.84232544769026,0
2024-09-30 20:00:00,源海二次變電所,KRATHON,5,935.0,518.0052887752495,0
2024-09-30 20:00:00,四湖配電變電所,KRATHON,5,935.0,349.250839615206,0
2024-09-30 20:00:00,新高港超高壓變電所,KRATHON,5,935.0,230.17681411896805,0
2024-09-30 20:00:00,九曲配電變電所,KRATHON,5,935.0,277.64466644547093,0
2024-09-30 20:00:00,崙背變電所,KRATHON,5,935.0,362.3054038695201,0
2024-09-30 20:00:00,常德變電所,KRATHON,5,935.0,519.8773169246871,0
2024-09-30 20:00:00,嶺口二次變電所,KRATHON,5,935.0,251.1121790517079,0
2024-09-30 20:00:00,龍明配電變電所,KRATHON,5,935.0,507.9710659675162,0
2024-09-30 20:00:00,新工配電變電所,KRATHON,5,935.0,483.1920446615649,0
2024-10-01 02:00:00,榮成變電所,KRATHON,5,935.0,508.7432890343786,0
2024-10-01 02:00:00,西螺服務區,KRATHON,5,935.0,358.9058802623312,0
2024-10-01 02:00:00,中部科學園區,KRATHON,5,935.0,408.6028881625411,1
2024-10-01 02:00:00,興變電所,KRATHON,5,935.0,332.8356709942246,0
2024-10-01 02:00:00,中正變電所,KRATHON,5,935.0,518.3518549987429,0
2024-10-01 02:00:00,成都變電所,KRATHON,5,935.0,506.4086813933837,0
2024-10-01 02:00:00,新豐配電變電所,KRATHON,5,935.0,489.2358379739136,0
2024-10-01 02:00:00,內惟配電變電所,KRATHON,5,935.0,231.65835032077803,0
2024-10-01 02:00:00,永華二次變電所,KRATHON,5,935.0,266.7552375528031,0
2024-10-01 02:00:00,關西二次變電所,KRATHON,5,935.0,481.47716806616484,0
2024-10-01 02:00:00,源海二次變電所,KRATHON,5,935.0,518.3624097550658,0
2024-10-01 02:00:00,四湖配電變電所,KRATHON,5,935.0,338.45988912108726,0
2024-10-01 02:00:00,新高港超高壓變電所,KRATHON,5,935.0,223.07718764802448,0
2024-10-01 02:00:00,九曲配電變電所,KRATHON,5,935.0,266.5567239895227,0
2024-10-01 02:00:00,崙背變電所,KRATHON,5,935.0,353.02900244063187,0
2024-10-01 02:00:00,常德變電所,KRATHON,5,935.0,519.800909465261,0
2024-10-01 02:00:00,嶺口二次變電所,KRATHON,5,935.0,242.82434091683587,0
2024-10-01 02:00:00,龍明配電變電所,KRATHON,5,935.0,506.2097455636029,0
2024-10-01 02:00:00,新工配電變電所,KRATHON,5,935.0,478.9408950822997,0
2024-10-01 08:00:00,榮成變電所,KRATHON,5,920.0,519.6170606257252,0
2024-10-01 08:00:00,西螺服務區,KRATHON,5,920.0,366.69158966617704,0
2024-10-01 08:00:00,中部科學園區,KRATHON,5,920.0,417.80202609445035,1
2024-10-01 08:00:00,興變電所,KRATHON,5,920.0,345.3609605502295,0
2024-10-01 08:00:00,中正變電所,KRATHON,5,920.0,532.4598031253182,0
2024-10-01 08:00:00,成都變電所,KRATHON,5,920.0,518.7081728617136,0
2024-10-01 08:00:00,新豐配電變電所,KRATHON,5,920.0,499.3028013910077,0
2024-10-01 08:00:00,內惟配電變電所,KRATHON,5,920.0,240.45896122596176,0
2024-10-01 08:00:00,永華二次變電所,KRATHON,5,920.0,273.28034260744465,0
2024-10-01 08:00:00,關西二次變電所,KRATHON,5,920.0,493.3523901563299,0
2024-10-01 08:00:00,源海二次變電所,KRATHON,5,920.0,532.4700675092475,0
2024-10-01 08:00:00,四湖配電變電所,KRATHON,5,920.0,343.7465922533496,0
2024-10-01 08:00:00,新高港超高壓變電所,KRATHON,5,920.0,234.43831303992087,0
2024-10-01 08:00:00,九曲配電變電所,KRATHON,5,920.0,272.87891127679404,0
2024-10-01 08:00:00,崙背變電所,KRATHON,5,920.0,359.6083225995095,0
2024-10-01 08:00:00,常德變電所,KRATHON,5,920.0,533.5105819545716,0
2024-10-01 08:00:00,嶺口二次變電所,KRATHON,5,920.0,252.47998118940572,0
2024-10-01 08:00:00,龍明配電變電所,KRATHON,5,920.0,518.4735112594452,0
2024-10-01 08:00:00,新工配電變電所,KRATHON,5,920.0,489.0858691117856,0
2024-10-01 14:00:00,榮成變電所,KRATHON,5,920.0,491.25089026073783,0
2024-10-01 14:00:00,西螺服務區,KRATHON,5,920.0,337.2939595613903,0
2024-10-01 14:00:00,中部科學園區,KRATHON,5,920.0,388.8868573475064,1
2024-10-01 14:00:00,興變電所,KRATHON,5,920.0,318.5758458451027,0
2024-10-01 14:00:00,中正變電所,KRATHON,5,920.0,505.84266530768764,0
2024-10-01 14:00:00,成都變電所,KRATHON,5,920.0,491.1026774622717,0
2024-10-01 14:00:00,新豐配電變電所,KRATHON,5,920.0,470.5754955954861,0
2024-10-01 14:00:00,內惟配電變電所,KRATHON,5,920.0,212.5173814393448,0
2024-10-01 14:00:00,永華二次變電所,KRATHON,5,920.0,243.84683515320472,0
2024-10-01 14:00:00,關西二次變電所,KRATHON,5,920.0,465.58388094674484,0
2024-10-01 14:00:00,源海二次變電所,KRATHON,5,920.0,505.85273322760463,0
2024-10-01 14:00:00,四湖配電變電所,KRATHON,5,920.0,313.31610928711297,0
2024-10-01 14:00:00,新高港超高壓變電所,KRATHON,5,920.0,208.02730440383405,0
2024-10-01 14:00:00,九曲配電變電所,KRATHON,5,920.0,243.35167645568947,0
2024-10-01 14:00:00,崙背變電所,KRATHON,5,920.0,329.68033692272223,0
2024-10-01 14:00:00,常德變電所,KRATHON,5,920.0,506.6594377679699,0
2024-10-01 14:00:00,嶺口二次變電所,KRATHON,5,920.0,224.86187857688358,0
2024-10-01 14:00:00,龍明配電變電所,KRATHON,5,920.0,490.8490813499351,0
2024-10-01 14:00:00,新工配電變電所,KRATHON,5,920.0,460.42428712584007,0
2024-10-01 20:00:00,榮成變電所,KRATHON,5,925.0,467.75759206331566,0
2024-10-01 20:00:00,西螺服務區,KRATHON,5,925.0,312.81949583709815,0
2024-10-01 20:00:00,中部科學園區,KRATHON,5,925.0,364.92751361040456,1
2024-10-01 20:00:00,興變電所,KRATHON,5,925.0,298.66228599319606,0
2024-10-01 20:00:00,中正變電所,KRATHON,5,925.0,485.06405540991796,0
2024-10-01 20:00:00,成都變電所,KRATHON,5,925.0,468.83224799890445,0
2024-10-01 20:00:00,新豐配電變電所,KRATHON,5,925.0,446.56458843836475,0
2024-10-01 20:00:00,內惟配電變電所,KRATHON,5,925.0,192.1729826449832,0
2024-10-01 20:00:00,永華二次變電所,KRATHON,5,925.0,220.2382230591657,0
2024-10-01 20:00:00,關西二次變電所,KRATHON,5,925.0,443.15280228088585,0
2024-10-01 20:00:00,源海二次變電所,KRATHON,5,925.0,485.073782604253,0
2024-10-01 20:00:00,四湖配電變電所,KRATHON,5,925.0,287.1439851950814,0
2024-10-01 20:00:00,新高港超高壓變電所,KRATHON,5,925.0,190.4533265734422,0
2024-10-01 20:00:00,九曲配電變電所,KRATHON,5,925.0,219.5758172759221,0
2024-10-01 20:00:00,崙背變電所,KRATHON,5,925.0,304.31345582117785,0
2024-10-01 20:00:00,常德變電所,KRATHON,5,925.0,485.51575343351885,0
2024-10-01 20:00:00,嶺口二次變電所,KRATHON,5,925.0,204.83670645718703,0
2024-10-01 20:00:00,龍明配電變電所,KRATHON,5,925.0,468.5495046960597,0
2024-10-01 20:00:00,新工配電變電所,KRATHON,5,925.0,436.56050049565147,0
2024-10-02 02:00:00,榮成變電所,KRATHON,5,935.0,451.7787362855417,0
2024-10-02 02:00:00,西螺服務區,KRATHON,5,935.0,296.717541120156,0
2024-10-02 02:00:00,中部科學園區,KRATHON,5,935.0,348.94107771970266,1
2024-10-02 02:00:00,興變電所,KRATHON,5,935.0,285.58451012200277,0
2024-10-02 02:00:00,中正變電所,KRATHON,5,935.0,470.72434120931536,0
2024-10-02 02:00:00,成都變電所,KRATHON,5,935.0,453.60632125203585,0
2024-10-02 02:00:00,新豐配電變電所,KRATHON,5,935.0,430.3133795755591,0
2024-10-02 02:00:00,內惟配電變電所,KRATHON,5,935.0,179.88989027079933,0
2024-10-02 02:00:00,永華二次變電所,KRATHON,5,935.0,205.35883872223354,0
2024-10-02 02:00:00,關西二次變電所,KRATHON,5,935.0,427.88913830705303,0
2024-10-02 02:00:00,源海二次變電所,KRATHON,5,935.0,470.7338353493503,0
2024-10-02 02:00:00,四湖配電變電所,KRATHON,5,935.0,270.072707600562,0
2024-10-02 02:00:00,新高港超高壓變電所,KRATHON,5,935.0,180.09706327398771,0
2024-10-02 02:00:00,九曲配電變電所,KRATHON,5,935.0,204.5899563339026,0
2024-10-02 02:00:00,崙背變電所,KRATHON,5,935.0,287.67782346408165,0
2024-10-02 02:00:00,常德變電所,KRATHON,5,935.0,470.949114671009,0
2024-10-02 02:00:00,嶺口二次變電所,KRATHON,5,935.0,192.58109943940613,0
2024-10-02 02:00:00,龍明配電變電所,KRATHON,5,935.0,453.3061924330686,0
2024-10-02 02:00:00,新工配電變電所,KRATHON,5,935.0,420.4240728111003,0
2024-10-02 08:00:00,榮成變電所,KRATHON,5,940.0,427.2524835004161,0
2024-10-02 08:00:00,西螺服務區,KRATHON,5,940.0,272.19256983611126,0
2024-10-02 08:00:00,中部科學園區,KRATHON,5,940.0,324.41679218308946,1
2024-10-02 08:00:00,興變電所,KRATHON,5,940.0,261.4576167761833,0
2024-10-02 08:00:00,中正變電所,KRATHON,5,940.0,446.31605251477043,0
2024-10-02 08:00:00,成都變電所,KRATHON,5,940.0,429.1121968905029,0
2024-10-02 08:00:00,新豐配電變電所,KRATHON,5,940.0,405.78585301148235,0
2024-10-02 08:00:00,內惟配電變電所,KRATHON,5,940.0,156.12851120177612,0
2024-10-02 08:00:00,永華二次變電所,KRATHON,5,940.0,180.95523776448826,0
2024-10-02 08:00:00,關西二次變電所,KRATHON,5,940.0,403.39415374956866,0
2024-10-02 08:00:00,源海二次變電所,KRATHON,5,940.0,446.32551597369337,0
2024-10-02 08:00:00,四湖配電變電所,KRATHON,5,940.0,245.56455141057893,0
2024-10-02 08:00:00,新高港超高壓變電所,KRATHON,5,940.0,157.0445420310146,0
2024-10-02 08:00:00,九曲配電變電所,KRATHON,5,940.0,180.1723949002893,0
2024-10-02 08:00:00,崙背變電所,KRATHON,5,940.0,263.15309120207706,0
2024-10-02 08:00:00,常德變電所,KRATHON,5,940.0,446.5136885169581,0
2024-10-02 08:00:00,嶺口二次變電所,KRATHON,5,940.0,168.79630542001888,0
2024-10-02 08:00:00,龍明配電變電所,KRATHON,5,940.0,428.81088588803107,0
2024-10-02 08:00:00,新工配電變電所,KRATHON,5,940.0,395.89653575474097,0
2024-10-02 14:00:00,榮成變電所,KRATHON,5,950.0,392.7413485100285,0
2024-10-02 14:00:00,西螺服務區,KRATHON,5,950.0,237.72941960973017,0
2024-10-02 14:00:00,中部科學園區,KRATHON,5,950.0,289.95341728333113,1
2024-10-02 14:00:00,興變電所,KRATHON,5,950.0,228.63830181359876,0
2024-10-02 14:00:00,中正變電所,KRATHON,5,950.0,412.45471944639695,0
2024-10-02 14:00:00,成都變電所,KRATHON,5,950.0,394.87221125494585,0
2024-10-02 14:00:00,新豐配電變電所,KRATHON,5,950.0,371.19808168160904,0
2024-10-02 14:00:00,內惟配電變電所,KRATHON,5,950.0,124.79771841513376,0
2024-10-02 14:00:00,永華二次變電所,KRATHON,5,950.0,147.3008184701309,0
2024-10-02 14:00:00,關西二次變電所,KRATHON,5,950.0,369.15366894349495,0
2024-10-02 14:00:00,源海二次變電所,KRATHON,5,950.0,412.4640647984575,0
2024-10-02 14:00:00,四湖配電變電所,KRATHON,5,950.0,210.82343523873254,0
2024-10-02 14:00:00,新高港超高壓變電所,KRATHON,5,950.0,127.7139726301152,0
2024-10-02 14:00:00,九曲配電變電所,KRATHON,5,950.0,146.45608453670334,0
2024-10-02 14:00:00,崙背變電所,KRATHON,5,950.0,228.5198842343282,0
2024-10-02 14:00:00,常德變電所,KRATHON,5,950.0,412.546126194701,0
2024-10-02 14:00:00,嶺口二次變電所,KRATHON,5,950.0,137.3026853054735,0
2024-10-02 14:00:00,龍明配電變電所,KRATHON,5,950.0,394.5641282441621,0
2024-10-02 14:00:00,新工配電變電所,KRATHON,5,950.0,361.3471391538087,0
2024-10-02 20:00:00,榮成變電所,KRATHON,5,955.0,378.2198273474111,0
2024-10-02 20:00:00,西螺服務區,KRATHON,5,955.0,223.16426552409268,0
2024-10-02 20:00:00,中部科學園區,KRATHON,5,955.0,275.3900030119606,0
2024-10-02 20:00:00,興變電所,KRATHON,5,955.0,213.5155040556435,0
2024-10-02 20:00:00,中正變電所,KRATHON,5,955.0,397.57139716632605,0
2024-10-02 20:00:00,成都變電所,KRATHON,5,955.0,380.16032947938885,0
2024-10-02 20:00:00,新豐配電變電所,KRATHON,5,955.0,356.7487136818285,0
2024-10-02 20:00:00,內惟配電變電所,KRATHON,5,955.0,109.67252323280412,0
2024-10-02 20:00:00,永華二次變電所,KRATHON,5,955.0,132.31643181107123,0
2024-10-02 20:00:00,關西二次變電所,KRATHON,5,955.0,354.4411382200945,0
2024-10-02 20:00:00,源海二次變電所,KRATHON,5,955.0,397.5807856804401,0
2024-10-02 20:00:00,四湖配電變電所,KRATHON,5,955.0,196.5765276817114,0
2024-10-02 20:00:00,新高港超高壓變電所,KRATHON,5,955.0,112.88077278056166,0
2024-10-02 20:00:00,九曲配電變電所,KRATHON,5,955.0,131.4902868401126,0
2024-10-02 20:00:00,崙背變電所,KRATHON,5,955.0,214.12214759822385,0
2024-10-02 20:00:00,常德變電所,KRATHON,5,955.0,397.7036038485025,0
2024-10-02 20:00:00,嶺口二次變電所,KRATHON,5,955.0,122.15958662497474,0
2024-10-02 20:00:00,龍明配電變電所,KRATHON,5,955.0,379.8561165285357,0
2024-10-02 20:00:00,新工配電變電所,KRATHON,5,955.0,346.86008754108076,0
2024-10-03 02:00:00,榮成變電所,KRATHON,5,975.0,349.34050019395823,0
2024-10-03 02:00:00,西螺服務區,KRATHON,5,975.0,194.30881029498326,0
2024-10-03 02:00:00,中部科學園區,KRATHON,5,975.0,246.48066326135492,0
2024-10-03 02:00:00,興變電所,KRATHON,5,975.0,183.30202622349853,0
2024-10-03 02:00:00,中正變電所,KRATHON,5,975.0,367.8788249315963,0
2024-10-03 02:00:00,成都變電所,KRATHON,5,975.0,350.854544452944,0
2024-10-03 02:00:00,新豐配電變電所,KRATHON,5,975.0,328.04252987670117,0
2024-10-03 02:00:00,內惟配電變電所,KRATHON,5,975.0,79.48866107050976,0
2024-10-03 02:00:00,永華二次變電所,KRATHON,5,975.0,102.51303078249188,0
2024-10-03 02:00:00,關西二次變電所,KRATHON,5,975.0,325.1429788082147,0
2024-10-03 02:00:00,源海二次變電所,KRATHON,5,975.0,367.8883076896939,0
2024-10-03 02:00:00,四湖配電變電所,KRATHON,5,975.0,168.5590055355345,0
2024-10-03 02:00:00,新高港超高壓變電所,KRATHON,5,975.0,83.6014984659565,0
2024-10-03 02:00:00,九曲配電變電所,KRATHON,5,975.0,101.74119627844561,0
2024-10-03 02:00:00,崙背變電所,KRATHON,5,975.0,185.69054341727218,0
2024-10-03 02:00:00,常德變電所,KRATHON,5,975.0,368.10174922603375,0
2024-10-03 02:00:00,嶺口二次變電所,KRATHON,5,975.0,91.91454010407212,0
2024-10-03 02:00:00,龍明配電變電所,KRATHON,5,975.0,350.5590862806032,0
2024-10-03 02:00:00,新工配電變電所,KRATHON,5,975.0,318.07474154430196,0
2024-10-03 08:00:00,榮成變電所,KRATHON,4,985.0,316.8837051514352,0
2024-10-03 08:00:00,西螺服務區,KRATHON,4,985.0,162.68213682871777,0
2024-10-03 08:00:00,中部科學園區,KRATHON,4,985.0,214.33389918517585,0
2024-10-03 08:00:00,興變電所,KRATHON,4,985.0,147.20902773543375,0
2024-10-03 08:00:00,中正變電所,KRATHON,4,985.0,333.31828868652434,0
2024-10-03 08:00:00,成都變電所,KRATHON,4,985.0,317.35544858668106,0
2024-10-03 08:00:00,新豐配電變電所,KRATHON,4,985.0,296.0494085319773,0
2024-10-03 08:00:00,內惟配電變電所,KRATHON,4,985.0,41.723572840542076,0
2024-10-03 08:00:00,永華二次變電所,KRATHON,4,985.0,69.24221971934462,0
2024-10-03 08:00:00,關西二次變電所,KRATHON,4,985.0,291.7204051044426,0
2024-10-03 08:00:00,源海二次變電所,KRATHON,4,985.0,333.32802534290676,0
2024-10-03 08:00:00,四湖配電變電所,KRATHON,4,985.0,139.42924631977436,0
2024-10-03 08:00:00,新高港超高壓變電所,KRATHON,4,985.0,45.96883800601279,0
2024-10-03 08:00:00,九曲配電變電所,KRATHON,4,985.0,68.73835114689409,0
2024-10-03 08:00:00,崙背變電所,KRATHON,4,985.0,155.26003144493276,0
2024-10-03 08:00:00,常德變電所,KRATHON,4,985.0,333.79354579702954,0
2024-10-03 08:00:00,嶺口二次變電所,KRATHON,4,985.0,54.321582864338936,0
2024-10-03 08:00:00,龍明配電變電所,KRATHON,4,985.0,317.0828055300534,0
2024-10-03 08:00:00,新工配電變電所,KRATHON,4,985.0,285.92857306377556,0
2024-10-03 14:00:00,榮成變電所,KRATHON,4,985.0,282.9293596078243,0
2024-10-03 14:00:00,西螺服務區,KRATHON,4,985.0,133.46251727293554,0
2024-10-03 14:00:00,中部科學園區,KRATHON,4,985.0,182.4171196441448,0
2024-10-03 14:00:00,興變電所,KRATHON,4,985.0,108.12057222827288,0
2024-10-03 14:00:00,中正變電所,KRATHON,4,985.0,295.35642049353964,0
2024-10-03 14:00:00,成都變電所,KRATHON,4,985.0,281.4966236490789,0
2024-10-03 14:00:00,新豐配電變電所,KRATHON,4,985.0,263.13457316171684,0
2024-10-03 14:00:00,內惟配電變電所,KRATHON,4,985.0,13.811577913916262,0
2024-10-03 14:00:00,永華二次變電所,KRATHON,4,985.0,47.48283102258842,0
2024-10-03 14:00:00,關西二次變電所,KRATHON,4,985.0,256.2237010327349,0
2024-10-03 14:00:00,源海二次變電所,KRATHON,4,985.0,295.3665864164248,0
2024-10-03 14:00:00,四湖配電變電所,KRATHON,4,985.0,116.65665611786872,0
2024-10-03 14:00:00,新高港超高壓變電所,KRATHON,4,985.0,3.429577371741434,0
2024-10-03 14:00:00,九曲配電變電所,KRATHON,4,985.0,47.968150319392095,0
2024-10-03 14:00:00,崙背變電所,KRATHON,4,985.0,128.8533158640712,0
2024-10-03 14:00:00,常德變電所,KRATHON,4,985.0,296.3084241002337,0
2024-10-03 14:00:00,嶺口二次變電所,KRATHON,4,985.0,18.04174555973256,0
2024-10-03 14:00:00,龍明配電變電所,KRATHON,4,985.0,281.2683668681775,0
2024-10-03 14:00:00,新工配電變電所,KRATHON,4,985.0,252.85180364168727,0
2024-10-03 20:00:00,榮成變電所,KRATHON,2,1004.0,256.48409671789693,0
2024-10-03 20:00:00,西螺服務區,KRATHON,2,1004.0,111.88415014632862,0
2024-10-03 20:00:00,中部科學園區,KRATHON,2,1004.0,157.92408836056083,0
2024-10-03 20:00:00,興變電所,KRATHON,2,1004.0,80.47755316570813,0
2024-10-03 20:00:00,中正變電所,KRATHON,2,1004.0,266.9721364279853,0
2024-10-03 20:00:00,成都變電所,KRATHON,2,1004.0,254.11296826887352,0
2024-10-03 20:00:00,新豐配電變電所,KRATHON,2,1004.0,237.33135784892465,0
2024-10-03 20:00:00,內惟配電變電所,KRATHON,2,1004.0,35.45024211324586,0
2024-10-03 20:00:00,永華二次變電所,KRATHON,2,1004.0,44.93532532515474,0
2024-10-03 20:00:00,關西二次變電所,KRATHON,2,1004.0,229.1204609712521,0
2024-10-03 20:00:00,源海二次變電所,KRATHON,2,1004.0,266.98246342738474,0
2024-10-03 20:00:00,四湖配電變電所,KRATHON,2,1004.0,100.6195694912646,0
2024-10-03 20:00:00,新高港超高壓變電所,KRATHON,2,1004.0,32.29014826546549,0
2024-10-03 20:00:00,九曲配電變電所,KRATHON,2,1004.0,46.100046457909016,0
2024-10-03 20:00:00,崙背變電所,KRATHON,2,1004.0,109.47151113625814,0
2024-10-03 20:00:00,常德變電所,KRATHON,2,1004.0,268.129575304617,0
2024-10-03 20:00:00,嶺口二次變電所,KRATHON,2,1004.0,25.044634606372167,0
2024-10-03 20:00:00,龍明配電變電所,KRATHON,2,1004.0,253.90688043172653,0
2024-10-03 20:00:00,新工配電變電所,KRATHON,2,1004.0,227.02351040881211,0
2024-10-21 14:00:00,內惟配電變電所,TRAMI,2,998.0,1475.6925190408685,0
2024-10-21 14:00:00,新高港超高壓變電所,TRAMI,2,998.0,1459.2459580424943,0
2024-10-21 14:00:00,嶺口二次變電所,TRAMI,2,998.0,1476.6670577798998,0
2024-10-21 20:00:00,西螺服務區,TRAMI,2,998.0,1497.0546129096474,0
2024-10-21 20:00:00,興變電所,TRAMI,2,998.0,1449.8920036094992,0
2024-10-21 20:00:00,內惟配電變電所,TRAMI,2,998.0,1413.7246254819458,0
2024-10-21 20:00:00,永華二次變電所,TRAMI,2,998.0,1445.4287406228063,0
2024-10-21 20:00:00,四湖配電變電所,TRAMI,2,998.0,1498.8042209425769,0
2024-10-21 20:00:00,新高港超高壓變電所,TRAMI,2,998.0,1397.3921150857418,0
2024-10-21 20:00:00,九曲配電變電所,TRAMI,2,998.0,1446.2737223279103,0
2024-10-21 20:00:00,嶺口二次變電所,TRAMI,2,998.0,1416.1430188185843,0
2024-10-22 02:00:00,西螺服務區,TRAMI,3,994.0,1438.2415258663955,0
2024-10-22 02:00:00,中部科學園區,TRAMI,3,994.0,1462.4546692426015,0
2024-10-22 02:00:00,興變電所,TRAMI,3,994.0,1391.3857281906273,0
2024-10-22 02:00:00,中正變電所,TRAMI,3,994.0,1493.107967217877,0
2024-10-22 02:00:00,內惟配電變電所,TRAMI,3,994.0,1350.73335720062,0
2024-10-22 02:00:00,永華二次變電所,TRAMI,3,994.0,1383.2314458280564,0
2024-10-22 02:00:00,關西二次變電所,TRAMI,3,994.0,1489.897007328783,0
2024-10-22 02:00:00,源海二次變電所,TRAMI,3,994.0,1493.1176499811536,0
2024-10-22 02:00:00,四湖配電變電所,TRAMI,3,994.0,1438.652487645599,0
2024-10-22 02:00:00,新高港超高壓變電所,TRAMI,3,994.0,1334.5028395882957,0
2024-10-22 02:00:00,九曲配電變電所,TRAMI,3,994.0,1384.0288366530265,0
2024-10-22 02:00:00,崙背變電所,TRAMI,3,994.0,1441.4972347219727,0
2024-10-22 02:00:00,常德變電所,TRAMI,3,994.0,1497.9830561839206,0
2024-10-22 02:00:00,嶺口二次變電所,TRAMI,3,994.0,1353.7013468679038,0
2024-10-22 08:00:00,榮成變電所,TRAMI,3,994.0,1417.7874553532213,0
2024-10-22 08:00:00,西螺服務區,TRAMI,3,994.0,1335.0298367769994,0
2024-10-22 08:00:00,中部科學園區,TRAMI,3,994.0,1360.4848069235031,0
2024-10-22 08:00:00,興變電所,TRAMI,3,994.0,1288.4003656151729,0
2024-10-22 08:00:00,中正變電所,TRAMI,3,994.0,1394.8840678267554,0
2024-10-22 08:00:00,成都變電所,TRAMI,3,994.0,1403.581130310057,0
2024-10-22 08:00:00,新豐配電變電所,TRAMI,3,994.0,1410.7203074008414,0
2024-10-22 08:00:00,內惟配電變電所,TRAMI,3,994.0,1245.3104542981816,0
2024-10-22 08:00:00,永華二次變電所,TRAMI,3,994.0,1278.1906485345196,0
2024-10-22 08:00:00,關西二次變電所,TRAMI,3,994.0,1390.142607602909,0
2024-10-22 08:00:00,源海二次變電所,TRAMI,3,994.0,1394.893927800876,0
2024-10-22 08:00:00,四湖配電變電所,TRAMI,3,994.0,1334.6729455199302,0
2024-10-22 08:00:00,新高港超高壓變電所,TRAMI,3,994.0,1229.1436751438412,0
2024-10-22 08:00:00,九曲配電變電所,TRAMI,3,994.0,1278.9627292416294,0
2024-10-22 08:00:00,崙背變電所,TRAMI,3,994.0,1337.9772277956447,0
2024-10-22 08:00:00,常德變電所,TRAMI,3,994.0,1399.6733626144326,0
2024-10-22 08:00:00,嶺口二次變電所,TRAMI,3,994.0,1248.556510546854,0
2024-10-22 08:00:00,龍明配電變電所,TRAMI,3,994.0,1403.7644940497503,0
2024-10-22 08:00:00,新工配電變電所,TRAMI,3,994.0,1402.765327252046,0
2024-10-22 14:00:00,榮成變電所,TRAMI,3,990.0,1355.7267513359086,0
2024-10-22 14:00:00,西螺服務區,TRAMI,3,990.0,1265.7333396499464,0
2024-10-22 14:00:00,中部科學園區,TRAMI,3,990.0,1293.693812443834,0
2024-10-22 14:00:00,興變電所,TRAMI,3,990.0,1219.6944981673464,0
2024-10-22 14:00:00,中正變電所,TRAMI,3,990.0,1335.0134044618364,0
2024-10-22 14:00:00,成都變電所,TRAMI,3,990.0,1342.2077365414539,0
2024-10-22 14:00:00,新豐配電變電所,TRAMI,3,990.0,1347.4745055102287,0
2024-10-22 14:00:00,內惟配電變電所,TRAMI,3,990.0,1171.1422220432223,0
2024-10-22 14:00:00,永華二次變電所,TRAMI,3,990.0,1204.8886840097532,0
2024-10-22 14:00:00,關西二次變電所,TRAMI,3,990.0,1327.5293021565362,0
2024-10-22 14:00:00,源海二次變電所,TRAMI,3,990.0,1335.0235496552007,0
2024-10-22 14:00:00,四湖配電變電所,TRAMI,3,990.0,1263.7054154398527,0
2024-10-22 14:00:00,新高港超高壓變電所,TRAMI,3,990.0,1155.1695411504584,0
2024-10-22 14:00:00,九曲配電變電所,TRAMI,3,990.0,1205.5980956979624,0
2024-10-22 14:00:00,崙背變電所,TRAMI,3,990.0,1268.01170253926,0
2024-10-22 14:00:00,常德變電所,TRAMI,3,990.0,1339.6385847872739,0
2024-10-22 14:00:00,嶺口二次變電所,TRAMI,3,990.0,1175.0665882791159,0
2024-10-22 14:00:00,龍明配電變電所,TRAMI,3,990.0,1342.3634815106834,0
2024-10-22 14:00:00,新工配電變電所,TRAMI,3,990.0,1339.1628723261367,0
2024-10-22 20:00:00,榮成變電所,TRAMI,3,990.0,1279.012459921967,0
2024-10-22 20:00:00,西螺服務區,TRAMI,3,990.0,1185.7080426288753,0
2024-10-22 20:00:00,中部科學園區,TRAMI,3,990.0,1214.766011585628,0
2024-10-22 20:00:00,興變電所,TRAMI,3,990.0,1139.9768268518599,0
2024-10-22 20:00:00,中正變電所,TRAMI,3,990.0,1259.4481062532805,0
2024-10-22 20:00:00,成都變電所,TRAMI,3,990.0,1265.8580463496608,0
2024-10-22 20:00:00,新豐配電變電所,TRAMI,3,990.0,1270.1801236121316,0
2024-10-22 20:00:00,內惟配電變電所,TRAMI,3,990.0,1089.2072268132545,0
2024-10-22 20:00:00,永華二次變電所,TRAMI,3,990.0,1123.2597243438859,0
2024-10-22 20:00:00,關西二次變電所,TRAMI,3,990.0,1250.5726764758635,0
2024-10-22 20:00:00,源海二次變電所,TRAMI,3,990.0,1259.4583863642692,0
2024-10-22 20:00:00,四湖配電變電所,TRAMI,3,990.0,1182.9689874169535,0
2024-10-22 20:00:00,新高港超高壓變電所,TRAMI,3,990.0,1073.3217819313686,0
2024-10-22 20:00:00,九曲配電變電所,TRAMI,3,990.0,1123.944162571071,0
2024-10-22 20:00:00,崙背變電所,TRAMI,3,990.0,1187.6949206134047,0
2024-10-22 20:00:00,常德變電所,TRAMI,3,990.0,1263.981449328595,0
2024-10-22 20:00:00,嶺口二次變電所,TRAMI,3,990.0,1093.3891212237595,0
2024-10-22 20:00:00,龍明配電變電所,TRAMI,3,990.0,1265.9995310133984,0
2024-10-22 20:00:00,新工配電變電所,TRAMI,3,990.0,1261.7029045705765,0
2024-10-23 02:00:00,榮成變電所,TRAMI,3,990.0,1190.647920817098,0
2024-10-23 02:00:00,西螺服務區,TRAMI,3,990.0,1096.7898463722522,0
2024-10-23 02:00:00,中部科學園區,TRAMI,3,990.0,1125.9346623384458,0
2024-10-23 02:00:00,興變電所,TRAMI,3,990.0,1051.0718253871373,0
2024-10-23 02:00:00,中正變電所,TRAMI,3,990.0,1171.4493725506868,0
2024-10-23 02:00:00,成都變電所,TRAMI,3,990.0,1177.603024904963,0
2024-10-23 02:00:00,新豐配電變電所,TRAMI,3,990.0,1181.6616404812235,0
2024-10-23 02:00:00,內惟配電變電所,TRAMI,3,990.0,1000.501830696976,0
2024-10-23 02:00:00,永華二次變電所,TRAMI,3,990.0,1034.4793979399253,0
2024-10-23 02:00:00,關西二次變電所,TRAMI,3,990.0,1162.1449100466757,0
2024-10-23 02:00:00,源海二次變電所,TRAMI,3,990.0,1171.4596969125457,0
2024-10-23 02:00:00,四湖配電變電所,TRAMI,3,990.0,1094.0660588387127,0
2024-10-23 02:00:00,新高港超高壓變電所,TRAMI,3,990.0,984.5918821589166,0
2024-10-23 02:00:00,九曲配電變電所,TRAMI,3,990.0,1035.1693684570307,0
2024-10-23 02:00:00,崙背變電所,TRAMI,3,990.0,1098.775193677614,0
2024-10-23 02:00:00,常德變電所,TRAMI,3,990.0,1175.9503061924424,0
2024-10-23 02:00:00,嶺口二次變電所,TRAMI,3,990.0,1004.6183931859912,0
2024-10-23 02:00:00,龍明配電變電所,TRAMI,3,990.0,1177.7401430704294,0
2024-10-23 02:00:00,新工配電變電所,TRAMI,3,990.0,1173.1448328395159,0
2024-10-23 08:00:00,榮成變電所,TRAMI,4,985.0,1105.0068159068092,0
2024-10-23 08:00:00,西螺服務區,TRAMI,4,985.0,1000.1363655779936,0
2024-10-23 08:00:00,中部科學園區,TRAMI,4,985.0,1033.1563816854446,0
2024-10-23 08:00:00,興變電所,TRAMI,4,985.0,955.8444695516032,0
2024-10-23 08:00:00,中正變電所,TRAMI,4,985.0,1089.6150457349047,0
2024-10-23 08:00:00,成都變電所,TRAMI,4,985.0,1093.2273925723396,0
2024-10-23 08:00:00,新豐配電變電所,TRAMI,4,985.0,1094.1705178672898,0
2024-10-23 08:00:00,內惟配電變電所,TRAMI,4,985.0,896.5587250460588,0
2024-10-23 08:00:00,永華二次變電所,TRAMI,4,985.0,931.7050867304866,0
2024-10-23 08:00:00,關西二次變電所,TRAMI,4,985.0,1075.895129626231,0
2024-10-23 08:00:00,源海二次變電所,TRAMI,4,985.0,1089.6257208967204,0
2024-10-23 08:00:00,四湖配電變電所,TRAMI,4,985.0,994.6719709837059,0
2024-10-23 08:00:00,新高港超高壓變電所,TRAMI,4,985.0,881.1114545511102,0
2024-10-23 08:00:00,九曲配電變電所,TRAMI,4,985.0,932.284994207231,0
2024-10-23 08:00:00,崙背變電所,TRAMI,4,985.0,1000.9965595159671,0
2024-10-23 08:00:00,常德變電所,TRAMI,4,985.0,1093.7942657475526,0
2024-10-23 08:00:00,嶺口二次變電所,TRAMI,4,985.0,901.7803315078677,0
2024-10-23 08:00:00,龍明配電變電所,TRAMI,4,985.0,1093.3176396379067,0
2024-10-23 08:00:00,新工配電變電所,TRAMI,4,985.0,1085.1543092404993,0
2024-10-23 14:00:00,榮成變電所,TRAMI,4,985.0,993.3025517864684,0
2024-10-23 14:00:00,西螺服務區,TRAMI,4,985.0,881.4617640707277,0
2024-10-23 14:00:00,中部科學園區,TRAMI,4,985.0,916.8826360494605,0
2024-10-23 14:00:00,興變電所,TRAMI,4,985.0,838.3217794784538,0
2024-10-23 14:00:00,中正變電所,TRAMI,4,985.0,980.7392703985753,0
2024-10-23 14:00:00,成都變電所,TRAMI,4,985.0,982.488537887874,0
2024-10-23 14:00:00,新豐配電變電所,TRAMI,4,985.0,981.2201580922172,0
2024-10-23 14:00:00,內惟配電變電所,TRAMI,4,985.0,773.8041723989995,0
2024-10-23 14:00:00,永華二次變電所,TRAMI,4,985.0,809.504848919207,0
2024-10-23 14:00:00,關西二次變電所,TRAMI,4,985.0,963.9141309503074,0
2024-10-23 14:00:00,源海二次變電所,TRAMI,4,985.0,980.750139042682,0
2024-10-23 14:00:00,四湖配電變電所,TRAMI,4,985.0,874.282578388847,0
2024-10-23 14:00:00,新高港超高壓變電所,TRAMI,4,985.0,758.6985594954012,0
2024-10-23 14:00:00,九曲配電變電所,TRAMI,4,985.0,810.0166443303133,0
2024-10-23 14:00:00,崙背變電所,TRAMI,4,985.0,881.5968963625323,0
2024-10-23 14:00:00,常德變電所,TRAMI,4,985.0,984.6587006642419,0
2024-10-23 14:00:00,嶺口二次變電所,TRAMI,4,985.0,779.6653828335247,0
2024-10-23 14:00:00,龍明配電變電所,TRAMI,4,985.0,982.5446605718897,0
2024-10-23 14:00:00,新工配電變電所,TRAMI,4,985.0,971.9010443832927,0
2024-10-23 20:00:00,榮成變電所,TRAMI,4,985.0,927.2377301737847,0
2024-10-23 20:00:00,西螺服務區,TRAMI,4,985.0,811.2259596199202,0
2024-10-23 20:00:00,中部科學園區,TRAMI,4,985.0,848.0950923419545,0
2024-10-23 20:00:00,興變電所,TRAMI,4,985.0,768.9049078984073,0
2024-10-23 20:00:00,中正變電所,TRAMI,4,985.0,916.4936230065325,0
2024-10-23 20:00:00,成都變電所,TRAMI,4,985.0,917.0580662960149,0
2024-10-23 20:00:00,新豐配電變電所,TRAMI,4,985.0,914.3965010091148,0
2024-10-23 20:00:00,內惟配電變電所,TRAMI,4,985.0,701.176121762151,0
2024-10-23 20:00:00,永華二次變電所,TRAMI,4,985.0,737.1703898925447,0
2024-10-23 20:00:00,關西二次變電所,TRAMI,4,985.0,897.7411904470817,0
2024-10-23 20:00:00,源海二次變電所,TRAMI,4,985.0,916.5045861671664,0
2024-10-23 20:00:00,四湖配電變電所,TRAMI,4,985.0,802.9819192403536,0
2024-10-23 20:00:00,新高港超高壓變電所,TRAMI,4,985.0,686.3116533239245,0
2024-10-23 20:00:00,九曲配電變電所,TRAMI,4,985.0,737.6387046495906,0
2024-10-23 20:00:00,崙背變電所,TRAMI,4,985.0,810.9045475635739,0
2024-10-23 20:00:00,常德變電所,TRAMI,4,985.0,920.2381877956867,0
2024-10-23 20:00:00,嶺口二次變電所,TRAMI,4,985.0,707.432237847805,0
2024-10-23 20:00:00,龍明配電變電所,TRAMI,4,985.0,917.0924709058442,0
2024-10-23 20:00:00,新工配電變電所,TRAMI,4,985.0,904.9063568290501,0
2024-10-24 02:00:00,榮成變電所,TRAMI,4,985.0,880.3990703477131,0
2024-10-24 02:00:00,西螺服務區,TRAMI,4,985.0,755.5952732391177,0
2024-10-24 02:00:00,中部科學園區,TRAMI,4,985.0,795.711421326039,0
2024-10-24 02:00:00,興變電所,TRAMI,4,985.0,715.5504361780382,0
2024-10-24 02:00:00,中正變電所,TRAMI,4,985.0,873.4570611869367,0
2024-10-24 02:00:00,成都變電所,TRAMI,4,985.0,871.6016951292784,0
2024-10-24 02:00:00,新豐配電變電所,TRAMI,4,985.0,866.0142815425825,0
2024-10-24 02:00:00,內惟配電變電所,TRAMI,4,985.0,639.8676543076072,0
2024-10-24 02:00:00,永華二次變電所,TRAMI,4,985.0,676.4655965320128,0
2024-10-24 02:00:00,關西二次變電所,TRAMI,4,985.0,850.8445884274095,0
2024-10-24 02:00:00,源海二次變電所,TRAMI,4,985.0,873.4681473098123,0
2024-10-24 02:00:00,四湖配電變電所,TRAMI,4,985.0,744.689243002381,0
2024-10-24 02:00:00,新高港超高壓變電所,TRAMI,4,985.0,625.8055928620378,0
2024-10-24 02:00:00,九曲配電變電所,TRAMI,4,985.0,676.8078659098406,0
2024-10-24 02:00:00,崙背變電所,TRAMI,4,985.0,754.132238038771,0
2024-10-24 02:00:00,常德變電所,TRAMI,4,985.0,876.8267913773094,0
2024-10-24 02:00:00,嶺口二次變電所,TRAMI,4,985.0,647.2119343383923,0
2024-10-24 02:00:00,龍明配電變電所,TRAMI,4,985.0,871.590918345441,0
2024-10-24 02:00:00,新工配電變電所,TRAMI,4,985.0,856.2079909675382,0
2024-10-24 08:00:00,榮成變電所,TRAMI,4,985.0,906.8021664758049,0
2024-10-24 08:00:00,西螺服務區,TRAMI,4,985.0,770.8961901537472,0
2024-10-24 08:00:00,中部科學園區,TRAMI,4,985.0,815.3089886627121,0
2024-10-24 08:00:00,興變電所,TRAMI,4,985.0,735.070828938419,0
2024-10-24 08:00:00,中正變電所,TRAMI,4,985.0,905.1308194987871,0
2024-10-24 08:00:00,成都變電所,TRAMI,4,985.0,900.0282277340694,0
2024-10-24 08:00:00,新豐配電變電所,TRAMI,4,985.0,890.4310840057218,0
2024-10-24 08:00:00,內惟配電變電所,TRAMI,4,985.0,648.2647057480854,0
2024-10-24 08:00:00,永華二次變電所,TRAMI,4,985.0,685.0636065352311,0
2024-10-24 08:00:00,關西二次變電所,TRAMI,4,985.0,877.5538969661809,0
2024-10-24 08:00:00,源海二次變電所,TRAMI,4,985.0,905.1419286612577,0
2024-10-24 08:00:00,四湖配電變電所,TRAMI,4,985.0,755.9481484527249,0
2024-10-24 08:00:00,新高港超高壓變電所,TRAMI,4,985.0,635.8992726864541,0
2024-10-24 08:00:00,九曲配電變電所,TRAMI,4,985.0,685.1861234485025,0
2024-10-24 08:00:00,崙背變電所,TRAMI,4,985.0,767.6632377083853,0
2024-10-24 08:00:00,常德變電所,TRAMI,4,985.0,907.9571691562526,0
2024-10-24 08:00:00,嶺口二次變電所,TRAMI,4,985.0,657.2722201159522,0
2024-10-24 08:00:00,龍明配電變電所,TRAMI,4,985.0,899.9556281252621,0
2024-10-24 08:00:00,新工配電變電所,TRAMI,4,985.0,880.3052171626899,0
2024-10-24 14:00:00,榮成變電所,TRAMI,4,985.0,857.8554584118639,0
2024-10-24 14:00:00,西螺服務區,TRAMI,4,985.0,712.5233687603312,0
2024-10-24 14:00:00,中部科學園區,TRAMI,4,985.0,760.6033750712643,0
2024-10-24 14:00:00,興變電所,TRAMI,4,985.0,682.193402350791,0
2024-10-24 14:00:00,中正變電所,TRAMI,4,985.0,862.1967406760477,0
2024-10-24 14:00:00,成都變電所,TRAMI,4,985.0,853.4811412802545,0
2024-10-24 14:00:00,新豐配電變電所,TRAMI,4,985.0,839.5597063193735,0
2024-10-24 14:00:00,內惟配電變電所,TRAMI,4,985.0,585.9085054876632,0
2024-10-24 14:00:00,永華二次變電所,TRAMI,4,985.0,621.780902268386,0
2024-10-24 14:00:00,關西二次變電所,TRAMI,4,985.0,829.4830151129097,0
2024-10-24 14:00:00,源海二次變電所,TRAMI,4,985.0,862.2076767730196,0
2024-10-24 14:00:00,四湖配電變電所,TRAMI,4,985.0,693.6113943991777,0
2024-10-24 14:00:00,新高港超高壓變電所,TRAMI,4,985.0,575.7781162209994,0
2024-10-24 14:00:00,九曲配電變電所,TRAMI,4,985.0,621.6671419091588,0
2024-10-24 14:00:00,崙背變電所,TRAMI,4,985.0,707.4670284849428,0
2024-10-24 14:00:00,常德變電所,TRAMI,4,985.0,864.3486631244108,0
2024-10-24 14:00:00,嶺口二次變電所,TRAMI,4,985.0,596.4002410424864,0
2024-10-24 14:00:00,龍明配電變電所,TRAMI,4,985.0,853.339864907275,0
2024-10-24 14:00:00,新工配電變電所,TRAMI,4,985.0,829.2642354456642,0
2024-10-24 20:00:00,榮成變電所,TRAMI,4,985.0,884.2479670840769,0
2024-10-24 20:00:00,西螺服務區,TRAMI,4,985.0,737.0133046230237,0
2024-10-24 20:00:00,中部科學園區,TRAMI,4,985.0,785.8694937874996,0
2024-10-24 20:00:00,興變電所,TRAMI,4,985.0,708.2323642421835,0
2024-10-24 20:00:00,中正變電所,TRAMI,4,985.0,889.97840110063,0
2024-10-24 20:00:00,成都變電所,TRAMI,4,985.0,880.4567862046531,0
2024-10-24 20:00:00,新豐配電變電所,TRAMI,4,985.0,865.5347163290863,0
2024-10-24 20:00:00,內惟配電變電所,TRAMI,4,985.0,609.9437488407,0
2024-10-24 20:00:00,永華二次變電所,TRAMI,4,985.0,645.3506461217343,0
2024-10-24 20:00:00,關西二次變電所,TRAMI,4,985.0,856.1668009388003,0
2024-10-24 20:00:00,源海二次變電所,TRAMI,4,985.0,889.9892693874358,0
2024-10-24 20:00:00,四湖配電變電所,TRAMI,4,985.0,717.0953085000563,0
2024-10-24 20:00:00,新高港超高壓變電所,TRAMI,4,985.0,600.4882964885978,0
2024-10-24 20:00:00,九曲配電變電所,TRAMI,4,985.0,645.170598356075,0
2024-10-24 20:00:00,崙背變電所,TRAMI,4,985.0,731.484518542897,0
2024-10-24 20:00:00,常德變電所,TRAMI,4,985.0,891.9724224879423,0
2024-10-24 20:00:00,嶺口二次變電所,TRAMI,4,985.0,620.7829610400584,0
2024-10-24 20:00:00,龍明配電變電所,TRAMI,4,985.0,880.2997873831275,0
2024-10-24 20:00:00,新工配電變電所,TRAMI,4,985.0,855.2278924636191,0
2024-10-25 02:00:00,榮成變電所,TRAMI,4,985.0,889.6277267768912,0
2024-10-25 02:00:00,西螺服務區,TRAMI,4,985.0,740.6042616025437,0
2024-10-25 02:00:00,中部科學園區,TRAMI,4,985.0,790.1848970032543,0
2024-10-25 02:00:00,興變電所,TRAMI,4,985.0,713.4998193286882,0
2024-10-25 02:00:00,中正變電所,TRAMI,4,985.0,896.8827409087455,0
2024-10-25 02:00:00,成都變電所,TRAMI,4,985.0,886.4769520480917,0
2024-10-25 02:00:00,新豐配電變電所,TRAMI,4,985.0,870.488457531109,0
2024-10-25 02:00:00,內惟配電變電所,TRAMI,4,985.0,613.3498934911604,0
2024-10-25 02:00:00,永華二次變電所,TRAMI,4,985.0,648.196437521722,0
2024-10-25 02:00:00,關西二次變電所,TRAMI,4,985.0,861.8979075111159,0
2024-10-25 02:00:00,源海二次變電所,TRAMI,4,985.0,896.8935204718697,0
2024-10-25 02:00:00,四湖配電變電所,TRAMI,4,985.0,719.6989615700576,0
2024-10-25 02:00:00,新高港超高壓變電所,TRAMI,4,985.0,604.6095748660425,0
2024-10-25 02:00:00,九曲配電變電所,TRAMI,4,985.0,647.9501297000676,0
2024-10-25 02:00:00,崙背變電所,TRAMI,4,985.0,734.6015164217762,0
2024-10-25 02:00:00,常德變電所,TRAMI,4,985.0,898.6974403659235,0
2024-10-25 02:00:00,嶺口二次變電所,TRAMI,4,985.0,624.5147443256598,0
2024-10-25 02:00:00,龍明配電變電所,TRAMI,4,985.0,886.3028732768202,0
2024-10-25 02:00:00,新工配電變電所,TRAMI,4,985.0,860.1828348522814,0
2024-10-25 08:00:00,榮成變電所,TRAMI,4,985.0,928.7379330000911,0
2024-10-25 08:00:00,西螺服務區,TRAMI,4,985.0,775.3055920608567,0
2024-10-25 08:00:00,中部科學園區,TRAMI,4,985.0,826.7231869644662,0
2024-10-25 08:00:00,興變電所,TRAMI,4,985.0,754.3178766463407,0
2024-10-25 08:00:00,中正變電所,TRAMI,4,985.0,941.1296823018896,0
2024-10-25 08:00:00,成都變電所,TRAMI,4,985.0,927.8104772693438,0
2024-10-25 08:00:00,新豐配電變電所,TRAMI,4,985.0,908.323543162897,0
2024-10-25 08:00:00,內惟配電變電所,TRAMI,4,985.0,649.5767525506257,0
2024-10-25 08:00:00,永華二次變電所,TRAMI,4,985.0,681.831375592258,0
2024-10-25 08:00:00,關西二次變電所,TRAMI,4,985.0,902.485714208405,0
2024-10-25 08:00:00,源海二次變電所,TRAMI,4,985.0,941.1400623399823,0
2024-10-25 08:00:00,四湖配電變電所,TRAMI,4,985.0,751.2949554523324,0
2024-10-25 08:00:00,新高港超高壓變電所,TRAMI,4,985.0,643.4384714743412,0
2024-10-25 08:00:00,九曲配電變電所,TRAMI,4,985.0,681.3618453911545,0
2024-10-25 08:00:00,崙背變電所,TRAMI,4,985.0,767.7532185907091,0
2024-10-25 08:00:00,常德變電所,TRAMI,4,985.0,942.3186579536571,0
2024-10-25 08:00:00,嶺口二次變電所,TRAMI,4,985.0,661.6271040692864,0
2024-10-25 08:00:00,龍明配電變電所,TRAMI,4,985.0,927.5797201217509,0
2024-10-25 08:00:00,新工配電變電所,TRAMI,4,985.0,898.1277174818282,0
2024-10-25 14:00:00,榮成變電所,TRAMI,4,985.0,912.8569949191134,0
2024-10-25 14:00:00,西螺服務區,TRAMI,4,985.0,758.0171394077037,0
2024-10-25 14:00:00,中部科學園區,TRAMI,4,985.0,810.2114206309217,0
2024-10-25 14:00:00,興變電所,TRAMI,4,985.0,746.9011469512816,0
2024-10-25 14:00:00,中正變電所,TRAMI,4,985.0,932.5958560943216,0
2024-10-25 14:00:00,成都變電所,TRAMI,4,985.0,915.2671718067658,0
2024-10-25 14:00:00,新豐配電變電所,TRAMI,4,985.0,891.1294673411257,0
2024-10-25 14:00:00,內惟配電變電所,TRAMI,4,985.0,640.5058238194025,0
2024-10-25 14:00:00,永華二次變電所,TRAMI,4,985.0,667.2309393804599,0
2024-10-25 14:00:00,關西二次變電所,TRAMI,4,985.0,889.549069077211,0
2024-10-25 14:00:00,源海二次變電所,TRAMI,4,985.0,932.6053567981663,0
2024-10-25 14:00:00,四湖配電變電所,TRAMI,4,985.0,730.4621150517075,0
2024-10-25 14:00:00,新高港超高壓變電所,TRAMI,4,985.0,638.5244448229364,0
2024-10-25 14:00:00,九曲配電變電所,TRAMI,4,985.0,666.4603971497997,0
2024-10-25 14:00:00,崙背變電所,TRAMI,4,985.0,748.5026341550264,0
2024-10-25 14:00:00,常德變電所,TRAMI,4,985.0,932.8110503756045,0
2024-10-25 14:00:00,嶺口二次變電所,TRAMI,4,985.0,653.1801246589076,0
2024-10-25 14:00:00,龍明配電變電所,TRAMI,4,985.0,914.9581115387859,0
2024-10-25 14:00:00,新工配電變電所,TRAMI,4,985.0,881.3944460707232,0
2024-10-25 20:00:00,榮成變電所,TRAMI,4,985.0,1002.2192398225081,0
2024-10-25 20:00:00,西螺服務區,TRAMI,4,985.0,848.0613827075365,0
2024-10-25 20:00:00,中部科學園區,TRAMI,4,985.0,900.0670768605178,0
2024-10-25 20:00:00,興變電所,TRAMI,4,985.0,839.5188545313869,0
2024-10-25 20:00:00,中正變電所,TRAMI,4,985.0,1023.8056965742096,0
2024-10-25 20:00:00,成都變電所,TRAMI,4,985.0,1005.5241817001285,0
2024-10-25 20:00:00,新豐配電變電所,TRAMI,4,985.0,980.256236906097,0
2024-10-25 20:00:00,內惟配電變電所,TRAMI,4,985.0,733.6201597877499,0
2024-10-25 20:00:00,永華二次變電所,TRAMI,4,985.0,758.7718790589504,0
2024-10-25 20:00:00,關西二次變電所,TRAMI,4,985.0,979.8489155626214,0
2024-10-25 20:00:00,源海二次變電所,TRAMI,4,985.0,1023.8149243317439,0
2024-10-25 20:00:00,四湖配電變電所,TRAMI,4,985.0,819.771742910998,0
2024-10-25 20:00:00,新高港超高壓變電所,TRAMI,4,985.0,732.5748316901222,0
2024-10-25 20:00:00,九曲配電變電所,TRAMI,4,985.0,757.9334735355163,0
2024-10-25 20:00:00,崙背變電所,TRAMI,4,985.0,838.0922628843617,0
2024-10-25 20:00:00,常德變電所,TRAMI,4,985.0,1023.770022854969,0
2024-10-25 20:00:00,嶺口二次變電所,TRAMI,4,985.0,746.3193431335579,0
2024-10-25 20:00:00,龍明配電變電所,TRAMI,4,985.0,1005.1959520967977,0
2024-10-25 20:00:00,新工配電變電所,TRAMI,4,985.0,970.7106708506918,0
2024-10-26 02:00:00,榮成變電所,TRAMI,4,985.0,1095.1950550746446,0
2024-10-26 02:00:00,西螺服務區,TRAMI,4,985.0,943.7143257108394,0
2024-10-26 02:00:00,中部科學園區,TRAMI,4,985.0,994.8598815771484,0
2024-10-26 02:00:00,興變電所,TRAMI,4,985.0,940.4482733038836,0
2024-10-26 02:00:00,中正變電所,TRAMI,4,985.0,1120.3856889884928,0
2024-10-26 02:00:00,成都變電所,TRAMI,4,985.0,1100.272952827207,0
2024-10-26 02:00:00,新豐配電變電所,TRAMI,4,985.0,1072.9353437681384,0
2024-10-26 02:00:00,內惟配電變電所,TRAMI,4,985.0,836.6177004680985,0
2024-10-26 02:00:00,永華二次變電所,TRAMI,4,985.0,858.3142243729831,0
2024-10-26 02:00:00,關西二次變電所,TRAMI,4,985.0,1074.873584862344,0
2024-10-26 02:00:00,源海二次變電所,TRAMI,4,985.0,1120.3942870300075,0
2024-10-26 02:00:00,四湖配電變電所,TRAMI,4,985.0,914.2942529950893,0
2024-10-26 02:00:00,新高港超高壓變電所,TRAMI,4,985.0,837.5411327373574,0
2024-10-26 02:00:00,九曲配電變電所,TRAMI,4,985.0,857.3507740243772,0
2024-10-26 02:00:00,崙背變電所,TRAMI,4,985.0,932.9604635275434,0
2024-10-26 02:00:00,常德變電所,TRAMI,4,985.0,1119.8296283881093,0
2024-10-26 02:00:00,嶺口二次變電所,TRAMI,4,985.0,849.2322068902706,0
2024-10-26 02:00:00,龍明配電變電所,TRAMI,4,985.0,1099.9082045387313,0
2024-10-26 02:00:00,新工配電變電所,TRAMI,4,985.0,1063.839917204905,0
2024-10-26 08:00:00,榮成變電所,TRAMI,4,975.0,1207.4640913292735,0
2024-10-26 08:00:00,西螺服務區,TRAMI,4,975.0,1061.5871923304765,0
2024-10-26 08:00:00,中部科學園區,TRAMI,4,975.0,1110.8453255045301,0
2024-10-26 08:00:00,興變電所,TRAMI,4,975.0,1064.7121780351258,0
2024-10-26 08:00:00,中正變電所,TRAMI,4,975.0,1236.7867033558223,0
2024-10-26 08:00:00,成都變電所,TRAMI,4,975.0,1214.6638760797932,0
2024-10-26 08:00:00,新豐配電變電所,TRAMI,4,975.0,1185.1536275244025,0
2024-10-26 08:00:00,內惟配電變電所,TRAMI,4,975.0,965.1208752830862,0
2024-10-26 08:00:00,永華二次變電所,TRAMI,4,975.0,982.3566158578969,0
2024-10-26 08:00:00,關西二次變電所,TRAMI,4,975.0,1189.951060909725,0
2024-10-26 08:00:00,源海二次變電所,TRAMI,4,975.0,1236.794410530199,0
2024-10-26 08:00:00,四湖配電變電所,TRAMI,4,975.0,1031.3442420539097,0
2024-10-26 08:00:00,新高港超高壓變電所,TRAMI,4,975.0,968.3340349361074,0
2024-10-26 08:00:00,九曲配電變電所,TRAMI,4,975.0,981.2646570512525,0
2024-10-26 08:00:00,崙背變電所,TRAMI,4,975.0,1050.0824899010672,0
2024-10-26 08:00:00,常德變電所,TRAMI,4,975.0,1235.5909358843894,0
2024-10-26 08:00:00,嶺口二次變電所,TRAMI,4,975.0,977.403825409128,0
2024-10-26 08:00:00,龍明配電變電所,TRAMI,4,975.0,1214.2588326766518,0
2024-10-26 08:00:00,新工配電變電所,TRAMI,4,975.0,1176.7431704091377,0
2024-10-26 14:00:00,榮成變電所,TRAMI,4,970.0,1302.8794701471502,0
2024-10-26 14:00:00,西螺服務區,TRAMI,4,970.0,1161.8722370575229,0
2024-10-26 14:00:00,中部科學園區,TRAMI,4,970.0,1209.479094925792,0
2024-10-26 14:00:00,興變電所,TRAMI,4,970.0,1168.9583571954033,0
2024-10-26 14:00:00,中正變電所,TRAMI,4,970.0,1334.651973234215,0
2024-10-26 14:00:00,成都變電所,TRAMI,4,970.0,1311.3964979955283,0
2024-10-26 14:00:00,新豐配電變電所,TRAMI,4,970.0,1280.7218773092227,0
2024-10-26 14:00:00,內惟配電變電所,TRAMI,4,970.0,1072.8791051505007,0
2024-10-26 14:00:00,永華二次變電所,TRAMI,4,970.0,1087.239411848039,0
2024-10-26 14:00:00,關西二次變電所,TRAMI,4,970.0,1287.3248539853855,0
2024-10-26 14:00:00,源海二次變電所,TRAMI,4,970.0,1334.6590457930347,0
2024-10-26 14:00:00,四湖配電變電所,TRAMI,4,970.0,1131.4147440641646,0
2024-10-26 14:00:00,新高港超高壓變電所,TRAMI,4,970.0,1077.4400169380483,0
2024-10-26 14:00:00,九曲配電變電所,TRAMI,4,970.0,1086.0801386642145,0
2024-10-26 14:00:00,崙背變電所,TRAMI,4,970.0,1150.0093120031177,0
2024-10-26 14:00:00,常德變電所,TRAMI,4,970.0,1333.0504665010992,0
2024-10-26 14:00:00,嶺口二次變電所,TRAMI,4,970.0,1084.8436525038185,0
2024-10-26 14:00:00,龍明配電變電所,TRAMI,4,970.0,1310.9685586103167,0
2024-10-26 14:00:00,新工配電變電所,TRAMI,4,970.0,1272.8250698016295,0
2024-10-26 20:00:00,榮成變電所,TRAMI,4,975.0,1404.0222979490004,0
2024-10-26 20:00:00,西螺服務區,TRAMI,4,975.0,1267.105645804001,0
2024-10-26 20:00:00,中部科學園區,TRAMI,4,975.0,1313.3347372341286,0
2024-10-26 20:00:00,興變電所,TRAMI,4,975.0,1276.9313077845918,0
2024-10-26 20:00:00,中正變電所,TRAMI,4,975.0,1437.4570563014968,0
2024-10-26 20:00:00,成都變電所,TRAMI,4,975.0,1413.4654877783653,0
2024-10-26 20:00:00,新豐配電變電所,TRAMI,4,975.0,1382.0672647840288,0
2024-10-26 20:00:00,內惟配電變電所,TRAMI,4,975.0,1183.637409948252,0
2024-10-26 20:00:00,永華二次變電所,TRAMI,4,975.0,1195.989453634226,0
2024-10-26 20:00:00,關西二次變電所,TRAMI,4,975.0,1389.9537290876892,0
2024-10-26 20:00:00,源海二次變電所,TRAMI,4,975.0,1437.4636414449496,0
2024-10-26 20:00:00,四湖配電變電所,TRAMI,4,975.0,1236.636168654857,0
2024-10-26 20:00:00,新高港超高壓變電所,TRAMI,4,975.0,1189.0836841079938,0
2024-10-26 20:00:00,九曲配電變電所,TRAMI,4,975.0,1194.7893415823364,0
2024-10-26 20:00:00,崙背變電所,TRAMI,4,975.0,1255.0440388471363,0
2024-10-26 20:00:00,常德變電所,TRAMI,4,975.0,1435.5662498302916,0
2024-10-26 20:00:00,嶺口二次變電所,TRAMI,4,975.0,1195.3388246902873,0
2024-10-26 20:00:00,龍明配電變電所,TRAMI,4,975.0,1413.0225526161778,0
2024-10-26 20:00:00,新工配電變電所,TRAMI,4,975.0,1374.576568010623,0
2024-10-27 02:00:00,西螺服務區,TRAMI,4,980.0,1386.7722820769984,0
2024-10-27 02:00:00,中部科學園區,TRAMI,4,980.0,1431.2692679580614,0
2024-10-27 02:00:00,興變電所,TRAMI,4,980.0,1399.6160290705632,0
2024-10-27 02:00:00,新豐配電變電所,TRAMI,4,980.0,1496.9054147293045,0
2024-10-27 02:00:00,內惟配電變電所,TRAMI,4,980.0,1309.7937564319598,0
2024-10-27 02:00:00,永華二次變電所,TRAMI,4,980.0,1319.8633932180578,0
2024-10-27 02:00:00,四湖配電變電所,TRAMI,4,980.0,1356.4234230214402,0
2024-10-27 02:00:00,新高港超高壓變電所,TRAMI,4,980.0,1316.2079899425876,0
2024-10-27 02:00:00,九曲配電變電所,TRAMI,4,980.0,1318.622973476731,0
2024-10-27 02:00:00,崙背變電所,TRAMI,4,980.0,1374.5424274080012,0
2024-10-27 02:00:00,嶺口二次變電所,TRAMI,4,980.0,1321.1566394659649,0
2024-10-27 02:00:00,新工配電變電所,TRAMI,4,980.0,1489.9010417421491,0
2024-10-27 08:00:00,西螺服務區,TRAMI,3,985.0,1460.7503855563145,0
2024-10-27 08:00:00,興變電所,TRAMI,3,985.0,1474.322997832987,0
2024-10-27 08:00:00,內惟配電變電所,TRAMI,3,985.0,1385.3357328440773,0
2024-10-27 08:00:00,永華二次變電所,TRAMI,3,985.0,1394.894849385269,0
2024-10-27 08:00:00,四湖配電變電所,TRAMI,3,985.0,1430.4536719552439,0
2024-10-27 08:00:00,新高港超高壓變電所,TRAMI,3,985.0,1391.9512458523868,0
2024-10-27 08:00:00,九曲配電變電所,TRAMI,3,985.0,1393.646003967843,0
2024-10-27 08:00:00,崙背變電所,TRAMI,3,985.0,1448.4870582250846,0
2024-10-27 08:00:00,嶺口二次變電所,TRAMI,3,985.0,1396.6196107260268,0
2024-10-28 14:00:00,內惟配電變電所,TRAMI,2,1002.0,1485.8659575011711,0
2024-10-28 14:00:00,永華二次變電所,TRAMI,2,1002.0,1497.414766022884,0
2024-10-28 14:00:00,新高港超高壓變電所,TRAMI,2,1002.0,1491.602071032296,0
2024-10-28 14:00:00,九曲配電變電所,TRAMI,2,1002.0,1496.1981887627433,0
2024-10-28 14:00:00,嶺口二次變電所,TRAMI,2,1002.0,1497.4638967025844,0
2024-10-28 20:00:00,內惟配電變電所,TRAMI,2,1004.0,1437.9111947251495,0
2024-10-28 20:00:00,永華二次變電所,TRAMI,2,1004.0,1448.6205552264782,0
2024-10-28 20:00:00,四湖配電變電所,TRAMI,2,1004.0,1486.0758949549033,0
2024-10-28 20:00:00,新高港超高壓變電所,TRAMI,2,1004.0,1444.0234112466364,0
2024-10-28 20:00:00,九曲配電變電所,TRAMI,2,1004.0,1447.3898565660063,0
2024-10-28 20:00:00,嶺口二次變電所,TRAMI,2,1004.0,1449.3803740066244,0
2024-10-29 02:00:00,西螺服務區,TRAMI,2,1004.0,1464.6025757210655,0
2024-10-29 02:00:00,興變電所,TRAMI,2,1004.0,1477.410084559643,0
2024-10-29 02:00:00,內惟配電變電所,TRAMI,2,1004.0,1387.4225871063018,0
2024-10-29 02:00:00,永華二次變電所,TRAMI,2,1004.0,1397.6128743477593,0
2024-10-29 02:00:00,四湖配電變電所,TRAMI,2,1004.0,1434.2538198169202,0
2024-10-29 02:00:00,新高港超高壓變電所,TRAMI,2,1004.0,1393.7685908236238,0
2024-10-29 02:00:00,九曲配電變電所,TRAMI,2,1004.0,1396.3739480663469,0
2024-10-29 02:00:00,崙背變電所,TRAMI,2,1004.0,1452.3724459587527,0
2024-10-29 02:00:00,嶺口二次變電所,TRAMI,2,1004.0,1398.8083152748993,0
2024-10-29 08:00:00,西螺服務區,TRAMI,2,1004.0,1432.072124566233,0
2024-10-29 08:00:00,中部科學園區,TRAMI,2,1004.0,1476.7322427676809,0
2024-10-29 08:00:00,興變電所,TRAMI,2,1004.0,1444.600152149615,0
2024-10-29 08:00:00,內惟配電變電所,TRAMI,2,1004.0,1354.3042538806342,0
2024-10-29 08:00:00,永華二次變電所,TRAMI,2,1004.0,1364.6856796774862,0
2024-10-29 08:00:00,四湖配電變電所,TRAMI,2,1004.0,1401.705659974761,0
2024-10-29 08:00:00,新高港超高壓變電所,TRAMI,2,1004.0,1360.5749243666937,0
2024-10-29 08:00:00,九曲配電變電所,TRAMI,2,1004.0,1363.4500311419126,0
2024-10-29 08:00:00,崙背變電所,TRAMI,2,1004.0,1419.8557919888653,0
2024-10-29 08:00:00,嶺口二次變電所,TRAMI,2,1004.0,1365.7187185883515,0
2024-10-29 14:00:00,西螺服務區,TRAMI,2,1004.0,1399.6017857415466,0
2024-10-29 14:00:00,中部科學園區,TRAMI,2,1004.0,1444.4465079159768,0
2024-10-29 14:00:00,興變電所,TRAMI,2,1004.0,1411.8390056786466,0
2024-10-29 14:00:00,內惟配電變電所,TRAMI,2,1004.0,1321.2253596911196,0
2024-10-29 14:00:00,永華二次變電所,TRAMI,2,1004.0,1331.8053918717212,0
2024-10-29 14:00:00,四湖配電變電所,TRAMI,2,1004.0,1369.218285947814,0
2024-10-29 14:00:00,新高港超高壓變電所,TRAMI,2,1004.0,1327.4174966959547,0
2024-10-29 14:00:00,九曲配電變電所,TRAMI,2,1004.0,1330.5731977700998,0
2024-10-29 14:00:00,崙背變電所,TRAMI,2,1004.0,1387.4003461225177,0
2024-10-29 14:00:00,嶺口二次變電所,TRAMI,2,1004.0,1332.6694036550796,0
2024-10-29 20:00:00,西螺服務區,TRAMI,2,1004.0,1375.8249114852697,0
2024-10-29 20:00:00,中部科學園區,TRAMI,2,1004.0,1420.738234058491,0
2024-10-29 20:00:00,興變電所,TRAMI,2,1004.0,1387.9635207069111,0
2024-10-29 20:00:00,新豐配電變電所,TRAMI,2,1004.0,1487.0990864014689,0
2024-10-29 20:00:00,內惟配電變電所,TRAMI,2,1004.0,1297.263373277963,0
2024-10-29 20:00:00,永華二次變電所,TRAMI,2,1004.0,1307.8947661015193,0
2024-10-29 20:00:00,關西二次變電所,TRAMI,2,1004.0,1496.0812118680592,0
2024-10-29 20:00:00,四湖配電變電所,TRAMI,2,1004.0,1345.4356014448895,0
2024-10-29 20:00:00,新高港超高壓變電所,TRAMI,2,1004.0,1303.438719162393,0
2024-10-29 20:00:00,九曲配電變電所,TRAMI,2,1004.0,1306.6635703355441,0
2024-10-29 20:00:00,崙背變電所,TRAMI,2,1004.0,1363.6290250852617,0
2024-10-29 20:00:00,嶺口二次變電所,TRAMI,2,1004.0,1308.7142656552812,0
2024-10-29 20:00:00,新工配電變電所,TRAMI,2,1004.0,1479.9832789859074,0
2024-10-27 08:00:00,興變電所,KONG-REY,3,994.0,1488.9160308003352,0
2024-10-27 08:00:00,內惟配電變電所,KONG-REY,3,994.0,1488.4529328751166,0
2024-10-27 08:00:00,新高港超高壓變電所,KONG-REY,3,994.0,1472.4262510390372,0
2024-10-27 08:00:00,嶺口二次變電所,KONG-REY,3,994.0,1486.5424094248901,0
2024-10-27 14:00:00,榮成變電所,KONG-REY,3,990.0,1490.2372938175645,0
2024-10-27 14:00:00,西螺服務區,KONG-REY,3,990.0,1460.356875002609,0
2024-10-27 14:00:00,中部科學園區,KONG-REY,3,990.0,1467.5105008400253,0
2024-10-27 14:00:00,興變電所,KONG-REY,3,990.0,1413.6680106933848,0
2024-10-27 14:00:00,中正變電所,KONG-REY,3,990.0,1455.4308857442377,0
2024-10-27 14:00:00,成都變電所,KONG-REY,3,990.0,1472.8070884829165,0
2024-10-27 14:00:00,新豐配電變電所,KONG-REY,3,990.0,1491.1942009524746,0
2024-10-27 14:00:00,內惟配電變電所,KONG-REY,3,990.0,1410.2954617136822,0
2024-10-27 14:00:00,永華二次變電所,KONG-REY,3,990.0,1434.6494941961364,0
2024-10-27 14:00:00,關西二次變電所,KONG-REY,3,990.0,1468.20510017201,0
2024-10-27 14:00:00,源海二次變電所,KONG-REY,3,990.0,1455.4381923473895,0
2024-10-27 14:00:00,四湖配電變電所,KONG-REY,3,990.0,1471.063784032357,0
2024-10-27 14:00:00,新高港超高壓變電所,KONG-REY,3,990.0,1394.180167277971,0
2024-10-27 14:00:00,九曲配電變電所,KONG-REY,3,990.0,1435.7815747079164,0
2024-10-27 14:00:00,崙背變電所,KONG-REY,3,990.0,1467.4751498862356,0
2024-10-27 14:00:00,常德變電所,KONG-REY,3,990.0,1460.8588340314332,0
2024-10-27 14:00:00,嶺口二次變電所,KONG-REY,3,990.0,1408.706674693626,0
2024-10-27 14:00:00,龍明配電變電所,KONG-REY,3,990.0,1473.1491448893962,0
2024-10-27 14:00:00,新工配電變電所,KONG-REY,3,990.0,1486.1075413091194,0
2024-10-27 20:00:00,榮成變電所,KONG-REY,4,985.0,1436.9491188599047,0
2024-10-27 20:00:00,西螺服務區,KONG-REY,4,985.0,1401.8287245794204,0
2024-10-27 20:00:00,中部科學園區,KONG-REY,4,985.0,1410.7091887693036,0
2024-10-27 20:00:00,興變電所,KONG-REY,4,985.0,1354.873673510201,0
2024-10-27 20:00:00,中正變電所,KONG-REY,4,985.0,1403.1453693299577,0
2024-10-27 20:00:00,成都變電所,KONG-REY,4,985.0,1419.7401201689604,0
2024-10-27 20:00:00,新豐配電變電所,KONG-REY,4,985.0,1437.1049451997515,0
2024-10-27 20:00:00,內惟配電變電所,KONG-REY,4,985.0,1348.0920251122388,0
2024-10-27 20:00:00,永華二次變電所,KONG-REY,4,985.0,1373.278635944231,0
2024-10-27 20:00:00,關西二次變電所,KONG-REY,4,985.0,1414.218015032261,0
2024-10-27 20:00:00,源海二次變電所,KONG-REY,4,985.0,1403.1529869301414,0
2024-10-27 20:00:00,四湖配電變電所,KONG-REY,4,985.0,1411.609047630726,0
2024-10-27 20:00:00,新高港超高壓變電所,KONG-REY,4,985.0,1331.884145511793,0
2024-10-27 20:00:00,九曲配電變電所,KONG-REY,4,985.0,1374.3868345382107,0
2024-10-27 20:00:00,崙背變電所,KONG-REY,4,985.0,1408.6122605393523,0
2024-10-27 20:00:00,常德變電所,KONG-REY,4,985.0,1408.5419348232458,0
2024-10-27 20:00:00,嶺口二次變電所,KONG-REY,4,985.0,1346.8890784712748,0
2024-10-27 20:00:00,龍明配電變電所,KONG-REY,4,985.0,1420.068131948259,0
2024-10-27 20:00:00,新工配電變電所,KONG-REY,4,985.0,1431.7029323503598,0
2024-10-28 02:00:00,榮成變電所,KONG-REY,4,985.0,1345.6300914170774,0
2024-10-28 02:00:00,西螺服務區,KONG-REY,4,985.0,1307.7008500908967,0
2024-10-28 02:00:00,中部科學園區,KONG-REY,4,985.0,1317.4194380764018,0
2024-10-28 02:00:00,興變電所,KONG-REY,4,985.0,1260.6419038002007,0
2024-10-28 02:00:00,中正變電所,KONG-REY,4,985.0,1312.4753237419893,0
2024-10-28 02:00:00,成都變電所,KONG-REY,4,985.0,1328.5682647602432,0
2024-10-28 02:00:00,新豐配電變電所,KONG-REY,4,985.0,1345.3045012582,0
2024-10-28 02:00:00,內惟配電變電所,KONG-REY,4,985.0,1252.5605890107697,0
2024-10-28 02:00:00,永華二次變電所,KONG-REY,4,985.0,1278.0120538484516,0
2024-10-28 02:00:00,關西二次變電所,KONG-REY,4,985.0,1322.492050909911,0
2024-10-28 02:00:00,源海二次變電所,KONG-REY,4,985.0,1312.4831337414432,0
2024-10-28 02:00:00,四湖配電變電所,KONG-REY,4,985.0,1317.0694348109253,0
2024-10-28 02:00:00,新高港超高壓變電所,KONG-REY,4,985.0,1236.3276922890786,0
2024-10-28 02:00:00,九曲配電變電所,KONG-REY,4,985.0,1279.1118212802835,0
2024-10-28 02:00:00,崙背變電所,KONG-REY,4,985.0,1314.3307427745945,0
2024-10-28 02:00:00,常德變電所,KONG-REY,4,985.0,1317.8479390258199,0
2024-10-28 02:00:00,嶺口二次變電所,KONG-REY,4,985.0,1251.4789937254252,0
2024-10-28 02:00:00,龍明配電變電所,KONG-REY,4,985.0,1328.8873885983523,0
2024-10-28 02:00:00,新工配電變電所,KONG-REY,4,985.0,1339.720632678131,0
2024-10-28 08:00:00,榮成變電所,KONG-REY,4,980.0,1270.4120913651916,0
2024-10-28 08:00:00,西螺服務區,KONG-REY,4,980.0,1229.268697065227,0
2024-10-28 08:00:00,中部科學園區,KONG-REY,4,980.0,1239.9770913195787,0
2024-10-28 08:00:00,興變電所,KONG-REY,4,980.0,1182.0981334602775,0
2024-10-28 08:00:00,中正變電所,KONG-REY,4,980.0,1237.9964638927631,0
2024-10-28 08:00:00,成都變電所,KONG-REY,4,980.0,1253.5237705163195,0
2024-10-28 08:00:00,新豐配電變電所,KONG-REY,4,980.0,1269.5493986473584,0
2024-10-28 08:00:00,內惟配電變電所,KONG-REY,4,980.0,1172.348196595364,0
2024-10-28 08:00:00,永華二次變電所,KONG-REY,4,980.0,1198.1555290535625,0
2024-10-28 08:00:00,關西二次變電所,KONG-REY,4,980.0,1246.8327509041799,0
2024-10-28 08:00:00,源海二次變電所,KONG-REY,4,980.0,1238.0044809606268,0
2024-10-28 08:00:00,四湖配電變電所,KONG-REY,4,980.0,1238.1322353321548,0
2024-10-28 08:00:00,新高港超高壓變電所,KONG-REY,4,980.0,1156.0826248471058,0
2024-10-28 08:00:00,九曲配電變電所,KONG-REY,4,980.0,1199.2438990847218,0
2024-10-28 08:00:00,崙背變電所,KONG-REY,4,980.0,1235.710517028253,0
2024-10-28 08:00:00,常德變電所,KONG-REY,4,980.0,1243.3390765370114,0
2024-10-28 08:00:00,嶺口二次變電所,KONG-REY,4,980.0,1171.4338853302497,0
2024-10-28 08:00:00,龍明配電變電所,KONG-REY,4,980.0,1253.8328331758898,0
2024-10-28 08:00:00,新工配電變電所,KONG-REY,4,980.0,1263.7641537871102,0
2024-10-28 14:00:00,榮成變電所,KONG-REY,4,975.0,1238.4748884198566,0
2024-10-28 14:00:00,西螺服務區,KONG-REY,4,975.0,1188.9855759027555,0
2024-10-28 14:00:00,中部科學園區,KONG-REY,4,975.0,1202.5286442309957,0
2024-10-28 14:00:00,興變電所,KONG-REY,4,975.0,1141.5710335174435,0
2024-10-28 14:00:00,中正變電所,KONG-REY,4,975.0,1207.8155961162947,0
2024-10-28 14:00:00,成都變電所,KONG-REY,4,975.0,1222.0266182905596,0
2024-10-28 14:00:00,新豐配電變電所,KONG-REY,4,975.0,1236.3482069888692,0
2024-10-28 14:00:00,內惟配電變電所,KONG-REY,4,975.0,1125.883915142254,0
2024-10-28 14:00:00,永華二次變電所,KONG-REY,4,975.0,1153.0842878820233,0
2024-10-28 14:00:00,關西二次變電所,KONG-REY,4,975.0,1213.9131762953657,0
2024-10-28 14:00:00,源海二次變電所,KONG-REY,4,975.0,1207.824053654029,0
2024-10-28 14:00:00,四湖配電變電所,KONG-REY,4,975.0,1196.2385690533984,0
2024-10-28 14:00:00,新高港超高壓變電所,KONG-REY,4,975.0,1109.5092079631106,0
2024-10-28 14:00:00,九曲配電變電所,KONG-REY,4,975.0,1154.1264677517993,0
2024-10-28 14:00:00,崙背變電所,KONG-REY,4,975.0,1194.8337790875735,0
2024-10-28 14:00:00,常德變電所,KONG-REY,4,975.0,1213.0780014523698,0
2024-10-28 14:00:00,嶺口二次變電所,KONG-REY,4,975.0,1125.665439890756,0
2024-10-28 14:00:00,龍明配電變電所,KONG-REY,4,975.0,1222.3118364656655,0
2024-10-28 14:00:00,新工配電變電所,KONG-REY,4,975.0,1230.0898062888923,0
2024-10-28 20:00:00,榮成變電所,KONG-REY,4,975.0,1205.34466897113,0
2024-10-28 20:00:00,西螺服務區,KONG-REY,4,975.0,1150.9857173621242,0
2024-10-28 20:00:00,中部科學園區,KONG-REY,4,975.0,1166.1657762371387,0
2024-10-28 20:00:00,興變電所,KONG-REY,4,975.0,1103.498799309099,0
2024-10-28 20:00:00,中正變電所,KONG-REY,4,975.0,1175.8010234013086,0
2024-10-28 20:00:00,成都變電所,KONG-REY,4,975.0,1189.1887511267528,0
2024-10-28 20:00:00,新豐配電變電所,KONG-REY,4,975.0,1202.460232832249,0
2024-10-28 20:00:00,內惟配電變電所,KONG-REY,4,975.0,1084.450128323944,0
2024-10-28 20:00:00,永華二次變電所,KONG-REY,4,975.0,1112.3960377516994,0
2024-10-28 20:00:00,關西二次變電所,KONG-REY,4,975.0,1180.229670687703,0
2024-10-28 20:00:00,源海二次變電所,KONG-REY,4,975.0,1175.8097349354416,0
2024-10-28 20:00:00,四湖配電變電所,KONG-REY,4,975.0,1157.299869728126,0
2024-10-28 20:00:00,新高港超高壓變電所,KONG-REY,4,975.0,1068.0360102519073,0
2024-10-28 20:00:00,九曲配電變電所,KONG-REY,4,975.0,1113.410876827296,0
2024-10-28 20:00:00,崙背變電所,KONG-REY,4,975.0,1156.4823179930504,0
2024-10-28 20:00:00,常德變電所,KONG-REY,4,975.0,1181.00562737889,0
2024-10-28 20:00:00,嶺口二次變電所,KONG-REY,4,975.0,1084.6213236186852,0
2024-10-28 20:00:00,龍明配電變電所,KONG-REY,4,975.0,1189.4590684763555,0
2024-10-28 20:00:00,新工配電變電所,KONG-REY,4,975.0,1195.9276360253536,0
2024-10-29 02:00:00,榮成變電所,KONG-REY,5,970.0,1126.5416668388661,0
2024-10-29 02:00:00,西螺服務區,KONG-REY,5,970.0,1073.7615193851018,0
2024-10-29 02:00:00,中部科學園區,KONG-REY,5,970.0,1088.2425779954872,0
2024-10-29 02:00:00,興變電所,KONG-REY,5,970.0,1026.3036749206483,0
2024-10-29 02:00:00,中正變電所,KONG-REY,5,970.0,1096.82573704439,0
2024-10-29 02:00:00,成都變電所,KONG-REY,5,970.0,1110.3335396733116,0
2024-10-29 02:00:00,新豐配電變電所,KONG-REY,5,970.0,1123.8101293506581,0
2024-10-29 02:00:00,內惟配電變電所,KONG-REY,5,970.0,1009.379892506795,0
2024-10-29 02:00:00,永華二次變電所,KONG-REY,5,970.0,1036.7684162357777,0
2024-10-29 02:00:00,關西二次變電所,KONG-REY,5,970.0,1101.5329612567689,0
2024-10-29 02:00:00,源海二次變電所,KONG-REY,5,970.0,1096.8344178198743,0
2024-10-29 02:00:00,四湖配電變電所,KONG-REY,5,970.0,1080.5671227112073,0
2024-10-29 02:00:00,新高港超高壓變電所,KONG-REY,5,970.0,992.9956831973519,0
2024-10-29 02:00:00,九曲配電變電所,KONG-REY,5,970.0,1037.8029049752438,0
2024-10-29 02:00:00,崙背變電所,KONG-REY,5,970.0,1079.434596905229,0
2024-10-29 02:00:00,常德變電所,KONG-REY,5,970.0,1102.0379326769587,0
2024-10-29 02:00:00,嶺口二次變電所,KONG-REY,5,970.0,1009.251443320163,0
2024-10-29 02:00:00,龍明配電變電所,KONG-REY,5,970.0,1110.6063589039256,0
2024-10-29 02:00:00,新工配電變電所,KONG-REY,5,970.0,1117.3400754251631,0
2024-10-29 08:00:00,榮成變電所,KONG-REY,5,960.0,1055.108020284324,0
2024-10-29 08:00:00,西螺服務區,KONG-REY,5,960.0,997.6503641285643,0
2024-10-29 08:00:00,中部科學園區,KONG-REY,5,960.0,1013.6138266632236,0
2024-10-29 08:00:00,興變電所,KONG-REY,5,960.0,950.1490676827002,0
2024-10-29 08:00:00,中正變電所,KONG-REY,5,960.0,1026.6183432404498,0
2024-10-29 08:00:00,成都變電所,KONG-REY,5,960.0,1039.2258106438335,0
2024-10-29 08:00:00,新豐配電變電所,KONG-REY,5,960.0,1051.593091851267,0
2024-10-29 08:00:00,內惟配電變電所,KONG-REY,5,960.0,930.5622362871233,0
2024-10-29 08:00:00,永華二次變電所,KONG-REY,5,960.0,958.4849594479242,0
2024-10-29 08:00:00,關西二次變電所,KONG-REY,5,960.0,1029.5482249384852,0
2024-10-29 08:00:00,源海二次變電所,KONG-REY,5,960.0,1026.6272888649924,0
2024-10-29 08:00:00,四湖配電變電所,KONG-REY,5,960.0,1003.6523387935982,0
2024-10-29 08:00:00,新高港超高壓變電所,KONG-REY,5,960.0,914.1511909483556,0
2024-10-29 08:00:00,九曲配電變電所,KONG-REY,5,960.0,959.4991096015706,0
2024-10-29 08:00:00,崙背變電所,KONG-REY,5,960.0,1003.0163068721553,0
2024-10-29 08:00:00,常德變電所,KONG-REY,5,960.0,1031.7611123966572,0
2024-10-29 08:00:00,嶺口二次變電所,KONG-REY,5,960.0,930.710264829486,0
2024-10-29 08:00:00,龍明配電變電所,KONG-REY,5,960.0,1039.4825255702244,0
2024-10-29 08:00:00,新工配電變電所,KONG-REY,5,960.0,1044.8488539904422,0
2024-10-29 14:00:00,榮成變電所,KONG-REY,5,950.0,981.9570266542455,0
2024-10-29 14:00:00,西螺服務區,KONG-REY,5,950.0,921.5222806861618,0
2024-10-29 14:00:00,中部科學園區,KONG-REY,5,950.0,938.3541350428578,0
2024-10-29 14:00:00,興變電所,KONG-REY,5,950.0,874.0137768724977,0
2024-10-29 14:00:00,中正變電所,KONG-REY,5,950.0,954.3760159319046,0
2024-10-29 14:00:00,成都變電所,KONG-REY,5,950.0,966.3195125071279,0
2024-10-29 14:00:00,新豐配電變電所,KONG-REY,5,950.0,977.8976324853132,0
2024-10-29 14:00:00,內惟配電變電所,KONG-REY,5,950.0,853.2131136188368,0
2024-10-29 14:00:00,永華二次變電所,KONG-REY,5,950.0,881.3202551330181,0
2024-10-29 14:00:00,關西二次變電所,KONG-REY,5,950.0,956.030048146751,0
2024-10-29 14:00:00,源海二次變電所,KONG-REY,5,950.0,954.3851472254036,0
2024-10-29 14:00:00,四湖配電變電所,KONG-REY,5,950.0,927.0955692302693,0
2024-10-29 14:00:00,新高港超高壓變電所,KONG-REY,5,950.0,836.7952132003418,0
2024-10-29 14:00:00,九曲配電變電所,KONG-REY,5,950.0,882.3264650760667,0
2024-10-29 14:00:00,崙背變電所,KONG-REY,5,950.0,926.7186668977847,0
2024-10-29 14:00:00,常德變電所,KONG-REY,5,950.0,959.4629524764802,0
2024-10-29 14:00:00,嶺口二次變電所,KONG-REY,5,950.0,853.4537170241599,0
2024-10-29 14:00:00,龍明配電變電所,KONG-REY,5,950.0,966.5644937515217,0
2024-10-29 14:00:00,新工配電變電所,KONG-REY,5,950.0,970.9698473498257,0
2024-10-29 20:00:00,榮成變電所,KONG-REY,5,945.0,881.8815237406886,0
2024-10-29 20:00:00,西螺服務區,KONG-REY,5,945.0,821.5072142776828,0
2024-10-29 20:00:00,中部科學園區,KONG-REY,5,945.0,838.0259458252298,0
2024-10-29 20:00:00,興變電所,KONG-REY,5,945.0,774.0017623554996,0
2024-10-29 20:00:00,中正變電所,KONG-REY,5,945.0,854.6543122732687,0
2024-10-29 20:00:00,成都變電所,KONG-REY,5,945.0,866.3296848929665,0
2024-10-29 20:00:00,新豐配電變電所,KONG-REY,5,945.0,877.6697156062352,0
2024-10-29 20:00:00,內惟配電變電所,KONG-REY,5,945.0,755.1198299240084,0
2024-10-29 20:00:00,永華二次變電所,KONG-REY,5,945.0,782.640080896944,0
2024-10-29 20:00:00,關西二次變電所,KONG-REY,5,945.0,855.849014650578,0
2024-10-29 20:00:00,源海二次變電所,KONG-REY,5,945.0,854.6635227978121,0
2024-10-29 20:00:00,四湖配電變電所,KONG-REY,5,945.0,827.4274949005991,0
2024-10-29 20:00:00,新高港超高壓變電所,KONG-REY,5,945.0,738.7339819925223,0
2024-10-29 20:00:00,九曲配電變電所,KONG-REY,5,945.0,783.6664620237125,0
2024-10-29 20:00:00,崙背變電所,KONG-REY,5,945.0,826.8200387396956,0
2024-10-29 20:00:00,常德變電所,KONG-REY,5,945.0,859.7156037661279,0
2024-10-29 20:00:00,嶺口二次變電所,KONG-REY,5,945.0,755.036006085516,0
2024-10-29 20:00:00,龍明配電變電所,KONG-REY,5,945.0,866.5704348230336,0
2024-10-29 20:00:00,新工配電變電所,KONG-REY,5,945.0,870.7020053273696,0
2024-10-30 02:00:00,榮成變電所,KONG-REY,5,935.0,813.50459701082,0
2024-10-30 02:00:00,西螺服務區,KONG-REY,5,935.0,746.6667986189415,0
2024-10-30 02:00:00,中部科學園區,KONG-REY,5,935.0,765.2431790141775,0
2024-10-30 02:00:00,興變電所,KONG-REY,5,935.0,699.1784619890509,0
2024-10-30 02:00:00,中正變電所,KONG-REY,5,935.0,788.1557474783706,0
2024-10-30 02:00:00,成都變電所,KONG-REY,5,935.0,798.4822136657701,0
2024-10-30 02:00:00,新豐配電變電所,KONG-REY,5,935.0,808.195475711797,0
2024-10-30 02:00:00,內惟配電變電所,KONG-REY,5,935.0,676.6438080686049,0
2024-10-30 02:00:00,永華二次變電所,KONG-REY,5,935.0,704.859136782829,0
2024-10-30 02:00:00,關西二次變電所,KONG-REY,5,935.0,786.7873075789701,0
2024-10-30 02:00:00,源海二次變電所,KONG-REY,5,935.0,788.1652939921413,0
2024-10-30 02:00:00,四湖配電變電所,KONG-REY,5,935.0,751.4659782230318,0
2024-10-30 02:00:00,新高港超高壓變電所,KONG-REY,5,935.0,660.2250292037124,0
2024-10-30 02:00:00,九曲配電變電所,KONG-REY,5,935.0,705.8581394673396,0
2024-10-30 02:00:00,崙背變電所,KONG-REY,5,935.0,751.5440313724084,0
2024-10-30 02:00:00,常德變電所,KONG-REY,5,935.0,793.0918912584216,0
2024-10-30 02:00:00,嶺口二次變電所,KONG-REY,5,935.0,676.9225149071382,0
2024-10-30 02:00:00,龍明配電變電所,KONG-REY,5,935.0,798.6988580286536,0
2024-10-30 02:00:00,新工配電變電所,KONG-REY,5,935.0,800.8625145277487,0
2024-10-30 08:00:00,榮成變電所,KONG-REY,5,925.0,762.3010293197599,0
2024-10-30 08:00:00,西螺服務區,KONG-REY,5,925.0,688.4344432070976,0
2024-10-30 08:00:00,中部科學園區,KONG-REY,5,925.0,709.3330172441825,0
2024-10-30 08:00:00,興變電所,KONG-REY,5,925.0,641.0663862918015,0
2024-10-30 08:00:00,中正變電所,KONG-REY,5,925.0,739.0318582453689,0
2024-10-30 08:00:00,成都變電所,KONG-REY,5,925.0,747.8898628009315,0
2024-10-30 08:00:00,新豐配電變電所,KONG-REY,5,925.0,755.8267871048552,0
2024-10-30 08:00:00,內惟配電變電所,KONG-REY,5,925.0,614.0394022579495,0
2024-10-30 08:00:00,永華二次變電所,KONG-REY,5,925.0,643.1230974834311,0
2024-10-30 08:00:00,關西二次變電所,KONG-REY,5,925.0,734.9258779545861,0
2024-10-30 08:00:00,源海二次變電所,KONG-REY,5,925.0,739.0417275802806,0
2024-10-30 08:00:00,四湖配電變電所,KONG-REY,5,925.0,691.9005242790911,0
2024-10-30 08:00:00,新高港超高壓變電所,KONG-REY,5,925.0,597.5964716958051,0
2024-10-30 08:00:00,九曲配電變電所,KONG-REY,5,925.0,644.0858730796075,0
2024-10-30 08:00:00,崙背變電所,KONG-REY,5,925.0,692.7913418722746,0
2024-10-30 08:00:00,常德變電所,KONG-REY,5,925.0,743.8185758096253,0
2024-10-30 08:00:00,嶺口二次變電所,KONG-REY,5,925.0,614.7944399308427,0
2024-10-30 08:00:00,龍明配電變電所,KONG-REY,5,925.0,748.0800828893214,0
2024-10-30 08:00:00,新工配電變電所,KONG-REY,5,925.0,748.1180846486066,0
2024-10-30 14:00:00,榮成變電所,KONG-REY,5,935.0,668.8361502511297,0
2024-10-30 14:00:00,西螺服務區,KONG-REY,5,935.0,595.1830140602086,0
2024-10-30 14:00:00,中部科學園區,KONG-REY,5,935.0,615.5582538234045,0
2024-10-30 14:00:00,興變電所,KONG-REY,5,935.0,547.7605062072705,0
2024-10-30 14:00:00,中正變電所,KONG-REY,5,935.0,646.1464090965098,0
2024-10-30 14:00:00,成都變電所,KONG-REY,5,935.0,654.5743304468064,0
2024-10-30 14:00:00,新豐配電變電所,KONG-REY,5,935.0,662.1504885324408,0
2024-10-30 14:00:00,內惟配電變電所,KONG-REY,5,935.0,524.0120832795654,0
2024-10-30 14:00:00,永華二次變電所,KONG-REY,5,935.0,552.107663684234,0
2024-10-30 14:00:00,關西二次變電所,KONG-REY,5,935.0,641.3397517911081,0
2024-10-30 14:00:00,源海二次變電所,KONG-REY,5,935.0,646.1563759690586,0
2024-10-30 14:00:00,四湖配電變電所,KONG-REY,5,935.0,599.2499085828581,0
2024-10-30 14:00:00,新高港超高壓變電所,KONG-REY,5,935.0,507.60430506336894,0
2024-10-30 14:00:00,九曲配電變電所,KONG-REY,5,935.0,553.1069587099388,0
2024-10-30 14:00:00,崙背變電所,KONG-REY,5,935.0,599.7452487469361,0
2024-10-30 14:00:00,常德變電所,KONG-REY,5,935.0,650.8814830213885,0
2024-10-30 14:00:00,嶺口二次變電所,KONG-REY,5,935.0,524.1964620666221,0
2024-10-30 14:00:00,龍明配電變電所,KONG-REY,5,935.0,654.7578363229208,0
2024-10-30 14:00:00,新工配電變電所,KONG-REY,5,935.0,654.3916727297415,0
2024-10-30 20:00:00,榮成變電所,KONG-REY,5,940.0,576.1296952892677,0
2024-10-30 20:00:00,西螺服務區,KONG-REY,5,940.0,496.9836951507606,0
2024-10-30 20:00:00,中部科學園區,KONG-REY,5,940.0,518.7838102197682,0
2024-10-30 20:00:00,興變電所,KONG-REY,5,940.0,449.6446399446473,0
2024-10-30 20:00:00,中正變電所,KONG-REY,5,940.0,555.7860777605732,0
2024-10-30 20:00:00,成都變電所,KONG-REY,5,940.0,562.5615724875379,0
2024-10-30 20:00:00,新豐配電變電所,KONG-REY,5,940.0,568.3113625206664,0
2024-10-30 20:00:00,內惟配電變電所,KONG-REY,5,940.0,425.3963438004394,0
2024-10-30 20:00:00,永華二次變電所,KONG-REY,5,940.0,453.20183386192207,0
2024-10-30 20:00:00,關西二次變電所,KONG-REY,5,940.0,548.0696467013574,0
2024-10-30 20:00:00,源海二次變電所,KONG-REY,5,940.0,555.7963543042875,0
2024-10-30 20:00:00,四湖配電變電所,KONG-REY,5,940.0,500.5203427100281,0
2024-10-30 20:00:00,新高港超高壓變電所,KONG-REY,5,940.0,409.0118672901802,0
2024-10-30 20:00:00,九曲配電變電所,KONG-REY,5,940.0,454.20762678809297,0
2024-10-30 20:00:00,崙背變電所,KONG-REY,5,940.0,501.3071939162248,0
2024-10-30 20:00:00,常德變電所,KONG-REY,5,940.0,560.3267307235747,0
2024-10-30 20:00:00,嶺口二次變電所,KONG-REY,5,940.0,425.39286207251155,0
2024-10-30 20:00:00,龍明配電變電所,KONG-REY,5,940.0,562.7162856591895,0
2024-10-30 20:00:00,新工配電變電所,KONG-REY,5,940.0,560.2177506159544,0
2024-10-31 02:00:00,榮成變電所,KONG-REY,5,940.0,482.09130295436813,0
2024-10-31 02:00:00,西螺服務區,KONG-REY,5,940.0,392.90961061178973,0
2024-10-31 02:00:00,中部科學園區,KONG-REY,5,940.0,417.666483268557,0
2024-10-31 02:00:00,興變電所,KONG-REY,5,940.0,345.87939932986234,0
2024-10-31 02:00:00,中正變電所,KONG-REY,5,940.0,465.88774928599634,0
2024-10-31 02:00:00,成都變電所,KONG-REY,5,940.0,469.81240190061857,0
2024-10-31 02:00:00,新豐配電變電所,KONG-REY,5,940.0,472.36651036384325,0
2024-10-31 02:00:00,內惟配電變電所,KONG-REY,5,940.0,318.82182982501934,0
2024-10-31 02:00:00,永華二次變電所,KONG-REY,5,940.0,346.5773808314418,0
2024-10-31 02:00:00,關西二次變電所,KONG-REY,5,940.0,453.2629044868184,0
2024-10-31 02:00:00,源海二次變電所,KONG-REY,5,940.0,465.89843905479995,0
2024-10-31 02:00:00,四湖配電變電所,KONG-REY,5,940.0,395.09344488186395,0
2024-10-31 02:00:00,新高港超高壓變電所,KONG-REY,5,940.0,302.4560256322151,0
2024-10-31 02:00:00,九曲配電變電所,KONG-REY,5,940.0,347.5774140039492,0
2024-10-31 02:00:00,崙背變電所,KONG-REY,5,940.0,396.6526896377681,0
2024-10-31 02:00:00,常德變電所,KONG-REY,5,940.0,470.0579566205378,0
2024-10-31 02:00:00,嶺口二次變電所,KONG-REY,5,940.0,318.7379858095287,0
2024-10-31 02:00:00,龍明配電變電所,KONG-REY,5,940.0,469.9167659465809,0
2024-10-31 02:00:00,新工配電變電所,KONG-REY,5,940.0,463.7337155238581,0
2024-10-31 05:00:00,榮成變電所,KONG-REY,5,940.0,408.7588691061575,0
2024-10-31 05:00:00,西螺服務區,KONG-REY,5,940.0,321.36886093286785,0
2024-10-31 05:00:00,中部科學園區,KONG-REY,5,940.0,344.515255740638,0
2024-10-31 05:00:00,興變電所,KONG-REY,5,940.0,274.05918017738895,0
2024-10-31 05:00:00,中正變電所,KONG-REY,5,940.0,393.4649497587432,0
2024-10-31 05:00:00,成都變電所,KONG-REY,5,940.0,396.71351509035503,0
2024-10-31 05:00:00,新豐配電變電所,KONG-REY,5,940.0,398.82364370564005,0
2024-10-31 05:00:00,內惟配電變電所,KONG-REY,5,940.0,257.00162618341994,0
2024-10-31 05:00:00,永華二次變電所,KONG-REY,5,940.0,281.5294938917387,0
2024-10-31 05:00:00,關西二次變電所,KONG-REY,5,940.0,379.84550692626283,0
2024-10-31 05:00:00,源海二次變電所,KONG-REY,5,940.0,393.4757283473111,0
2024-10-31 05:00:00,四湖配電變電所,KONG-REY,5,940.0,325.2798870391309,0
2024-10-31 05:00:00,新高港超高壓變電所,KONG-REY,5,940.0,241.0427147032623,0
2024-10-31 05:00:00,九曲配電變電所,KONG-REY,5,940.0,282.62572920562656,0
2024-10-31 05:00:00,崙背變電所,KONG-REY,5,940.0,325.7180370179173,0
2024-10-31 05:00:00,常德變電所,KONG-REY,5,940.0,397.5274972071396,0
2024-10-31 05:00:00,嶺口二次變電所,KONG-REY,5,940.0,255.20803247471943,0
2024-10-31 05:00:00,龍明配電變電所,KONG-REY,5,940.0,396.8080125142823,0
2024-10-31 05:00:00,新工配電變電所,KONG-REY,5,940.0,390.15895159763005,0
2024-10-31 08:00:00,榮成變電所,KONG-REY,5,950.0,364.42697637546985,0
2024-10-31 08:00:00,西螺服務區,KONG-REY,5,950.0,269.42009878230573,0
2024-10-31 08:00:00,中部科學園區,KONG-REY,5,950.0,294.8144088227585,0
2024-10-31 08:00:00,興變電所,KONG-REY,5,950.0,222.33890901698405,0
2024-10-31 08:00:00,中正變電所,KONG-REY,5,950.0,352.6027037531305,0
2024-10-31 08:00:00,成都變電所,KONG-REY,5,950.0,353.5138937741948,0
2024-10-31 08:00:00,新豐配電變電所,KONG-REY,5,950.0,353.0435901037181,0
2024-10-31 08:00:00,內惟配電變電所,KONG-REY,5,950.0,205.15297622583387,0
2024-10-31 08:00:00,永華二次變電所,KONG-REY,5,950.0,228.70507483178116,0
2024-10-31 08:00:00,關西二次變電所,KONG-REY,5,950.0,335.12170294650025,0
2024-10-31 08:00:00,源海二次變電所,KONG-REY,5,950.0,352.6136862347803,0
2024-10-31 08:00:00,四湖配電變電所,KONG-REY,5,950.0,272.4800616928623,0
2024-10-31 08:00:00,新高港超高壓變電所,KONG-REY,5,950.0,189.43209947192216,0
2024-10-31 08:00:00,九曲配電變電所,KONG-REY,5,950.0,229.81852711289142,0
2024-10-31 08:00:00,崙背變電所,KONG-REY,5,950.0,273.37619133621695,0
2024-10-31 08:00:00,常德變電所,KONG-REY,5,950.0,356.31832991731164,0
2024-10-31 08:00:00,嶺口二次變電所,KONG-REY,5,950.0,202.80963470162146,0
2024-10-31 08:00:00,龍明配電變電所,KONG-REY,5,950.0,353.5669482696574,0
2024-10-31 08:00:00,新工配電變電所,KONG-REY,5,950.0,344.0010106622491,0
2024-10-31 11:00:00,榮成變電所,KONG-REY,5,950.0,300.81343087998545,0
2024-10-31 11:00:00,西螺服務區,KONG-REY,5,950.0,200.26155086114923,0
2024-10-31 11:00:00,中部科學園區,KONG-REY,5,950.0,226.42317852499582,0
2024-10-31 11:00:00,興變電所,KONG-REY,5,950.0,153.14291104589637,0
2024-10-31 11:00:00,中正變電所,KONG-REY,5,950.0,293.08553810380295,0
2024-10-31 11:00:00,成都變電所,KONG-REY,5,950.0,291.24181498584926,0
2024-10-31 11:00:00,新豐配電變電所,KONG-REY,5,950.0,287.96440259287755,0
2024-10-31 11:00:00,內惟配電變電所,KONG-REY,5,950.0,148.19362173712034,0
2024-10-31 11:00:00,永華二次變電所,KONG-REY,5,950.0,166.05854327445755,0
2024-10-31 11:00:00,關西二次變電所,KONG-REY,5,950.0,271.28354303031057,0
2024-10-31 11:00:00,源海二次變電所,KONG-REY,5,950.0,293.09664518809365,0
2024-10-31 11:00:00,四湖配電變電所,KONG-REY,5,950.0,204.19549456185524,0
2024-10-31 11:00:00,新高港超高壓變電所,KONG-REY,5,950.0,134.09843074456197,0
2024-10-31 11:00:00,九曲配電變電所,KONG-REY,5,950.0,167.27797165886903,0
2024-10-31 11:00:00,崙背變電所,KONG-REY,5,950.0,204.41855267534694,0
2024-10-31 11:00:00,常德變電所,KONG-REY,5,950.0,296.34533152634856,0
2024-10-31 11:00:00,嶺口二次變電所,KONG-REY,5,950.0,143.2229312059973,0
2024-10-31 11:00:00,龍明配電變電所,KONG-REY,5,950.0,291.2472122580735,0
2024-10-31 11:00:00,新工配電變電所,KONG-REY,5,950.0,278.5834513556694,0
2024-10-31 14:00:00,榮成變電所,KONG-REY,5,960.0,206.95134130642364,0
2024-10-31 14:00:00,西螺服務區,KONG-REY,5,960.0,107.9621042984982,0
2024-10-31 14:00:00,中部科學園區,KONG-REY,5,960.0,128.5725857651542,0
2024-10-31 14:00:00,興變電所,KONG-REY,5,960.0,60.97765267990246,0
2024-10-31 14:00:00,中正變電所,KONG-REY,5,960.0,205.58111279363052,0
2024-10-31 14:00:00,成都變電所,KONG-REY,5,960.0,199.43924625692566,0
2024-10-31 14:00:00,新豐配電變電所,KONG-REY,5,960.0,192.31769460145492,0
2024-10-31 14:00:00,內惟配電變電所,KONG-REY,5,960.0,119.58294636048748,0
2024-10-31 14:00:00,永華二次變電所,KONG-REY,5,960.0,113.55865747561542,0
2024-10-31 14:00:00,關西二次變電所,KONG-REY,5,960.0,177.46988125929258,0
2024-10-31 14:00:00,源海二次變電所,KONG-REY,5,960.0,205.59213504589295,0
2024-10-31 14:00:00,四湖配電變電所,KONG-REY,5,960.0,119.9554415079318,0
2024-10-31 14:00:00,新高港超高壓變電所,KONG-REY,5,960.0,115.1527899879457,0
2024-10-31 14:00:00,九曲配電變電所,KONG-REY,5,960.0,114.90887248833947,0
2024-10-31 14:00:00,崙背變電所,KONG-REY,5,960.0,114.79538693362227,0
2024-10-31 14:00:00,常德變電所,KONG-REY,5,960.0,208.02385109954295,0
2024-10-31 14:00:00,嶺口二次變電所,KONG-REY,5,960.0,108.05313260193121,0
2024-10-31 14:00:00,龍明配電變電所,KONG-REY,5,960.0,199.37291684946666,0
2024-10-31 14:00:00,新工配電變電所,KONG-REY,5,960.0,182.5967363709032,0
2024-10-31 20:00:00,榮成變電所,KONG-REY,4,980.0,141.95324716527637,0
2024-10-31 20:00:00,西螺服務區,KONG-REY,4,980.0,43.080074804442525,0
2024-10-31 20:00:00,中部科學園區,KONG-REY,4,980.0,52.348474994783835,0
2024-10-31 20:00:00,興變電所,KONG-REY,4,980.0,90.42886782667514,0
2024-10-31 20:00:00,中正變電所,KONG-REY,4,980.0,172.70367524570645,0
2024-10-31 20:00:00,成都變電所,KONG-REY,4,980.0,149.24467668435926,0
2024-10-31 20:00:00,新豐配電變電所,KONG-REY,4,980.0,119.62089326359794,0
2024-10-31 20:00:00,內惟配電變電所,KONG-REY,4,980.0,159.66272077491234,0
2024-10-31 20:00:00,永華二次變電所,KONG-REY,4,980.0,123.34486355544753,0
2024-10-31 20:00:00,關西二次變電所,KONG-REY,4,980.0,125.22559353872037,0
2024-10-31 20:00:00,源海二次變電所,KONG-REY,4,980.0,172.71030988351703,0
2024-10-31 20:00:00,四湖配電變電所,KONG-REY,4,980.0,51.57929268559733,0
2024-10-31 20:00:00,新高港超高壓變電所,KONG-REY,4,980.0,171.44447295285644,0
2024-10-31 20:00:00,九曲配電變電所,KONG-REY,4,980.0,123.42636857546051,0
2024-10-31 20:00:00,崙背變電所,KONG-REY,4,980.0,41.08525062214234,0
2024-10-31 20:00:00,常德變電所,KONG-REY,4,980.0,170.9096916393075,0
2024-10-31 20:00:00,嶺口二次變電所,KONG-REY,4,980.0,150.1137773802008,0
2024-10-31 20:00:00,龍明配電變電所,KONG-REY,4,980.0,148.8233949239532,0
2024-10-31 20:00:00,新工配電變電所,KONG-REY,4,980.0,111.0608069215751,0
2024-11-01 02:00:00,榮成變電所,KONG-REY,3,990.0,94.08340045639277,0
2024-11-01 02:00:00,西螺服務區,KONG-REY,3,990.0,136.2771159903775,0
2024-11-01 02:00:00,中部科學園區,KONG-REY,3,990.0,100.63078994631712,0
2024-11-01 02:00:00,興變電所,KONG-REY,3,990.0,177.5377230018661,0
2024-11-01 02:00:00,中正變電所,KONG-REY,3,990.0,137.63029672297708,0
2024-11-01 02:00:00,成都變電所,KONG-REY,3,990.0,110.96015418013101,0
2024-11-01 02:00:00,新豐配電變電所,KONG-REY,3,990.0,79.72770009718646,0
2024-11-01 02:00:00,內惟配電變電所,KONG-REY,3,990.0,259.6436431734005,0
2024-11-01 02:00:00,永華二次變電所,KONG-REY,3,990.0,223.41693123293564,0
2024-11-01 02:00:00,關西二次變電所,KONG-REY,3,990.0,101.12148592534793,0
2024-11-01 02:00:00,源海二次變電所,KONG-REY,3,990.0,137.63053670657806,0
2024-11-01 02:00:00,四湖配電變電所,KONG-REY,3,990.0,151.6132064205411,0
2024-11-01 02:00:00,新高港超高壓變電所,KONG-REY,3,990.0,271.0278543056571,0
2024-11-01 02:00:00,九曲配電變電所,KONG-REY,3,990.0,223.50180255556324,0
2024-11-01 02:00:00,崙背變電所,KONG-REY,3,990.0,138.97067701049832,0
2024-11-01 02:00:00,常德變電所,KONG-REY,3,990.0,133.15961977488945,0
2024-11-01 02:00:00,嶺口二次變電所,KONG-REY,3,990.0,249.82915807553917,0
2024-11-01 02:00:00,龍明配電變電所,KONG-REY,3,990.0,110.45699107915593,0
2024-11-01 02:00:00,新工配電變電所,KONG-REY,3,990.0,80.1257889070134,0
2024-11-01 08:00:00,榮成變電所,KONG-REY,3,994.0,158.7806261840715,0
2024-11-01 08:00:00,西螺服務區,KONG-REY,3,994.0,289.56347906367637,0
2024-11-01 08:00:00,中部科學園區,KONG-REY,3,994.0,242.91195787248108,0
2024-11-01 08:00:00,興變電所,KONG-REY,3,994.0,323.09485818581925,0
2024-11-01 08:00:00,中正變電所,KONG-REY,3,994.0,180.17059785286983,0
2024-11-01 08:00:00,成都變電所,KONG-REY,3,994.0,171.43270411845492,0
2024-11-01 08:00:00,新豐配電變電所,KONG-REY,3,994.0,170.59906307127605,0
2024-11-01 08:00:00,內惟配電變電所,KONG-REY,3,994.0,416.3795280669903,0
2024-11-01 08:00:00,永華二次變電所,KONG-REY,3,994.0,381.0924457465185,0
2024-11-01 08:00:00,關西二次變電所,KONG-REY,3,994.0,187.89921814297793,0
2024-11-01 08:00:00,源海二次變電所,KONG-REY,3,994.0,180.1611946306381,0
2024-11-01 08:00:00,四湖配電變電所,KONG-REY,3,994.0,309.5788134832714,0
2024-11-01 08:00:00,新高港超高壓變電所,KONG-REY,3,994.0,426.31816125299514,0
2024-11-01 08:00:00,九曲配電變電所,KONG-REY,3,994.0,381.32092778525083,0
2024-11-01 08:00:00,崙背變電所,KONG-REY,3,994.0,294.82799978994285,0
2024-11-01 08:00:00,常德變電所,KONG-REY,3,994.0,175.19548306901135,0
2024-11-01 08:00:00,嶺口二次變電所,KONG-REY,3,994.0,405.69804410157974,0
2024-11-01 08:00:00,龍明配電變電所,KONG-REY,3,994.0,171.28907502680562,0
2024-11-01 08:00:00,新工配電變電所,KONG-REY,3,994.0,180.18544651853983,0
2024-11-01 14:00:00,榮成變電所,KONG-REY,3,996.0,363.8319912756431,0
2024-11-01 14:00:00,西螺服務區,KONG-REY,3,996.0,513.159773201095,0
2024-11-01 14:00:00,中部科學園區,KONG-REY,3,996.0,462.7612376623028,1
2024-11-01 14:00:00,興變電所,KONG-REY,3,996.0,539.6949950299967,0
2024-11-01 14:00:00,中正變電所,KONG-REY,3,996.0,363.3012058657932,0
2024-11-01 14:00:00,成都變電所,KONG-REY,3,996.0,368.8532787947521,0
2024-11-01 14:00:00,新豐配電變電所,KONG-REY,3,996.0,382.4086469680163,0
2024-11-01 14:00:00,內惟配電變電所,KONG-REY,3,996.0,640.1507787087317,0
2024-11-01 14:00:00,永華二次變電所,KONG-REY,3,996.0,606.4808019336774,0
2024-11-01 14:00:00,關西二次變電所,KONG-REY,3,996.0,392.34407606741655,0
2024-11-01 14:00:00,源海二次變電所,KONG-REY,3,996.0,363.2900868570484,0
2024-11-01 14:00:00,四湖配電變電所,KONG-REY,3,996.0,536.4280686964722,0
2024-11-01 14:00:00,新高港超高壓變電所,KONG-REY,3,996.0,648.2785585498816,0
2024-11-01 14:00:00,九曲配電變電所,KONG-REY,3,996.0,606.8740314519752,0
2024-11-01 14:00:00,崙背變電所,KONG-REY,3,996.0,520.1758779531907,0
2024-11-01 14:00:00,常德變電所,KONG-REY,3,996.0,360.3591917886578,0
2024-11-01 14:00:00,嶺口二次變電所,KONG-REY,3,996.0,628.6608182614156,0
2024-11-01 14:00:00,龍明配電變電所,KONG-REY,3,996.0,368.96012465541685,0
2024-11-01 14:00:00,新工配電變電所,KONG-REY,3,996.0,392.71660919300035,0
2024-11-01 20:00:00,榮成變電所,KONG-REY,6,998.0,603.8507532089908,0
2024-11-01 20:00:00,西螺服務區,KONG-REY,6,998.0,758.5072277833724,0
2024-11-01 20:00:00,中部科學園區,KONG-REY,6,998.0,706.4970169252551,1
2024-11-01 20:00:00,興變電所,KONG-REY,6,998.0,777.8484267754893,0
2024-11-01 20:00:00,中正變電所,KONG-REY,6,998.0,591.7122590975397,0
2024-11-01 20:00:00,成都變電所,KONG-REY,6,998.0,604.2966571114008,0
2024-11-01 20:00:00,新豐配電變電所,KONG-REY,6,998.0,624.7902547854944,0
2024-11-01 20:00:00,內惟配電變電所,KONG-REY,6,998.0,882.7343332148528,0
2024-11-01 20:00:00,永華二次變電所,KONG-REY,6,998.0,851.5592551268962,0
2024-11-01 20:00:00,關西二次變電所,KONG-REY,6,998.0,629.6532521439118,0
2024-11-01 20:00:00,源海二次變電所,KONG-REY,6,998.0,591.701647067494,0
2024-11-01 20:00:00,四湖配電變電所,KONG-REY,6,998.0,784.5383453325119,0
2024-11-01 20:00:00,新高港超高壓變電所,KONG-REY,6,998.0,888.679634123573,0
2024-11-01 20:00:00,九曲配電變電所,KONG-REY,6,998.0,852.1343763357767,0
2024-11-01 20:00:00,崙背變電所,KONG-REY,6,998.0,767.0612229756712,0
2024-11-01 20:00:00,常德變電所,KONG-REY,6,998.0,590.2247981837666,0
2024-11-01 20:00:00,嶺口二次變電所,KONG-REY,6,998.0,870.5771254794344,0
2024-11-01 20:00:00,龍明配電變電所,KONG-REY,6,998.0,604.5282859203405,0
2024-11-01 20:00:00,新工配電變電所,KONG-REY,6,998.0,634.8528386604094,0
2024-11-02 02:00:00,榮成變電所,KONG-REY,6,1000.0,791.7519586375131,0
2024-11-02 02:00:00,西螺服務區,KONG-REY,6,1000.0,946.3143757635839,0
2024-11-02 02:00:00,中部科學園區,KONG-REY,6,1000.0,894.1591868929918,1
2024-11-02 02:00:00,興變電所,KONG-REY,6,1000.0,959.2635346284092,0
2024-11-02 02:00:00,中正變電所,KONG-REY,6,1000.0,772.289240004864,0
2024-11-02 02:00:00,成都變電所,KONG-REY,6,1000.0,789.02322115172,0
2024-11-02 02:00:00,新豐配電變電所,KONG-REY,6,1000.0,813.6866987223295,0
2024-11-02 02:00:00,內惟配電變電所,KONG-REY,6,1000.0,1065.744055230893,0
2024-11-02 02:00:00,永華二次變電所,KONG-REY,6,1000.0,1037.350911603976,0
2024-11-02 02:00:00,關西二次變電所,KONG-REY,6,1000.0,814.7420957550053,0
2024-11-02 02:00:00,源海二次變電所,KONG-REY,6,1000.0,772.2794463955095,0
2024-11-02 02:00:00,四湖配電變電所,KONG-REY,6,1000.0,974.2407671742574,0
2024-11-02 02:00:00,新高港超高壓變電所,KONG-REY,6,1000.0,1069.6483842231712,0
2024-11-02 02:00:00,九曲配電變電所,KONG-REY,6,1000.0,1038.0797541876766,0
2024-11-02 02:00:00,崙背變電所,KONG-REY,6,1000.0,956.0150509904978,0
2024-11-02 02:00:00,常德變電所,KONG-REY,6,1000.0,771.8192759446882,0
2024-11-02 02:00:00,嶺口二次變電所,KONG-REY,6,1000.0,1053.213362530814,0
2024-11-02 02:00:00,龍明配電變電所,KONG-REY,6,1000.0,789.3309447694708,0
2024-11-02 02:00:00,新工配電變電所,KONG-REY,6,1000.0,823.2575355095823,0
2024-11-02 08:00:00,榮成變電所,KONG-REY,6,1004.0,943.7206978561686,0
2024-11-02 08:00:00,西螺服務區,KONG-REY,6,1004.0,1092.1653530364918,0
2024-11-02 08:00:00,中部科學園區,KONG-REY,6,1004.0,1041.6316956466499,1
2024-11-02 08:00:00,興變電所,KONG-REY,6,1004.0,1095.737454714693,0
2024-11-02 08:00:00,中正變電所,KONG-REY,6,1004.0,915.6780973305872,0
2024-11-02 08:00:00,成都變電所,KONG-REY,6,1004.0,936.9220775300377,0
2024-11-02 08:00:00,新豐配電變電所,KONG-REY,6,1004.0,966.0388433788181,0
2024-11-02 08:00:00,內惟配電變電所,KONG-REY,6,1004.0,1201.0429490728973,0
2024-11-02 08:00:00,永華二次變電所,KONG-REY,6,1004.0,1177.4707627651871,0
2024-11-02 08:00:00,關西二次變電所,KONG-REY,6,1004.0,961.9339712395804,0
2024-11-02 08:00:00,源海二次變電所,KONG-REY,6,1004.0,915.6698494641255,0
2024-11-02 08:00:00,四湖配電變電所,KONG-REY,6,1004.0,1121.9278693082167,0
2024-11-02 08:00:00,新高港超高壓變電所,KONG-REY,6,1004.0,1201.933334010487,0
2024-11-02 08:00:00,九曲配電變電所,KONG-REY,6,1004.0,1178.400446211687,0
2024-11-02 08:00:00,崙背變電所,KONG-REY,6,1004.0,1103.1908985373434,0
2024-11-02 08:00:00,常德變電所,KONG-REY,6,1004.0,916.525245034421,0
2024-11-02 08:00:00,嶺口二次變電所,KONG-REY,6,1004.0,1188.346928344895,0
2024-11-02 08:00:00,龍明配電變電所,KONG-REY,6,1004.0,937.3147610353485,0
2024-11-02 08:00:00,新工配電變電所,KONG-REY,6,1004.0,974.5371184083158,0
2024-11-04 20:00:00,西螺服務區,YINXING,4,992.0,1492.9265449725663,0
2024-11-04 20:00:00,興變電所,YINXING,4,992.0,1445.4182904020465,0
2024-11-04 20:00:00,內惟配電變電所,YINXING,4,992.0,1421.5444425404378,0
2024-11-04 20:00:00,永華二次變電所,YINXING,4,992.0,1450.7675566289888,0
2024-11-04 20:00:00,四湖配電變電所,YINXING,4,992.0,1498.1634165842213,0
2024-11-04 20:00:00,新高港超高壓變電所,YINXING,4,992.0,1405.0979798058202,0
2024-11-04 20:00:00,九曲配電變電所,YINXING,4,992.0,1451.7336953107215,0
2024-11-04 20:00:00,崙背變電所,YINXING,4,992.0,1498.0405105564832,0
2024-11-04 20:00:00,嶺口二次變電所,YINXING,4,992.0,1422.4352185035254,0
2024-11-05 02:00:00,榮成變電所,YINXING,5,985.0,1353.3434751244836,0
2024-11-05 02:00:00,西螺服務區,YINXING,5,985.0,1292.9990973039382,0
2024-11-05 02:00:00,中部科學園區,YINXING,5,985.0,1310.4950176362347,0
2024-11-05 02:00:00,興變電所,YINXING,5,985.0,1245.5002323492388,0
2024-11-05 02:00:00,中正變電所,YINXING,5,985.0,1324.8719241696704,0
2024-11-05 02:00:00,成都變電所,YINXING,5,985.0,1337.4901403074064,0
2024-11-05 02:00:00,新豐配電變電所,YINXING,5,985.0,1349.6867518816373,0
2024-11-05 02:00:00,內惟配電變電所,YINXING,5,985.0,1220.4705869821883,0
2024-11-05 02:00:00,永華二次變電所,YINXING,5,985.0,1249.8375709476563,0
2024-11-05 02:00:00,關西二次變電所,YINXING,5,985.0,1327.6989857446288,0
2024-11-05 02:00:00,源海二次變電所,YINXING,5,985.0,1324.8808493693696,0
2024-11-05 02:00:00,四湖配電變電所,YINXING,5,985.0,1297.793594203355,0
2024-11-05 02:00:00,新高港超高壓變電所,YINXING,5,985.0,1204.0239806280622,0
2024-11-05 02:00:00,九曲配電變電所,YINXING,5,985.0,1250.7963788657478,0
2024-11-05 02:00:00,崙背變電所,YINXING,5,985.0,1297.935041895576,0
2024-11-05 02:00:00,常德變電所,YINXING,5,985.0,1330.0200821421238,0
2024-11-05 02:00:00,嶺口二次變電所,YINXING,5,985.0,1221.4367193749608,0
2024-11-05 02:00:00,龍明配電變電所,YINXING,5,985.0,1337.7458875760888,0
2024-11-05 02:00:00,新工配電變電所,YINXING,5,985.0,1342.8677135420335,0
2024-11-05 08:00:00,榮成變電所,YINXING,5,975.0,1201.4538736163875,0
2024-11-05 08:00:00,西螺服務區,YINXING,5,975.0,1134.6885822543247,0
2024-11-05 08:00:00,中部科學園區,YINXING,5,975.0,1154.2075592373533,0
2024-11-05 08:00:00,興變電所,YINXING,5,975.0,1087.266062340422,0
2024-11-05 08:00:00,中正變電所,YINXING,5,975.0,1174.796035265115,0
2024-11-05 08:00:00,成都變電所,YINXING,5,975.0,1186.1026320260455,0
2024-11-05 08:00:00,新豐配電變電所,YINXING,5,975.0,1196.694987263133,0
2024-11-05 08:00:00,內惟配電變電所,YINXING,5,975.0,1058.616571592993,0
2024-11-05 08:00:00,永華二次變電所,YINXING,5,975.0,1088.6392979953962,0
2024-11-05 08:00:00,關西二次變電所,YINXING,5,975.0,1175.092219953219,0
2024-11-05 08:00:00,源海二次變電所,YINXING,5,975.0,1174.8053154526604,0
2024-11-05 08:00:00,四湖配電變電所,YINXING,5,975.0,1138.3546023497443,0
2024-11-05 08:00:00,新高港超高壓變電所,YINXING,5,975.0,1042.177491145511,0
2024-11-05 08:00:00,九曲配電變電所,YINXING,5,975.0,1089.56762637374,0
2024-11-05 08:00:00,崙背變電所,YINXING,5,975.0,1139.1839716883867,0
2024-11-05 08:00:00,常德變電所,YINXING,5,975.0,1179.832731270882,0
2024-11-05 08:00:00,嶺口二次變電所,YINXING,5,975.0,1059.9604847721628,0
2024-11-05 08:00:00,龍明配電變電所,YINXING,5,975.0,1186.3348629147706,0
2024-11-05 08:00:00,新工配電變電所,YINXING,5,975.0,1189.505049044132,0
2024-11-05 14:00:00,榮成變電所,YINXING,5,975.0,1039.4492684449247,0
2024-11-05 14:00:00,西螺服務區,YINXING,5,975.0,967.6399348924606,0
2024-11-05 14:00:00,中部科學園區,YINXING,5,975.0,988.6339211675528,0
2024-11-05 14:00:00,興變電所,YINXING,5,975.0,920.3168590003364,0
2024-11-05 14:00:00,中正變電所,YINXING,5,975.0,1014.4715088457809,0
2024-11-05 14:00:00,成都變電所,YINXING,5,975.0,1024.5736160931488,0
2024-11-05 14:00:00,新豐配電變電所,YINXING,5,975.0,1033.7487296292854,0
2024-11-05 14:00:00,內惟配電變電所,YINXING,5,975.0,889.5511760945664,0
2024-11-05 14:00:00,永華二次變電所,YINXING,5,975.0,919.8609232446129,0
2024-11-05 14:00:00,關西二次變電所,YINXING,5,975.0,1012.5200467192994,0
2024-11-05 14:00:00,源海二次變電所,YINXING,5,975.0,1014.4810865067884,0
2024-11-05 14:00:00,四湖配電變電所,YINXING,5,975.0,970.5508998483991,0
2024-11-05 14:00:00,新高港超高壓變電所,YINXING,5,975.0,873.1192830866635,0
2024-11-05 14:00:00,九曲配電變電所,YINXING,5,975.0,920.7740561460108,0
2024-11-05 14:00:00,崙背變電所,YINXING,5,975.0,971.8292949069394,0
2024-11-05 14:00:00,常德變電所,YINXING,5,975.0,1019.3937755940409,0
2024-11-05 14:00:00,嶺口二次變電所,YINXING,5,975.0,891.0593780659552,0
2024-11-05 14:00:00,龍明配電變電所,YINXING,5,975.0,1024.7845019042143,0
2024-11-05 14:00:00,新工配電變電所,YINXING,5,975.0,1026.2571775367687,0
2024-11-05 20:00:00,榮成變電所,YINXING,5,970.0,978.6206025512852,0
2024-11-05 20:00:00,西螺服務區,YINXING,5,970.0,898.5611574724685,0
2024-11-05 20:00:00,中部科學園區,YINXING,5,970.0,922.3637060478053,0
2024-11-05 20:00:00,興變電所,YINXING,5,970.0,851.5758915679461,0
2024-11-05 20:00:00,中正變電所,YINXING,5,970.0,956.0275141665235,0
2024-11-05 20:00:00,成都變電所,YINXING,5,970.0,964.4618605938664,0
2024-11-05 20:00:00,新豐配電變電所,YINXING,5,970.0,971.5793633883686,0
2024-11-05 20:00:00,內惟配電變電所,YINXING,5,970.0,814.9031400311633,0
2024-11-05 20:00:00,永華二次變電所,YINXING,5,970.0,846.3110896777966,0
2024-11-05 20:00:00,關西二次變電所,YINXING,5,970.0,950.9705884391091,0
2024-11-05 20:00:00,源海二次變電所,YINXING,5,970.0,956.0374478598072,0
2024-11-05 20:00:00,四湖配電變電所,YINXING,5,970.0,899.7353787871594,0
2024-11-05 20:00:00,新高港超高壓變電所,YINXING,5,970.0,798.5345574618901,0
2024-11-05 20:00:00,九曲配電變電所,YINXING,5,970.0,847.1676134465029,0
2024-11-05 20:00:00,崙背變電所,YINXING,5,970.0,902.0688928266292,0
2024-11-05 20:00:00,常德變電所,YINXING,5,970.0,960.7789564193251,0
2024-11-05 20:00:00,嶺口二次變電所,YINXING,5,970.0,817.1039133877346,0
2024-11-05 20:00:00,龍明配電變電所,YINXING,5,970.0,964.6424097300196,0
2024-11-05 20:00:00,新工配電變電所,YINXING,5,970.0,963.6621299825496,0
2024-11-06 02:00:00,榮成變電所,YINXING,5,970.0,900.41954084904,0
2024-11-06 02:00:00,西螺服務區,YINXING,5,970.0,816.5128347977808,0
2024-11-06 02:00:00,中部科學園區,YINXING,5,970.0,841.5054341782743,0
2024-11-06 02:00:00,興變電所,YINXING,5,970.0,769.7156106619805,0
2024-11-06 02:00:00,中正變電所,YINXING,5,970.0,879.2012614096043,0
2024-11-06 02:00:00,成都變電所,YINXING,5,970.0,886.677889948139,0
2024-11-06 02:00:00,新豐配電變電所,YINXING,5,970.0,892.6752229986495,0
2024-11-06 02:00:00,內惟配電變電所,YINXING,5,970.0,731.0613600972978,0
2024-11-06 02:00:00,永華二次變電所,YINXING,5,970.0,762.7458815933451,0
2024-11-06 02:00:00,關西二次變電所,YINXING,5,970.0,872.4277445979553,0
2024-11-06 02:00:00,源海二次變電所,YINXING,5,970.0,879.211379917718,0
2024-11-06 02:00:00,四湖配電變電所,YINXING,5,970.0,817.0212250536471,0
2024-11-06 02:00:00,新高港超高壓變電所,YINXING,5,970.0,714.7163589936472,0
2024-11-06 02:00:00,九曲配電變電所,YINXING,5,970.0,763.5859226915838,0
2024-11-06 02:00:00,崙背變電所,YINXING,5,970.0,819.747608711994,0
2024-11-06 02:00:00,常德變電所,YINXING,5,970.0,883.8450719141931,0
2024-11-06 02:00:00,嶺口二次變電所,YINXING,5,970.0,733.441495241767,0
2024-11-06 02:00:00,龍明配電變電所,YINXING,5,970.0,886.8413370411441,0
2024-11-06 02:00:00,新工配電變電所,YINXING,5,970.0,884.5484483417795,0
2024-11-06 08:00:00,榮成變電所,YINXING,5,970.0,861.1948619098,0
2024-11-06 08:00:00,西螺服務區,YINXING,5,970.0,777.0392149348542,0
2024-11-06 08:00:00,中部科學園區,YINXING,5,970.0,802.0109625851518,0
2024-11-06 08:00:00,興變電所,YINXING,5,970.0,730.2284481917168,0
2024-11-06 08:00:00,中正變電所,YINXING,5,970.0,840.2211893838521,0
2024-11-06 08:00:00,成都變電所,YINXING,5,970.0,847.5225098064857,0
2024-11-06 08:00:00,新豐配電變電所,YINXING,5,970.0,853.3499634000051,0
2024-11-06 08:00:00,內惟配電變電所,YINXING,5,970.0,692.0875481350713,0
2024-11-06 08:00:00,永華二次變電所,YINXING,5,970.0,723.6173037972613,0
2024-11-06 08:00:00,關西二次變電所,YINXING,5,970.0,833.1544046917093,0
2024-11-06 08:00:00,源海二次變電所,YINXING,5,970.0,840.2313420383632,0
2024-11-06 08:00:00,四湖配電變電所,YINXING,5,970.0,777.6337241629099,0
2024-11-06 08:00:00,新高港超高壓變電所,YINXING,5,970.0,675.7266064857196,0
2024-11-06 08:00:00,九曲配電變電所,YINXING,5,970.0,724.4652145919482,0
2024-11-06 08:00:00,崙背變電所,YINXING,5,970.0,780.3008500206921,0
2024-11-06 08:00:00,常德變電所,YINXING,5,970.0,844.8434722277199,0
2024-11-06 08:00:00,嶺口二次變電所,YINXING,5,970.0,694.3606779952535,0
2024-11-06 08:00:00,龍明配電變電所,YINXING,5,970.0,847.6830534311213,0
2024-11-06 08:00:00,新工配電變電所,YINXING,5,970.0,845.1970021129541,0
2024-11-06 14:00:00,榮成變電所,YINXING,5,965.0,843.8287840514758,0
2024-11-06 14:00:00,西螺服務區,YINXING,5,965.0,753.7749787031496,0
2024-11-06 14:00:00,中部科學園區,YINXING,5,965.0,780.8443922628837,0
2024-11-06 14:00:00,興變電所,YINXING,5,965.0,707.4063926728413,0
2024-11-06 14:00:00,中正變電所,YINXING,5,965.0,824.6568677293665,0
2024-11-06 14:00:00,成都變電所,YINXING,5,965.0,830.7322412704077,0
2024-11-06 14:00:00,新豐配電變電所,YINXING,5,965.0,835.0446159196799,0
2024-11-06 14:00:00,內惟配電變電所,YINXING,5,965.0,664.4728053001352,0
2024-11-06 14:00:00,永華二次變電所,YINXING,5,965.0,696.8592971915139,0
2024-11-06 14:00:00,關西二次變電所,YINXING,5,965.0,815.3874315374774,0
2024-11-06 14:00:00,源海二次變電所,YINXING,5,965.0,824.6672237028431,0
2024-11-06 14:00:00,四湖配電變電所,YINXING,5,965.0,752.9790092647119,0
2024-11-06 14:00:00,新高港超高壓變電所,YINXING,5,965.0,648.2110031276527,0
2024-11-06 14:00:00,九曲配電變電所,YINXING,5,965.0,697.6570091653203,0
2024-11-06 14:00:00,崙背變電所,YINXING,5,965.0,756.4839255450311,0
2024-11-06 14:00:00,常德變電所,YINXING,5,965.0,829.1353824352398,0
2024-11-06 14:00:00,嶺口二次變電所,YINXING,5,965.0,667.337632836618,0
2024-11-06 14:00:00,龍明配電變電所,YINXING,5,965.0,830.8702571288712,0
2024-11-06 14:00:00,新工配電變電所,YINXING,5,965.0,826.6136574416026,0
2024-11-06 20:00:00,榮成變電所,YINXING,5,960.0,821.5507037155138,0
2024-11-06 20:00:00,西螺服務區,YINXING,5,960.0,727.7843213243215,0
2024-11-06 20:00:00,中部科學園區,YINXING,5,960.0,756.149750851281,0
2024-11-06 20:00:00,興變電所,YINXING,5,960.0,681.7471073816217,0
2024-11-06 20:00:00,中正變電所,YINXING,5,960.0,803.617575514412,0
2024-11-06 20:00:00,成都變電所,YINXING,5,960.0,808.8554850317086,0
2024-11-06 20:00:00,新豐配電變電所,YINXING,5,960.0,812.1522948384888,0
2024-11-06 20:00:00,內惟配電變電所,YINXING,5,960.0,635.957247692668,0
2024-11-06 20:00:00,永華二次變電所,YINXING,5,960.0,668.810671076608,0
2024-11-06 20:00:00,關西二次變電所,YINXING,5,960.0,792.8754064896393,0
2024-11-06 20:00:00,源海二次變電所,YINXING,5,960.0,803.6280566999017,0
2024-11-06 20:00:00,四湖配電變電所,YINXING,5,960.0,726.1328835439108,0
2024-11-06 20:00:00,新高港超高壓變電所,YINXING,5,960.0,619.770083259236,0
2024-11-06 20:00:00,九曲配電變電所,YINXING,5,960.0,669.5781200875864,0
2024-11-06 20:00:00,崙背變電所,YINXING,5,960.0,730.1476880235448,0
2024-11-06 20:00:00,常德變電所,YINXING,5,960.0,807.9925275955123,0
2024-11-06 20:00:00,嶺口二次變電所,YINXING,5,960.0,639.1638227189286,0
2024-11-06 20:00:00,龍明配電變電所,YINXING,5,960.0,808.9781848394952,0
2024-11-06 20:00:00,新工配電變電所,YINXING,5,960.0,803.5472753509521,0
2024-11-07 02:00:00,榮成變電所,YINXING,5,950.0,793.1493950810564,0
2024-11-07 02:00:00,西螺服務區,YINXING,5,950.0,692.4336950811182,0
2024-11-07 02:00:00,中部科學園區,YINXING,5,950.0,723.2859634752477,0
2024-11-07 02:00:00,興變電所,YINXING,5,950.0,647.1825489214864,0
2024-11-07 02:00:00,中正變電所,YINXING,5,950.0,777.5789890262758,0
2024-11-07 02:00:00,成都變電所,YINXING,5,950.0,781.2401902556009,0
2024-11-07 02:00:00,新豐配電變電所,YINXING,5,950.0,782.6140705608487,0
2024-11-07 02:00:00,內惟配電變電所,YINXING,5,950.0,595.6376788805343,0
2024-11-07 02:00:00,永華二次變電所,YINXING,5,950.0,629.3978230949926,0
2024-11-07 02:00:00,關西二次變電所,YINXING,5,950.0,764.1064129819687,0
2024-11-07 02:00:00,源海二次變電所,YINXING,5,950.0,777.5896738513959,0
2024-11-07 02:00:00,四湖配電變電所,YINXING,5,950.0,689.0642295507454,0
2024-11-07 02:00:00,新高港超高壓變電所,YINXING,5,950.0,579.6515104717193,0
2024-11-07 02:00:00,九曲配電變電所,YINXING,5,950.0,630.0999716364441,0
2024-11-07 02:00:00,崙背變電所,YINXING,5,950.0,694.0990083188167,0
2024-11-07 02:00:00,常德變電所,YINXING,5,950.0,781.7494882104469,0
2024-11-07 02:00:00,嶺口二次變電所,YINXING,5,950.0,599.5612869804378,0
2024-11-07 02:00:00,龍明配電變電所,YINXING,5,950.0,781.3338594462895,0
2024-11-07 02:00:00,新工配電變電所,YINXING,5,950.0,773.6998141275386,0
2024-11-07 08:00:00,榮成變電所,YINXING,5,950.0,745.8983621831774,0
2024-11-07 08:00:00,西螺服務區,YINXING,5,950.0,639.2380127271143,0
2024-11-07 08:00:00,中部科學園區,YINXING,5,950.0,672.1723133590722,0
2024-11-07 08:00:00,興變電所,YINXING,5,950.0,594.7981670709289,0
2024-11-07 08:00:00,中正變電所,YINXING,5,950.0,732.6114712071872,0
2024-11-07 08:00:00,成都變電所,YINXING,5,950.0,734.7619334838764,0
2024-11-07 08:00:00,新豐配電變電所,YINXING,5,950.0,734.3400077490907,0
2024-11-07 08:00:00,內惟配電變電所,YINXING,5,950.0,538.6335541858066,0
2024-11-07 08:00:00,永華二次變電所,YINXING,5,950.0,573.0208049391704,0
2024-11-07 08:00:00,關西二次變電所,YINXING,5,950.0,716.6002497911254,0
2024-11-07 08:00:00,源海二次變電所,YINXING,5,950.0,732.6223152195906,0
2024-11-07 08:00:00,四湖配電變電所,YINXING,5,950.0,634.4358461495642,0
2024-11-07 08:00:00,新高港超高壓變電所,YINXING,5,950.0,522.8416411559941,0
2024-11-07 08:00:00,九曲配電變電所,YINXING,5,950.0,573.6702147549372,0
2024-11-07 08:00:00,崙背變電所,YINXING,5,950.0,640.307418946235,0
2024-11-07 08:00:00,常德變電所,YINXING,5,950.0,736.5722906994271,0
2024-11-07 08:00:00,嶺口二次變電所,YINXING,5,950.0,543.1058461317174,0
2024-11-07 08:00:00,龍明配電變電所,YINXING,5,950.0,734.8279586735641,0
2024-11-07 08:00:00,新工配電變電所,YINXING,5,950.0,725.1669056405552,0
2024-11-07 14:00:00,榮成變電所,YINXING,5,945.0,740.5140541819069,0
2024-11-07 14:00:00,西螺服務區,YINXING,5,945.0,622.3399213734455,0
2024-11-07 14:00:00,中部科學園區,YINXING,5,945.0,659.639934792002,0
2024-11-07 14:00:00,興變電所,YINXING,5,945.0,580.2326034335299,0
2024-11-07 14:00:00,中正變電所,YINXING,5,945.0,731.512129690064,0
2024-11-07 14:00:00,成都變電所,YINXING,5,945.0,730.9084424400871,0
2024-11-07 14:00:00,新豐配電變電所,YINXING,5,945.0,727.0848706672261,0
2024-11-07 14:00:00,內惟配電變電所,YINXING,5,945.0,512.841763308992,0
2024-11-07 14:00:00,永華二次變電所,YINXING,5,945.0,548.6527759417858,0
2024-11-07 14:00:00,關西二次變電所,YINXING,5,945.0,710.9667147560164,0
2024-11-07 14:00:00,源海二次變電所,YINXING,5,945.0,731.5231680659177,0
2024-11-07 14:00:00,四湖配電變電所,YINXING,5,945.0,614.1034697152988,0
2024-11-07 14:00:00,新高港超高壓變電所,YINXING,5,945.0,497.81692889993025,0
2024-11-07 14:00:00,九曲配電變電所,YINXING,5,945.0,549.1463441472469,0
2024-11-07 14:00:00,崙背變電所,YINXING,5,945.0,621.9818161860693,0
2024-11-07 14:00:00,常德變電所,YINXING,5,945.0,735.0674704739064,0
2024-11-07 14:00:00,嶺口二次變電所,YINXING,5,945.0,518.8546578504186,0
2024-11-07 14:00:00,龍明配電變電所,YINXING,5,945.0,730.9228259154654,0
2024-11-07 14:00:00,新工配電變電所,YINXING,5,945.0,717.4786475537909,0
2024-11-07 20:00:00,榮成變電所,YINXING,5,965.0,707.6426968212452,0
2024-11-07 20:00:00,西螺服務區,YINXING,5,965.0,576.9684828527854,0
2024-11-07 20:00:00,中部科學園區,YINXING,5,965.0,619.0545660586066,0
2024-11-07 20:00:00,興變電所,YINXING,5,965.0,538.6488779435612,0
2024-11-07 20:00:00,中正變電所,YINXING,5,965.0,704.2186424507709,0
2024-11-07 20:00:00,成都變電所,YINXING,5,965.0,700.1172659589153,0
2024-11-07 20:00:00,新豐配電變電所,YINXING,5,965.0,692.0491344604476,0
2024-11-07 20:00:00,內惟配電變電所,YINXING,5,965.0,458.74220364091497,0
2024-11-07 20:00:00,永華二次變電所,YINXING,5,965.0,495.4846405920566,0
2024-11-07 20:00:00,關西二次變電所,YINXING,5,965.0,678.224377380424,0
2024-11-07 20:00:00,源海二次變電所,YINXING,5,965.0,704.229761409325,0
2024-11-07 20:00:00,四湖配電變電所,YINXING,5,965.0,564.6181692206471,0
2024-11-07 20:00:00,新高港超高壓變電所,YINXING,5,965.0,445.07353169599884,0
2024-11-07 20:00:00,九曲配電變電所,YINXING,5,965.0,495.773646065854,0
2024-11-07 20:00:00,崙背變電所,YINXING,5,965.0,574.8400741937629,0
2024-11-07 20:00:00,常德變電所,YINXING,5,965.0,707.20273994353,0
2024-11-07 20:00:00,嶺口二次變電所,YINXING,5,965.0,466.5348321986207,0
2024-11-07 20:00:00,龍明配電變電所,YINXING,5,965.0,700.0658864184367,0
2024-11-07 20:00:00,新工配電變電所,YINXING,5,965.0,682.0411093587114,0
2024-11-08 02:00:00,榮成變電所,YINXING,5,970.0,720.695678454819,0
2024-11-08 02:00:00,西螺服務區,YINXING,5,970.0,578.07948713372,0
2024-11-08 02:00:00,中部科學園區,YINXING,5,970.0,624.9568913934272,0
2024-11-08 02:00:00,興變電所,YINXING,5,970.0,545.743067198989,0
2024-11-08 02:00:00,中正變電所,YINXING,5,970.0,723.6986235590458,0
2024-11-08 02:00:00,成都變電所,YINXING,5,970.0,715.7223635519778,0
2024-11-08 02:00:00,新豐配電變電所,YINXING,5,970.0,702.8936010596167,0
2024-11-08 02:00:00,內惟配電變電所,YINXING,5,970.0,452.69865196392374,0
2024-11-08 02:00:00,永華二次變電所,YINXING,5,970.0,489.1428095895339,0
2024-11-08 02:00:00,關西二次變電所,YINXING,5,970.0,692.0472471635488,0
2024-11-08 02:00:00,源海二次變電所,YINXING,5,970.0,723.7096078444989,0
2024-11-08 02:00:00,四湖配電變電所,YINXING,5,970.0,560.7807584324095,0
2024-11-08 02:00:00,新高港超高壓變電所,YINXING,5,970.0,441.5499345709648,0
2024-11-08 02:00:00,九曲配電變電所,YINXING,5,970.0,489.1401624906561,0
2024-11-08 02:00:00,崙背變電所,YINXING,5,970.0,573.745716278373,0
2024-11-08 02:00:00,常德變電所,YINXING,5,970.0,725.9821932625919,0
2024-11-08 02:00:00,嶺口二次變電所,YINXING,5,970.0,462.57769862083194,0
2024-11-08 02:00:00,龍明配電變電所,YINXING,5,970.0,715.596735535887,0
2024-11-08 02:00:00,新工配電變電所,YINXING,5,970.0,692.6265494308979,0
2024-11-08 08:00:00,榮成變電所,YINXING,5,980.0,772.0896895787837,0
2024-11-08 08:00:00,西螺服務區,YINXING,5,980.0,621.3527236952158,0
2024-11-08 08:00:00,中部科學園區,YINXING,5,980.0,671.599716521985,0
2024-11-08 08:00:00,興變電所,YINXING,5,980.0,596.2046268505833,0
2024-11-08 08:00:00,中正變電所,YINXING,5,980.0,781.3357320451834,0
2024-11-08 08:00:00,成都變電所,YINXING,5,980.0,769.7473297662461,0
2024-11-08 08:00:00,新豐配電變電所,YINXING,5,980.0,752.479344240852,0
2024-11-08 08:00:00,內惟配電變電所,YINXING,5,980.0,494.20213554882565,0
2024-11-08 08:00:00,永華二次變電所,YINXING,5,980.0,528.4084222398646,0
2024-11-08 08:00:00,關西二次變電所,YINXING,5,980.0,744.8443114853275,0
2024-11-08 08:00:00,源海二次變電所,YINXING,5,980.0,781.3463626985342,0
2024-11-08 08:00:00,四湖配電變電所,YINXING,5,980.0,599.5583907749144,0
2024-11-08 08:00:00,新高港超高壓變電所,YINXING,5,980.0,486.2711367746631,0
2024-11-08 08:00:00,九曲配電變電所,YINXING,5,980.0,528.1009150090902,0
2024-11-08 08:00:00,崙背變電所,YINXING,5,980.0,614.9005028386005,0
2024-11-08 08:00:00,常德變電所,YINXING,5,980.0,782.893901256428,0
2024-11-08 08:00:00,嶺口二次變電所,YINXING,5,980.0,505.67958995215923,0
2024-11-08 08:00:00,龍明配電變電所,YINXING,5,980.0,769.5514042524178,0
2024-11-08 08:00:00,新工配電變電所,YINXING,5,980.0,742.1922822042466,0
2024-11-08 14:00:00,榮成變電所,YINXING,5,980.0,803.4209372290146,0
2024-11-08 14:00:00,西螺服務區,YINXING,5,980.0,648.5174549656218,0
2024-11-08 14:00:00,中部科學園區,YINXING,5,980.0,700.6115822921245,0
2024-11-08 14:00:00,興變電所,YINXING,5,980.0,632.5595772641542,0
2024-11-08 14:00:00,中正變電所,YINXING,5,980.0,819.701070548771,0
2024-11-08 14:00:00,成都變電所,YINXING,5,980.0,804.2001193342761,0
2024-11-08 14:00:00,新豐配電變電所,YINXING,5,980.0,782.261824718111,0
2024-11-08 14:00:00,內惟配電變電所,YINXING,5,980.0,526.1526882975202,0
2024-11-08 14:00:00,永華二次變電所,YINXING,5,980.0,555.759649448502,0
2024-11-08 14:00:00,關西二次變電所,YINXING,5,980.0,778.5624516750792,0
2024-11-08 14:00:00,源海二次變電所,YINXING,5,980.0,819.7110172198456,0
2024-11-08 14:00:00,四湖配電變電所,YINXING,5,980.0,622.6294503414643,0
2024-11-08 14:00:00,新高港超高壓變電所,YINXING,5,980.0,522.2590755496954,0
2024-11-08 14:00:00,九曲配電變電所,YINXING,5,980.0,555.1327733592071,0
2024-11-08 14:00:00,崙背變電所,YINXING,5,980.0,639.9541095717415,0
2024-11-08 14:00:00,常德變電所,YINXING,5,980.0,820.3709912611766,0
2024-11-08 14:00:00,嶺口二次變電所,YINXING,5,980.0,538.6423922605526,0
2024-11-08 14:00:00,龍明配電變電所,YINXING,5,980.0,803.9276413268324,0
2024-11-08 14:00:00,新工配電變電所,YINXING,5,980.0,772.2509781888247,0
2024-11-08 20:00:00,榮成變電所,YINXING,5,975.0,859.2583310252709,0
2024-11-08 20:00:00,西螺服務區,YINXING,5,975.0,705.0599248606692,0
2024-11-08 20:00:00,中部科學園區,YINXING,5,975.0,757.0721341472433,0
2024-11-08 20:00:00,興變電所,YINXING,5,975.0,696.7426456634264,0
2024-11-08 20:00:00,中正變電所,YINXING,5,975.0,880.8220032763173,0
2024-11-08 20:00:00,成都變電所,YINXING,5,975.0,862.5228157469786,0
2024-11-08 20:00:00,新豐配電變電所,YINXING,5,975.0,837.3122908410201,0
2024-11-08 20:00:00,內惟配電變電所,YINXING,5,975.0,591.0097113762142,0
2024-11-08 20:00:00,永華二次變電所,YINXING,5,975.0,615.8499918263881,0
2024-11-08 20:00:00,關西二次變電所,YINXING,5,975.0,836.8466265351868,0
2024-11-08 20:00:00,源海二次變電所,YINXING,5,975.0,880.8312156037049,0
2024-11-08 20:00:00,四湖配電變電所,YINXING,5,975.0,676.7963659389428,0
2024-11-08 20:00:00,新高港超高壓變電所,YINXING,5,975.0,590.2736627871774,0
2024-11-08 20:00:00,九曲配電變電所,YINXING,5,975.0,615.0041824452418,0
2024-11-08 20:00:00,崙背變電所,YINXING,5,975.0,695.1038374833732,0
2024-11-08 20:00:00,常德變電所,YINXING,5,975.0,880.7751261245237,0
2024-11-08 20:00:00,嶺口二次變電所,YINXING,5,975.0,603.7082155532535,0
2024-11-08 20:00:00,龍明配電變電所,YINXING,5,975.0,862.1948838938281,0
2024-11-08 20:00:00,新工配電變電所,YINXING,5,975.0,827.7503454128417,0
2024-11-09 02:00:00,榮成變電所,YINXING,5,970.0,897.953079833782,0
2024-11-09 02:00:00,西螺服務區,YINXING,5,970.0,747.0219413309013,0
2024-11-09 02:00:00,中部科學園區,YINXING,5,970.0,797.9491495273592,0
2024-11-09 02:00:00,興變電所,YINXING,5,970.0,745.1085412537861,0
2024-11-09 02:00:00,中正變電所,YINXING,5,970.0,923.6533104805811,0
2024-11-09 02:00:00,成都變電所,YINXING,5,970.0,903.2544601308011,0
2024-11-09 02:00:00,新豐配電變電所,YINXING,5,970.0,875.6750579582612,0
2024-11-09 02:00:00,內惟配電變電所,YINXING,5,970.0,642.3707857147759,0
2024-11-09 02:00:00,永華二次變電所,YINXING,5,970.0,662.765121597248,0
2024-11-09 02:00:00,關西二次變電所,YINXING,5,970.0,877.9188104030326,0
2024-11-09 02:00:00,源海二次變電所,YINXING,5,970.0,923.6617831127727,0
2024-11-09 02:00:00,四湖配電變電所,YINXING,5,970.0,717.4404635888357,0
2024-11-09 02:00:00,新高港超高壓變電所,YINXING,5,970.0,644.1467621385411,0
2024-11-09 02:00:00,九曲配電變電所,YINXING,5,970.0,661.7665735209129,0
2024-11-09 02:00:00,崙背變電所,YINXING,5,970.0,736.1400717606599,0
2024-11-09 02:00:00,常德變電所,YINXING,5,970.0,923.0042615581553,0
2024-11-09 02:00:00,嶺口二次變電所,YINXING,5,970.0,654.8997025784198,0
2024-11-09 02:00:00,龍明配電變電所,YINXING,5,970.0,902.884654153278,0
2024-11-09 02:00:00,新工配電變電所,YINXING,5,970.0,866.6356499374054,0
2024-11-09 08:00:00,榮成變電所,YINXING,5,965.0,938.4342784888048,0
2024-11-09 08:00:00,西螺服務區,YINXING,5,965.0,792.9201755190225,0
2024-11-09 08:00:00,中部科學園區,YINXING,5,965.0,841.962912070925,0
2024-11-09 08:00:00,興變電所,YINXING,5,965.0,797.1266119961647,0
2024-11-09 08:00:00,中正變電所,YINXING,5,965.0,967.8634755127205,0
2024-11-09 08:00:00,成都變電所,YINXING,5,965.0,945.6595772799764,0
2024-11-09 08:00:00,新豐配電變電所,YINXING,5,965.0,916.1234367392684,0
2024-11-09 08:00:00,內惟配電變電所,YINXING,5,965.0,699.0974611974528,0
2024-11-09 08:00:00,永華二次變電所,YINXING,5,965.0,714.9479653635841,0
2024-11-09 08:00:00,關西二次變電所,YINXING,5,965.0,920.9784799034684,0
2024-11-09 08:00:00,源海二次變電所,YINXING,5,965.0,967.8711266260469,0
2024-11-09 08:00:00,四湖配電變電所,YINXING,5,965.0,762.6240575217242,0
2024-11-09 08:00:00,新高港超高壓變電所,YINXING,5,965.0,703.1450471907827,0
2024-11-09 08:00:00,九曲配電變電所,YINXING,5,965.0,713.8279225027349,0
2024-11-09 08:00:00,崙背變電所,YINXING,5,965.0,781.3487958870091,0
2024-11-09 08:00:00,常德變電所,YINXING,5,965.0,966.6336893136262,0
2024-11-09 08:00:00,嶺口二次變電所,YINXING,5,965.0,711.2118100710394,0
2024-11-09 08:00:00,龍明配電變電所,YINXING,5,965.0,945.2534697409893,0
2024-11-09 08:00:00,新工配電變電所,YINXING,5,965.0,907.7158695731512,0
2024-11-09 14:00:00,榮成變電所,YINXING,5,965.0,988.8578594754192,0
2024-11-09 14:00:00,西螺服務區,YINXING,5,965.0,847.7768961626812,0
2024-11-09 14:00:00,中部科學園區,YINXING,5,965.0,895.2765897550917,0
2024-11-09 14:00:00,興變電所,YINXING,5,965.0,855.6100498798004,0
2024-11-09 14:00:00,中正變電所,YINXING,5,965.0,1020.4550792303188,0
2024-11-09 14:00:00,成都變電所,YINXING,5,965.0,997.252227117452,0
2024-11-09 14:00:00,新豐配電變電所,YINXING,5,965.0,966.6752513762711,0
2024-11-09 14:00:00,內惟配電變電所,YINXING,5,965.0,761.095527252887,0
2024-11-09 14:00:00,永華二次變電所,YINXING,5,965.0,774.2098746637836,0
2024-11-09 14:00:00,關西二次變電所,YINXING,5,965.0,973.1404329390974,0
2024-11-09 14:00:00,源海二次變電所,YINXING,5,965.0,1020.4621703589349,0
2024-11-09 14:00:00,四湖配電變電所,YINXING,5,965.0,817.3109583838361,0
2024-11-09 14:00:00,新高港超高壓變電所,YINXING,5,965.0,766.3802385983973,0
2024-11-09 14:00:00,九曲配電變電所,YINXING,5,965.0,773.0298116759826,0
2024-11-09 14:00:00,崙背變電所,YINXING,5,965.0,835.8855626521861,0
2024-11-09 14:00:00,常德變電所,YINXING,5,965.0,1018.868132445468,0
2024-11-09 14:00:00,嶺口二次變電所,YINXING,5,965.0,772.8702493997639,0
2024-11-09 14:00:00,龍明配電變電所,YINXING,5,965.0,996.8258171300789,0
2024-11-09 14:00:00,新工配電變電所,YINXING,5,965.0,958.7240718977864,0
2024-11-09 20:00:00,榮成變電所,YINXING,5,965.0,1019.7178085069185,0
2024-11-09 20:00:00,西螺服務區,YINXING,5,965.0,881.7538227429795,0
2024-11-09 20:00:00,中部科學園區,YINXING,5,965.0,928.1687106169012,0
2024-11-09 20:00:00,興變電所,YINXING,5,965.0,891.7777261853108,0
2024-11-09 20:00:00,中正變電所,YINXING,5,965.0,1052.5817283276554,0
2024-11-09 20:00:00,成都變電所,YINXING,5,965.0,1028.8145398830134,0
2024-11-09 20:00:00,新豐配電變電所,YINXING,5,965.0,997.6717191968919,0
2024-11-09 20:00:00,內惟配電變電所,YINXING,5,965.0,799.6724545939035,0
2024-11-09 20:00:00,永華二次變電所,YINXING,5,965.0,811.0933675281357,0
2024-11-09 20:00:00,關西二次變電所,YINXING,5,965.0,1005.1143416868942,0
2024-11-09 20:00:00,源海二次變電所,YINXING,5,965.0,1052.5884560148745,0
2024-11-09 20:00:00,四湖配電變電所,YINXING,5,965.0,851.2818256042881,0
2024-11-09 20:00:00,新高港超高壓變電所,YINXING,5,965.0,805.6888042552204,0
2024-11-09 20:00:00,九曲配電變電所,YINXING,5,965.0,809.8808894841266,0
2024-11-09 20:00:00,崙背變電所,YINXING,5,965.0,869.7047733246942,0
2024-11-09 20:00:00,常德變電所,YINXING,5,965.0,1050.7769198391131,0
2024-11-09 20:00:00,嶺口二次變電所,YINXING,5,965.0,811.206204510819,0
2024-11-09 20:00:00,龍明配電變電所,YINXING,5,965.0,1028.37660223592,0
2024-11-09 20:00:00,新工配電變電所,YINXING,5,965.0,990.0231446041944,0
2024-11-10 02:00:00,榮成變電所,YINXING,5,965.0,1036.1660039687872,0
2024-11-10 02:00:00,西螺服務區,YINXING,5,965.0,900.3748000196817,0
2024-11-10 02:00:00,中部科學園區,YINXING,5,965.0,946.0316833311932,0
2024-11-10 02:00:00,興變電所,YINXING,5,965.0,911.8106388409536,0
2024-11-10 02:00:00,中正變電所,YINXING,5,965.0,1069.8186608074836,0
2024-11-10 02:00:00,成都變電所,YINXING,5,965.0,1045.7081632287836,0
2024-11-10 02:00:00,新豐配電變電所,YINXING,5,965.0,1014.2312781846658,0
2024-11-10 02:00:00,內惟配電變電所,YINXING,5,965.0,821.3887241659116,0
2024-11-10 02:00:00,永華二次變電所,YINXING,5,965.0,831.690440040031,0
2024-11-10 02:00:00,關西二次變電所,YINXING,5,965.0,1022.2985842502093,0
2024-11-10 02:00:00,源海二次變電所,YINXING,5,965.0,1069.825146093036,0
2024-11-10 02:00:00,四湖配電變電所,YINXING,5,965.0,869.938060340096,0
2024-11-10 02:00:00,新高港超高壓變電所,YINXING,5,965.0,827.8774050292989,0
2024-11-10 02:00:00,九曲配電變電所,YINXING,5,965.0,830.4584741480015,0
2024-11-10 02:00:00,崙背變電所,YINXING,5,965.0,888.2389213062729,0
2024-11-10 02:00:00,常德變電所,YINXING,5,965.0,1067.8740497010638,0
2024-11-10 02:00:00,嶺口二次變電所,YINXING,5,965.0,832.75052751559,0
2024-11-10 02:00:00,龍明配電變電所,YINXING,5,965.0,1045.2631902456749,0
2024-11-10 02:00:00,新工配電變電所,YINXING,5,965.0,1006.7864765083378,0
2024-11-10 08:00:00,榮成變電所,YINXING,5,975.0,1058.6194331688241,0
2024-11-10 08:00:00,西螺服務區,YINXING,5,975.0,921.9988317958322,0
2024-11-10 08:00:00,中部科學園區,YINXING,5,975.0,967.9637544186813,0
2024-11-10 08:00:00,興變電所,YINXING,5,975.0,932.814613683065,0
2024-11-10 08:00:00,中正變電所,YINXING,5,975.0,1091.9976406769804,0
2024-11-10 08:00:00,成都變電所,YINXING,5,975.0,1068.0083002105944,0
2024-11-10 08:00:00,新豐配電變電所,YINXING,5,975.0,1036.6447406895788,0
2024-11-10 08:00:00,內惟配電變電所,YINXING,5,975.0,841.53377405025,0
2024-11-10 08:00:00,永華二次變電所,YINXING,5,975.0,852.414330449299,0
2024-11-10 08:00:00,關西二次變電所,YINXING,5,975.0,1044.492503882574,0
2024-11-10 08:00:00,源海二次變電所,YINXING,5,975.0,1092.0042149319797,0
2024-11-10 08:00:00,四湖配電變電所,YINXING,5,975.0,891.5437751740867,0
2024-11-10 08:00:00,新高港超高壓變電所,YINXING,5,975.0,847.7619075776076,0
2024-11-10 08:00:00,九曲配電變電所,YINXING,5,975.0,851.1917694790158,0
2024-11-10 08:00:00,崙背變電所,YINXING,5,975.0,909.8972331067988,0
2024-11-10 08:00:00,常德變電所,YINXING,5,975.0,1090.1035302146092,0
2024-11-10 08:00:00,嶺口二次變電所,YINXING,5,975.0,852.9894216194278,0
2024-11-10 08:00:00,龍明配電變電所,YINXING,5,975.0,1067.565772586218,0
2024-11-10 08:00:00,新工配電變電所,YINXING,5,975.0,1029.1287721086242,0
2024-11-10 14:00:00,榮成變電所,YINXING,5,980.0,1074.5918105417516,0
2024-11-10 14:00:00,西螺服務區,YINXING,5,980.0,938.9492730670295,0
2024-11-10 14:00:00,中部科學園區,YINXING,5,980.0,984.5793376349961,0
2024-11-10 14:00:00,興變電所,YINXING,5,980.0,950.3603607970377,0
2024-11-10 14:00:00,中正變電所,YINXING,5,980.0,1108.3206602097982,0
2024-11-10 14:00:00,成都變電所,YINXING,5,980.0,1084.1804478126865,0
2024-11-10 14:00:00,新豐配電變電所,YINXING,5,980.0,1052.6706698971975,0
2024-11-10 14:00:00,內惟配電變電所,YINXING,5,980.0,859.7669005136752,0
2024-11-10 14:00:00,永華二次變電所,YINXING,5,980.0,870.199025058436,0
2024-11-10 14:00:00,關西二次變電所,YINXING,5,980.0,1060.79786336874,0
2024-11-10 14:00:00,源海二次變電所,YINXING,5,980.0,1108.3271253913836,0
2024-11-10 14:00:00,四湖配電變電所,YINXING,5,980.0,908.5133076303456,0
2024-11-10 14:00:00,新高港超高壓變電所,YINXING,5,980.0,866.1789598402389,0
2024-11-10 14:00:00,九曲配電變電所,YINXING,5,980.0,868.9686466419236,0
2024-11-10 14:00:00,崙背變電所,YINXING,5,980.0,926.8119176645913,0
2024-11-10 14:00:00,常德變電所,YINXING,5,980.0,1106.3642273454193,0
2024-11-10 14:00:00,嶺口二次變電所,YINXING,5,980.0,871.1540534611773,0
2024-11-10 14:00:00,龍明配電變電所,YINXING,5,980.0,1083.7348156519236,0
2024-11-10 14:00:00,新工配電變電所,YINXING,5,980.0,1045.2476414428334,0
2024-11-10 20:00:00,榮成變電所,YINXING,4,990.0,1127.5214744588272,0
2024-11-10 20:00:00,西螺服務區,YINXING,4,990.0,990.7880794915138,0
2024-11-10 20:00:00,中部科學園區,YINXING,4,990.0,1036.833475338494,0
2024-11-10 20:00:00,興變電所,YINXING,4,990.0,1001.3279184080751,0
2024-11-10 20:00:00,中正變電所,YINXING,4,990.0,1160.9004750004876,0
2024-11-10 20:00:00,成都變電所,YINXING,4,990.0,1136.9163529707628,0
2024-11-10 20:00:00,新豐配電變電所,YINXING,4,990.0,1105.5496957417095,0
2024-11-10 20:00:00,內惟配電變電所,YINXING,4,990.0,909.4877413841127,0
2024-11-10 20:00:00,永華二次變電所,YINXING,4,990.0,920.7713246827398,0
2024-11-10 20:00:00,關西二次變電所,YINXING,4,990.0,1113.396601564604,0
2024-11-10 20:00:00,源海二次變電所,YINXING,4,990.0,1160.9070560723474,0
2024-11-10 20:00:00,四湖配電變電所,YINXING,4,990.0,960.3281087483466,0
2024-11-10 20:00:00,新高港超高壓變電所,YINXING,4,990.0,915.5062294272292,0
2024-11-10 20:00:00,九曲配電變電所,YINXING,4,990.0,919.5547750145777,0
2024-11-10 20:00:00,崙背變電所,YINXING,4,990.0,978.6979436708899,0
2024-11-10 20:00:00,常德變電所,YINXING,4,990.0,1159.00955041224,0
2024-11-10 20:00:00,嶺口二次變電所,YINXING,4,990.0,921.0124983515284,0
2024-11-10 20:00:00,龍明配電變電所,YINXING,4,990.0,1136.4738421290613,0
2024-11-10 20:00:00,新工配電變電所,YINXING,4,990.0,1098.0365811938227,0
2024-11-11 02:00:00,榮成變電所,YINXING,4,994.0,1210.9001052977983,0
2024-11-11 02:00:00,西螺服務區,YINXING,4,994.0,1072.047794923021,0
2024-11-11 02:00:00,中部科學園區,YINXING,4,994.0,1118.8740748050511,0
2024-11-11 02:00:00,興變電所,YINXING,4,994.0,1080.917069008078,0
2024-11-11 02:00:00,中正變電所,YINXING,4,994.0,1243.5270030206887,0
2024-11-11 02:00:00,成都變電所,YINXING,4,994.0,1219.8807206662248,0
2024-11-11 02:00:00,新豐配電變電所,YINXING,4,994.0,1188.8316754641887,0
2024-11-11 02:00:00,內惟配電變電所,YINXING,4,994.0,986.9190697984841,0
2024-11-11 02:00:00,永華二次變電所,YINXING,4,994.0,999.7259944248692,0
2024-11-11 02:00:00,關西二次變電所,YINXING,4,994.0,1196.0882581564447,0
2024-11-11 02:00:00,源海二次變電所,YINXING,4,994.0,1243.5338208713843,0
2024-11-11 02:00:00,四湖配電變電所,YINXING,4,994.0,1041.569377029905,0
2024-11-11 02:00:00,新高港超高壓變電所,YINXING,4,994.0,992.2263410380725,0
2024-11-11 02:00:00,九曲配電變電所,YINXING,4,994.0,998.536425979264,0
2024-11-11 02:00:00,崙背變電所,YINXING,4,994.0,1060.0602162051498,0
2024-11-11 02:00:00,常德變電所,YINXING,4,994.0,1241.7732171515904,0
2024-11-11 02:00:00,嶺口二次變電所,YINXING,4,994.0,998.6723168350837,0
2024-11-11 02:00:00,龍明配電變電所,YINXING,4,994.0,1219.4449804882913,0
2024-11-11 02:00:00,新工配電變電所,YINXING,4,994.0,1181.1326750048383,0
2024-11-11 08:00:00,榮成變電所,YINXING,4,994.0,1318.484603269466,0
2024-11-11 08:00:00,西螺服務區,YINXING,4,994.0,1179.9243644439202,0
2024-11-11 08:00:00,中部科學園區,YINXING,4,994.0,1226.6910503833408,0
2024-11-11 08:00:00,興變電所,YINXING,4,994.0,1188.77688468842,0
2024-11-11 08:00:00,中正變電所,YINXING,4,994.0,1351.2694955064399,0
2024-11-11 08:00:00,成都變電所,YINXING,4,994.0,1327.5598616927036,0
2024-11-11 08:00:00,新豐配電變電所,YINXING,4,994.0,1296.4386166715442,0
2024-11-11 08:00:00,內惟配電變電所,YINXING,4,994.0,1094.5410817293005,0
2024-11-11 08:00:00,永華二次變電所,YINXING,4,994.0,1107.541827048585,0
2024-11-11 08:00:00,關西二次變電所,YINXING,4,994.0,1303.8172674775528,0
2024-11-11 08:00:00,源海二次變電所,YINXING,4,994.0,1351.2762745151226,0
2024-11-11 08:00:00,四湖配電變電所,YINXING,4,994.0,1149.445985995498,0
2024-11-11 08:00:00,新高港超高壓變電所,YINXING,4,994.0,1099.7215257936443,0
2024-11-11 08:00:00,九曲配電變電所,YINXING,4,994.0,1106.3548360311383,0
2024-11-11 08:00:00,崙背變電所,YINXING,4,994.0,1167.9310966001242,0
2024-11-11 08:00:00,常德變電所,YINXING,4,994.0,1349.4919343175318,0
2024-11-11 08:00:00,嶺口二次變電所,YINXING,4,994.0,1106.3281678737728,0
2024-11-11 08:00:00,龍明配電變電所,YINXING,4,994.0,1327.1227219346367,0
2024-11-11 08:00:00,新工配電變電所,YINXING,4,994.0,1288.7817829967294,0
2024-11-11 14:00:00,榮成變電所,YINXING,4,994.0,1425.8446015587572,0
2024-11-11 14:00:00,西螺服務區,YINXING,4,994.0,1285.2371820303292,0
2024-11-11 14:00:00,中部科學園區,YINXING,4,994.0,1332.7421514690382,0
2024-11-11 14:00:00,興變電所,YINXING,4,994.0,1292.4153125066878,0
2024-11-11 14:00:00,中正變電所,YINXING,4,994.0,1457.8286779007772,0
2024-11-11 14:00:00,成都變電所,YINXING,4,994.0,1434.4844905681548,0
2024-11-11 14:00:00,新豐配電變電所,YINXING,4,994.0,1403.7103460099424,0
2024-11-11 14:00:00,內惟配電變電所,YINXING,4,994.0,1196.2414059085,0
2024-11-11 14:00:00,永華二次變電所,YINXING,4,994.0,1210.6910834652438,0
2024-11-11 14:00:00,關西二次變電所,YINXING,4,994.0,1410.474625731186,0
2024-11-11 14:00:00,源海二次變電所,YINXING,4,994.0,1457.835698778396,0
2024-11-11 14:00:00,四湖配電變電所,YINXING,4,994.0,1254.775396921994,0
2024-11-11 14:00:00,新高港超高壓變電所,YINXING,4,994.0,1200.7225323747543,0
2024-11-11 14:00:00,九曲配電變電所,YINXING,4,994.0,1209.532506652334,0
2024-11-11 14:00:00,崙背變電所,YINXING,4,994.0,1273.3595141288313,0
2024-11-11 14:00:00,常德變電所,YINXING,4,994.0,1456.19483314218,0
2024-11-11 14:00:00,嶺口二次變電所,YINXING,4,994.0,1208.2231523343028,0
2024-11-11 14:00:00,龍明配電變電所,YINXING,4,994.0,1434.0546366289207,0
2024-11-11 14:00:00,新工配電變電所,YINXING,4,994.0,1395.8658865543039,0
2024-11-11 20:00:00,西螺服務區,YINXING,3,998.0,1369.0881259896364,0
2024-11-11 20:00:00,中部科學園區,YINXING,3,998.0,1417.0449069128954,0
2024-11-11 20:00:00,興變電所,YINXING,3,998.0,1375.1714974235051,0
2024-11-11 20:00:00,新豐配電變電所,YINXING,3,998.0,1488.7740482809324,0
2024-11-11 20:00:00,內惟配電變電所,YINXING,3,998.0,1277.8201428157304,0
2024-11-11 20:00:00,永華二次變電所,YINXING,3,998.0,1293.1957589769934,0
2024-11-11 20:00:00,關西二次變電所,YINXING,3,998.0,1495.1348694183582,0
2024-11-11 20:00:00,四湖配電變電所,YINXING,3,998.0,1338.656567494573,0
2024-11-11 20:00:00,新高港超高壓變電所,YINXING,3,998.0,1281.8416485569926,0
2024-11-11 20:00:00,九曲配電變電所,YINXING,3,998.0,1292.0566109695344,0
2024-11-11 20:00:00,崙背變電所,YINXING,3,998.0,1357.2927907951025,0
2024-11-11 20:00:00,嶺口二次變電所,YINXING,3,998.0,1289.9162012524127,0
2024-11-11 20:00:00,新工配電變電所,YINXING,3,998.0,1480.8106887076383,0
2024-11-12 02:00:00,西螺服務區,YINXING,3,1000.0,1476.8836662496262,0
2024-11-12 02:00:00,興變電所,YINXING,3,1000.0,1482.2113603559776,0
2024-11-12 02:00:00,內惟配電變電所,YINXING,3,1000.0,1384.0507289732784,0
2024-11-12 02:00:00,永華二次變電所,YINXING,3,1000.0,1400.0890744507917,0
2024-11-12 02:00:00,四湖配電變電所,YINXING,3,1000.0,1446.4806259887648,0
2024-11-12 02:00:00,新高港超高壓變電所,YINXING,3,1000.0,1387.7290206299933,0
2024-11-12 02:00:00,九曲配電變電所,YINXING,3,1000.0,1398.9642037506014,0
2024-11-12 02:00:00,崙背變電所,YINXING,3,1000.0,1465.1461701537933,0
2024-11-12 02:00:00,嶺口二次變電所,YINXING,3,1000.0,1396.2246206110221,0
2024-11-12 08:00:00,內惟配電變電所,YINXING,3,1002.0,1452.0661411931342,0
2024-11-12 08:00:00,永華二次變電所,YINXING,3,1002.0,1468.7733846875972,0
2024-11-12 08:00:00,新高港超高壓變電所,YINXING,3,1002.0,1455.403885229074,0
2024-11-12 08:00:00,九曲配電變電所,YINXING,3,1002.0,1467.6638462821334,0
2024-11-12 08:00:00,嶺口二次變電所,YINXING,3,1002.0,1464.3125777016357,0
2024-11-12 14:00:00,內惟配電變電所,YINXING,2,1004.0,1491.0365373630757,0
2024-11-12 14:00:00,新高港超高壓變電所,YINXING,2,1004.0,1494.4232832056275,0
2024-11-09 14:00:00,內惟配電變電所,TORAJI,3,1002.0,1490.621554751874,0
2024-11-09 14:00:00,新高港超高壓變電所,TORAJI,3,1002.0,1474.2532416957913,0
2024-11-09 14:00:00,嶺口二次變電所,TORAJI,3,1002.0,1490.3317042641659,0
2024-11-09 20:00:00,榮成變電所,TORAJI,3,1000.0,1497.0479733184409,0
2024-11-09 20:00:00,西螺服務區,TORAJI,3,1000.0,1444.2645287314444,0
2024-11-09 20:00:00,中部科學園區,TORAJI,3,1000.0,1459.3085059805103,0
2024-11-09 20:00:00,興變電所,TORAJI,3,1000.0,1396.775014672497,0
2024-11-09 20:00:00,中正變電所,TORAJI,3,1000.0,1466.6832281894497,0
2024-11-09 20:00:00,成都變電所,TORAJI,3,1000.0,1480.6904147493935,0
2024-11-09 20:00:00,新豐配電變電所,TORAJI,3,1000.0,1494.6297847583614,0
2024-11-09 20:00:00,內惟配電變電所,TORAJI,3,1000.0,1376.4380396830024,0
2024-11-09 20:00:00,永華二次變電所,TORAJI,3,1000.0,1404.8622746764186,0
2024-11-09 20:00:00,關西二次變電所,TORAJI,3,1000.0,1472.2774583258663,0
2024-11-09 20:00:00,源海二次變電所,TORAJI,3,1000.0,1466.6917375109256,0
2024-11-09 20:00:00,四湖配電變電所,TORAJI,3,1000.0,1450.448674326946,0
2024-11-09 20:00:00,新高港超高壓變電所,TORAJI,3,1000.0,1360.004532871428,0
2024-11-09 20:00:00,九曲配電變電所,TORAJI,3,1000.0,1405.8607853526432,0
2024-11-09 20:00:00,崙背變電所,TORAJI,3,1000.0,1449.7311440273209,0
2024-11-09 20:00:00,常德變電所,TORAJI,3,1000.0,1471.934404918003,0
2024-11-09 20:00:00,嶺口二次變電所,TORAJI,3,1000.0,1376.8815306859938,0
2024-11-09 20:00:00,龍明配電變電所,TORAJI,3,1000.0,1480.9711918683824,0
2024-11-09 20:00:00,新工配電變電所,TORAJI,3,1000.0,1488.2466259114397,0
2024-11-10 02:00:00,榮成變電所,TORAJI,3,998.0,1335.5378703345932,0
2024-11-10 02:00:00,西螺服務區,TORAJI,3,998.0,1268.178077026885,0
2024-11-10 02:00:00,中部科學園區,TORAJI,3,998.0,1288.1057603012014,0
2024-11-10 02:00:00,興變電所,TORAJI,3,998.0,1220.7893177645963,0
2024-11-10 02:00:00,中正變電所,TORAJI,3,998.0,1308.760095465806,0
2024-11-10 02:00:00,成都變電所,TORAJI,3,998.0,1320.162664437603,0
2024-11-10 02:00:00,新豐配電變電所,TORAJI,3,998.0,1330.8012545989225,0
2024-11-10 02:00:00,內惟配電變電所,TORAJI,3,998.0,1190.4630935901632,0
2024-11-10 02:00:00,永華二次變電所,TORAJI,3,998.0,1220.9190944863672,0
2024-11-10 02:00:00,關西二次變電所,TORAJI,3,998.0,1309.1947773664924,0
2024-11-10 02:00:00,源海二次變電所,TORAJI,3,998.0,1308.769344835528,0
2024-11-10 02:00:00,四湖配電變電所,TORAJI,3,998.0,1271.4754727500977,0
2024-11-10 02:00:00,新高港超高壓變電所,TORAJI,3,998.0,1174.039006138563,0
2024-11-10 02:00:00,九曲配電變電所,TORAJI,3,998.0,1221.8279741845618,0
2024-11-10 02:00:00,崙背變電所,TORAJI,3,998.0,1272.5425917763557,0
2024-11-10 02:00:00,常德變電所,TORAJI,3,998.0,1313.807290408556,0
2024-11-10 02:00:00,嶺口二次變電所,TORAJI,3,998.0,1192.0752962400595,0
2024-11-10 02:00:00,龍明配電變電所,TORAJI,3,998.0,1320.3961666928576,0
2024-11-10 02:00:00,新工配電變電所,TORAJI,3,998.0,1323.609667187324,0
2024-11-10 08:00:00,榮成變電所,TORAJI,4,996.0,1259.7101507910293,0
2024-11-10 08:00:00,西螺服務區,TORAJI,4,996.0,1178.7020060021048,0
2024-11-10 08:00:00,中部科學園區,TORAJI,4,996.0,1203.3460570685415,0
2024-11-10 08:00:00,興變電所,TORAJI,4,996.0,1131.8992206988362,0
2024-11-10 08:00:00,中正變電所,TORAJI,4,996.0,1236.6153893089515,0
2024-11-10 08:00:00,成都變電所,TORAJI,4,996.0,1245.4309446331206,0
2024-11-10 08:00:00,新豐配電變電所,TORAJI,4,996.0,1252.8076079220464,0
2024-11-10 08:00:00,內惟配電變電所,TORAJI,4,996.0,1091.3432725152193,0
2024-11-10 08:00:00,永華二次變電所,TORAJI,4,996.0,1123.7015331142177,0
2024-11-10 08:00:00,關西二次變電所,TORAJI,4,996.0,1232.142910421497,0
2024-11-10 08:00:00,源海二次變電所,TORAJI,4,996.0,1236.6252313847199,0
2024-11-10 08:00:00,四湖配電變電所,TORAJI,4,996.0,1179.0061296758583,0
2024-11-10 08:00:00,新高港超高壓變電所,TORAJI,4,996.0,1075.0883270630954,0
2024-11-10 08:00:00,九曲配電變電所,TORAJI,4,996.0,1124.5060803986207,0
2024-11-10 08:00:00,崙背變電所,TORAJI,4,996.0,1181.8985805020736,0
2024-11-10 08:00:00,常德變電所,TORAJI,4,996.0,1241.414184797872,0
2024-11-10 08:00:00,嶺口二次變電所,TORAJI,4,996.0,1094.2058927396715,0
2024-11-10 08:00:00,龍明配電變電所,TORAJI,4,996.0,1245.617065338006,0
2024-11-10 08:00:00,新工配電變電所,TORAJI,4,996.0,1244.9123835989972,0
2024-11-10 14:00:00,榮成變電所,TORAJI,4,990.0,1182.6516708336233,0
2024-11-10 14:00:00,西螺服務區,TORAJI,4,990.0,1086.6865956100437,0
2024-11-10 14:00:00,中部科學園區,TORAJI,4,990.0,1116.580029551269,0
2024-11-10 14:00:00,興變電所,TORAJI,4,990.0,1041.2066030786368,0
2024-11-10 14:00:00,中正變電所,TORAJI,4,990.0,1164.129168859199,0
2024-11-10 14:00:00,成都變電所,TORAJI,4,990.0,1169.8282754601348,0
2024-11-10 14:00:00,新豐配電變電所,TORAJI,4,990.0,1173.3214595813622,0
2024-11-10 14:00:00,內惟配電變電所,TORAJI,4,990.0,988.9287887598342,0
2024-11-10 14:00:00,永華二次變電所,TORAJI,4,990.0,1023.1577717437492,0
2024-11-10 14:00:00,關西二次變電所,TORAJI,4,990.0,1154.0190330263051,0
2024-11-10 14:00:00,源海二次變電所,TORAJI,4,990.0,1164.1395633955856,0
2024-11-10 14:00:00,四湖配電變電所,TORAJI,4,990.0,1083.4374579791622,0
2024-11-10 14:00:00,新高港超高壓變電所,TORAJI,4,990.0,973.0982733494975,0
2024-11-10 14:00:00,九曲配電變電所,TORAJI,4,990.0,1023.8266994492254,0
2024-11-10 14:00:00,崙背變電所,TORAJI,4,990.0,1088.459077849042,0
2024-11-10 14:00:00,常德變電所,TORAJI,4,990.0,1168.5753416822495,0
2024-11-10 14:00:00,嶺口二次變電所,TORAJI,4,990.0,993.2642050362454,0
2024-11-10 14:00:00,龍明配電變電所,TORAJI,4,990.0,1169.9569857638937,0
2024-11-10 14:00:00,新工配電變電所,TORAJI,4,990.0,1164.707550292455,0
2024-11-10 20:00:00,榮成變電所,TORAJI,5,985.0,1112.489414846273,0
2024-11-10 20:00:00,西螺服務區,TORAJI,5,985.0,1006.1167500942496,0
2024-11-10 20:00:00,中部科學園區,TORAJI,5,985.0,1039.6960552610353,0
2024-11-10 20:00:00,興變電所,TORAJI,5,985.0,962.0789547343925,0
2024-11-10 20:00:00,中正變電所,TORAJI,5,985.0,1097.5982174156163,0
2024-11-10 20:00:00,成都變電所,TORAJI,5,985.0,1100.8834851755194,0
2024-11-10 20:00:00,新豐配電變電所,TORAJI,5,985.0,1101.4125287460672,0
2024-11-10 20:00:00,內惟配電變電所,TORAJI,5,985.0,901.4216204596247,0
2024-11-10 20:00:00,永華二次變電所,TORAJI,5,985.0,936.740727031117,0
2024-11-10 20:00:00,關西二次變電所,TORAJI,5,985.0,1083.3161480181402,0
2024-11-10 20:00:00,源海二次變電所,TORAJI,5,985.0,1097.608929582428,0
2024-11-10 20:00:00,四湖配電變電所,TORAJI,5,985.0,1000.2218050574933,0
2024-11-10 20:00:00,新高港超高壓變電所,TORAJI,5,985.0,886.0694745972353,0
2024-11-10 20:00:00,九曲配電變電所,TORAJI,5,985.0,937.3012014493636,0
2024-11-10 20:00:00,崙背變電所,TORAJI,5,985.0,1006.8001428299706,0
2024-11-10 20:00:00,常德變電所,TORAJI,5,985.0,1101.7341764856762,0
2024-11-10 20:00:00,嶺口二次變電所,TORAJI,5,985.0,906.830901306063,0
2024-11-10 20:00:00,龍明配電變電所,TORAJI,5,985.0,1100.9675807000333,0
2024-11-10 20:00:00,新工配電變電所,TORAJI,5,985.0,1092.334328894661,0
2024-11-11 02:00:00,榮成變電所,TORAJI,5,980.0,1040.4493320688332,0
2024-11-11 02:00:00,西螺服務區,TORAJI,5,980.0,923.5560009328755,0
2024-11-11 02:00:00,中部科學園區,TORAJI,5,980.0,960.919122554025,0
2024-11-11 02:00:00,興變電所,TORAJI,5,980.0,881.5662272342446,0
2024-11-11 02:00:00,中正變電所,TORAJI,5,980.0,1029.6676666293151,0
2024-11-11 02:00:00,成都變電所,TORAJI,5,980.0,1030.2809191551462,0
2024-11-11 02:00:00,新豐配電變電所,TORAJI,5,980.0,1027.5579894371592,0
2024-11-11 02:00:00,內惟配電變電所,TORAJI,5,980.0,812.0650744283257,0
2024-11-11 02:00:00,永華二次變電所,TORAJI,5,980.0,848.2728376578224,0
2024-11-11 02:00:00,關西二次變電所,TORAJI,5,980.0,1010.9493390087102,0
2024-11-11 02:00:00,源海二次變電所,TORAJI,5,980.0,1029.6786233336734,0
2024-11-11 02:00:00,四湖配電變電所,TORAJI,5,980.0,914.7631459253188,0
2024-11-11 02:00:00,新高港超高壓變電所,TORAJI,5,980.0,797.4180977700655,0
2024-11-11 02:00:00,九曲配電變電所,TORAJI,5,980.0,848.7054041050731,0
2024-11-11 02:00:00,崙背變電所,TORAJI,5,980.0,923.019062855006,0
2024-11-11 02:00:00,常德變電所,TORAJI,5,980.0,1033.4249746130822,0
2024-11-11 02:00:00,嶺口二次變電所,TORAJI,5,980.0,818.6410661689781,0
2024-11-11 02:00:00,龍明配電變電所,TORAJI,5,980.0,1030.3153981828393,0
2024-11-11 02:00:00,新工配電變電所,TORAJI,5,980.0,1018.051313580774,0
2024-11-11 08:00:00,榮成變電所,TORAJI,5,980.0,981.0267981674853,0
2024-11-11 08:00:00,西螺服務區,TORAJI,5,980.0,855.4869250863923,0
2024-11-11 08:00:00,中部科學園區,TORAJI,5,980.0,896.0164157687215,0
2024-11-11 08:00:00,興變電所,TORAJI,5,980.0,815.7923742737577,0
2024-11-11 08:00:00,中正變電所,TORAJI,5,980.0,974.048877792508,0
2024-11-11 08:00:00,成都變電所,TORAJI,5,980.0,972.24181677661,0
2024-11-11 08:00:00,新豐配電變電所,TORAJI,5,980.0,966.5951640305046,0
2024-11-11 08:00:00,內惟配電變電所,TORAJI,5,980.0,738.663236815949,0
2024-11-11 08:00:00,永華二次變電所,TORAJI,5,980.0,775.3631011853354,0
2024-11-11 08:00:00,關西二次變電所,TORAJI,5,980.0,951.4734728483816,0
2024-11-11 08:00:00,源海二次變電所,TORAJI,5,980.0,974.0599609271774,0
2024-11-11 08:00:00,四湖配電變電所,TORAJI,5,980.0,844.0811856649916,0
2024-11-11 08:00:00,新高港超高壓變電所,TORAJI,5,980.0,724.8393050514318,0
2024-11-11 08:00:00,九曲配電變電所,TORAJI,5,980.0,775.671020839358,0
2024-11-11 08:00:00,崙背變電所,TORAJI,5,980.0,853.8239014923278,0
2024-11-11 08:00:00,常德變電所,TORAJI,5,980.0,977.4321277563171,0
2024-11-11 08:00:00,嶺口二次變電所,TORAJI,5,980.0,746.2818714027826,0
2024-11-11 08:00:00,龍明配電變電所,TORAJI,5,980.0,972.2311190749836,0
2024-11-11 08:00:00,新工配電變電所,TORAJI,5,980.0,956.7762304716258,0
2024-11-11 14:00:00,榮成變電所,TORAJI,4,990.0,884.5417772623588,0
2024-11-11 14:00:00,西螺服務區,TORAJI,4,990.0,747.7753138824921,0
2024-11-11 14:00:00,中部科學園區,TORAJI,4,990.0,792.5008152007131,0
2024-11-11 14:00:00,興變電所,TORAJI,4,990.0,712.3339239911804,0
2024-11-11 14:00:00,中正變電所,TORAJI,4,990.0,883.4160738920411,0
2024-11-11 14:00:00,成都變電所,TORAJI,4,990.0,877.9755294233489,0
2024-11-11 14:00:00,新豐配電變電所,TORAJI,4,990.0,867.9932494249607,0
2024-11-11 14:00:00,內惟配電變電所,TORAJI,4,990.0,624.7603350149416,0
2024-11-11 14:00:00,永華二次變電所,TORAJI,4,990.0,661.5353476848092,0
2024-11-11 14:00:00,關西二次變電所,TORAJI,4,990.0,855.3477095042566,0
2024-11-11 14:00:00,源海二次變電所,TORAJI,4,990.0,883.4271758302256,0
2024-11-11 14:00:00,四湖配電變電所,TORAJI,4,990.0,732.5398977555438,0
2024-11-11 14:00:00,新高港超高壓變電所,TORAJI,4,990.0,612.5273537619133,0
2024-11-11 14:00:00,九曲配電變電所,TORAJI,4,990.0,661.6430374960819,0
2024-11-11 14:00:00,崙背變電所,TORAJI,4,990.0,744.4100202409063,0
2024-11-11 14:00:00,常德變電所,TORAJI,4,990.0,886.1811709757818,0
2024-11-11 14:00:00,嶺口二次變電所,TORAJI,4,990.0,633.873436972301,0
2024-11-11 14:00:00,龍明配電變電所,TORAJI,4,990.0,877.8966846823816,0
2024-11-11 14:00:00,新工配電變電所,TORAJI,4,990.0,857.8455278927203,0
2024-11-11 20:00:00,榮成變電所,TORAJI,4,992.0,863.9908744287743,0
2024-11-11 20:00:00,西螺服務區,TORAJI,4,992.0,715.9554081319552,0
2024-11-11 20:00:00,中部科學園區,TORAJI,4,992.0,765.125928494888,0
2024-11-11 20:00:00,興變電所,TORAJI,4,992.0,687.8901815376936,0
2024-11-11 20:00:00,中正變電所,TORAJI,4,992.0,870.4412524793074,0
2024-11-11 20:00:00,成都變電所,TORAJI,4,992.0,860.4943360106226,0
2024-11-11 20:00:00,新豐配電變電所,TORAJI,4,992.0,845.083632498425,0
2024-11-11 20:00:00,內惟配電變電所,TORAJI,4,992.0,588.7760552576686,0
2024-11-11 20:00:00,永華二次變電所,TORAJI,4,992.0,623.9696299413389,0
2024-11-11 20:00:00,關西二次變電所,TORAJI,4,992.0,836.0659423481501,0
2024-11-11 20:00:00,源海二次變電所,TORAJI,4,992.0,870.4520789426675,0
2024-11-11 20:00:00,四湖配電變電所,TORAJI,4,992.0,695.6382560639489,0
2024-11-11 20:00:00,新高港超高壓變電所,TORAJI,4,992.0,579.6142434246057,0
2024-11-11 20:00:00,九曲配電變電所,TORAJI,4,992.0,623.7635050669036,0
2024-11-11 20:00:00,崙背變電所,TORAJI,4,992.0,710.2331085538187,0
2024-11-11 20:00:00,常德變電所,TORAJI,4,992.0,872.3480890828998,0
2024-11-11 20:00:00,嶺口二次變電所,TORAJI,4,992.0,599.7523767456788,0
2024-11-11 20:00:00,龍明配電變電所,TORAJI,4,992.0,860.3293109955217,0
2024-11-11 20:00:00,新工配電變電所,TORAJI,4,992.0,834.7756375992104,0
2024-11-12 02:00:00,榮成變電所,TORAJI,4,992.0,790.577687804972,0
2024-11-12 02:00:00,西螺服務區,TORAJI,4,992.0,638.4863074866695,0
2024-11-12 02:00:00,中部科學園區,TORAJI,4,992.0,689.3102495954311,0
2024-11-12 02:00:00,興變電所,TORAJI,4,992.0,615.2133529227658,0
2024-11-12 02:00:00,中正變電所,TORAJI,4,992.0,801.3178830944566,0
2024-11-12 02:00:00,成都變電所,TORAJI,4,992.0,788.8871184347535,0
2024-11-12 02:00:00,新豐配電變電所,TORAJI,4,992.0,770.5896132361381,0
2024-11-12 02:00:00,內惟配電變電所,TORAJI,4,992.0,511.76877028522756,0
2024-11-12 02:00:00,永華二次變電所,TORAJI,4,992.0,545.1605994885017,0
2024-11-12 02:00:00,關西二次變電所,TORAJI,4,992.0,763.7679441694028,0
2024-11-12 02:00:00,源海二次變電所,TORAJI,4,992.0,801.3283960770019,0
2024-11-12 02:00:00,四湖配電變電所,TORAJI,4,992.0,615.7107081511393,0
2024-11-12 02:00:00,新高港超高壓變電所,TORAJI,4,992.0,504.6695202154595,0
2024-11-12 02:00:00,九曲配電變電所,TORAJI,4,992.0,544.7813516036001,0
2024-11-12 02:00:00,崙背變電所,TORAJI,4,992.0,631.5497037656929,0
2024-11-12 02:00:00,常德變電所,TORAJI,4,992.0,802.6953811782607,0
2024-11-12 02:00:00,嶺口二次變電所,TORAJI,4,992.0,523.5331193525078,0
2024-11-12 02:00:00,龍明配電變電所,TORAJI,4,992.0,788.6746682547664,0
2024-11-12 02:00:00,新工配電變電所,TORAJI,4,992.0,760.3343593017394,0
2024-11-12 08:00:00,榮成變電所,TORAJI,4,992.0,760.3071031133547,0
2024-11-12 08:00:00,西螺服務區,TORAJI,4,992.0,606.3562437289595,0
2024-11-12 08:00:00,中部科學園區,TORAJI,4,992.0,657.9880614778876,0
2024-11-12 08:00:00,興變電所,TORAJI,4,992.0,586.7850031859505,0
2024-11-12 08:00:00,中正變電所,TORAJI,4,992.0,773.9640621305031,0
2024-11-12 08:00:00,成都變電所,TORAJI,4,992.0,759.8891366998023,0
2024-11-12 08:00:00,新豐配電變電所,TORAJI,4,992.0,739.6744250733971,0
2024-11-12 08:00:00,內惟配電變電所,TORAJI,4,992.0,481.322043015594,0
2024-11-12 08:00:00,永華二次變電所,TORAJI,4,992.0,512.9344278765535,0
2024-11-12 08:00:00,關西二次變電所,TORAJI,4,992.0,734.4413774777215,0
2024-11-12 08:00:00,源海二次變電所,TORAJI,4,992.0,773.9742965790851,0
2024-11-12 08:00:00,四湖配電變電所,TORAJI,4,992.0,581.9455639009656,0
2024-11-12 08:00:00,新高港超高壓變電所,TORAJI,4,992.0,475.87904284861474,0
2024-11-12 08:00:00,九曲配電變電所,TORAJI,4,992.0,512.4278038042081,0
2024-11-12 08:00:00,崙背變電所,TORAJI,4,992.0,598.5797053697761,0
2024-11-12 08:00:00,常德變電所,TORAJI,4,992.0,774.96903343207,0
2024-11-12 08:00:00,嶺口二次變電所,TORAJI,4,992.0,493.52765956914214,0
2024-11-12 08:00:00,龍明配電變電所,TORAJI,4,992.0,759.6449258642081,0
2024-11-12 08:00:00,新工配電變電所,TORAJI,4,992.0,729.5185917570255,0
2024-11-12 14:00:00,榮成變電所,TORAJI,3,994.0,727.720029316954,0
2024-11-12 14:00:00,西螺服務區,TORAJI,3,994.0,572.6716788689037,0
2024-11-12 14:00:00,中部科學園區,TORAJI,3,994.0,624.8591222543688,0
2024-11-12 14:00:00,興變電所,TORAJI,3,994.0,558.4562496749331,0
2024-11-12 14:00:00,中正變電所,TORAJI,3,994.0,745.1996540016239,0
2024-11-12 14:00:00,成都變電所,TORAJI,3,994.0,729.0238325001445,0
2024-11-12 14:00:00,新豐配電變電所,TORAJI,3,994.0,706.3732151765125,0
2024-11-12 14:00:00,內惟配電變電所,TORAJI,3,994.0,451.8933573836987,0
2024-11-12 14:00:00,永華二次變電所,TORAJI,3,994.0,480.4210034732812,0
2024-11-12 14:00:00,關西二次變電所,TORAJI,3,994.0,703.3360507310499,0
2024-11-12 14:00:00,源海二次變電所,TORAJI,3,994.0,745.2094370138288,0
2024-11-12 14:00:00,四湖配電變電所,TORAJI,3,994.0,546.2728684077218,0
2024-11-12 14:00:00,新高港超高壓變電所,TORAJI,3,994.0,448.888140030848,0
2024-11-12 14:00:00,九曲配電變電所,TORAJI,3,994.0,479.7427360543317,0
2024-11-12 14:00:00,崙背變電所,TORAJI,3,994.0,563.8179727995204,0
2024-11-12 14:00:00,常德變電所,TORAJI,3,994.0,745.6976750930147,0
2024-11-12 14:00:00,嶺口二次變電所,TORAJI,3,994.0,464.4859044443551,0
2024-11-12 14:00:00,龍明配電變電所,TORAJI,3,994.0,728.7387015689535,0
2024-11-12 14:00:00,新工配電變電所,TORAJI,3,994.0,696.4342048489866,0
2024-11-12 20:00:00,榮成變電所,TORAJI,3,994.0,706.3301952487825,0
2024-11-12 20:00:00,西螺服務區,TORAJI,3,994.0,551.6983765570926,0
2024-11-12 20:00:00,中部科學園區,TORAJI,3,994.0,603.8338834072325,0
2024-11-12 20:00:00,興變電所,TORAJI,3,994.0,542.3100255786019,0
2024-11-12 20:00:00,中正變電所,TORAJI,3,994.0,726.9524961654578,0
2024-11-12 20:00:00,成都變電所,TORAJI,3,994.0,709.0995698455266,0
2024-11-12 20:00:00,新豐配電變電所,TORAJI,3,994.0,684.5214559600478,0
2024-11-12 20:00:00,內惟配電變電所,TORAJI,3,994.0,436.42711103150407,0
2024-11-12 20:00:00,永華二次變電所,TORAJI,3,994.0,461.72805915847874,0
2024-11-12 20:00:00,關西二次變電所,TORAJI,3,994.0,683.3939747562134,0
2024-11-12 20:00:00,源海二次變電所,TORAJI,3,994.0,726.9618284873917,0
2024-11-12 20:00:00,四湖配電變電所,TORAJI,3,994.0,523.855208524402,0
2024-11-12 20:00:00,新高港超高壓變電所,TORAJI,3,994.0,435.6149356240478,0
2024-11-12 20:00:00,九曲配電變電所,TORAJI,3,994.0,460.90871441477276,0
2024-11-12 20:00:00,崙背變電所,TORAJI,3,994.0,541.9986306426013,0
2024-11-12 20:00:00,常德變電所,TORAJI,3,994.0,727.0163327415933,0
2024-11-12 20:00:00,嶺口二次變電所,TORAJI,3,994.0,449.12640817480406,0
2024-11-12 20:00:00,龍明配電變電所,TORAJI,3,994.0,708.7814749236333,0
2024-11-12 20:00:00,新工配電變電所,TORAJI,3,994.0,674.843233125739,0
2024-11-13 02:00:00,榮成變電所,TORAJI,3,994.0,707.0874228635929,0
2024-11-13 02:00:00,西螺服務區,TORAJI,3,994.0,555.5012595754009,0
2024-11-13 02:00:00,中部科學園區,TORAJI,3,994.0,606.608237880264,0
2024-11-13 02:00:00,興變電所,TORAJI,3,994.0,553.4347579370688,0
2024-11-13 02:00:00,中正變電所,TORAJI,3,994.0,732.1668550301222,0
2024-11-13 02:00:00,成都變電所,TORAJI,3,994.0,712.0312760517235,0
2024-11-13 02:00:00,新豐配電變電所,TORAJI,3,994.0,684.8524063539573,0
2024-11-13 02:00:00,內惟配電變電所,TORAJI,3,994.0,451.18238375343674,0
2024-11-13 02:00:00,永華二次變電所,TORAJI,3,994.0,471.06209682124364,0
2024-11-13 02:00:00,關西二次變電所,TORAJI,3,994.0,686.6231957314055,0
2024-11-13 02:00:00,源海二次變電所,TORAJI,3,994.0,732.1754135200019,0
2024-11-13 02:00:00,四湖配電變電所,TORAJI,3,994.0,526.0442781721761,0
2024-11-13 02:00:00,新高港超高壓變電所,TORAJI,3,994.0,453.4860255078024,0
2024-11-13 02:00:00,九曲配電變電所,TORAJI,3,994.0,470.05760365268804,0
2024-11-13 02:00:00,崙背變電所,TORAJI,3,994.0,544.7147178727937,0
2024-11-13 02:00:00,常德變電所,TORAJI,3,994.0,731.5873962601685,0
2024-11-13 02:00:00,嶺口二次變電所,TORAJI,3,994.0,463.6532097320202,0
2024-11-13 02:00:00,龍明配電變電所,TORAJI,3,994.0,711.667677810578,0
2024-11-13 02:00:00,新工配電變電所,TORAJI,3,994.0,675.698591556855,0
2024-11-13 08:00:00,榮成變電所,TORAJI,3,996.0,732.8764866646633,0
2024-11-13 08:00:00,西螺服務區,TORAJI,3,996.0,586.9804755641943,0
2024-11-13 08:00:00,中部科學園區,TORAJI,3,996.0,636.0419974763417,0
2024-11-13 08:00:00,興變電所,TORAJI,3,996.0,591.8103733536972,0
2024-11-13 08:00:00,中正變電所,TORAJI,3,996.0,761.969385683256,0
2024-11-13 08:00:00,成都變電所,TORAJI,3,996.0,739.8862266059999,0
2024-11-13 08:00:00,新豐配電變電所,TORAJI,3,996.0,710.5531646990488,0
2024-11-13 08:00:00,內惟配電變電所,TORAJI,3,996.0,495.37104445797564,0
2024-11-13 08:00:00,永華二次變電所,TORAJI,3,996.0,509.8442105465857,0
2024-11-13 08:00:00,關西二次變電所,TORAJI,3,996.0,715.1393187904393,0
2024-11-13 08:00:00,源海二次變電所,TORAJI,3,996.0,761.9770812100703,0
2024-11-13 08:00:00,四湖配電變電所,TORAJI,3,996.0,556.677571229198,0
2024-11-13 08:00:00,新高港超高壓變電所,TORAJI,3,996.0,500.30095310106856,0
2024-11-13 08:00:00,九曲配電變電所,TORAJI,3,996.0,508.70076675372604,0
2024-11-13 08:00:00,崙背變電所,TORAJI,3,996.0,575.4011718556714,0
2024-11-13 08:00:00,常德變電所,TORAJI,3,996.0,760.7731025720168,0
2024-11-13 08:00:00,嶺口二次變電所,TORAJI,3,996.0,507.2814411182108,0
2024-11-13 08:00:00,龍明配電變電所,TORAJI,3,996.0,739.4832654359225,0
2024-11-13 08:00:00,新工配電變電所,TORAJI,3,996.0,702.0592185988534,0
2024-11-13 14:00:00,榮成變電所,TORAJI,3,996.0,753.0546340833637,0
2024-11-13 14:00:00,西螺服務區,TORAJI,3,996.0,616.3261471171857,0
2024-11-13 14:00:00,中部科學園區,TORAJI,3,996.0,662.0471636503682,0
2024-11-13 14:00:00,興變電所,TORAJI,3,996.0,628.466790801833,0
2024-11-13 14:00:00,中正變電所,TORAJI,3,996.0,786.115729874464,0
2024-11-13 14:00:00,成都變電所,TORAJI,3,996.0,762.2276729015439,0
2024-11-13 14:00:00,新豐配電變電所,TORAJI,3,996.0,731.0183303424635,0
2024-11-13 14:00:00,內惟配電變電所,TORAJI,3,996.0,540.6688579722858,0
2024-11-13 14:00:00,永華二次變電所,TORAJI,3,996.0,549.056959872712,0
2024-11-13 14:00:00,關西二次變電所,TORAJI,3,996.0,738.6222604594963,0
2024-11-13 14:00:00,源海二次變電所,TORAJI,3,996.0,786.1223554875071,0
2024-11-13 14:00:00,四湖配電變電所,TORAJI,3,996.0,585.8964091931409,0
2024-11-13 14:00:00,新高港超高壓變電所,TORAJI,3,996.0,548.1933965917342,0
2024-11-13 14:00:00,九曲配電變電所,TORAJI,3,996.0,547.8014390995149,0
2024-11-13 14:00:00,崙背變電所,TORAJI,3,996.0,604.1824585341268,0
2024-11-13 14:00:00,常德變電所,TORAJI,3,996.0,784.255930357976,0
2024-11-13 14:00:00,嶺口二次變電所,TORAJI,3,996.0,551.6516347073643,0
2024-11-13 14:00:00,龍明配電變電所,TORAJI,3,996.0,761.7878213036795,0
2024-11-13 14:00:00,新工配電變電所,TORAJI,3,996.0,723.4023968054701,0
2024-11-13 20:00:00,榮成變電所,TORAJI,3,998.0,780.8122938218559,0
2024-11-13 20:00:00,西螺服務區,TORAJI,3,998.0,651.3052616706525,0
2024-11-13 20:00:00,中部科學園區,TORAJI,3,998.0,694.4238631633613,0
2024-11-13 20:00:00,興變電所,TORAJI,3,998.0,667.7089559594052,0
2024-11-13 20:00:00,中正變電所,TORAJI,3,998.0,816.123886826675,0
2024-11-13 20:00:00,成都變電所,TORAJI,3,998.0,791.2888971361929,0
2024-11-13 20:00:00,新豐配電變電所,TORAJI,3,998.0,759.1696736449222,0
2024-11-13 20:00:00,內惟配電變電所,TORAJI,3,998.0,585.9658108074747,0
2024-11-13 20:00:00,永華二次變電所,TORAJI,3,998.0,590.7816411219779,0
2024-11-13 20:00:00,關西二次變電所,TORAJI,3,998.0,768.6260533364133,0
2024-11-13 20:00:00,源海二次變電所,TORAJI,3,998.0,816.1297760203689,0
2024-11-13 20:00:00,四湖配電變電所,TORAJI,3,998.0,621.1968305819206,0
2024-11-13 20:00:00,新高港超高壓變電所,TORAJI,3,998.0,594.8425551741559,0
2024-11-13 20:00:00,九曲配電變電所,TORAJI,3,998.0,589.4788656980255,0
2024-11-13 20:00:00,崙背變電所,TORAJI,3,998.0,638.9720459356207,0
2024-11-13 20:00:00,常德變電所,TORAJI,3,998.0,813.8563981365506,0
2024-11-13 20:00:00,嶺口二次變電所,TORAJI,3,998.0,596.285306247237,0
2024-11-13 20:00:00,龍明配電變電所,TORAJI,3,998.0,790.8293806208675,0
2024-11-13 20:00:00,新工配電變電所,TORAJI,3,998.0,752.1902120394179,0
2024-11-14 02:00:00,榮成變電所,TORAJI,3,998.0,808.2509717398544,0
2024-11-14 02:00:00,西螺服務區,TORAJI,3,998.0,682.5453281376517,0
2024-11-14 02:00:00,中部科學園區,TORAJI,3,998.0,724.3260712548272,0
2024-11-14 02:00:00,興變電所,TORAJI,3,998.0,700.8169642182696,0
2024-11-14 02:00:00,中正變電所,TORAJI,3,998.0,844.5744504889834,0
2024-11-14 02:00:00,成都變電所,TORAJI,3,998.0,819.3385597986343,0
2024-11-14 02:00:00,新豐配電變電所,TORAJI,3,998.0,786.8598658884673,0
2024-11-14 02:00:00,內惟配電變電所,TORAJI,3,998.0,621.8610281688517,0
2024-11-14 02:00:00,永華二次變電所,TORAJI,3,998.0,625.1809416797938,0
2024-11-14 02:00:00,關西二次變電所,TORAJI,3,998.0,797.1910220191476,0
2024-11-14 02:00:00,源海二次變電所,TORAJI,3,998.0,844.5799683697389,0
2024-11-14 02:00:00,四湖配電變電所,TORAJI,3,998.0,652.6814034456688,0
2024-11-14 02:00:00,新高港超高壓變電所,TORAJI,3,998.0,631.2606192231958,0
2024-11-14 02:00:00,九曲配電變電所,TORAJI,3,998.0,623.862123804643,0
2024-11-14 02:00:00,崙背變電所,TORAJI,3,998.0,670.165090912246,0
2024-11-14 02:00:00,常德變電所,TORAJI,3,998.0,842.1139889311228,0
2024-11-14 02:00:00,嶺口二次變電所,TORAJI,3,998.0,631.8821844394249,0
2024-11-14 02:00:00,龍明配電變電所,TORAJI,3,998.0,818.8706096397859,0
2024-11-14 02:00:00,新工配電變電所,TORAJI,3,998.0,780.2100473588758,0
2024-11-14 08:00:00,榮成變電所,TORAJI,3,1000.0,842.8568108093369,0
2024-11-14 08:00:00,西螺服務區,TORAJI,3,1000.0,719.6804582671591,0
2024-11-14 08:00:00,中部科學園區,TORAJI,3,1000.0,760.6043201306429,0
2024-11-14 08:00:00,興變電所,TORAJI,3,1000.0,739.0210566850269,0
2024-11-14 08:00:00,中正變電所,TORAJI,3,1000.0,879.8167827010266,0
2024-11-14 08:00:00,成都變電所,TORAJI,3,1000.0,854.3390802516062,0
2024-11-14 08:00:00,新豐配電變電所,TORAJI,3,1000.0,821.6537671484659,0
2024-11-14 08:00:00,內惟配電變電所,TORAJI,3,1000.0,661.5739988002609,0
2024-11-14 08:00:00,永華二次變電所,TORAJI,3,1000.0,664.140517264384,0
2024-11-14 08:00:00,關西二次變電所,TORAJI,3,1000.0,832.54891697932,0
2024-11-14 08:00:00,源海二次變電所,TORAJI,3,1000.0,879.8220527265597,0
2024-11-14 08:00:00,四湖配電變電所,TORAJI,3,1000.0,689.990405506628,0
2024-11-14 08:00:00,新高港超高壓變電所,TORAJI,3,1000.0,671.2151576305578,0
2024-11-14 08:00:00,九曲配電變電所,TORAJI,3,1000.0,662.8142527477654,0
2024-11-14 08:00:00,崙背變電所,TORAJI,3,1000.0,707.2839897508179,0
2024-11-14 08:00:00,常德變電所,TORAJI,3,1000.0,877.231658506473,0
2024-11-14 08:00:00,嶺口二次變電所,TORAJI,3,1000.0,671.4449490835788,0
2024-11-14 08:00:00,龍明配電變電所,TORAJI,3,1000.0,853.8659916556621,0
2024-11-14 08:00:00,新工配電變電所,TORAJI,3,1000.0,815.2278220151337,0
2024-11-14 14:00:00,榮成變電所,TORAJI,3,1000.0,854.5073554840272,0
2024-11-14 14:00:00,西螺服務區,TORAJI,3,1000.0,733.7384441591284,0
2024-11-14 14:00:00,中部科學園區,TORAJI,3,1000.0,773.8133862990884,0
2024-11-14 14:00:00,興變電所,TORAJI,3,1000.0,754.1624112146958,0
2024-11-14 14:00:00,中正變電所,TORAJI,3,1000.0,892.0064549739282,0
2024-11-14 14:00:00,成都變電所,TORAJI,3,1000.0,866.3283629740757,0
2024-11-14 14:00:00,新豐配電變電所,TORAJI,3,1000.0,833.4817691581273,0
2024-11-14 14:00:00,內惟配電變電所,TORAJI,3,1000.0,678.5216044603712,0
2024-11-14 14:00:00,永華二次變電所,TORAJI,3,1000.0,680.1661109689734,0
2024-11-14 14:00:00,關西二次變電所,TORAJI,3,1000.0,844.8694324666251,0
2024-11-14 14:00:00,源海二次變電所,TORAJI,3,1000.0,892.0115004319972,0
2024-11-14 14:00:00,四湖配電變電所,TORAJI,3,1000.0,704.2410926840075,0
2024-11-14 14:00:00,新高港超高壓變電所,TORAJI,3,1000.0,688.4796412498965,0
2024-11-14 14:00:00,九曲配電變電所,TORAJI,3,1000.0,678.832054863538,0
2024-11-14 14:00:00,崙背變電所,TORAJI,3,1000.0,721.33465780388,0
2024-11-14 14:00:00,常德變電所,TORAJI,3,1000.0,889.3115932215496,0
2024-11-14 14:00:00,嶺口二次變電所,TORAJI,3,1000.0,688.1947532091956,0
2024-11-14 14:00:00,龍明配電變電所,TORAJI,3,1000.0,865.8510155870823,0
2024-11-14 14:00:00,新工配電變電所,TORAJI,3,1000.0,827.2566595446959,0
2024-11-14 20:00:00,榮成變電所,TORAJI,2,1004.0,881.1641388125596,0
2024-11-14 20:00:00,西螺服務區,TORAJI,2,1004.0,762.1529450748302,0
2024-11-14 20:00:00,中部科學園區,TORAJI,2,1004.0,801.6414289576901,0
2024-11-14 20:00:00,興變電所,TORAJI,2,1004.0,783.2456924281552,0
2024-11-14 20:00:00,中正變電所,TORAJI,2,1004.0,919.0572645341275,0
2024-11-14 20:00:00,成都變電所,TORAJI,2,1004.0,893.2380220161258,0
2024-11-14 20:00:00,新豐配電變電所,TORAJI,2,1004.0,860.2822396157825,0
2024-11-14 20:00:00,內惟配電變電所,TORAJI,2,1004.0,708.5898892017293,0
2024-11-14 20:00:00,永華二次變電所,TORAJI,2,1004.0,709.7696266348484,0
2024-11-14 20:00:00,關西二次變電所,TORAJI,2,1004.0,872.0339924795576,0
2024-11-14 20:00:00,源海二次變電所,TORAJI,2,1004.0,919.0621407492318,0
2024-11-14 20:00:00,四湖配電變電所,TORAJI,2,1004.0,732.790899248833,0
2024-11-14 20:00:00,新高港超高壓變電所,TORAJI,2,1004.0,718.6912877755229,0
2024-11-14 20:00:00,九曲配電變電所,TORAJI,2,1004.0,708.4317613749851,0
2024-11-14 20:00:00,崙背變電所,TORAJI,2,1004.0,749.748989753559,0
2024-11-14 20:00:00,常德變電所,TORAJI,2,1004.0,916.2812107190665,0
2024-11-14 20:00:00,嶺口二次變電所,TORAJI,2,1004.0,718.1664225846364,0
2024-11-14 20:00:00,龍明配電變電所,TORAJI,2,1004.0,892.7576425394344,0
2024-11-14 20:00:00,新工配電變電所,TORAJI,2,1004.0,854.2110266213259,0
2024-11-15 02:00:00,榮成變電所,TORAJI,2,1006.0,931.5986051013681,0
2024-11-15 02:00:00,西螺服務區,TORAJI,2,1006.0,814.1787508445219,0
2024-11-15 02:00:00,中部科學園區,TORAJI,2,1006.0,853.1797258624482,0
2024-11-15 02:00:00,興變電所,TORAJI,2,1006.0,835.7452898690374,0
2024-11-15 02:00:00,中正變電所,TORAJI,2,1006.0,969.8609164018693,0
2024-11-15 02:00:00,成都變電所,TORAJI,2,1006.0,943.9140844728579,0
2024-11-15 02:00:00,新豐配電變電所,TORAJI,2,1006.0,910.8634768189653,0
2024-11-15 02:00:00,內惟配電變電所,TORAJI,2,1006.0,761.5732309861648,0
2024-11-15 02:00:00,永華二次變電所,TORAJI,2,1006.0,762.5731146712693,0
2024-11-15 02:00:00,關西二次變電所,TORAJI,2,1006.0,922.9578816351327,0
2024-11-15 02:00:00,源海二次變電所,TORAJI,2,1006.0,969.8656304137736,0
2024-11-15 02:00:00,四湖配電變電所,TORAJI,2,1006.0,784.9251214268535,0
2024-11-15 02:00:00,新高港超高壓變電所,TORAJI,2,1006.0,771.7060240099158,0
2024-11-15 02:00:00,九曲配電變電所,TORAJI,2,1006.0,761.233486134975,0
2024-11-15 02:00:00,崙背變電所,TORAJI,2,1006.0,801.7771384934313,0
2024-11-15 02:00:00,常德變電所,TORAJI,2,1006.0,967.0081498031277,0
2024-11-15 02:00:00,嶺口二次變電所,TORAJI,2,1006.0,771.1208501658269,0
2024-11-15 02:00:00,龍明配電變電所,TORAJI,2,1006.0,943.4309355788868,0
2024-11-15 02:00:00,新工配電變電所,TORAJI,2,1006.0,904.9418661442669,0
2024-11-15 08:00:00,榮成變電所,TORAJI,2,1008.0,951.7410900503893,0
2024-11-15 08:00:00,西螺服務區,TORAJI,2,1008.0,832.5905696075579,0
2024-11-15 08:00:00,中部科學園區,TORAJI,2,1008.0,872.2396770051017,0
2024-11-15 08:00:00,興變電所,TORAJI,2,1008.0,853.3029030988886,0
2024-11-15 08:00:00,中正變電所,TORAJI,2,1008.0,989.6834051050595,0
2024-11-15 08:00:00,成都變電所,TORAJI,2,1008.0,963.8509888912786,0
2024-11-15 08:00:00,新豐配電變電所,TORAJI,2,1008.0,930.8822314894551,0
2024-11-15 08:00:00,內惟配電變電所,TORAJI,2,1008.0,777.440529125802,0
2024-11-15 08:00:00,永華二次變電所,TORAJI,2,1008.0,779.319221768877,0
2024-11-15 08:00:00,關西二次變電所,TORAJI,2,1008.0,942.6677216040046,0
2024-11-15 08:00:00,源海二次變電所,TORAJI,2,1008.0,989.6882679304275,0
2024-11-15 08:00:00,四湖配電變電所,TORAJI,2,1008.0,803.169811570204,0
2024-11-15 08:00:00,新高港超高壓變電所,TORAJI,2,1008.0,787.2541174901664,0
2024-11-15 08:00:00,九曲配電變電所,TORAJI,2,1008.0,777.985991404504,0
2024-11-15 08:00:00,崙背變電所,TORAJI,2,1008.0,820.1862482765154,0
2024-11-15 08:00:00,常德變電所,TORAJI,2,1008.0,986.9001491824516,0
2024-11-15 08:00:00,嶺口二次變電所,TORAJI,2,1008.0,787.1874173976198,0
2024-11-15 08:00:00,龍明配電變電所,TORAJI,2,1008.0,963.3702739304033,0
2024-11-15 08:00:00,新工配電變電所,TORAJI,2,1008.0,924.829528442094,0
2024-11-15 14:00:00,榮成變電所,TORAJI,2,1008.0,951.5845026691761,0
2024-11-15 14:00:00,西螺服務區,TORAJI,2,1008.0,828.1566628895895,0
2024-11-15 14:00:00,中部科學園區,TORAJI,2,1008.0,869.3323811612046,0
2024-11-15 14:00:00,興變電所,TORAJI,2,1008.0,846.860188436026,0
2024-11-15 14:00:00,中正變電所,TORAJI,2,1008.0,988.6101112513103,0
2024-11-15 14:00:00,成都變電所,TORAJI,2,1008.0,963.1159382806864,0
2024-11-15 14:00:00,新豐配電變電所,TORAJI,2,1008.0,930.4096059302694,0
2024-11-15 14:00:00,內惟配電變電所,TORAJI,2,1008.0,767.5242134738924,0
2024-11-15 14:00:00,永華二次變電所,TORAJI,2,1008.0,771.2241151339781,0
2024-11-15 14:00:00,關西二次變電所,TORAJI,2,1008.0,941.3470642641184,0
2024-11-15 14:00:00,源海二次變電所,TORAJI,2,1008.0,988.6153689857128,0
2024-11-15 14:00:00,四湖配電變電所,TORAJI,2,1008.0,798.3878159527566,0
2024-11-15 14:00:00,新高港超高壓變電所,TORAJI,2,1008.0,776.6801655884776,0
2024-11-15 14:00:00,九曲配電變電所,TORAJI,2,1008.0,769.9069521922521,0
2024-11-15 14:00:00,崙背變電所,TORAJI,2,1008.0,815.7657573376279,0
2024-11-15 14:00:00,常德變電所,TORAJI,2,1008.0,986.0174535334661,0
2024-11-15 14:00:00,嶺口二次變電所,TORAJI,2,1008.0,777.6590582249336,0
2024-11-15 14:00:00,龍明配電變電所,TORAJI,2,1008.0,962.6423915348784,0
2024-11-15 14:00:00,新工配電變電所,TORAJI,2,1008.0,924.0076275175219,0
2024-11-15 20:00:00,榮成變電所,TORAJI,2,1008.0,927.5256241121863,0
2024-11-15 20:00:00,西螺服務區,TORAJI,2,1008.0,798.3549725541535,0
2024-11-15 20:00:00,中部科學園區,TORAJI,2,1008.0,841.5554944356938,0
2024-11-15 20:00:00,興變電所,TORAJI,2,1008.0,814.1752522335454,0
2024-11-15 20:00:00,中正變電所,TORAJI,2,1008.0,963.1021236042835,0
2024-11-15 20:00:00,成都變電所,TORAJI,2,1008.0,938.1750489827007,0
2024-11-15 20:00:00,新豐配電變電所,TORAJI,2,1008.0,905.9546059155178,0
2024-11-15 20:00:00,內惟配電變電所,TORAJI,2,1008.0,730.391173041198,0
2024-11-15 20:00:00,永華二次變電所,TORAJI,2,1008.0,736.5449891872789,0
2024-11-15 20:00:00,關西二次變電所,TORAJI,2,1008.0,915.6203389685435,0
2024-11-15 20:00:00,源海二次變電所,TORAJI,2,1008.0,963.1079403479162,0
2024-11-15 20:00:00,四湖配電變電所,TORAJI,2,1008.0,768.2107097746604,0
2024-11-15 20:00:00,新高港超高壓變電所,TORAJI,2,1008.0,738.6346733223003,0
2024-11-15 20:00:00,九曲配電變電所,TORAJI,2,1008.0,735.2551265816991,0
2024-11-15 20:00:00,崙背變電所,TORAJI,2,1008.0,786.0310440661011,0
2024-11-15 20:00:00,常德變電所,TORAJI,2,1008.0,960.7941197316629,0
2024-11-15 20:00:00,嶺口二次變電所,TORAJI,2,1008.0,741.0088325331046,0
2024-11-15 20:00:00,龍明配電變電所,TORAJI,2,1008.0,937.713389926216,0
2024-11-15 20:00:00,新工配電變電所,TORAJI,2,1008.0,899.0626599926087,0
2024-11-16 02:00:00,興變電所,MAN-YI,5,940.0,1477.2416114684231,0
2024-11-16 02:00:00,內惟配電變電所,MAN-YI,5,940.0,1428.3988722398387,0
2024-11-16 02:00:00,永華二次變電所,MAN-YI,5,940.0,1462.279146069062,0
2024-11-16 02:00:00,新高港超高壓變電所,MAN-YI,5,940.0,1412.4667232553338,0
2024-11-16 02:00:00,九曲配電變電所,MAN-YI,5,940.0,1462.9792029704395,0
2024-11-16 02:00:00,嶺口二次變電所,MAN-YI,5,940.0,1432.4369551683262,0
2024-11-16 08:00:00,西螺服務區,MAN-YI,5,920.0,1407.9475757780147,0
2024-11-16 08:00:00,中部科學園區,MAN-YI,5,920.0,1437.9170746175694,0
2024-11-16 08:00:00,興變電所,MAN-YI,5,920.0,1362.5352370102626,0
2024-11-16 08:00:00,中正變電所,MAN-YI,5,920.0,1483.8237304877744,0
2024-11-16 08:00:00,成都變電所,MAN-YI,5,920.0,1490.1145373931156,0
2024-11-16 08:00:00,新豐配電變電所,MAN-YI,5,920.0,1494.1676820652424,0
2024-11-16 08:00:00,內惟配電變電所,MAN-YI,5,920.0,1308.908726262509,0
2024-11-16 08:00:00,永華二次變電所,MAN-YI,5,920.0,1343.4583791490088,0
2024-11-16 08:00:00,關西二次變電所,MAN-YI,5,920.0,1474.6762991016649,0
2024-11-16 08:00:00,源海二次變電所,MAN-YI,5,920.0,1483.8340230743895,0
2024-11-16 08:00:00,四湖配電變電所,MAN-YI,5,920.0,1404.40969480699,0
2024-11-16 08:00:00,新高港超高壓變電所,MAN-YI,5,920.0,1293.1986470357972,0
2024-11-16 08:00:00,九曲配電變電所,MAN-YI,5,920.0,1344.1004604902084,0
2024-11-16 08:00:00,崙背變電所,MAN-YI,5,920.0,1409.6267564528823,0
2024-11-16 08:00:00,常德變電所,MAN-YI,5,920.0,1488.3474101797065,0
2024-11-16 08:00:00,嶺口二次變電所,MAN-YI,5,920.0,1313.5376589635757,0
2024-11-16 08:00:00,龍明配電變電所,MAN-YI,5,920.0,1490.2530183252318,0
2024-11-16 08:00:00,新工配電變電所,MAN-YI,5,920.0,1485.629542678343,0
2024-11-16 14:00:00,榮成變電所,MAN-YI,5,920.0,1388.3778381864329,0
2024-11-16 14:00:00,西螺服務區,MAN-YI,5,920.0,1286.300912784107,0
2024-11-16 14:00:00,中部科學園區,MAN-YI,5,920.0,1318.6232941565797,0
2024-11-16 14:00:00,興變電所,MAN-YI,5,920.0,1241.7548884087864,0
2024-11-16 14:00:00,中正變電所,MAN-YI,5,920.0,1371.419084651285,0
2024-11-16 14:00:00,成都變電所,MAN-YI,5,920.0,1376.0999865539025,0
2024-11-16 14:00:00,新豐配電變電所,MAN-YI,5,920.0,1378.1871726595366,0
2024-11-16 14:00:00,內惟配電變電所,MAN-YI,5,920.0,1183.0423652100326,0
2024-11-16 14:00:00,永華二次變電所,MAN-YI,5,920.0,1218.2281797220533,0
2024-11-16 14:00:00,關西二次變電所,MAN-YI,5,920.0,1359.4598190687236,0
2024-11-16 14:00:00,源海二次變電所,MAN-YI,5,920.0,1371.4296173563462,0
2024-11-16 14:00:00,四湖配電變電所,MAN-YI,5,920.0,1281.1214054269387,0
2024-11-16 14:00:00,新高港超高壓變電所,MAN-YI,5,920.0,1167.6199319174627,0
2024-11-16 14:00:00,九曲配電變電所,MAN-YI,5,920.0,1218.8052996513732,0
2024-11-16 14:00:00,崙背變電所,MAN-YI,5,920.0,1287.3028395780664,0
2024-11-16 14:00:00,常德變電所,MAN-YI,5,920.0,1375.7441525320983,0
2024-11-16 14:00:00,嶺口二次變電所,MAN-YI,5,920.0,1188.304907374137,0
2024-11-16 14:00:00,龍明配電變電所,MAN-YI,5,920.0,1376.208874508214,0
2024-11-16 14:00:00,新工配電變電所,MAN-YI,5,920.0,1369.3283680703332,0
2024-11-16 20:00:00,榮成變電所,MAN-YI,5,920.0,1292.3226293769844,0
2024-11-16 20:00:00,西螺服務區,MAN-YI,5,920.0,1183.2442430001038,0
2024-11-16 20:00:00,中部科學園區,MAN-YI,5,920.0,1218.0108819917152,0
2024-11-16 20:00:00,興變電所,MAN-YI,5,920.0,1139.8126293897963,0
2024-11-16 20:00:00,中正變電所,MAN-YI,5,920.0,1277.9769479418444,0
2024-11-16 20:00:00,成都變電所,MAN-YI,5,920.0,1280.9304090691364,0
2024-11-16 20:00:00,新豐配電變電所,MAN-YI,5,920.0,1280.916085599083,0
2024-11-16 20:00:00,內惟配電變電所,MAN-YI,5,920.0,1075.670601401941,0
2024-11-16 20:00:00,永華二次變電所,MAN-YI,5,920.0,1111.448859309596,0
2024-11-16 20:00:00,關西二次變電所,MAN-YI,5,920.0,1263.0755262541077,0
2024-11-16 20:00:00,源海二次變電所,MAN-YI,5,920.0,1277.9876912518191,0
2024-11-16 20:00:00,四湖配電變電所,MAN-YI,5,920.0,1176.282670749703,0
2024-11-16 20:00:00,新高港超高壓變電所,MAN-YI,5,920.0,1060.6260805597915,0
2024-11-16 20:00:00,九曲配電變電所,MAN-YI,5,920.0,1111.9515983881502,0
2024-11-16 20:00:00,崙背變電所,MAN-YI,5,920.0,1183.50149604209,0
2024-11-16 20:00:00,常德變電所,MAN-YI,5,920.0,1282.0736585883358,0
2024-11-16 20:00:00,嶺口二次變電所,MAN-YI,5,920.0,1081.6256950136667,0
2024-11-16 20:00:00,龍明配電變電所,MAN-YI,5,920.0,1281.0074161627765,0
2024-11-16 20:00:00,新工配電變電所,MAN-YI,5,920.0,1271.7477835180662,0
2024-11-17 02:00:00,榮成變電所,MAN-YI,5,935.0,1227.9479334721966,0
2024-11-17 02:00:00,西螺服務區,MAN-YI,5,935.0,1112.6306048899182,0
2024-11-17 02:00:00,中部科學園區,MAN-YI,5,935.0,1149.6154493451486,0
2024-11-17 02:00:00,興變電所,MAN-YI,5,935.0,1070.4328925512962,0
2024-11-17 02:00:00,中正變電所,MAN-YI,5,935.0,1216.073075745374,0
2024-11-17 02:00:00,成都變電所,MAN-YI,5,935.0,1217.4182249278856,0
2024-11-17 02:00:00,新豐配電變電所,MAN-YI,5,935.0,1215.4487978061102,0
2024-11-17 02:00:00,內惟配電變電所,MAN-YI,5,935.0,1001.212169170855,0
2024-11-17 02:00:00,永華二次變電所,MAN-YI,5,935.0,1037.4514756004426,0
2024-11-17 02:00:00,關西二次變電所,MAN-YI,5,935.0,1198.4989508108802,0
2024-11-17 02:00:00,源海二次變電所,MAN-YI,5,935.0,1216.083972499587,0
2024-11-17 02:00:00,四湖配電變電所,MAN-YI,5,935.0,1103.9678128375333,0
2024-11-17 02:00:00,新高港超高壓變電所,MAN-YI,5,935.0,986.6004279195778,0
2024-11-17 02:00:00,九曲配電變電所,MAN-YI,5,935.0,1037.8788990122296,0
2024-11-17 02:00:00,崙背變電所,MAN-YI,5,935.0,1112.1681278755577,0
2024-11-17 02:00:00,常德變電所,MAN-YI,5,935.0,1219.9436772949769,0
2024-11-17 02:00:00,嶺口二次變電所,MAN-YI,5,935.0,1007.834342872219,0
2024-11-17 02:00:00,龍明配電變電所,MAN-YI,5,935.0,1217.4653928985676,0
2024-11-17 02:00:00,新工配電變電所,MAN-YI,5,935.0,1206.0230975188663,0
2024-11-17 08:00:00,榮成變電所,MAN-YI,5,935.0,1133.1477948060656,0
2024-11-17 08:00:00,西螺服務區,MAN-YI,5,935.0,1011.0267406882456,0
2024-11-17 08:00:00,中部科學園區,MAN-YI,5,935.0,1050.435055021971,0
2024-11-17 08:00:00,興變電所,MAN-YI,5,935.0,970.4632310272491,0
2024-11-17 08:00:00,中正變電所,MAN-YI,5,935.0,1124.2567203162666,0
2024-11-17 08:00:00,成都變電所,MAN-YI,5,935.0,1123.684130123464,0
2024-11-17 08:00:00,新豐配電變電所,MAN-YI,5,935.0,1119.4162733302562,0
2024-11-17 08:00:00,內惟配電變電所,MAN-YI,5,935.0,895.6523453286682,0
2024-11-17 08:00:00,永華二次變電所,MAN-YI,5,935.0,932.2630430214485,0
2024-11-17 08:00:00,關西二次變電所,MAN-YI,5,935.0,1103.5909061037498,0
2024-11-17 08:00:00,源海二次變電所,MAN-YI,5,935.0,1124.2677481219187,0
2024-11-17 08:00:00,四湖配電變電所,MAN-YI,5,935.0,1000.4358226453724,0
2024-11-17 08:00:00,新高港超高壓變電所,MAN-YI,5,935.0,881.6082213814291,0
2024-11-17 08:00:00,九曲配電變電所,MAN-YI,5,935.0,932.6022354559204,0
2024-11-17 08:00:00,崙背變電所,MAN-YI,5,935.0,1009.733151816296,0
2024-11-17 08:00:00,常德變電所,MAN-YI,5,935.0,1127.8396195560033,0
2024-11-17 08:00:00,嶺口二次變電所,MAN-YI,5,935.0,903.0141756003185,0
2024-11-17 08:00:00,龍明配電變電所,MAN-YI,5,935.0,1123.6957359633436,0
2024-11-17 08:00:00,新工配電變電所,MAN-YI,5,935.0,1109.7285096334163,0
2024-11-17 14:00:00,榮成變電所,MAN-YI,5,935.0,1032.187826078825,0
2024-11-17 14:00:00,西螺服務區,MAN-YI,5,935.0,901.9425738269325,0
2024-11-17 14:00:00,中部科學園區,MAN-YI,5,935.0,944.304748732628,0
2024-11-17 14:00:00,興變電所,MAN-YI,5,935.0,863.8989626363094,0
2024-11-17 14:00:00,中正變電所,MAN-YI,5,935.0,1027.2417819482716,0
2024-11-17 14:00:00,成都變電所,MAN-YI,5,935.0,1024.1803779947925,0
2024-11-17 14:00:00,新豐配電變電所,MAN-YI,5,935.0,1016.9444038182552,0
2024-11-17 14:00:00,內惟配電變電所,MAN-YI,5,935.0,782.0411883760191,0
2024-11-17 14:00:00,永華二次變電所,MAN-YI,5,935.0,818.8827827999926,0
2024-11-17 14:00:00,關西二次變電所,MAN-YI,5,935.0,1002.7035110546201,0
2024-11-17 14:00:00,源海二次變電所,MAN-YI,5,935.0,1027.2528946274615,0
2024-11-17 14:00:00,四湖配電變電所,MAN-YI,5,935.0,888.8274189090762,0
2024-11-17 14:00:00,新高港超高壓變電所,MAN-YI,5,935.0,768.9037163078839,0
2024-11-17 14:00:00,九曲配電變電所,MAN-YI,5,935.0,819.0980054152709,0
2024-11-17 14:00:00,崙背變電所,MAN-YI,5,935.0,899.5400197090681,0
2024-11-17 14:00:00,常德變電所,MAN-YI,5,935.0,1030.4237382712313,0
2024-11-17 14:00:00,嶺口二次變電所,MAN-YI,5,935.0,790.370434910406,0
2024-11-17 14:00:00,龍明配電變電所,MAN-YI,5,935.0,1024.1455952299045,0
2024-11-17 14:00:00,新工配電變電所,MAN-YI,5,935.0,1006.9815594106933,0
2024-11-17 20:00:00,榮成變電所,MAN-YI,5,955.0,952.3085776721704,0
2024-11-17 20:00:00,西螺服務區,MAN-YI,5,955.0,811.9436726099997,0
2024-11-17 20:00:00,中部科學園區,MAN-YI,5,955.0,858.1246079627439,0
2024-11-17 20:00:00,興變電所,MAN-YI,5,955.0,778.4344953839139,0
2024-11-17 20:00:00,中正變電所,MAN-YI,5,955.0,953.0606363827613,0
2024-11-17 20:00:00,成都變電所,MAN-YI,5,955.0,946.5052200082566,0
2024-11-17 20:00:00,新豐配電變電所,MAN-YI,5,955.0,935.0919064184119,0
2024-11-17 20:00:00,內惟配電變電所,MAN-YI,5,955.0,687.028517041228,0
2024-11-17 20:00:00,永華二次變電所,MAN-YI,5,955.0,723.5365421669273,0
2024-11-17 20:00:00,關西二次變電所,MAN-YI,5,955.0,923.3543776391039,0
2024-11-17 20:00:00,源海二次變電所,MAN-YI,5,955.0,953.0717032586438,0
2024-11-17 20:00:00,四湖配電變電所,MAN-YI,5,955.0,795.1112543496846,0
2024-11-17 20:00:00,新高港超高壓變電所,MAN-YI,5,955.0,675.6482800044289,0
2024-11-17 20:00:00,九曲配電變電所,MAN-YI,5,955.0,723.5470052801725,0
2024-11-17 20:00:00,崙背變電所,MAN-YI,5,955.0,807.8639625938423,0
2024-11-17 20:00:00,常德變電所,MAN-YI,5,955.0,955.6283576636604,0
2024-11-17 20:00:00,嶺口二次變電所,MAN-YI,5,955.0,696.7671241588932,0
2024-11-17 20:00:00,龍明配電變電所,MAN-YI,5,955.0,946.4045577900233,0
2024-11-17 20:00:00,新工配電變電所,MAN-YI,5,955.0,924.8702094281591,0
2024-11-18 02:00:00,榮成變電所,MAN-YI,5,975.0,848.0861985938145,0
2024-11-18 02:00:00,西螺服務區,MAN-YI,5,975.0,698.1218038755088,0
2024-11-18 02:00:00,中部科學園區,MAN-YI,5,975.0,748.0730784235591,0
2024-11-18 02:00:00,興變電所,MAN-YI,5,975.0,672.0288911163994,0
2024-11-18 02:00:00,中正變電所,MAN-YI,5,975.0,856.3377497651114,0
2024-11-18 02:00:00,成都變電所,MAN-YI,5,975.0,845.3449947957922,0
2024-11-18 02:00:00,新豐配電變電所,MAN-YI,5,975.0,828.6984581943068,0
2024-11-18 02:00:00,內惟配電變電所,MAN-YI,5,975.0,570.8867783834933,0
2024-11-18 02:00:00,永華二次變電所,MAN-YI,5,975.0,605.3947865637194,0
2024-11-18 02:00:00,關西二次變電所,MAN-YI,5,975.0,820.5963594792795,0
2024-11-18 02:00:00,源海二次變電所,MAN-YI,5,975.0,856.3484601487513,0
2024-11-18 02:00:00,四湖配電變電所,MAN-YI,5,975.0,676.7121212580917,0
2024-11-18 02:00:00,新高港超高壓變電所,MAN-YI,5,975.0,562.5652160566812,0
2024-11-18 02:00:00,九曲配電變電所,MAN-YI,5,975.0,605.1141304809285,0
2024-11-18 02:00:00,崙背變電所,MAN-YI,5,975.0,691.8685791326168,0
2024-11-18 02:00:00,常德變電所,MAN-YI,5,975.0,858.0277098433959,0
2024-11-18 02:00:00,嶺口二次變電所,MAN-YI,5,975.0,582.2212087105877,0
2024-11-18 02:00:00,龍明配電變電所,MAN-YI,5,975.0,845.1599141741963,0
2024-11-18 02:00:00,新工配電變電所,MAN-YI,5,975.0,818.4002276807668,0
2024-11-18 08:00:00,榮成變電所,MAN-YI,5,980.0,823.2276123634168,0
2024-11-18 08:00:00,西螺服務區,MAN-YI,5,980.0,668.9760109634382,0
2024-11-18 08:00:00,中部科學園區,MAN-YI,5,980.0,720.7501228918476,0
2024-11-18 08:00:00,興變電所,MAN-YI,5,980.0,650.164492800634,0
2024-11-18 08:00:00,中正變電所,MAN-YI,5,980.0,837.4033937033316,0
2024-11-18 08:00:00,成都變電所,MAN-YI,5,980.0,823.0624455251105,0
2024-11-18 08:00:00,新豐配電變電所,MAN-YI,5,980.0,802.4663470398747,0
2024-11-18 08:00:00,內惟配電變電所,MAN-YI,5,980.0,544.4564998222684,0
2024-11-18 08:00:00,永華二次變電所,MAN-YI,5,980.0,575.6470989038645,0
2024-11-18 08:00:00,關西二次變電所,MAN-YI,5,980.0,797.5675530648477,0
2024-11-18 08:00:00,源海二次變電所,MAN-YI,5,980.0,837.4135826228934,0
2024-11-18 08:00:00,四湖配電變電所,MAN-YI,5,980.0,644.1608905847377,0
2024-11-18 08:00:00,新高港超高壓變電所,MAN-YI,5,980.0,539.3013789431126,0
2024-11-18 08:00:00,九曲配電變電所,MAN-YI,5,980.0,575.1108449752447,0
2024-11-18 08:00:00,崙背變電所,MAN-YI,5,980.0,660.9932673345862,0
2024-11-18 08:00:00,常德變電所,MAN-YI,5,980.0,838.351209517931,0
2024-11-18 08:00:00,嶺口二次變電所,MAN-YI,5,980.0,556.7286534162317,0
2024-11-18 08:00:00,龍明配電變電所,MAN-YI,5,980.0,822.8125167891014,0
2024-11-18 08:00:00,新工配電變電所,MAN-YI,5,980.0,792.3400109950812,0
2024-11-18 14:00:00,榮成變電所,MAN-YI,5,980.0,829.1780461635178,0
2024-11-18 14:00:00,西螺服務區,MAN-YI,5,980.0,674.4354824075099,0
2024-11-18 14:00:00,中部科學園區,MAN-YI,5,980.0,726.6045411946674,0
2024-11-18 14:00:00,興變電所,MAN-YI,5,980.0,664.0726457473354,0
2024-11-18 14:00:00,中正變電所,MAN-YI,5,980.0,849.3462655466379,0
2024-11-18 14:00:00,成都變電所,MAN-YI,5,980.0,831.7702399296419,0
2024-11-18 14:00:00,新豐配電變電所,MAN-YI,5,980.0,807.4057286258717,0
2024-11-18 14:00:00,內惟配電變電所,MAN-YI,5,980.0,557.8411978519248,0
2024-11-18 14:00:00,永華二次變電所,MAN-YI,5,980.0,584.0017385633732,0
2024-11-18 14:00:00,關西二次變電所,MAN-YI,5,980.0,806.0564798949252,0
2024-11-18 14:00:00,源海二次變電所,MAN-YI,5,980.0,849.3556903975233,0
2024-11-18 14:00:00,四湖配電變電所,MAN-YI,5,980.0,646.7327879593875,0
2024-11-18 14:00:00,新高港超高壓變電所,MAN-YI,5,980.0,556.3068716386874,0
2024-11-18 14:00:00,九曲配電變電所,MAN-YI,5,980.0,583.2103690921272,0
2024-11-18 14:00:00,崙背變電所,MAN-YI,5,980.0,664.8280693171455,0
2024-11-18 14:00:00,常德變電所,MAN-YI,5,980.0,849.4919392551067,0
2024-11-18 14:00:00,嶺口二次變電所,MAN-YI,5,980.0,570.5315547503467,0
2024-11-18 14:00:00,龍明配電變電所,MAN-YI,5,980.0,831.4567667921624,0
2024-11-18 14:00:00,新工配電變電所,MAN-YI,5,980.0,797.7012978043595,0
2024-11-18 20:00:00,榮成變電所,MAN-YI,4,985.0,864.8538756235359,0
2024-11-18 20:00:00,西螺服務區,MAN-YI,4,985.0,714.4766679801062,0
2024-11-18 20:00:00,中部科學園區,MAN-YI,4,985.0,765.2038138820296,0
2024-11-18 20:00:00,興變電所,MAN-YI,4,985.0,713.4682265486592,0
2024-11-18 20:00:00,中正變電所,MAN-YI,4,985.0,891.0272612344879,0
2024-11-18 20:00:00,成都變電所,MAN-YI,4,985.0,870.387056334986,0
2024-11-18 20:00:00,新豐配電變電所,MAN-YI,4,985.0,842.5574611254611,0
2024-11-18 20:00:00,內惟配電變電所,MAN-YI,4,985.0,611.4125643581289,0
2024-11-18 20:00:00,永華二次變電所,MAN-YI,4,985.0,631.051069950816,0
2024-11-18 20:00:00,關西二次變電所,MAN-YI,4,985.0,845.1151032979087,0
2024-11-18 20:00:00,源海二次變電所,MAN-YI,4,985.0,891.0356325512976,0
2024-11-18 20:00:00,四湖配電變電所,MAN-YI,4,985.0,684.7696934189855,0
2024-11-18 20:00:00,新高港超高壓變電所,MAN-YI,4,985.0,613.6232733063756,0
2024-11-18 20:00:00,九曲配電變電所,MAN-YI,4,985.0,630.0315445257522,0
2024-11-18 20:00:00,崙背變電所,MAN-YI,4,985.0,703.4920248254332,0
2024-11-18 20:00:00,常德變電所,MAN-YI,4,985.0,890.3029441604193,0
2024-11-18 20:00:00,嶺口二次變電所,MAN-YI,4,985.0,623.8840913733242,0
2024-11-18 20:00:00,龍明配電變電所,MAN-YI,4,985.0,870.0125609025888,0
2024-11-18 20:00:00,新工配電變電所,MAN-YI,4,985.0,833.5849295136535,0
2024-11-19 02:00:00,榮成變電所,MAN-YI,4,992.0,895.4533254898877,0
2024-11-19 02:00:00,西螺服務區,MAN-YI,4,992.0,748.0592848371018,0
2024-11-19 02:00:00,中部科學園區,MAN-YI,4,992.0,797.7482275734918,0
2024-11-19 02:00:00,興變電所,MAN-YI,4,992.0,750.5295396384735,0
2024-11-19 02:00:00,中正變電所,MAN-YI,4,992.0,923.7665439231464,0
2024-11-19 02:00:00,成都變電所,MAN-YI,4,992.0,902.0879214182575,0
2024-11-19 02:00:00,新豐配電變電所,MAN-YI,4,992.0,873.1216545544139,0
2024-11-19 02:00:00,內惟配電變電所,MAN-YI,4,992.0,651.0846552349913,0
2024-11-19 02:00:00,永華二次變電所,MAN-YI,4,992.0,668.1593249605446,0
2024-11-19 02:00:00,關西二次變電所,MAN-YI,4,992.0,877.1721488995154,0
2024-11-19 02:00:00,源海二次變電所,MAN-YI,4,992.0,923.7744541052463,0
2024-11-19 02:00:00,四湖配電變電所,MAN-YI,4,992.0,717.918069805113,0
2024-11-19 02:00:00,新高港超高壓變電所,MAN-YI,4,992.0,654.5730960240495,0
2024-11-19 02:00:00,九曲配電變電所,MAN-YI,4,992.0,667.0700280666582,0
2024-11-19 02:00:00,崙背變電所,MAN-YI,4,992.0,736.6709509690696,0
2024-11-19 02:00:00,常德變電所,MAN-YI,4,992.0,922.7122895083784,0
2024-11-19 02:00:00,嶺口二次變電所,MAN-YI,4,992.0,663.327409355701,0
2024-11-19 02:00:00,龍明配電變電所,MAN-YI,4,992.0,901.6925067302519,0
2024-11-19 02:00:00,新工配電變電所,MAN-YI,4,992.0,864.5038361064572,0
2024-11-19 08:00:00,榮成變電所,MAN-YI,3,998.0,944.5396782140938,0
2024-11-19 08:00:00,西螺服務區,MAN-YI,3,998.0,800.4903886038145,0
2024-11-19 08:00:00,中部科學園區,MAN-YI,3,998.0,849.0176897483793,0
2024-11-19 08:00:00,興變電所,MAN-YI,3,998.0,806.0203112999449,0
2024-11-19 08:00:00,中正變電所,MAN-YI,3,998.0,974.7379902762476,0
2024-11-19 08:00:00,成都變電所,MAN-YI,3,998.0,952.1737991545855,0
2024-11-19 08:00:00,新豐配電變電所,MAN-YI,3,998.0,922.2600438637751,0
2024-11-19 08:00:00,內惟配電變電所,MAN-YI,3,998.0,709.2480328114464,0
2024-11-19 08:00:00,永華二次變電所,MAN-YI,3,998.0,724.072569936553,0
2024-11-19 08:00:00,關西二次變電所,MAN-YI,3,998.0,927.6772647794461,0
2024-11-19 08:00:00,源海二次變電所,MAN-YI,3,998.0,974.7454493350897,0
2024-11-19 08:00:00,四湖配電變電所,MAN-YI,3,998.0,770.1105986734451,0
2024-11-19 08:00:00,新高港超高壓變電所,MAN-YI,3,998.0,713.7777287689157,0
2024-11-19 08:00:00,九曲配電變電所,MAN-YI,3,998.0,722.9291899080403,0
2024-11-19 08:00:00,崙背變電所,MAN-YI,3,998.0,788.7958642174123,0
2024-11-19 08:00:00,常德變電所,MAN-YI,3,998.0,973.382723255415,0
2024-11-19 08:00:00,嶺口二次變電所,MAN-YI,3,998.0,721.240962225679,0
2024-11-19 08:00:00,龍明配電變電所,MAN-YI,3,998.0,951.7604099423951,0
2024-11-19 08:00:00,新工配電變電所,MAN-YI,3,998.0,914.0053378475656,0
2024-11-19 14:00:00,榮成變電所,MAN-YI,3,1004.0,1072.975777913652,0
2024-11-19 14:00:00,西螺服務區,MAN-YI,3,1004.0,934.0296655357431,0
2024-11-19 14:00:00,中部科學園區,MAN-YI,3,1004.0,980.8227127193915,0
2024-11-19 14:00:00,興變電所,MAN-YI,3,1004.0,943.1899775633528,0
2024-11-19 14:00:00,中正變電所,MAN-YI,3,1004.0,1105.4967669423745,0
2024-11-19 14:00:00,成都變電所,MAN-YI,3,1004.0,1081.8866826720318,0
2024-11-19 14:00:00,新豐配電變電所,MAN-YI,3,1004.0,1050.8902078635044,0
2024-11-19 14:00:00,內惟配電變電所,MAN-YI,3,1004.0,849.887748514045,0
2024-11-19 14:00:00,永華二次變電所,MAN-YI,3,1004.0,862.160557351549,0
2024-11-19 14:00:00,關西二次變電所,MAN-YI,3,1004.0,1058.065084505589,0
2024-11-19 14:00:00,源海二次變電所,MAN-YI,3,1004.0,1105.5036029954683,0
2024-11-19 14:00:00,四湖配電變電所,MAN-YI,3,1004.0,903.55138812471,0
2024-11-19 14:00:00,新高港超高壓變電所,MAN-YI,3,1004.0,855.4985873999291,0
2024-11-19 14:00:00,九曲配電變電所,MAN-YI,3,1004.0,860.9627540585784,0
2024-11-19 14:00:00,崙背變電所,MAN-YI,3,1004.0,922.0330913248263,0
2024-11-19 14:00:00,常德變電所,MAN-YI,3,1004.0,1103.755121571844,0
2024-11-19 14:00:00,嶺口二次變電所,MAN-YI,3,1004.0,861.5533282327216,0
2024-11-19 14:00:00,龍明配電變電所,MAN-YI,3,1004.0,1081.4518605328333,0
2024-11-19 14:00:00,新工配電變電所,MAN-YI,3,1004.0,1043.1598514111404,0
2024-11-19 20:00:00,榮成變電所,MAN-YI,2,1010.0,1219.756761804467,0
2024-11-19 20:00:00,西螺服務區,MAN-YI,2,1010.0,1083.2488148474283,0
2024-11-19 20:00:00,中部科學園區,MAN-YI,2,1010.0,1129.2623318608769,0
2024-11-19 20:00:00,興變電所,MAN-YI,2,1010.0,1093.708762622661,0
2024-11-19 20:00:00,中正變電所,MAN-YI,2,1010.0,1253.2635610134096,0
2024-11-19 20:00:00,成都變電所,MAN-YI,2,1010.0,1229.2301555113427,0
2024-11-19 20:00:00,新豐配電變電所,MAN-YI,2,1010.0,1197.8070970375677,0
2024-11-19 20:00:00,內惟配電變電所,MAN-YI,2,1010.0,1001.5258070878473,0
2024-11-19 20:00:00,永華二次變電所,MAN-YI,2,1010.0,1013.0712233052662,0
2024-11-19 20:00:00,關西二次變電所,MAN-YI,2,1010.0,1205.7535561616085,0
2024-11-19 20:00:00,源海二次變電所,MAN-YI,2,1010.0,1253.2701102159403,0
2024-11-19 20:00:00,四湖配電變電所,MAN-YI,2,1010.0,1052.7890855786932,0
2024-11-19 20:00:00,新高港超高壓變電所,MAN-YI,2,1010.0,1007.3903397910559,0
2024-11-19 20:00:00,九曲配電變電所,MAN-YI,2,1010.0,1011.8581797292079,0
2024-11-19 20:00:00,崙背變電所,MAN-YI,2,1010.0,1071.157586862344,0
2024-11-19 20:00:00,常德變電所,MAN-YI,2,1010.0,1251.3535337803764,0
2024-11-19 20:00:00,嶺口二次變電所,MAN-YI,2,1010.0,1013.0979518072785,0
2024-11-19 20:00:00,龍明配電變電所,MAN-YI,2,1010.0,1228.7865363790797,0
2024-11-19 20:00:00,新工配電變電所,MAN-YI,2,1010.0,1190.330263663462,0
2024-11-20 02:00:00,榮成變電所,MAN-YI,2,1012.0,1311.4991787244044,0
2024-11-20 02:00:00,西螺服務區,MAN-YI,2,1012.0,1174.3060458911023,0
2024-11-20 02:00:00,中部科學園區,MAN-YI,2,1012.0,1220.596940299842,0
2024-11-20 02:00:00,興變電所,MAN-YI,2,1012.0,1184.1139412603936,0
2024-11-20 02:00:00,中正變電所,MAN-YI,2,1012.0,1344.7982065465121,0
2024-11-20 02:00:00,成都變電所,MAN-YI,2,1012.0,1320.8611834974588,0
2024-11-20 02:00:00,新豐配電變電所,MAN-YI,2,1012.0,1289.521955336591,0
2024-11-20 02:00:00,內惟配電變電所,MAN-YI,2,1012.0,1090.9670313229094,0
2024-11-20 02:00:00,永華二次變電所,MAN-YI,2,1012.0,1103.197849704594,0
2024-11-20 02:00:00,關西二次變電所,MAN-YI,2,1012.0,1297.3026514709568,0
2024-11-20 02:00:00,源海二次變電所,MAN-YI,2,1012.0,1344.8048278687634,0
2024-11-20 02:00:00,四湖配電變電所,MAN-YI,2,1012.0,1143.8352580637456,0
2024-11-20 02:00:00,新高港超高壓變電所,MAN-YI,2,1012.0,1096.4956346863678,0
2024-11-20 02:00:00,九曲配電變電所,MAN-YI,2,1012.0,1101.9963076223517,0
2024-11-20 02:00:00,崙背變電所,MAN-YI,2,1012.0,1162.2501007942856,0
2024-11-20 02:00:00,常德變電所,MAN-YI,2,1012.0,1342.9288607680298,0
2024-11-20 02:00:00,嶺口二次變電所,MAN-YI,2,1012.0,1102.6458238667715,0
2024-11-20 02:00:00,龍明配電變電所,MAN-YI,2,1012.0,1320.4194357770232,0
2024-11-20 02:00:00,新工配電變電所,MAN-YI,2,1012.0,1281.9939977326078,0
2024-11-20 08:00:00,榮成變電所,MAN-YI,2,1012.0,1449.1799923163148,0
2024-11-20 08:00:00,西螺服務區,MAN-YI,2,1012.0,1310.3999924792454,0
2024-11-20 08:00:00,中部科學園區,MAN-YI,2,1012.0,1357.2843796215923,0
2024-11-20 08:00:00,興變電所,MAN-YI,2,1012.0,1318.8735118281818,0
2024-11-20 08:00:00,中正變電所,MAN-YI,2,1012.0,1481.9230131167844,0
2024-11-20 08:00:00,成都變電所,MAN-YI,2,1012.0,1458.2390514460767,0
2024-11-20 08:00:00,新豐配電變電所,MAN-YI,2,1012.0,1427.131887951965,0
2024-11-20 08:00:00,內惟配電變電所,MAN-YI,2,1012.0,1224.0140847772343,0
2024-11-20 08:00:00,永華二次變電所,MAN-YI,2,1012.0,1237.487744998931,0
2024-11-20 08:00:00,關西二次變電所,MAN-YI,2,1012.0,1434.4775332613813,0
2024-11-20 08:00:00,源海二次變電所,MAN-YI,2,1012.0,1481.929813262017,0
2024-11-20 08:00:00,四湖配電變電所,MAN-YI,2,1012.0,1279.921899456913,0
2024-11-20 08:00:00,新高港超高壓變電所,MAN-YI,2,1012.0,1228.9405188647654,0
2024-11-20 08:00:00,九曲配電變電所,MAN-YI,2,1012.0,1236.3089053593276,0
2024-11-20 08:00:00,崙背變電所,MAN-YI,2,1012.0,1298.4260860147756,0
2024-11-20 08:00:00,常德變電所,MAN-YI,2,1012.0,1480.157008653877,0
2024-11-20 08:00:00,嶺口二次變電所,MAN-YI,2,1012.0,1235.8716463205249,0
2024-11-20 08:00:00,龍明配電變電所,MAN-YI,2,1012.0,1457.8023148584987,0
2024-11-20 08:00:00,新工配電變電所,MAN-YI,2,1012.0,1419.4683141223875,0
2024-11-12 20:00:00,西螺服務區,USAGI,4,990.0,1499.3843258713907,0
2024-11-12 20:00:00,興變電所,USAGI,4,990.0,1451.8794593252553,0
2024-11-12 20:00:00,內惟配電變電所,USAGI,4,990.0,1429.6948633841591,0
2024-11-12 20:00:00,永華二次變電所,USAGI,4,990.0,1458.5539831593446,0
2024-11-12 20:00:00,新高港超高壓變電所,USAGI,4,990.0,1413.2517197585307,0
2024-11-12 20:00:00,九曲配電變電所,USAGI,4,990.0,1459.535342274683,0
2024-11-12 20:00:00,嶺口二次變電所,USAGI,4,990.0,1430.3804889347593,0
2024-11-13 02:00:00,榮成變電所,USAGI,4,990.0,1423.4139501070651,0
2024-11-13 02:00:00,西螺服務區,USAGI,4,990.0,1358.9362688495673,0
2024-11-13 02:00:00,中部科學園區,USAGI,4,990.0,1377.9651251686385,0
2024-11-13 02:00:00,興變電所,USAGI,4,990.0,1311.4949968635315,0
2024-11-13 02:00:00,中正變電所,USAGI,4,990.0,1395.7966754000772,0
2024-11-13 02:00:00,成都變電所,USAGI,4,990.0,1407.8043858478927,0
2024-11-13 02:00:00,新豐配電變電所,USAGI,4,990.0,1419.1799499805863,0
2024-11-13 02:00:00,內惟配電變電所,USAGI,4,990.0,1282.745734796413,0
2024-11-13 02:00:00,永華二次變電所,USAGI,4,990.0,1312.9300939442194,0
2024-11-13 02:00:00,關西二次變電所,USAGI,4,990.0,1397.3911874162868,0
2024-11-13 02:00:00,源海二次變電所,USAGI,4,990.0,1395.805763967396,0
2024-11-13 02:00:00,四湖配電變電所,USAGI,4,990.0,1362.7353002759544,0
2024-11-13 02:00:00,新高港超高壓變電所,USAGI,4,990.0,1266.3121069044432,0
2024-11-13 02:00:00,九曲配電變電所,USAGI,4,990.0,1313.852527706091,0
2024-11-13 02:00:00,崙背變電所,USAGI,4,990.0,1363.4982811279742,0
2024-11-13 02:00:00,常德變電所,USAGI,4,990.0,1400.8963987382217,0
2024-11-13 02:00:00,嶺口二次變電所,USAGI,4,990.0,1284.1956352298628,0
2024-11-13 02:00:00,龍明配電變電所,USAGI,4,990.0,1408.048732540727,0
2024-11-13 02:00:00,新工配電變電所,USAGI,4,990.0,1412.1553664166588,0
2024-11-13 08:00:00,榮成變電所,USAGI,5,980.0,1322.1635105064404,0
2024-11-13 08:00:00,西螺服務區,USAGI,5,980.0,1250.3252998601529,0
2024-11-13 08:00:00,中部科學園區,USAGI,5,980.0,1271.8097916443949,0
2024-11-13 08:00:00,興變電所,USAGI,5,980.0,1203.0741464295875,0
2024-11-13 08:00:00,中正變電所,USAGI,5,980.0,1296.5246533587524,0
2024-11-13 08:00:00,成都變電所,USAGI,5,980.0,1307.1199455060294,0
2024-11-13 08:00:00,新豐配電變電所,USAGI,5,980.0,1316.730088990234,0
2024-11-13 08:00:00,內惟配電變電所,USAGI,5,980.0,1169.3380100291783,0
2024-11-13 08:00:00,永華二次變電所,USAGI,5,980.0,1200.461571003374,0
2024-11-13 08:00:00,關西二次變電所,USAGI,5,980.0,1295.4004761706412,0
2024-11-13 08:00:00,源海二次變電所,USAGI,5,980.0,1296.5341011548628,0
2024-11-13 08:00:00,四湖配電變電所,USAGI,5,980.0,1252.6437449647326,0
2024-11-13 08:00:00,新高港超高壓變電所,USAGI,5,980.0,1152.9519589337856,0
2024-11-13 08:00:00,九曲配電變電所,USAGI,5,980.0,1201.3366992245392,0
2024-11-13 08:00:00,崙背變電所,USAGI,5,980.0,1254.3119869543166,0
2024-11-13 08:00:00,常德變電所,USAGI,5,980.0,1301.4991556117852,0
2024-11-13 08:00:00,嶺口二次變電所,USAGI,5,980.0,1171.3690902036367,0
2024-11-13 08:00:00,龍明配電變電所,USAGI,5,980.0,1307.3386486527272,0
2024-11-13 08:00:00,新工配電變電所,USAGI,5,980.0,1309.3053670418662,0
2024-11-13 14:00:00,榮成變電所,USAGI,5,970.0,1175.8436764250446,0
2024-11-13 14:00:00,西螺服務區,USAGI,5,970.0,1093.4494399569346,0
2024-11-13 14:00:00,中部科學園區,USAGI,5,970.0,1118.464302433804,0
2024-11-13 14:00:00,興變電所,USAGI,5,970.0,1046.7054970479385,0
2024-11-13 14:00:00,中正變電所,USAGI,5,970.0,1153.3205508394833,0
2024-11-13 14:00:00,成都變電所,USAGI,5,970.0,1161.7333170605234,0
2024-11-13 14:00:00,新豐配電變電所,USAGI,5,970.0,1168.6545744732337,0
2024-11-13 14:00:00,內惟配電變電所,USAGI,5,970.0,1005.7619360442062,0
2024-11-13 14:00:00,永華二次變電所,USAGI,5,970.0,1038.1357007660094,0
2024-11-13 14:00:00,關西二次變電所,USAGI,5,970.0,1148.1302498080067,0
2024-11-13 14:00:00,源海二次變電所,USAGI,5,970.0,1153.3304772148283,0
2024-11-13 14:00:00,四湖配電變電所,USAGI,5,970.0,1093.5822944806498,0
2024-11-13 14:00:00,新高港超高壓變電所,USAGI,5,970.0,989.5077748118802,0
2024-11-13 14:00:00,九曲配電變電所,USAGI,5,970.0,1038.9386077380605,0
2024-11-13 14:00:00,崙背變電所,USAGI,5,970.0,1096.5712814069009,0
2024-11-13 14:00:00,常德變電所,USAGI,5,970.0,1158.075297306273,0
2024-11-13 14:00:00,嶺口二次變電所,USAGI,5,970.0,1008.6331694603033,0
2024-11-13 14:00:00,龍明配電變電所,USAGI,5,970.0,1161.912359856823,0
2024-11-13 14:00:00,新工配電變電所,USAGI,5,970.0,1160.675192523177,0
2024-11-13 20:00:00,榮成變電所,USAGI,5,960.0,1075.6707447219223,0
2024-11-13 20:00:00,西螺服務區,USAGI,5,960.0,984.1002025659758,0
2024-11-13 20:00:00,中部科學園區,USAGI,5,960.0,1012.2435894643211,0
2024-11-13 20:00:00,興變電所,USAGI,5,960.0,938.0685949955864,0
2024-11-13 20:00:00,中正變電所,USAGI,5,960.0,1056.0773801575936,0
2024-11-13 20:00:00,成都變電所,USAGI,5,960.0,1062.4813231688963,0
2024-11-13 20:00:00,新豐配電變電所,USAGI,5,960.0,1066.9460963159927,0
2024-11-13 20:00:00,內惟配電變電所,USAGI,5,960.0,890.4929240960392,0
2024-11-13 20:00:00,永華二次變電所,USAGI,5,960.0,923.9245797214437,0
2024-11-13 20:00:00,關西二次變電所,USAGI,5,960.0,1047.2663370946443,0
2024-11-13 20:00:00,源海二次變電所,USAGI,5,960.0,1056.0876697841386,0
2024-11-13 20:00:00,四湖配電變電所,USAGI,5,960.0,982.2014356914603,0
2024-11-13 20:00:00,新高港超高壓變電所,USAGI,5,960.0,874.4349803584765,0
2024-11-13 20:00:00,九曲配電變電所,USAGI,5,960.0,924.6555797200382,0
2024-11-13 20:00:00,崙背變電所,USAGI,5,960.0,986.4048328856402,0
2024-11-13 20:00:00,常德變電所,USAGI,5,960.0,1060.6045373835225,0
2024-11-13 20:00:00,嶺口二次變電所,USAGI,5,960.0,894.1571690135573,0
2024-11-13 20:00:00,龍明配電變電所,USAGI,5,960.0,1062.6236960816696,0
2024-11-13 20:00:00,新工配電變電所,USAGI,5,960.0,1058.5118548974833,0
2024-11-14 02:00:00,榮成變電所,USAGI,5,950.0,986.1397883347568,0
2024-11-14 02:00:00,西螺服務區,USAGI,5,950.0,881.1631748245869,0
2024-11-14 02:00:00,中部科學園區,USAGI,5,950.0,914.0363767296247,0
2024-11-14 02:00:00,興變電所,USAGI,5,950.0,836.7802595406885,0
2024-11-14 02:00:00,中正變電所,USAGI,5,950.0,971.1525910879005,0
2024-11-14 02:00:00,成都變電所,USAGI,5,950.0,974.4782456360787,0
2024-11-14 02:00:00,新豐配電變電所,USAGI,5,950.0,975.1773240215364,0
2024-11-14 02:00:00,內惟配電變電所,USAGI,5,950.0,778.5150340177067,0
2024-11-14 02:00:00,永華二次變電所,USAGI,5,950.0,813.4577500544948,0
2024-11-14 02:00:00,關西二次變電所,USAGI,5,950.0,956.9911728255091,0
2024-11-14 02:00:00,源海二次變電所,USAGI,5,950.0,971.1633035269128,0
2024-11-14 02:00:00,四湖配電變電所,USAGI,5,950.0,875.95277935199,0
2024-11-14 02:00:00,新高港超高壓變電所,USAGI,5,950.0,762.9637540644068,0
2024-11-14 02:00:00,九曲配電變電所,USAGI,5,950.0,814.0582090713427,0
2024-11-14 02:00:00,崙背變電所,USAGI,5,950.0,882.1128444763206,0
2024-11-14 02:00:00,常德變電所,USAGI,5,950.0,975.2889918652793,0
2024-11-14 02:00:00,嶺口二次變電所,USAGI,5,950.0,783.5254661813455,0
2024-11-14 02:00:00,龍明配電變電所,USAGI,5,950.0,974.5639097824958,0
2024-11-14 02:00:00,新工配電變電所,USAGI,5,950.0,966.1354671556677,0
2024-11-14 08:00:00,榮成變電所,USAGI,5,940.0,896.9022429207755,0
2024-11-14 08:00:00,西螺服務區,USAGI,5,940.0,783.2571662108088,0
2024-11-14 08:00:00,中部科學園區,USAGI,5,940.0,819.1859638855733,0
2024-11-14 08:00:00,興變電所,USAGI,5,940.0,740.3742643434456,0
2024-11-14 08:00:00,中正變電所,USAGI,5,940.0,885.3729687525922,0
2024-11-14 08:00:00,成都變電所,USAGI,5,940.0,886.433343189957,0
2024-11-14 08:00:00,新豐配電變電所,USAGI,5,940.0,884.4236039593081,0
2024-11-14 08:00:00,內惟配電變電所,USAGI,5,940.0,675.1839809051962,0
2024-11-14 08:00:00,永華二次變電所,USAGI,5,940.0,710.8976965760767,0
2024-11-14 08:00:00,關西二次變電所,USAGI,5,940.0,867.4498057651689,0
2024-11-14 08:00:00,源海二次變電所,USAGI,5,940.0,885.3838969683356,0
2024-11-14 08:00:00,四湖配電變電所,USAGI,5,940.0,775.8163936571126,0
2024-11-14 08:00:00,新高港超高壓變電所,USAGI,5,940.0,660.0865981326923,0
2024-11-14 08:00:00,九曲配電變電所,USAGI,5,940.0,711.4068453744189,0
2024-11-14 08:00:00,崙背變電所,USAGI,5,940.0,783.2677434884014,0
2024-11-14 08:00:00,常德變電所,USAGI,5,940.0,889.1884995244028,0
2024-11-14 08:00:00,嶺口二次變電所,USAGI,5,940.0,681.0641368303927,0
2024-11-14 08:00:00,龍明配電變電所,USAGI,5,940.0,886.4773222794742,0
2024-11-14 08:00:00,新工配電變電所,USAGI,5,940.0,875.0174014622402,0
2024-11-14 14:00:00,榮成變電所,USAGI,5,955.0,814.2262271540494,0
2024-11-14 14:00:00,西螺服務區,USAGI,5,955.0,690.9048827251218,0
2024-11-14 14:00:00,中部科學園區,USAGI,5,955.0,730.3429775226069,0
2024-11-14 14:00:00,興變電所,USAGI,5,955.0,650.3164617120059,0
2024-11-14 14:00:00,中正變電所,USAGI,5,955.0,806.9349779268705,0
2024-11-14 14:00:00,成都變電所,USAGI,5,955.0,805.2782783913673,0
2024-11-14 14:00:00,新豐配電變電所,USAGI,5,955.0,800.0296701693917,0
2024-11-14 14:00:00,內惟配電變電所,USAGI,5,955.0,576.7434223963467,0
2024-11-14 14:00:00,永華二次變電所,USAGI,5,955.0,613.1734555815244,0
2024-11-14 14:00:00,關西二次變電所,USAGI,5,955.0,784.6665979858095,0
2024-11-14 14:00:00,源海二次變電所,USAGI,5,955.0,806.9460586046353,0
2024-11-14 14:00:00,四湖配電變電所,USAGI,5,955.0,680.7022684182135,0
2024-11-14 14:00:00,新高港超高壓變電所,USAGI,5,955.0,562.3890625529891,0
2024-11-14 14:00:00,九曲配電變電所,USAGI,5,955.0,613.5589988078037,0
2024-11-14 14:00:00,崙背變電所,USAGI,5,955.0,689.73074623764,0
2024-11-14 14:00:00,常德變電所,USAGI,5,955.0,810.3317503528231,0
2024-11-14 14:00:00,嶺口二次變電所,USAGI,5,955.0,583.7258557403469,0
2024-11-14 14:00:00,龍明配電變電所,USAGI,5,955.0,805.2719161286749,0
2024-11-14 14:00:00,新工配電變電所,USAGI,5,955.0,790.2625487458872,0
2024-11-14 20:00:00,榮成變電所,USAGI,5,980.0,707.6426968212452,0
2024-11-14 20:00:00,西螺服務區,USAGI,5,980.0,576.9684828527854,0
2024-11-14 20:00:00,中部科學園區,USAGI,5,980.0,619.0545660586066,0
2024-11-14 20:00:00,興變電所,USAGI,5,980.0,538.6488779435612,0
2024-11-14 20:00:00,中正變電所,USAGI,5,980.0,704.2186424507709,0
2024-11-14 20:00:00,成都變電所,USAGI,5,980.0,700.1172659589153,0
2024-11-14 20:00:00,新豐配電變電所,USAGI,5,980.0,692.0491344604476,0
2024-11-14 20:00:00,內惟配電變電所,USAGI,5,980.0,458.74220364091497,0
2024-11-14 20:00:00,永華二次變電所,USAGI,5,980.0,495.4846405920566,0
2024-11-14 20:00:00,關西二次變電所,USAGI,5,980.0,678.224377380424,0
2024-11-14 20:00:00,源海二次變電所,USAGI,5,980.0,704.229761409325,0
2024-11-14 20:00:00,四湖配電變電所,USAGI,5,980.0,564.6181692206471,0
2024-11-14 20:00:00,新高港超高壓變電所,USAGI,5,980.0,445.07353169599884,0
2024-11-14 20:00:00,九曲配電變電所,USAGI,5,980.0,495.773646065854,0
2024-11-14 20:00:00,崙背變電所,USAGI,5,980.0,574.8400741937629,0
2024-11-14 20:00:00,常德變電所,USAGI,5,980.0,707.20273994353,0
2024-11-14 20:00:00,嶺口二次變電所,USAGI,5,980.0,466.5348321986207,0
2024-11-14 20:00:00,龍明配電變電所,USAGI,5,980.0,700.0658864184367,0
2024-11-14 20:00:00,新工配電變電所,USAGI,5,980.0,682.0411093587114,0
2024-11-15 02:00:00,榮成變電所,USAGI,4,985.0,640.3513209238363,0
2024-11-15 02:00:00,西螺服務區,USAGI,4,985.0,502.2362118862067,0
2024-11-15 02:00:00,中部科學園區,USAGI,4,985.0,547.1696012208844,0
2024-11-15 02:00:00,興變電所,USAGI,4,985.0,467.13335392266833,0
2024-11-15 02:00:00,中正變電所,USAGI,4,985.0,641.1368321118829,0
2024-11-15 02:00:00,成都變電所,USAGI,4,985.0,634.443404205325,0
2024-11-15 02:00:00,新豐配電變電所,USAGI,4,985.0,623.3407830880872,0
2024-11-15 02:00:00,內惟配電變電所,USAGI,4,985.0,379.6989834802388,0
2024-11-15 02:00:00,永華二次變電所,USAGI,4,985.0,416.52841003339705,0
2024-11-15 02:00:00,關西二次變電所,USAGI,4,985.0,611.3439314389541,0
2024-11-15 02:00:00,源海二次變電所,USAGI,4,985.0,641.1478852321451,0
2024-11-15 02:00:00,四湖配電變電所,USAGI,4,985.0,487.2480735935337,0
2024-11-15 02:00:00,新高港超高壓變電所,USAGI,4,985.0,367.1829502507968,0
2024-11-15 02:00:00,九曲配電變電所,USAGI,4,985.0,416.678774419768,0
2024-11-15 02:00:00,崙背變電所,USAGI,4,985.0,498.9231859008575,0
2024-11-15 02:00:00,常德變電所,USAGI,4,985.0,643.6524725654602,0
2024-11-15 02:00:00,嶺口二次變電所,USAGI,4,985.0,388.57343766260834,0
2024-11-15 02:00:00,龍明配電變電所,USAGI,4,985.0,634.3435589548347,0
2024-11-15 02:00:00,新工配電變電所,USAGI,4,985.0,613.146003168305,0
2024-11-15 08:00:00,榮成變電所,USAGI,4,990.0,568.5203968576413,0
2024-11-15 08:00:00,西螺服務區,USAGI,4,990.0,422.74513084511267,0
2024-11-15 08:00:00,中部科學園區,USAGI,4,990.0,470.74548773990955,0
2024-11-15 08:00:00,興變電所,USAGI,4,990.0,392.59167604085394,0
2024-11-15 08:00:00,中正變電所,USAGI,4,990.0,574.514804886008,0
2024-11-15 08:00:00,成都變電所,USAGI,4,990.0,564.6963869627612,0
2024-11-15 08:00:00,新豐配電變電所,USAGI,4,990.0,549.9496334391272,0
2024-11-15 08:00:00,內惟配電變電所,USAGI,4,990.0,296.48247748435205,0
2024-11-15 08:00:00,永華二次變電所,USAGI,4,990.0,332.68269754456907,0
2024-11-15 08:00:00,關西二次變電所,USAGI,4,990.0,540.3966393934787,0
2024-11-15 08:00:00,源海二次變電所,USAGI,4,990.0,574.5256251301107,0
2024-11-15 08:00:00,四湖配電變電所,USAGI,4,990.0,404.4566616287405,0
2024-11-15 08:00:00,新高港超高壓變電所,USAGI,4,990.0,285.9911162951984,0
2024-11-15 08:00:00,九曲配電變電所,USAGI,4,990.0,332.6337172808713,0
2024-11-15 08:00:00,崙背變電所,USAGI,4,990.0,417.9063003672545,0
2024-11-15 08:00:00,常德變電所,USAGI,4,990.0,576.4169391128028,0
2024-11-15 08:00:00,嶺口二次變電所,USAGI,4,990.0,306.7385108310083,0
2024-11-15 08:00:00,龍明配電變電所,USAGI,4,990.0,564.5375896577705,0
2024-11-15 08:00:00,新工配電變電所,USAGI,4,990.0,539.646617022264,0
2024-11-15 14:00:00,榮成變電所,USAGI,4,992.0,473.908904557055,0
2024-11-15 14:00:00,西螺服務區,USAGI,4,992.0,324.5163494222054,0
2024-11-15 14:00:00,中部科學園區,USAGI,4,992.0,373.9698849859608,0
2024-11-15 14:00:00,興變電所,USAGI,4,992.0,297.9513024386463,0
2024-11-15 14:00:00,中正變電所,USAGI,4,992.0,483.41140667693736,0
2024-11-15 14:00:00,成都變電所,USAGI,4,992.0,471.4967109366954,0
2024-11-15 14:00:00,新豐配電變電所,USAGI,4,992.0,454.4726617891161,0
2024-11-15 14:00:00,內惟配電變電所,USAGI,4,992.0,197.34227346928816,0
2024-11-15 14:00:00,永華二次變電所,USAGI,4,992.0,232.77979464642152,0
2024-11-15 14:00:00,關西二次變電所,USAGI,4,992.0,446.58753967133606,0
2024-11-15 14:00:00,源海二次變電所,USAGI,4,992.0,483.4219595045793,0
2024-11-15 14:00:00,四湖配電變電所,USAGI,4,992.0,304.57880396291466,0
2024-11-15 14:00:00,新高港超高壓變電所,USAGI,4,992.0,188.39959908041453,0
2024-11-15 14:00:00,九曲配電變電所,USAGI,4,992.0,232.6261100459584,0
2024-11-15 14:00:00,崙背變電所,USAGI,4,992.0,318.858439996505,0
2024-11-15 14:00:00,常德變電所,USAGI,4,992.0,484.8594982002096,0
2024-11-15 14:00:00,嶺口二次變電所,USAGI,4,992.0,208.33578978564793,0
2024-11-15 14:00:00,龍明配電變電所,USAGI,4,992.0,471.2991693354526,0
2024-11-15 14:00:00,新工配電變電所,USAGI,4,992.0,444.1741054721041,0
2024-11-15 20:00:00,榮成變電所,USAGI,3,994.0,419.84455736680576,0
2024-11-15 20:00:00,西螺服務區,USAGI,3,994.0,269.3631963762266,0
2024-11-15 20:00:00,中部科學園區,USAGI,3,994.0,319.24137727481536,0
2024-11-15 20:00:00,興變電所,USAGI,3,994.0,244.33732523099405,0
2024-11-15 20:00:00,中正變電所,USAGI,3,994.0,430.8096630652077,0
2024-11-15 20:00:00,成都變電所,USAGI,3,994.0,418.0093297600481,0
2024-11-15 20:00:00,新豐配電變電所,USAGI,3,994.0,400.10565273929166,0
2024-11-15 20:00:00,內惟配電變電所,USAGI,3,994.0,142.10803280837376,0
2024-11-15 20:00:00,永華二次變電所,USAGI,3,994.0,177.27305187697718,0
2024-11-15 20:00:00,關西二次變電所,USAGI,3,994.0,392.8949176452978,0
2024-11-15 20:00:00,源海二次變電所,USAGI,3,994.0,430.8200693249932,0
2024-11-15 20:00:00,四湖配電變電所,USAGI,3,994.0,249.04083119273636,0
2024-11-15 20:00:00,新高港超高壓變電所,USAGI,3,994.0,133.9156316120338,0
2024-11-15 20:00:00,九曲配電變電所,USAGI,3,994.0,177.09942167036525,0
2024-11-15 20:00:00,崙背變電所,USAGI,3,994.0,263.4809457392947,0
2024-11-15 20:00:00,常德變電所,USAGI,3,994.0,432.05198699246387,0
2024-11-15 20:00:00,嶺口二次變電所,USAGI,3,994.0,153.36069314831167,0
2024-11-15 20:00:00,龍明配電變電所,USAGI,3,994.0,417.79591292719897,0
2024-11-15 20:00:00,新工配電變電所,USAGI,3,994.0,389.82328390156516,0
2024-11-16 02:00:00,榮成變電所,USAGI,3,998.0,363.4406391467688,0
2024-11-16 02:00:00,西螺服務區,USAGI,3,998.0,212.8843184698524,0
2024-11-16 02:00:00,中部科學園區,USAGI,3,998.0,262.69383649158584,0
2024-11-16 02:00:00,興變電所,USAGI,3,998.0,188.25654986543404,0
2024-11-16 02:00:00,中正變電所,USAGI,3,998.0,375.1593220083271,0
2024-11-16 02:00:00,成都變電所,USAGI,3,998.0,361.85792902029567,0
2024-11-16 02:00:00,新豐配電變電所,USAGI,3,998.0,343.61206380591034,0
2024-11-16 02:00:00,內惟配電變電所,USAGI,3,998.0,85.66900780366886,0
2024-11-16 02:00:00,永華二次變電所,USAGI,3,998.0,121.29912708086027,0
2024-11-16 02:00:00,關西二次變電所,USAGI,3,998.0,336.65406928923244,0
2024-11-16 02:00:00,源海二次變電所,USAGI,3,998.0,375.16962704525935,0
2024-11-16 02:00:00,四湖配電變電所,USAGI,3,998.0,193.12923794309526,0
2024-11-16 02:00:00,新高港超高壓變電所,USAGI,3,998.0,77.51264321544629,0
2024-11-16 02:00:00,九曲配電變電所,USAGI,3,998.0,121.20247004256899,0
2024-11-16 02:00:00,崙背變電所,USAGI,3,998.0,207.1942712965029,0
2024-11-16 02:00:00,常德變電所,USAGI,3,998.0,376.273007974644,0
2024-11-16 02:00:00,嶺口二次變電所,USAGI,3,998.0,96.81421214565296,0
2024-11-16 02:00:00,龍明配電變電所,USAGI,3,998.0,361.6366268202708,0
2024-11-16 02:00:00,新工配電變電所,USAGI,3,998.0,333.3350849382843,0
2024-11-16 08:00:00,榮成變電所,USAGI,2,1006.0,315.2547312971587,0
2024-11-16 08:00:00,西螺服務區,USAGI,2,1006.0,166.78667147503904,0
2024-11-16 08:00:00,中部科學園區,USAGI,2,1006.0,215.3809422344703,0
2024-11-16 08:00:00,興變電所,USAGI,2,1006.0,139.58243401308388,0
2024-11-16 08:00:00,中正變電所,USAGI,2,1006.0,326.2336961465048,0
2024-11-16 08:00:00,成都變電所,USAGI,2,1006.0,313.25567098702743,0
2024-11-16 08:00:00,新豐配電變電所,USAGI,2,1006.0,295.7407177541826,0
2024-11-16 08:00:00,內惟配電變電所,USAGI,2,1006.0,42.37565808168593,0
2024-11-16 08:00:00,永華二次變電所,USAGI,2,1006.0,79.16685200997614,0
2024-11-16 08:00:00,關西二次變電所,USAGI,2,1006.0,288.16467646024597,0
2024-11-16 08:00:00,源海二次變電所,USAGI,2,1006.0,326.24403691505836,0
2024-11-16 08:00:00,四湖配電變電所,USAGI,2,1006.0,149.7101128506303,0
2024-11-16 08:00:00,新高港超高壓變電所,USAGI,2,1006.0,30.035311938086846,0
2024-11-16 08:00:00,九曲配電變電所,USAGI,2,1006.0,79.4222747698539,0
2024-11-16 08:00:00,崙背變電所,USAGI,2,1006.0,162.1935256082305,0
2024-11-16 08:00:00,常德變電所,USAGI,2,1006.0,327.39934351342913,0
2024-11-16 08:00:00,嶺口二次變電所,USAGI,2,1006.0,51.092719852365455,0
2024-11-16 08:00:00,龍明配電變電所,USAGI,2,1006.0,313.04312905477434,0
2024-11-16 08:00:00,新工配電變電所,USAGI,2,1006.0,285.44274432028567,0
2024-11-16 14:00:00,榮成變電所,USAGI,2,1006.0,302.12595876124135,0
2024-11-16 14:00:00,西螺服務區,USAGI,2,1006.0,155.56607898033133,0
2024-11-16 14:00:00,中部科學園區,USAGI,2,1006.0,203.10084741962856,0
2024-11-16 14:00:00,興變電所,USAGI,2,1006.0,126.11252126251614,0
2024-11-16 14:00:00,中正變電所,USAGI,2,1006.0,312.2052856124921,0
2024-11-16 14:00:00,成都變電所,USAGI,2,1006.0,299.7024794269404,0
2024-11-16 14:00:00,新豐配電變電所,USAGI,2,1006.0,282.9020286079379,0
2024-11-16 14:00:00,內惟配電變電所,USAGI,2,1006.0,36.8646259863486,0
2024-11-16 14:00:00,永華二次變電所,USAGI,2,1006.0,71.97707082750837,0
2024-11-16 14:00:00,關西二次變電所,USAGI,2,1006.0,274.75119366751784,0
2024-11-16 14:00:00,源海二次變電所,USAGI,2,1006.0,312.21569790061295,0
2024-11-16 14:00:00,四湖配電變電所,USAGI,2,1006.0,140.36503748948635,0
2024-11-16 14:00:00,新高港超高壓變電所,USAGI,2,1006.0,21.14402185073066,0
2024-11-16 14:00:00,九曲配電變電所,USAGI,2,1006.0,72.46475525361878,0
2024-11-16 14:00:00,崙背變電所,USAGI,2,1006.0,151.74955216330397,0
2024-11-16 14:00:00,常德變電所,USAGI,2,1006.0,313.4683109042276,0
2024-11-16 14:00:00,嶺口二次變電所,USAGI,2,1006.0,42.32342819887247,0
2024-11-16 14:00:00,龍明配電變電所,USAGI,2,1006.0,299.50020111014487,0
2024-11-16 14:00:00,新工配電變電所,USAGI,2,1006.0,272.59532002342854,0
2024-11-16 20:00:00,榮成變電所,USAGI,2,1008.0,323.89941779463976,0
2024-11-16 20:00:00,西螺服務區,USAGI,2,1008.0,177.80039282878204,0
2024-11-16 20:00:00,中部科學園區,USAGI,2,1008.0,225.239881286491,0
2024-11-16 20:00:00,興變電所,USAGI,2,1008.0,147.78569771633175,0
2024-11-16 20:00:00,中正變電所,USAGI,2,1008.0,333.1753510588679,0
2024-11-16 20:00:00,成都變電所,USAGI,2,1008.0,321.17483012759493,0
2024-11-16 20:00:00,新豐配電變電所,USAGI,2,1008.0,304.8315311342944,0
2024-11-16 20:00:00,內惟配電變電所,USAGI,2,1008.0,56.3144207526808,0
2024-11-16 20:00:00,永華二次變電所,USAGI,2,1008.0,92.7278638655562,0
2024-11-16 20:00:00,關西二次變電所,USAGI,2,1008.0,296.34439598982414,0
2024-11-16 20:00:00,源海二次變電所,USAGI,2,1008.0,333.185850220247,0
2024-11-16 20:00:00,四湖配電變電所,USAGI,2,1008.0,162.2172930839379,0
2024-11-16 20:00:00,新高港超高壓變電所,USAGI,2,1008.0,42.22118377986118,0
2024-11-16 20:00:00,九曲配電變電所,USAGI,2,1008.0,93.08630928898019,0
2024-11-16 20:00:00,崙背變電所,USAGI,2,1008.0,173.89400165213019,0
2024-11-16 20:00:00,常德變電所,USAGI,2,1008.0,334.55736101445126,0
2024-11-16 20:00:00,嶺口二次變電所,USAGI,2,1008.0,63.69232613694566,0
2024-11-16 20:00:00,龍明配電變電所,USAGI,2,1008.0,320.9812692757742,0
2024-11-16 20:00:00,新工配電變電所,USAGI,2,1008.0,294.52357638297093,0
2024-12-22 02:00:00,內惟配電變電所,PABUK,2,1004.0,1494.6486691520342,0
2024-12-22 02:00:00,新高港超高壓變電所,PABUK,2,1004.0,1489.3760301572647,0
2024-12-22 08:00:00,內惟配電變電所,PABUK,2,1006.0,1493.7544580858628,0
2024-12-22 08:00:00,新高港超高壓變電所,PABUK,2,1006.0,1489.1083826588674,0
2024-12-22 14:00:00,內惟配電變電所,PABUK,3,1002.0,1499.6013677040935,0
2024-12-22 14:00:00,新高港超高壓變電所,PABUK,3,1002.0,1495.6953185171697,0
2024-12-23 08:00:00,內惟配電變電所,PABUK,3,1002.0,1496.7383249627444,0
2024-12-23 08:00:00,新高港超高壓變電所,PABUK,3,1002.0,1494.59703299258,0
2024-12-23 20:00:00,內惟配電變電所,PABUK,3,1002.0,1485.354651622642,0
2024-12-23 20:00:00,新高港超高壓變電所,PABUK,3,1002.0,1483.7153787694963,0
2024-12-23 20:00:00,嶺口二次變電所,PABUK,3,1002.0,1498.0461843889284,0
2024-12-24 02:00:00,內惟配電變電所,PABUK,3,1002.0,1487.7812212114732,0
2024-12-24 02:00:00,新高港超高壓變電所,PABUK,3,1002.0,1486.4125487081913,0
2025-06-10 20:00:00,榮成變電所,WUTIP,2,998.0,1331.3499173301502,0
2025-06-10 20:00:00,西螺服務區,WUTIP,2,998.0,1178.1189535130627,0
2025-06-10 20:00:00,中部科學園區,WUTIP,2,998.0,1229.8507286958518,0
2025-06-10 20:00:00,興變電所,WUTIP,2,998.0,1171.3696689167296,0
2025-06-10 20:00:00,中正變電所,WUTIP,2,998.0,1354.4489515905932,0
2025-06-10 20:00:00,成都變電所,WUTIP,2,998.0,1335.4270307367178,0
2025-06-10 20:00:00,新豐配電變電所,WUTIP,2,998.0,1309.2236875384965,0
2025-06-10 20:00:00,內惟配電變電所,WUTIP,2,998.0,1065.8706339376517,0
2025-06-10 20:00:00,永華二次變電所,WUTIP,2,998.0,1090.0929594229083,0
2025-06-10 20:00:00,關西二次變電所,WUTIP,2,998.0,1309.8345891349425,0
2025-06-10 20:00:00,源海二次變電所,WUTIP,2,998.0,1354.4579548482448,0
2025-06-10 20:00:00,四湖配電變電所,WUTIP,2,998.0,1149.3132254930392,0
2025-06-10 20:00:00,新高港超高壓變電所,WUTIP,2,998.0,1065.2390470419114,0
2025-06-10 20:00:00,九曲配電變電所,WUTIP,2,998.0,1089.212870693143,0
2025-06-10 20:00:00,崙背變電所,WUTIP,2,998.0,1167.8113711709289,0
2025-06-10 20:00:00,常德變電所,WUTIP,2,998.0,1354.216562090242,0
2025-06-10 20:00:00,嶺口二次變電所,WUTIP,2,998.0,1078.566328689954,0
2025-06-10 20:00:00,龍明配電變電所,WUTIP,2,998.0,1335.0832797857386,0
2025-06-10 20:00:00,新工配電變電所,WUTIP,2,998.0,1299.870189264329,0
2025-06-11 02:00:00,榮成變電所,WUTIP,2,996.0,1306.7953428550336,0
2025-06-11 02:00:00,西螺服務區,WUTIP,2,996.0,1153.620114309067,0
2025-06-11 02:00:00,中部科學園區,WUTIP,2,996.0,1205.3333781769145,0
2025-06-11 02:00:00,興變電所,WUTIP,2,996.0,1147.0173597153132,0
2025-06-11 02:00:00,中正變電所,WUTIP,2,996.0,1329.9778827312903,0
2025-06-11 02:00:00,成都變電所,WUTIP,2,996.0,1310.9105643744726,0
2025-06-11 02:00:00,新豐配電變電所,WUTIP,2,996.0,1284.663100840332,0
2025-06-11 02:00:00,內惟配電變電所,WUTIP,2,996.0,1041.57745486794,0
2025-06-11 02:00:00,永華二次變電所,WUTIP,2,996.0,1065.691853048473,0
2025-06-11 02:00:00,關西二次變電所,WUTIP,2,996.0,1285.3240434986667,0
2025-06-11 02:00:00,源海二次變電所,WUTIP,2,996.0,1329.9868697221211,0
2025-06-11 02:00:00,四湖配電變電所,WUTIP,2,996.0,1124.7884182717605,0
2025-06-11 02:00:00,新高港超高壓變電所,WUTIP,2,996.0,1041.0183616281984,0
2025-06-11 02:00:00,九曲配電變電所,WUTIP,2,996.0,1064.8080904729711,0
2025-06-11 02:00:00,崙背變電所,WUTIP,2,996.0,1143.294449737868,0
2025-06-11 02:00:00,常德變電所,WUTIP,2,996.0,1329.7320818070848,0
2025-06-11 02:00:00,嶺口二次變電所,WUTIP,2,996.0,1054.2717636622606,0
2025-06-11 02:00:00,龍明配電變電所,WUTIP,2,996.0,1310.565971140342,0
2025-06-11 02:00:00,新工配電變電所,WUTIP,2,996.0,1275.3184356598747,0
2025-06-11 08:00:00,榮成變電所,WUTIP,2,996.0,1238.6076322931497,0
2025-06-11 08:00:00,西螺服務區,WUTIP,2,996.0,1087.964856756633,0
2025-06-11 08:00:00,中部科學園區,WUTIP,2,996.0,1138.8472164620543,0
2025-06-11 08:00:00,興變電所,WUTIP,2,996.0,1085.6483665220285,0
2025-06-11 08:00:00,中正變電所,WUTIP,2,996.0,1264.5878515912952,0
2025-06-11 08:00:00,成都變電所,WUTIP,2,996.0,1244.0965163521403,0
2025-06-11 08:00:00,新豐配電變電所,WUTIP,2,996.0,1216.310250175472,0
2025-06-11 08:00:00,內惟配電變電所,WUTIP,2,996.0,982.2045508301368,0
2025-06-11 08:00:00,永華二次變電所,WUTIP,2,996.0,1003.3973667875268,0
2025-06-11 08:00:00,關西二次變電所,WUTIP,2,996.0,1218.7941136720021,0
2025-06-11 08:00:00,源海二次變電所,WUTIP,2,996.0,1264.5963056667013,0
2025-06-11 08:00:00,四湖配電變電所,WUTIP,2,996.0,1058.3602588818915,0
2025-06-11 08:00:00,新高港超高壓變電所,WUTIP,2,996.0,983.3396756822312,0
2025-06-11 08:00:00,九曲配電變電所,WUTIP,2,996.0,1002.4154711578188,0
2025-06-11 08:00:00,崙背變電所,WUTIP,2,996.0,1077.0661793553058,0
2025-06-11 08:00:00,常德變電所,WUTIP,2,996.0,1263.920454928759,0
2025-06-11 08:00:00,嶺口二次變電所,WUTIP,2,996.0,994.7966404268115,0
2025-06-11 08:00:00,龍明配電變電所,WUTIP,2,996.0,1243.7239241348034,0
2025-06-11 08:00:00,新工配電變電所,WUTIP,2,996.0,1207.338068108777,0
2025-06-11 14:00:00,榮成變電所,WUTIP,2,994.0,1291.4573191615802,0
2025-06-11 14:00:00,西螺服務區,WUTIP,2,994.0,1145.977957779857,0
2025-06-11 14:00:00,中部科學園區,WUTIP,2,994.0,1195.1193772209103,0
2025-06-11 14:00:00,興變電所,WUTIP,2,994.0,1149.318142555548,0
2025-06-11 14:00:00,中正變電所,WUTIP,2,994.0,1321.0264093392661,0
2025-06-11 14:00:00,成都變電所,WUTIP,2,994.0,1298.7935869815187,0
2025-06-11 14:00:00,新豐配電變電所,WUTIP,2,994.0,1269.1562271935857,0
2025-06-11 14:00:00,內惟配電變電所,WUTIP,2,994.0,1049.786005153864,0
2025-06-11 14:00:00,永華二次變電所,WUTIP,2,994.0,1066.9744018212539,0
2025-06-11 14:00:00,關西二次變電所,WUTIP,2,994.0,1274.134861197736,0
2025-06-11 14:00:00,源海二次變電所,WUTIP,2,994.0,1321.0340628237284,0
2025-06-11 14:00:00,四湖配電變電所,WUTIP,2,994.0,1115.7113368442604,0
2025-06-11 14:00:00,新高港超高壓變電所,WUTIP,2,994.0,1052.9899151394118,0
2025-06-11 14:00:00,九曲配電變電所,WUTIP,2,994.0,1065.8801458555454,0
2025-06-11 14:00:00,崙背變電所,WUTIP,2,994.0,1134.443802090109,0
2025-06-11 14:00:00,常德變電所,WUTIP,2,994.0,1319.7942190118786,0
2025-06-11 14:00:00,嶺口二次變電所,WUTIP,2,994.0,1062.0681876537415,0
2025-06-11 14:00:00,龍明配電變電所,WUTIP,2,994.0,1298.3862127248979,0
2025-06-11 14:00:00,新工配電變電所,WUTIP,2,994.0,1260.7969246578716,0
2025-06-11 20:00:00,榮成變電所,WUTIP,3,992.0,1387.4091571333024,0
2025-06-11 20:00:00,西螺服務區,WUTIP,3,992.0,1246.5361956096287,0
2025-06-11 20:00:00,中部科學園區,WUTIP,3,992.0,1294.1218311389632,0
2025-06-11 20:00:00,興變電所,WUTIP,3,992.0,1253.5753161246207,0
2025-06-11 20:00:00,中正變電所,WUTIP,3,992.0,1419.2672418450268,0
2025-06-11 20:00:00,成都變電所,WUTIP,3,992.0,1395.9780643166212,0
2025-06-11 20:00:00,新豐配電變電所,WUTIP,3,992.0,1365.2616025521227,0
2025-06-11 20:00:00,內惟配電變電所,WUTIP,3,992.0,1157.315668171076,0
2025-06-11 20:00:00,永華二次變電所,WUTIP,3,992.0,1171.825911423006,0
2025-06-11 20:00:00,關西二次變電所,WUTIP,3,992.0,1371.9301372438824,0
2025-06-11 20:00:00,源海二次變電所,WUTIP,3,992.0,1419.274296120495,0
2025-06-11 20:00:00,四湖配電變電所,WUTIP,3,992.0,1216.0782295756567,0
2025-06-11 20:00:00,新高港超高壓變電所,WUTIP,3,992.0,1161.7794987260609,0
2025-06-11 20:00:00,九曲配電變電所,WUTIP,3,992.0,1170.668966149663,0
2025-06-11 20:00:00,崙背變電所,WUTIP,3,992.0,1234.6714870868316,0
2025-06-11 20:00:00,常德變電所,WUTIP,3,992.0,1417.6539601016186,0
2025-06-11 20:00:00,嶺口二次變電所,WUTIP,3,992.0,1169.3031774756014,0
2025-06-11 20:00:00,龍明配電變電所,WUTIP,3,992.0,1395.5493562439879,0
2025-06-11 20:00:00,新工配電變電所,WUTIP,3,992.0,1357.3870756207511,0
2025-06-12 02:00:00,榮成變電所,WUTIP,3,990.0,1411.3968182317042,0
2025-06-12 02:00:00,西螺服務區,WUTIP,3,990.0,1274.0157810963676,0
2025-06-12 02:00:00,中部科學園區,WUTIP,3,990.0,1320.4073798054533,0
2025-06-12 02:00:00,興變電所,WUTIP,3,990.0,1283.5169775882343,0
2025-06-12 02:00:00,中正變電所,WUTIP,3,990.0,1444.6633001385455,0
2025-06-12 02:00:00,成都變電所,WUTIP,3,990.0,1420.7458757905902,0
2025-06-12 02:00:00,新豐配電變電所,WUTIP,3,990.0,1389.417594280568,0
2025-06-12 02:00:00,內惟配電變電所,WUTIP,3,990.0,1189.843257645532,0
2025-06-12 02:00:00,永華二次變電所,WUTIP,3,990.0,1202.4623261369786,0
2025-06-12 02:00:00,關西二次變電所,WUTIP,3,990.0,1397.171488258874,0
2025-06-12 02:00:00,源海二次變電所,WUTIP,3,990.0,1444.6699382700835,0
2025-06-12 02:00:00,四湖配電變電所,WUTIP,3,990.0,1243.5418900836833,0
2025-06-12 02:00:00,新高港超高壓變電所,WUTIP,3,990.0,1195.167749325076,0
2025-06-12 02:00:00,九曲配電變電所,WUTIP,3,990.0,1201.267171602011,0
2025-06-12 02:00:00,崙背變電所,WUTIP,3,990.0,1261.974525774032,0
2025-06-12 02:00:00,常德變電所,WUTIP,3,990.0,1442.802965413369,0
2025-06-12 02:00:00,嶺口二次變電所,WUTIP,3,990.0,1201.5826661633464,0
2025-06-12 02:00:00,龍明配電變電所,WUTIP,3,990.0,1420.304439928291,0
2025-06-12 02:00:00,新工配電變電所,WUTIP,3,990.0,1381.8838495731752,0
2025-06-12 08:00:00,榮成變電所,WUTIP,3,990.0,1421.8698307524337,0
2025-06-12 08:00:00,西螺服務區,WUTIP,3,990.0,1287.4303859009165,0
2025-06-12 08:00:00,中部科學園區,WUTIP,3,990.0,1332.8114103686,0
2025-06-12 08:00:00,興變電所,WUTIP,3,990.0,1298.8222132905014,0
2025-06-12 08:00:00,中正變電所,WUTIP,3,990.0,1456.170733989794,0
2025-06-12 08:00:00,成都變電所,WUTIP,3,990.0,1431.8056039317528,0
2025-06-12 08:00:00,新豐配電變電所,WUTIP,3,990.0,1400.0568620989475,0
2025-06-12 08:00:00,內惟配電變電所,WUTIP,3,990.0,1207.3459075230794,0
2025-06-12 08:00:00,永華二次變電所,WUTIP,3,990.0,1218.467984996945,0
2025-06-12 08:00:00,關西二次變電所,WUTIP,3,990.0,1408.635302279665,0
2025-06-12 08:00:00,源海二次變電所,WUTIP,3,990.0,1456.1770400915002,0
2025-06-12 08:00:00,四湖配電變電所,WUTIP,3,990.0,1257.004787468608,0
2025-06-12 08:00:00,新高港超高壓變電所,WUTIP,3,990.0,1213.3301466332696,0
2025-06-12 08:00:00,九曲配電變電所,WUTIP,3,990.0,1217.2456896550932,0
2025-06-12 08:00:00,崙背變電所,WUTIP,3,990.0,1275.2762350999276,0
2025-06-12 08:00:00,常德變電所,WUTIP,3,990.0,1454.122306353885,0
2025-06-12 08:00:00,嶺口二次變電所,WUTIP,3,990.0,1218.8676223866348,0
2025-06-12 08:00:00,龍明配電變電所,WUTIP,3,990.0,1431.3550507539921,0
2025-06-12 08:00:00,新工配電變電所,WUTIP,3,990.0,1392.798617802751,0
2025-06-12 14:00:00,榮成變電所,WUTIP,3,985.0,1463.0664822828387,0
2025-06-12 14:00:00,西螺服務區,WUTIP,3,985.0,1330.496399078195,0
2025-06-12 14:00:00,中部科學園區,WUTIP,3,985.0,1375.248181941089,0
2025-06-12 14:00:00,興變電所,WUTIP,3,985.0,1342.9562884821407,0
2025-06-12 14:00:00,中正變電所,WUTIP,3,985.0,1497.9802257677627,0
2025-06-12 14:00:00,成都變電所,WUTIP,3,985.0,1473.3576829918889,0
2025-06-12 14:00:00,新豐配電變電所,WUTIP,3,985.0,1441.3724049880798,0
2025-06-12 14:00:00,內惟配電變電所,WUTIP,3,985.0,1252.7367527336714,0
2025-06-12 14:00:00,永華二次變電所,WUTIP,3,985.0,1263.0481446368276,0
2025-06-12 14:00:00,關西二次變電所,WUTIP,3,985.0,1450.450690453412,0
2025-06-12 14:00:00,源海二次變電所,WUTIP,3,985.0,1497.986325373138,0
2025-06-12 14:00:00,四湖配電變電所,WUTIP,3,985.0,1300.1230284497399,0
2025-06-12 14:00:00,新高港超高壓變電所,WUTIP,3,985.0,1259.0607401245154,0
2025-06-12 14:00:00,九曲配電變電所,WUTIP,3,985.0,1261.8119794532204,0
2025-06-12 14:00:00,崙背變電所,WUTIP,3,985.0,1318.2861390407836,0
2025-06-12 14:00:00,常德變電所,WUTIP,3,985.0,1495.818330102981,0
2025-06-12 14:00:00,嶺口二次變電所,WUTIP,3,985.0,1264.13515923448,0
2025-06-12 14:00:00,龍明配電變電所,WUTIP,3,985.0,1472.9018414835066,0
2025-06-12 14:00:00,新工配電變電所,WUTIP,3,985.0,1434.2894351214218,0
2025-06-12 20:00:00,榮成變電所,WUTIP,3,985.0,1491.4886285491282,0
2025-06-12 20:00:00,西螺服務區,WUTIP,3,985.0,1361.8287543220129,0
2025-06-12 20:00:00,中部科學園區,WUTIP,3,985.0,1405.5882631642394,0
2025-06-12 20:00:00,興變電所,WUTIP,3,985.0,1375.91062883883,0
2025-06-12 20:00:00,新豐配電變電所,WUTIP,3,985.0,1469.989685369433,0
2025-06-12 20:00:00,內惟配電變電所,WUTIP,3,985.0,1287.7664685543566,0
2025-06-12 20:00:00,永華二次變電所,WUTIP,3,985.0,1296.7820934421688,0
2025-06-12 20:00:00,關西二次變電所,WUTIP,3,985.0,1479.7927935452528,0
2025-06-12 20:00:00,四湖配電變電所,WUTIP,3,985.0,1331.567929923435,0
2025-06-12 20:00:00,新高港超高壓變電所,WUTIP,3,985.0,1294.6318357003606,0
2025-06-12 20:00:00,九曲配電變電所,WUTIP,3,985.0,1295.5255747016267,0
2025-06-12 20:00:00,崙背變電所,WUTIP,3,985.0,1349.5471917791165,0
2025-06-12 20:00:00,嶺口二次變電所,WUTIP,3,985.0,1298.955374334905,0
2025-06-12 20:00:00,新工配電變電所,WUTIP,3,985.0,1463.1702949149212,0
2025-06-13 02:00:00,西螺服務區,WUTIP,4,985.0,1383.12148388085,0
2025-06-13 02:00:00,中部科學園區,WUTIP,4,985.0,1425.4696008737608,0
2025-06-13 02:00:00,興變電所,WUTIP,4,985.0,1399.3561631794128,0
2025-06-13 02:00:00,新豐配電變電所,WUTIP,4,985.0,1487.465625032882,0
2025-06-13 02:00:00,內惟配電變電所,WUTIP,4,985.0,1314.2121921630967,0
2025-06-13 02:00:00,永華二次變電所,WUTIP,4,985.0,1321.4446736790687,0
2025-06-13 02:00:00,關西二次變電所,WUTIP,4,985.0,1498.2097085206663,0
2025-06-13 02:00:00,四湖配電變電所,WUTIP,4,985.0,1353.074269847183,0
2025-06-13 02:00:00,新高港超高壓變電所,WUTIP,4,985.0,1321.8048374364284,0
2025-06-13 02:00:00,九曲配電變電所,WUTIP,4,985.0,1320.1632701935578,0
2025-06-13 02:00:00,崙背變電所,WUTIP,4,985.0,1370.7698900727441,0
2025-06-13 02:00:00,嶺口二次變電所,WUTIP,4,985.0,1325.09125784483,0
2025-06-13 02:00:00,新工配電變電所,WUTIP,4,985.0,1481.0069103548356,0
2025-06-13 08:00:00,西螺服務區,WUTIP,4,980.0,1392.6096279419805,0
2025-06-13 08:00:00,中部科學園區,WUTIP,4,980.0,1433.3897090045332,0
2025-06-13 08:00:00,興變電所,WUTIP,4,980.0,1411.0487184423737,0
2025-06-13 08:00:00,新豐配電變電所,WUTIP,4,980.0,1492.7554749906667,0
2025-06-13 08:00:00,內惟配電變電所,WUTIP,4,980.0,1329.2616813282805,0
2025-06-13 08:00:00,永華二次變電所,WUTIP,4,980.0,1334.605744413803,0
2025-06-13 08:00:00,四湖配電變電所,WUTIP,4,980.0,1362.8605422517664,0
2025-06-13 08:00:00,新高港超高壓變電所,WUTIP,4,980.0,1337.5990922808053,0
2025-06-13 08:00:00,九曲配電變電所,WUTIP,4,980.0,1333.3017009280445,0
2025-06-13 08:00:00,崙背變電所,WUTIP,4,980.0,1380.2161099598175,0
2025-06-13 08:00:00,嶺口二次變電所,WUTIP,4,980.0,1339.7868823620938,0
2025-06-13 08:00:00,新工配電變電所,WUTIP,4,980.0,1486.6835327058122,0
2025-06-13 14:00:00,西螺服務區,WUTIP,4,980.0,1391.0836441530116,0
2025-06-13 14:00:00,中部科學園區,WUTIP,4,980.0,1430.6928019367367,0
2025-06-13 14:00:00,興變電所,WUTIP,4,980.0,1411.0611348656978,0
2025-06-13 14:00:00,新豐配電變電所,WUTIP,4,980.0,1488.1209991711873,0
2025-06-13 14:00:00,內惟配電變電所,WUTIP,4,980.0,1331.7996718574602,0
2025-06-13 14:00:00,永華二次變電所,WUTIP,4,980.0,1335.7849057345923,0
2025-06-13 14:00:00,四湖配電變電所,WUTIP,4,980.0,1361.5925014422469,0
2025-06-13 14:00:00,新高港超高壓變電所,WUTIP,4,980.0,1340.657048245058,0
2025-06-13 14:00:00,九曲配電變電所,WUTIP,4,980.0,1334.4668663276534,0
2025-06-13 14:00:00,崙背變電所,WUTIP,4,980.0,1378.6795368221472,0
2025-06-13 14:00:00,嶺口二次變電所,WUTIP,4,980.0,1342.054200647072,0
2025-06-13 14:00:00,新工配電變電所,WUTIP,4,980.0,1482.3293930607163,0
2025-06-13 20:00:00,榮成變電所,WUTIP,4,980.0,1484.9029765032662,0
2025-06-13 20:00:00,西螺服務區,WUTIP,4,980.0,1367.2799794033626,0
2025-06-13 20:00:00,中部科學園區,WUTIP,4,980.0,1406.8789529517783,0
2025-06-13 20:00:00,興變電所,WUTIP,4,980.0,1387.291220436516,0
2025-06-13 20:00:00,成都變電所,WUTIP,4,980.0,1497.446710223,0
2025-06-13 20:00:00,新豐配電變電所,WUTIP,4,980.0,1464.3217199265416,0
2025-06-13 20:00:00,內惟配電變電所,WUTIP,4,980.0,1308.13964557428,0
2025-06-13 20:00:00,永華二次變電所,WUTIP,4,980.0,1312.0585932974159,0
2025-06-13 20:00:00,關西二次變電所,WUTIP,4,980.0,1476.6591130701072,0
2025-06-13 20:00:00,四湖配電變電所,WUTIP,4,980.0,1337.7932452500156,0
2025-06-13 20:00:00,新高港超高壓變電所,WUTIP,4,980.0,1317.0268251368054,0
2025-06-13 20:00:00,九曲配電變電所,WUTIP,4,980.0,1310.7400081747448,0
2025-06-13 20:00:00,崙背變電所,WUTIP,4,980.0,1354.8758354007232,0
2025-06-13 20:00:00,嶺口二次變電所,WUTIP,4,980.0,1318.379133577905,0
2025-06-13 20:00:00,龍明配電變電所,WUTIP,4,980.0,1496.9613738617447,0
2025-06-13 20:00:00,新工配電變電所,WUTIP,4,980.0,1458.5256037784281,0
2025-06-14 02:00:00,榮成變電所,WUTIP,4,980.0,1414.2948832401726,0
2025-06-14 02:00:00,西螺服務區,WUTIP,4,980.0,1301.5798781647534,0
2025-06-14 02:00:00,中部科學園區,WUTIP,4,980.0,1339.43463736738,0
2025-06-14 02:00:00,興變電所,WUTIP,4,980.0,1323.7844576108168,0
2025-06-14 02:00:00,中正變電所,WUTIP,4,980.0,1453.734306439297,0
2025-06-14 02:00:00,成都變電所,WUTIP,4,980.0,1427.4109065646526,0
2025-06-14 02:00:00,新豐配電變電所,WUTIP,4,980.0,1394.115282720982,0
2025-06-14 02:00:00,內惟配電變電所,WUTIP,4,980.0,1248.6576619450684,0
2025-06-14 02:00:00,永華二次變電所,WUTIP,4,980.0,1250.4839861443888,0
2025-06-14 02:00:00,關西二次變電所,WUTIP,4,980.0,1407.3130033254886,0
2025-06-14 02:00:00,源海二次變電所,WUTIP,4,980.0,1453.7384687169208,0
2025-06-14 02:00:00,四湖配電變電所,WUTIP,4,980.0,1272.5327397915466,0
2025-06-14 02:00:00,新高港超高壓變電所,WUTIP,4,980.0,1258.3288993026802,0
2025-06-14 02:00:00,九曲配電變電所,WUTIP,4,980.0,1249.1477947204078,0
2025-06-14 02:00:00,崙背變電所,WUTIP,4,980.0,1289.188648412594,0
2025-06-14 02:00:00,常德變電所,WUTIP,4,980.0,1450.6288686440585,0
2025-06-14 02:00:00,嶺口二次變電所,WUTIP,4,980.0,1258.4497325420873,0
2025-06-14 02:00:00,龍明配電變電所,WUTIP,4,980.0,1426.9194393971661,0
2025-06-14 02:00:00,新工配電變電所,WUTIP,4,980.0,1388.7062861149782,0
2025-06-14 08:00:00,榮成變電所,WUTIP,4,980.0,1365.716670859687,0
2025-06-14 08:00:00,西螺服務區,WUTIP,4,980.0,1257.2912905764292,0
2025-06-14 08:00:00,中部科學園區,WUTIP,4,980.0,1293.621051660067,0
2025-06-14 08:00:00,興變電所,WUTIP,4,980.0,1281.270943267622,0
2025-06-14 08:00:00,中正變電所,WUTIP,4,980.0,1405.8151951108673,0
2025-06-14 08:00:00,成都變電所,WUTIP,4,980.0,1379.2919890721862,0
2025-06-14 08:00:00,新豐配電變電所,WUTIP,4,980.0,1345.9033422657703,0
2025-06-14 08:00:00,內惟配電變電所,WUTIP,4,980.0,1209.6347513076619,0
2025-06-14 08:00:00,永華二次變電所,WUTIP,4,980.0,1209.7300409471939,0
2025-06-14 08:00:00,關西二次變電所,WUTIP,4,980.0,1359.7999616497161,0
2025-06-14 08:00:00,源海二次變電所,WUTIP,4,980.0,1405.8189844434107,0
2025-06-14 08:00:00,四湖配電變電所,WUTIP,4,980.0,1228.6698734964236,0
2025-06-14 08:00:00,新高港超高壓變電所,WUTIP,4,980.0,1219.9264888767561,0
2025-06-14 08:00:00,九曲配電變電所,WUTIP,4,980.0,1208.382479854589,0
2025-06-14 08:00:00,崙背變電所,WUTIP,4,980.0,1244.9357881619244,0
2025-06-14 08:00:00,常德變電所,WUTIP,4,980.0,1402.5498155725597,0
2025-06-14 08:00:00,嶺口二次變電所,WUTIP,4,980.0,1219.0342771777105,0
2025-06-14 08:00:00,龍明配電變電所,WUTIP,4,980.0,1378.7961194389295,0
2025-06-14 08:00:00,新工配電變電所,WUTIP,4,980.0,1340.8265985565565,0
2025-06-14 14:00:00,榮成變電所,WUTIP,3,985.0,1234.921739354813,0
2025-06-14 14:00:00,西螺服務區,WUTIP,3,985.0,1132.879881809764,0
2025-06-14 14:00:00,中部科學園區,WUTIP,3,985.0,1166.86305741605,0
2025-06-14 14:00:00,興變電所,WUTIP,3,985.0,1159.4506452461783,0
2025-06-14 14:00:00,中正變電所,WUTIP,3,985.0,1275.8295934476134,0
2025-06-14 14:00:00,成都變電所,WUTIP,3,985.0,1249.0902090572338,0
2025-06-14 14:00:00,新豐配電變電所,WUTIP,3,985.0,1215.6477960956208,0
2025-06-14 14:00:00,內惟配電變電所,WUTIP,3,985.0,1093.5841925455395,0
2025-06-14 14:00:00,永華二次變電所,WUTIP,3,985.0,1090.9208696011544,0
2025-06-14 14:00:00,關西二次變電所,WUTIP,3,985.0,1230.4720164837406,0
2025-06-14 14:00:00,源海二次變電所,WUTIP,3,985.0,1275.8328668785014,0
2025-06-14 14:00:00,四湖配電變電所,WUTIP,3,985.0,1104.9948153779249,0
2025-06-14 14:00:00,新高港超高壓變電所,WUTIP,3,985.0,1104.8289053922963,0
2025-06-14 14:00:00,九曲配電變電所,WUTIP,3,985.0,1089.5613063179233,0
2025-06-14 14:00:00,崙背變電所,WUTIP,3,985.0,1120.6195267176993,0
2025-06-14 14:00:00,常德變電所,WUTIP,3,985.0,1272.353444515458,0
2025-06-14 14:00:00,嶺口二次變電所,WUTIP,3,985.0,1102.3096869177493,0
2025-06-14 14:00:00,龍明配電變電所,WUTIP,3,985.0,1248.589408981192,0
2025-06-14 14:00:00,新工配電變電所,WUTIP,3,985.0,1211.0371977840923,0
2025-06-14 20:00:00,榮成變電所,WUTIP,3,994.0,1105.2210163467398,0
2025-06-14 20:00:00,西螺服務區,WUTIP,3,994.0,1012.8624177283806,0
2025-06-14 20:00:00,中部科學園區,WUTIP,3,994.0,1043.2905939300751,0
2025-06-14 20:00:00,興變電所,WUTIP,3,994.0,1042.8935295352226,0
2025-06-14 20:00:00,中正變電所,WUTIP,3,994.0,1147.1168816888078,0
2025-06-14 20:00:00,成都變電所,WUTIP,3,994.0,1120.181225091633,0
2025-06-14 20:00:00,新豐配電變電所,WUTIP,3,994.0,1086.8089877907903,0
2025-06-14 20:00:00,內惟配電變電所,WUTIP,3,994.0,985.5881717579604,0
2025-06-14 20:00:00,永華二次變電所,WUTIP,3,994.0,979.119759355049,0
2025-06-14 20:00:00,關西二次變電所,WUTIP,3,994.0,1102.896743076808,0
2025-06-14 20:00:00,源海二次變電所,WUTIP,3,994.0,1147.11940649212,0
2025-06-14 20:00:00,四湖配電變電所,WUTIP,3,994.0,986.2235625833129,0
2025-06-14 20:00:00,新高港超高壓變電所,WUTIP,3,994.0,998.0366636796059,0
2025-06-14 20:00:00,九曲配電變電所,WUTIP,3,994.0,977.75567550192,0
2025-06-14 20:00:00,崙背變電所,WUTIP,3,994.0,1000.82289160026,0
2025-06-14 20:00:00,常德變電所,WUTIP,3,994.0,1143.3545034148449,0
2025-06-14 20:00:00,嶺口二次變電所,WUTIP,3,994.0,993.3000106285801,0
2025-06-14 20:00:00,龍明配電變電所,WUTIP,3,994.0,1119.6755075733947,0
2025-06-14 20:00:00,新工配電變電所,WUTIP,3,994.0,1082.8907553130848,0
2025-06-15 02:00:00,榮成變電所,WUTIP,2,996.0,1015.9968160285957,0
2025-06-15 02:00:00,西螺服務區,WUTIP,2,996.0,935.8601356924951,0
2025-06-15 02:00:00,中部科學園區,WUTIP,2,996.0,961.8518682095835,0
2025-06-15 02:00:00,興變電所,WUTIP,2,996.0,969.5505152837164,0
2025-06-15 02:00:00,中正變電所,WUTIP,2,996.0,1058.806218271076,0
2025-06-15 02:00:00,成都變電所,WUTIP,2,996.0,1031.811193512073,0
2025-06-15 02:00:00,新豐配電變電所,WUTIP,2,996.0,998.7536264026769,0
2025-06-15 02:00:00,內惟配電變電所,WUTIP,2,996.0,922.4455051764828,0
2025-06-15 02:00:00,永華二次變電所,WUTIP,2,996.0,911.8437563655241,0
2025-06-15 02:00:00,關西二次變電所,WUTIP,2,996.0,1016.2425960908959,0
2025-06-15 02:00:00,源海二次變電所,WUTIP,2,996.0,1058.8078328277327,0
2025-06-15 02:00:00,四湖配電變電所,WUTIP,2,996.0,910.9437603324589,0
2025-06-15 02:00:00,新高港超高壓變電所,WUTIP,2,996.0,936.0516644731468,0
2025-06-15 02:00:00,九曲配電變電所,WUTIP,2,996.0,910.4915792333325,0
2025-06-15 02:00:00,崙背變電所,WUTIP,2,996.0,924.2001413076376,0
2025-06-15 02:00:00,常德變電所,WUTIP,2,996.0,1054.7255325505353,0
2025-06-15 02:00:00,嶺口二次變電所,WUTIP,2,996.0,928.9448084888285,0
2025-06-15 02:00:00,龍明配電變電所,WUTIP,2,996.0,1031.302946650469,0
2025-06-15 02:00:00,新工配電變電所,WUTIP,2,996.0,995.6973388801658,0
2025-06-15 08:00:00,榮成變電所,WUTIP,2,996.0,873.4885157917744,0
2025-06-15 08:00:00,西螺服務區,WUTIP,2,996.0,811.9442179656397,0
2025-06-15 08:00:00,中部科學園區,WUTIP,2,996.0,831.0737105824705,0
2025-06-15 08:00:00,興變電所,WUTIP,2,996.0,850.2901982253588,0
2025-06-15 08:00:00,中正變電所,WUTIP,2,996.0,917.0542913660717,0
2025-06-15 08:00:00,成都變電所,WUTIP,2,996.0,890.2914425482309,0
2025-06-15 08:00:00,新豐配電變電所,WUTIP,2,996.0,858.0824727609761,0
2025-06-15 08:00:00,內惟配電變電所,WUTIP,2,996.0,819.1084091357835,0
2025-06-15 08:00:00,永華二次變電所,WUTIP,2,996.0,802.6782865923124,0
2025-06-15 08:00:00,關西二次變電所,WUTIP,2,996.0,877.2956342815871,0
2025-06-15 08:00:00,源海二次變電所,WUTIP,2,996.0,917.0546395819564,0
2025-06-15 08:00:00,四湖配電變電所,WUTIP,2,996.0,790.0434735545246,0
2025-06-15 08:00:00,新高港超高壓變電所,WUTIP,2,996.0,834.0853062742715,0
2025-06-15 08:00:00,九曲配電變電所,WUTIP,2,996.0,801.3760569450793,0
2025-06-15 08:00:00,崙背變電所,WUTIP,2,996.0,801.0657239756334,0
2025-06-15 08:00:00,常德變電所,WUTIP,2,996.0,912.5832933880511,0
2025-06-15 08:00:00,嶺口二次變電所,WUTIP,2,996.0,823.6673007527986,0
2025-06-15 08:00:00,龍明配電變電所,WUTIP,2,996.0,889.7857904795413,0
2025-06-15 08:00:00,新工配電變電所,WUTIP,2,996.0,856.2689977189348,0
2025-06-15 14:00:00,榮成變電所,WUTIP,2,998.0,687.9585047155078,0
2025-06-15 14:00:00,西螺服務區,WUTIP,2,998.0,645.5764323445026,0
2025-06-15 14:00:00,中部科學園區,WUTIP,2,998.0,657.248136502731,0
2025-06-15 14:00:00,興變電所,WUTIP,2,998.0,687.8710204841984,0
2025-06-15 14:00:00,中正變電所,WUTIP,2,998.0,731.7022262432511,0
2025-06-15 14:00:00,成都變電所,WUTIP,2,998.0,705.4358806438725,0
2025-06-15 14:00:00,新豐配電變電所,WUTIP,2,998.0,674.3771207684044,0
2025-06-15 14:00:00,內惟配電變電所,WUTIP,2,998.0,674.8864681185665,0
2025-06-15 14:00:00,永華二次變電所,WUTIP,2,998.0,652.5352388140047,0
2025-06-15 14:00:00,關西二次變電所,WUTIP,2,998.0,694.9031383117862,0
2025-06-15 14:00:00,源海二次變電所,WUTIP,2,998.0,731.7014759549633,0
2025-06-15 14:00:00,四湖配電變電所,WUTIP,2,998.0,627.4579745701918,0
2025-06-15 14:00:00,新高港超高壓變電所,WUTIP,2,998.0,690.8772231731886,0
2025-06-15 14:00:00,九曲配電變電所,WUTIP,2,998.0,651.3319898249971,0
2025-06-15 14:00:00,崙背變電所,WUTIP,2,998.0,635.7971656910511,0
2025-06-15 14:00:00,常德變電所,WUTIP,2,998.0,726.9412039563719,0
2025-06-15 14:00:00,嶺口二次變電所,WUTIP,2,998.0,677.134409414134,0
2025-06-15 14:00:00,龍明配電變電所,WUTIP,2,998.0,704.9383110975924,0
2025-06-15 14:00:00,新工配電變電所,WUTIP,2,998.0,673.7192827808262,0
2025-06-15 20:00:00,榮成變電所,WUTIP,6,998.0,416.9730228459663,0
2025-06-15 20:00:00,西螺服務區,WUTIP,6,998.0,455.78912331355394,0
2025-06-15 20:00:00,中部科學園區,WUTIP,6,998.0,438.1463072416588,0
2025-06-15 20:00:00,興變電所,WUTIP,6,998.0,503.09986254753835,0
2025-06-15 20:00:00,中正變電所,WUTIP,6,998.0,456.33279812948297,0
2025-06-15 20:00:00,成都變電所,WUTIP,6,998.0,435.1328503137465,0
2025-06-15 20:00:00,新豐配電變電所,WUTIP,6,998.0,413.0390762883969,0
2025-06-15 20:00:00,內惟配電變電所,WUTIP,6,998.0,548.339390013119,0
2025-06-15 20:00:00,永華二次變電所,WUTIP,6,998.0,513.5501200007889,0
2025-06-15 20:00:00,關西二次變電所,WUTIP,6,998.0,436.15640061439217,0
2025-06-15 20:00:00,源海二次變電所,WUTIP,6,998.0,456.3275883758305,0
2025-06-15 20:00:00,四湖配電變電所,WUTIP,6,998.0,454.6607453398311,0
2025-06-15 20:00:00,新高港超高壓變電所,WUTIP,6,998.0,563.9039486997603,0
2025-06-15 20:00:00,九曲配電變電所,WUTIP,6,998.0,512.913443481087,0
2025-06-15 20:00:00,崙背變電所,WUTIP,6,998.0,451.9355557707795,0
2025-06-15 20:00:00,常德變電所,WUTIP,6,998.0,450.8808424646571,0
2025-06-15 20:00:00,嶺口二次變電所,WUTIP,6,998.0,543.4739380935908,0
2025-06-15 20:00:00,龍明配電變電所,WUTIP,6,998.0,434.72976990057657,0
2025-06-15 20:00:00,新工配電變電所,WUTIP,6,998.0,417.3358591835547,0
2025-06-16 02:00:00,榮成變電所,WUTIP,6,1000.0,341.31969021002186,0
2025-06-16 02:00:00,西螺服務區,WUTIP,6,1000.0,478.8517428568283,0
2025-06-16 02:00:00,中部科學園區,WUTIP,6,1000.0,431.73654272040494,0
2025-06-16 02:00:00,興變電所,WUTIP,6,1000.0,511.59453289852485,0
2025-06-16 02:00:00,中正變電所,WUTIP,6,1000.0,351.73415731588807,0
2025-06-16 02:00:00,成都變電所,WUTIP,6,1000.0,350.54894001017016,0
2025-06-16 02:00:00,新豐配電變電所,WUTIP,6,1000.0,356.3555120588681,0
2025-06-16 02:00:00,內惟配電變電所,WUTIP,6,1000.0,605.6264683998028,0
2025-06-16 02:00:00,永華二次變電所,WUTIP,6,1000.0,570.2092450307275,0
2025-06-16 02:00:00,關西二次變電所,WUTIP,6,1000.0,370.8715497703438,0
2025-06-16 02:00:00,源海二次變電所,WUTIP,6,1000.0,351.72336681573773,0
2025-06-16 02:00:00,四湖配電變電所,WUTIP,6,1000.0,498.5646680660373,0
2025-06-16 02:00:00,新高港超高壓變電所,WUTIP,6,1000.0,615.6058105527612,0
2025-06-16 02:00:00,九曲配電變電所,WUTIP,6,1000.0,570.4135510513128,0
2025-06-16 02:00:00,崙背變電所,WUTIP,6,1000.0,484.05275309112864,0
2025-06-16 02:00:00,常德變電所,WUTIP,6,1000.0,347.7248101833192,0
2025-06-16 02:00:00,嶺口二次變電所,WUTIP,6,1000.0,594.9825883799189,0
2025-06-16 02:00:00,龍明配電變電所,WUTIP,6,1000.0,350.53028145311356,0
2025-06-16 02:00:00,新工配電變電所,WUTIP,6,1000.0,366.3773433481261,0
2025-07-03 08:00:00,榮成變電所,DANAS,2,1004.0,620.4002728773634,0
2025-07-03 08:00:00,西螺服務區,DANAS,2,1004.0,507.78804922432755,0
2025-07-03 08:00:00,中部科學園區,DANAS,2,1004.0,542.5349933636569,0
2025-07-03 08:00:00,興變電所,DANAS,2,1004.0,464.14170169130887,0
2025-07-03 08:00:00,中正變電所,DANAS,2,1004.0,610.1739889828867,0
2025-07-03 08:00:00,成都變電所,DANAS,2,1004.0,610.2941225896968,0
2025-07-03 08:00:00,新豐配電變電所,DANAS,2,1004.0,607.6384125019295,0
2025-07-03 08:00:00,內惟配電變電所,DANAS,2,1004.0,405.33784762935653,0
2025-07-03 08:00:00,永華二次變電所,DANAS,2,1004.0,439.84114681848723,0
2025-07-03 08:00:00,關西二次變電所,DANAS,2,1004.0,590.9035130545273,0
2025-07-03 08:00:00,源海二次變電所,DANAS,2,1004.0,610.1849934029677,0
2025-07-03 08:00:00,四湖配電變電所,DANAS,2,1004.0,501.9918985168063,0
2025-07-03 08:00:00,新高港超高壓變電所,DANAS,2,1004.0,389.5779843464914,0
2025-07-03 08:00:00,九曲配電變電所,DANAS,2,1004.0,440.476327385922,0
2025-07-03 08:00:00,崙背變電所,DANAS,2,1004.0,508.4050349340092,0
2025-07-03 08:00:00,常德變電所,DANAS,2,1004.0,613.8267566880064,0
2025-07-03 08:00:00,嶺口二次變電所,DANAS,2,1004.0,409.915709163965,0
2025-07-03 08:00:00,龍明配電變電所,DANAS,2,1004.0,610.3240213438803,0
2025-07-03 08:00:00,新工配電變電所,DANAS,2,1004.0,598.1915058074203,0
2025-07-03 14:00:00,榮成變電所,DANAS,2,1004.0,531.9129368988768,0
2025-07-03 14:00:00,西螺服務區,DANAS,2,1004.0,409.2726235970784,0
2025-07-03 14:00:00,中部科學園區,DANAS,2,1004.0,447.57536547005935,0
2025-07-03 14:00:00,興變電所,DANAS,2,1004.0,367.7349495677589,0
2025-07-03 14:00:00,中正變電所,DANAS,2,1004.0,526.4554971758761,0
2025-07-03 14:00:00,成都變電所,DANAS,2,1004.0,523.5068814953117,0
2025-07-03 14:00:00,新豐配電變電所,DANAS,2,1004.0,517.3310976519557,0
2025-07-03 14:00:00,內惟配電變電所,DANAS,2,1004.0,301.0436165213768,0
2025-07-03 14:00:00,永華二次變電所,DANAS,2,1004.0,336.3425606849598,0
2025-07-03 14:00:00,關西二次變電所,DANAS,2,1004.0,502.3758112528187,0
2025-07-03 14:00:00,源海二次變電所,DANAS,2,1004.0,526.4666127062101,0
2025-07-03 14:00:00,四湖配電變電所,DANAS,2,1004.0,400.9794362443423,0
2025-07-03 14:00:00,新高港超高壓變電所,DANAS,2,1004.0,285.6519348243608,0
2025-07-03 14:00:00,九曲配電變電所,DANAS,2,1004.0,336.89380200041825,0
2025-07-03 14:00:00,崙背變電所,DANAS,2,1004.0,408.8013479405607,0
2025-07-03 14:00:00,常德變電所,DANAS,2,1004.0,529.6096429692399,0
2025-07-03 14:00:00,嶺口二次變電所,DANAS,2,1004.0,306.4463198140148,0
2025-07-03 14:00:00,龍明配電變電所,DANAS,2,1004.0,523.4807293861968,0
2025-07-03 14:00:00,新工配電變電所,DANAS,2,1004.0,507.5123622004651,0
2025-07-03 20:00:00,榮成變電所,DANAS,2,1004.0,582.9021042494653,0
2025-07-03 20:00:00,西螺服務區,DANAS,2,1004.0,435.1617809038474,0
2025-07-03 20:00:00,中部科學園區,DANAS,2,1004.0,484.0208818995734,0
2025-07-03 20:00:00,興變電所,DANAS,2,1004.0,406.7790182165995,0
2025-07-03 20:00:00,中正變電所,DANAS,2,1004.0,590.2617833267284,0
2025-07-03 20:00:00,成都變電所,DANAS,2,1004.0,579.6620368223988,0
2025-07-03 20:00:00,新豐配電變電所,DANAS,2,1004.0,563.92587175774,0
2025-07-03 20:00:00,內惟配電變電所,DANAS,2,1004.0,308.2027655017753,0
2025-07-03 20:00:00,永華二次變電所,DANAS,2,1004.0,343.8811940353659,0
2025-07-03 20:00:00,關西二次變電所,DANAS,2,1004.0,555.0974023849737,0
2025-07-03 20:00:00,源海二次變電所,DANAS,2,1004.0,590.2725206657286,0
2025-07-03 20:00:00,四湖配電變電所,DANAS,2,1004.0,415.7024357816739,0
2025-07-03 20:00:00,新高港超高壓變電所,DANAS,2,1004.0,298.60132176282997,0
2025-07-03 20:00:00,九曲配電變電所,DANAS,2,1004.0,343.748109102176,0
2025-07-03 20:00:00,崙背變電所,DANAS,2,1004.0,429.78374005141063,0
2025-07-03 20:00:00,常德變電所,DANAS,2,1004.0,592.006507103952,0
2025-07-03 20:00:00,嶺口二次變電所,DANAS,2,1004.0,318.93378430227983,0
2025-07-03 20:00:00,龍明配電變電所,DANAS,2,1004.0,579.4878092652868,0
2025-07-03 20:00:00,新工配電變電所,DANAS,2,1004.0,553.6179369814246,0
2025-07-04 02:00:00,榮成變電所,DANAS,2,1002.0,632.1359604496113,0
2025-07-04 02:00:00,西螺服務區,DANAS,2,1002.0,479.6918796409451,0
2025-07-04 02:00:00,中部科學園區,DANAS,2,1002.0,530.6261162872013,0
2025-07-04 02:00:00,興變電所,DANAS,2,1002.0,457.1800267780984,0
2025-07-04 02:00:00,中正變電所,DANAS,2,1002.0,643.8240815414313,0
2025-07-04 02:00:00,成都變電所,DANAS,2,1002.0,630.7903477598337,0
2025-07-04 02:00:00,新豐配電變電所,DANAS,2,1002.0,612.0050884577163,0
2025-07-04 02:00:00,內惟配電變電所,DANAS,2,1002.0,353.1244009044196,0
2025-07-04 02:00:00,永華二次變電所,DANAS,2,1002.0,386.3362392357118,0
2025-07-04 02:00:00,關西二次變電所,DANAS,2,1002.0,605.5590976104635,0
2025-07-04 02:00:00,源海二次變電所,DANAS,2,1002.0,643.834485910001,0
2025-07-04 02:00:00,四湖配電變電所,DANAS,2,1002.0,456.88570344660036,0
2025-07-04 02:00:00,新高港超高壓變電所,DANAS,2,1002.0,346.4035470535306,0
2025-07-04 02:00:00,九曲配電變電所,DANAS,2,1002.0,385.9513545174744,0
2025-07-04 02:00:00,崙背變電所,DANAS,2,1002.0,472.7122195767205,0
2025-07-04 02:00:00,常德變電所,DANAS,2,1002.0,645.0529112357588,0
2025-07-04 02:00:00,嶺口二次變電所,DANAS,2,1002.0,364.9832704257826,0
2025-07-04 02:00:00,龍明配電變電所,DANAS,2,1002.0,630.5679158597837,0
2025-07-04 02:00:00,新工配電變電所,DANAS,2,1002.0,601.7647312841552,0
2025-07-04 08:00:00,榮成變電所,DANAS,2,1002.0,697.4941174797884,0
2025-07-04 08:00:00,西螺服務區,DANAS,2,1002.0,543.0056571309185,0
2025-07-04 08:00:00,中部科學園區,DANAS,2,1002.0,594.8844856253153,0
2025-07-04 08:00:00,興變電所,DANAS,2,1002.0,525.245225083859,0
2025-07-04 08:00:00,中正變電所,DANAS,2,1002.0,712.5168114380205,0
2025-07-04 08:00:00,成都變電所,DANAS,2,1002.0,697.6641820377629,0
2025-07-04 08:00:00,新豐配電變電所,DANAS,2,1002.0,676.6073182279897,0
2025-07-04 08:00:00,內惟配電變電所,DANAS,2,1002.0,419.14910708263665,0
2025-07-04 08:00:00,永華二次變電所,DANAS,2,1002.0,449.7901347945012,0
2025-07-04 08:00:00,關西二次變電所,DANAS,2,1002.0,672.1058071396981,0
2025-07-04 08:00:00,源海二次變電所,DANAS,2,1002.0,712.5268871329774,0
2025-07-04 08:00:00,四湖配電變電所,DANAS,2,1002.0,517.962095644599,0
2025-07-04 08:00:00,新高港超高壓變電所,DANAS,2,1002.0,414.59388418609444,0
2025-07-04 08:00:00,九曲配電變電所,DANAS,2,1002.0,449.2273578568948,0
2025-07-04 08:00:00,崙背變電所,DANAS,2,1002.0,534.8878207827681,0
2025-07-04 08:00:00,常德變電所,DANAS,2,1002.0,713.3340988990433,0
2025-07-04 08:00:00,嶺口二次變電所,DANAS,2,1002.0,431.5252937878618,0
2025-07-04 08:00:00,龍明配電變電所,DANAS,2,1002.0,697.4053486486349,0
2025-07-04 08:00:00,新工配電變電所,DANAS,2,1002.0,666.5114241371922,0
2025-07-04 14:00:00,榮成變電所,DANAS,2,1000.0,717.5750388083346,0
2025-07-04 14:00:00,西螺服務區,DANAS,2,1000.0,562.51342023262,0
2025-07-04 14:00:00,中部科學園區,DANAS,2,1000.0,614.7148587002873,0
2025-07-04 14:00:00,興變電所,DANAS,2,1000.0,548.6978176990455,0
2025-07-04 14:00:00,中正變電所,DANAS,2,1000.0,735.3196272794135,0
2025-07-04 14:00:00,成都變電所,DANAS,2,1000.0,718.9975356750671,0
2025-07-04 14:00:00,新豐配電變電所,DANAS,2,1000.0,696.187037868071,0
2025-07-04 14:00:00,內惟配電變電所,DANAS,2,1000.0,442.13363780266434,0
2025-07-04 14:00:00,永華二次變電所,DANAS,2,1000.0,470.40241542897087,0
2025-07-04 14:00:00,關西二次變電所,DANAS,2,1000.0,693.3017365901103,0
2025-07-04 14:00:00,源海二次變電所,DANAS,2,1000.0,735.3293735494617,0
2025-07-04 14:00:00,四湖配電變電所,DANAS,2,1000.0,535.9948046939263,0
2025-07-04 14:00:00,新高港超高壓變電所,DANAS,2,1000.0,439.3285983266613,0
2025-07-04 14:00:00,九曲配電變電所,DANAS,2,1000.0,469.71218178145824,0
2025-07-04 14:00:00,崙背變電所,DANAS,2,1000.0,553.5913346439626,0
2025-07-04 14:00:00,常德變電所,DANAS,2,1000.0,735.7802424619879,0
2025-07-04 14:00:00,嶺口二次變電所,DANAS,2,1000.0,454.7447036313802,0
2025-07-04 14:00:00,龍明配電變電所,DANAS,2,1000.0,718.7096116581943,0
2025-07-04 14:00:00,新工配電變電所,DANAS,2,1000.0,686.2658537340166,0
2025-07-04 20:00:00,榮成變電所,DANAS,3,998.0,725.9665718496194,0
2025-07-04 20:00:00,西螺服務區,DANAS,3,998.0,571.1619859264596,0
2025-07-04 20:00:00,中部科學園區,DANAS,3,998.0,623.345203301406,0
2025-07-04 20:00:00,興變電所,DANAS,3,998.0,560.8066548447781,0
2025-07-04 20:00:00,中正變電所,DANAS,3,998.0,746.0029471397839,0
2025-07-04 20:00:00,成都變電所,DANAS,3,998.0,728.4647621237116,0
2025-07-04 20:00:00,新豐配電變電所,DANAS,3,998.0,704.2310547195609,0
2025-07-04 20:00:00,內惟配電變電所,DANAS,3,998.0,454.65270608660944,0
2025-07-04 20:00:00,永華二次變電所,DANAS,3,998.0,480.65933119914365,0
2025-07-04 20:00:00,關西二次變電所,DANAS,3,998.0,702.7492440808611,0
2025-07-04 20:00:00,源海二次變電所,DANAS,3,998.0,746.01237272766,0
2025-07-04 20:00:00,四湖配電變電所,DANAS,3,998.0,543.5628346050214,0
2025-07-04 20:00:00,新高港超高壓變電所,DANAS,3,998.0,453.35770501776824,0
2025-07-04 20:00:00,九曲配電變電所,DANAS,3,998.0,479.8672547549812,0
2025-07-04 20:00:00,崙背變電所,DANAS,3,998.0,561.6117552464668,0
2025-07-04 20:00:00,常德變電所,DANAS,3,998.0,746.1517589301685,0
2025-07-04 20:00:00,嶺口二次變電所,DANAS,3,998.0,467.3476038965336,0
2025-07-04 20:00:00,龍明配電變電所,DANAS,3,998.0,728.1527470536626,0
2025-07-04 20:00:00,新工配電變電所,DANAS,3,998.0,694.5005615717631,0
2025-07-05 02:00:00,榮成變電所,DANAS,3,996.0,701.6818947979378,0
2025-07-05 02:00:00,西螺服務區,DANAS,3,996.0,547.3659019173357,0
2025-07-05 02:00:00,中部科學園區,DANAS,3,996.0,599.4058043867501,0
2025-07-05 02:00:00,興變電所,DANAS,3,996.0,539.2488882427075,0
2025-07-05 02:00:00,中正變電所,DANAS,3,996.0,723.0938801267811,0
2025-07-05 02:00:00,成都變電所,DANAS,3,996.0,704.8272514892892,0
2025-07-05 02:00:00,新豐配電變電所,DANAS,3,996.0,679.7769091424611,0
2025-07-05 02:00:00,內惟配電變電所,DANAS,3,996.0,433.7896333624527,0
2025-07-05 02:00:00,永華二次變電所,DANAS,3,996.0,458.179821590663,0
2025-07-05 02:00:00,關西二次變電所,DANAS,3,996.0,679.1451835834082,0
2025-07-05 02:00:00,源海二次變電所,DANAS,3,996.0,723.1030869659044,0
2025-07-05 02:00:00,四湖配電變電所,DANAS,3,996.0,519.1945996054319,0
2025-07-05 02:00:00,新高港超高壓變電所,DANAS,3,996.0,433.5485908903216,0
2025-07-05 02:00:00,九曲配電變電所,DANAS,3,996.0,457.32561049858094,0
2025-07-05 02:00:00,崙背變電所,DANAS,3,996.0,537.4618473996621,0
2025-07-05 02:00:00,常德變電所,DANAS,3,996.0,723.045908487091,0
2025-07-05 02:00:00,嶺口二次變電所,DANAS,3,996.0,446.4807357237389,0
2025-07-05 02:00:00,龍明配電變電所,DANAS,3,996.0,704.5009808668818,0
2025-07-05 02:00:00,新工配電變電所,DANAS,3,996.0,670.1772047248834,0
2025-07-05 08:00:00,榮成變電所,DANAS,3,994.0,667.5453444465874,0
2025-07-05 08:00:00,西螺服務區,DANAS,3,994.0,513.4461072561652,0
2025-07-05 08:00:00,中部科學園區,DANAS,3,994.0,565.4139309160843,0
2025-07-05 08:00:00,興變電所,DANAS,3,994.0,506.2187601191819,0
2025-07-05 08:00:00,中正變電所,DANAS,3,994.0,689.4221605615547,0
2025-07-05 08:00:00,成都變電所,DANAS,3,994.0,670.9017591908338,0
2025-07-05 08:00:00,新豐配電變電所,DANAS,3,994.0,645.5935465637876,0
2025-07-05 08:00:00,內惟配電變電所,DANAS,3,994.0,401.1901674482934,0
2025-07-05 08:00:00,永華二次變電所,DANAS,3,994.0,424.8265081429422,0
2025-07-05 08:00:00,關西二次變電所,DANAS,3,994.0,645.2391564769468,0
2025-07-05 08:00:00,源海二次變電所,DANAS,3,994.0,689.4312833236108,0
2025-07-05 08:00:00,四湖配電變電所,DANAS,3,994.0,485.09552963552756,0
2025-07-05 08:00:00,新高港超高壓變電所,DANAS,3,994.0,401.47276939037727,0
2025-07-05 08:00:00,九曲配電變電所,DANAS,3,994.0,423.9473157930393,0
2025-07-05 08:00:00,崙背變電所,DANAS,3,994.0,503.42606776322754,0
2025-07-05 08:00:00,常德變電所,DANAS,3,994.0,689.3020745604898,0
2025-07-05 08:00:00,嶺口二次變電所,DANAS,3,994.0,413.8620293372337,0
2025-07-05 08:00:00,龍明配電變電所,DANAS,3,994.0,670.5707196836928,0
2025-07-05 08:00:00,新工配電變電所,DANAS,3,994.0,636.0369828608842,0
2025-07-05 14:00:00,榮成變電所,DANAS,3,990.0,633.513484210303,0
2025-07-05 14:00:00,西螺服務區,DANAS,3,990.0,479.69194679424436,0
2025-07-05 14:00:00,中部科學園區,DANAS,3,990.0,531.5634276766198,0
2025-07-05 14:00:00,興變電所,DANAS,3,990.0,473.48535149130606,0
2025-07-05 14:00:00,中正變電所,DANAS,3,990.0,655.9020623856255,0
2025-07-05 14:00:00,成都變電所,DANAS,3,990.0,637.1039618021941,0
2025-07-05 14:00:00,新豐配電變電所,DANAS,3,990.0,611.5126808152595,0
2025-07-05 14:00:00,內惟配電變電所,DANAS,3,990.0,369.04442952049624,0
2025-07-05 14:00:00,永華二次變電所,DANAS,3,990.0,391.7722951331632,0
2025-07-05 14:00:00,關西二次變電所,DANAS,3,990.0,611.4678113965517,0
2025-07-05 14:00:00,源海二次變電所,DANAS,3,990.0,655.9110902470268,0
2025-07-05 14:00:00,四湖配電變電所,DANAS,3,990.0,451.1437529191087,0
2025-07-05 14:00:00,新高港超高壓變電所,DANAS,3,990.0,369.9426469262289,0
2025-07-05 14:00:00,九曲配電變電所,DANAS,3,990.0,390.8644207843886,0
2025-07-05 14:00:00,崙背變電所,DANAS,3,990.0,469.5418560287601,0
2025-07-05 14:00:00,常德變電所,DANAS,3,990.0,655.7022137014727,0
2025-07-05 14:00:00,嶺口二次變電所,DANAS,3,990.0,381.6792917333696,0
2025-07-05 14:00:00,龍明配電變電所,DANAS,3,990.0,636.7676844252197,0
2025-07-05 14:00:00,新工配電變電所,DANAS,3,990.0,602.0057768648998,0
2025-07-05 20:00:00,榮成變電所,DANAS,3,990.0,595.8108671172711,0
2025-07-05 20:00:00,西螺服務區,DANAS,3,990.0,443.05211643224754,0
2025-07-05 20:00:00,中部科學園區,DANAS,3,990.0,494.5431328763711,0
2025-07-05 20:00:00,興變電所,DANAS,3,990.0,439.637823515921,0
2025-07-05 20:00:00,中正變電所,DANAS,3,990.0,619.6677067303361,0
2025-07-05 20:00:00,成都變電所,DANAS,3,990.0,600.1046148805888,0
2025-07-05 20:00:00,新豐配電變電所,DANAS,3,990.0,573.6772903615515,0
2025-07-05 20:00:00,內惟配電變電所,DANAS,3,990.0,337.0653402577127,0
2025-07-05 20:00:00,永華二次變電所,DANAS,3,990.0,357.3576130476049,0
2025-07-05 20:00:00,關西二次變電所,DANAS,3,990.0,574.5745964383093,0
2025-07-05 20:00:00,源海二次變電所,DANAS,3,990.0,619.676464144433,0
2025-07-05 20:00:00,四湖配電變電所,DANAS,3,990.0,413.95456837583157,0
2025-07-05 20:00:00,新高港超高壓變電所,DANAS,3,990.0,339.4292440991194,0
2025-07-05 20:00:00,九曲配電變電所,DANAS,3,990.0,356.37566031228715,0
2025-07-05 20:00:00,崙背變電所,DANAS,3,990.0,432.5269192745931,0
2025-07-05 20:00:00,常德變電所,DANAS,3,990.0,619.2475275589004,0
2025-07-05 20:00:00,嶺口二次變電所,DANAS,3,990.0,349.5438073156257,0
2025-07-05 20:00:00,龍明配電變電所,DANAS,3,990.0,599.7533707909458,0
2025-07-05 20:00:00,新工配電變電所,DANAS,3,990.0,564.3376873359286,0
2025-07-06 02:00:00,榮成變電所,DANAS,4,985.0,568.1753869918311,0
2025-07-06 02:00:00,西螺服務區,DANAS,4,985.0,416.57332865740847,0
2025-07-06 02:00:00,中部科學園區,DANAS,4,985.0,467.6297879192173,0
2025-07-06 02:00:00,興變電所,DANAS,4,985.0,415.56688142084226,0
2025-07-06 02:00:00,中正變電所,DANAS,4,985.0,593.2259861317209,0
2025-07-06 02:00:00,成都變電所,DANAS,4,985.0,573.0511417441259,0
2025-07-06 02:00:00,新豐配電變電所,DANAS,4,985.0,545.9564794284274,0
2025-07-06 02:00:00,內惟配電變電所,DANAS,4,985.0,315.07572037389554,0
2025-07-06 02:00:00,永華二次變電所,DANAS,4,985.0,333.1125512857158,0
2025-07-06 02:00:00,關西二次變電所,DANAS,4,985.0,547.6426271601484,0
2025-07-06 02:00:00,源海二次變電所,DANAS,4,985.0,593.2345084480444,0
2025-07-06 02:00:00,四湖配電變電所,DANAS,4,985.0,387.0716559275121,0
2025-07-06 02:00:00,新高港超高壓變電所,DANAS,4,985.0,318.70564775139167,0
2025-07-06 02:00:00,九曲配電變電所,DANAS,4,985.0,332.06986581698027,0
2025-07-06 02:00:00,崙背變電所,DANAS,4,985.0,405.7489331464057,0
2025-07-06 02:00:00,常德變電所,DANAS,4,985.0,592.6236108994966,0
2025-07-06 02:00:00,嶺口二次變電所,DANAS,4,985.0,327.34135815057687,0
2025-07-06 02:00:00,龍明配電變電所,DANAS,4,985.0,572.6878502084868,0
2025-07-06 02:00:00,新工配電變電所,DANAS,4,985.0,536.7690703327579,0
2025-07-06 08:00:00,榮成變電所,DANAS,4,980.0,486.9767803259666,0
2025-07-06 08:00:00,西螺服務區,DANAS,4,980.0,337.3702286277448,0
2025-07-06 08:00:00,中部科學園區,DANAS,4,980.0,387.596990068792,0
2025-07-06 08:00:00,興變電所,DANAS,4,980.0,340.4616994421599,0
2025-07-06 08:00:00,中正變電所,DANAS,4,980.0,513.5648729187319,0
2025-07-06 08:00:00,成都變電所,DANAS,4,980.0,492.5897124998626,0
2025-07-06 08:00:00,新豐配電變電所,DANAS,4,980.0,464.6855187807496,0
2025-07-06 08:00:00,內惟配電變電所,DANAS,4,980.0,245.41641200388403,0
2025-07-06 08:00:00,永華二次變電所,DANAS,4,980.0,258.4890750932288,0
2025-07-06 08:00:00,關西二次變電所,DANAS,4,980.0,467.3914519815677,0
2025-07-06 08:00:00,源海二次變電所,DANAS,4,980.0,513.5730481555635,0
2025-07-06 08:00:00,四湖配電變電所,DANAS,4,980.0,307.3817607855698,0
2025-07-06 08:00:00,新高港超高壓變電所,DANAS,4,980.0,251.75677016716918,0
2025-07-06 08:00:00,九曲配電變電所,DANAS,4,980.0,257.341060388094,0
2025-07-06 08:00:00,崙背變電所,DANAS,4,980.0,326.1345691887033,0
2025-07-06 08:00:00,常德變電所,DANAS,4,980.0,512.7095703048933,0
2025-07-06 08:00:00,嶺口二次變電所,DANAS,4,980.0,256.98805655414975,0
2025-07-06 08:00:00,龍明配電變電所,DANAS,4,980.0,492.21106527045185,0
2025-07-06 08:00:00,新工配電變電所,DANAS,4,980.0,455.7019947702671,0
2025-07-06 14:00:00,榮成變電所,DANAS,5,970.0,405.4692930570192,0
2025-07-06 14:00:00,西螺服務區,DANAS,5,970.0,254.54355243180532,0
2025-07-06 14:00:00,中部科學園區,DANAS,5,970.0,305.1903399581603,0
2025-07-06 14:00:00,興變電所,DANAS,5,970.0,257.4112367497155,0
2025-07-06 14:00:00,中正變電所,DANAS,5,970.0,431.0075678571149,0
2025-07-06 14:00:00,成都變電所,DANAS,5,970.0,410.48469625302516,0
2025-07-06 14:00:00,新豐配電變電所,DANAS,5,970.0,383.2482990855107,0
2025-07-06 14:00:00,內惟配電變電所,DANAS,5,970.0,165.27159218964513,0
2025-07-06 14:00:00,永華二次變電所,DANAS,5,970.0,175.71760308587045,0
2025-07-06 14:00:00,關西二次變電所,DANAS,5,970.0,385.14290448904535,0
2025-07-06 14:00:00,源海二次變電所,DANAS,5,970.0,431.01590917342844,0
2025-07-06 14:00:00,四湖配電變電所,DANAS,5,970.0,224.74669632461428,0
2025-07-06 14:00:00,新高港超高壓變電所,DANAS,5,970.0,173.43089862392276,0
2025-07-06 14:00:00,九曲配電變電所,DANAS,5,970.0,174.54104592748703,0
2025-07-06 14:00:00,崙背變電所,DANAS,5,970.0,243.4754807158094,0
2025-07-06 14:00:00,常德變電所,DANAS,5,970.0,430.2787404122973,0
2025-07-06 14:00:00,嶺口二次變電所,DANAS,5,970.0,176.24476752683972,0
2025-07-06 14:00:00,龍明配電變電所,DANAS,5,970.0,410.1164993381717,0
2025-07-06 14:00:00,新工配電變電所,DANAS,5,970.0,374.0700991790107,0
2025-07-06 20:00:00,榮成變電所,DANAS,5,965.0,285.7051758317777,0
2025-07-06 20:00:00,西螺服務區,DANAS,5,965.0,133.4580357805571,0
2025-07-06 20:00:00,中部科學園區,DANAS,5,965.0,184.44124119470348,0
2025-07-06 20:00:00,興變電所,DANAS,5,965.0,139.61504656060072,0
2025-07-06 20:00:00,中正變電所,DANAS,5,965.0,310.03357781142313,0
2025-07-06 20:00:00,成都變電所,DANAS,5,965.0,289.9487529103403,0
2025-07-06 20:00:00,新豐配電變電所,DANAS,5,965.0,263.6448416579162,0
2025-07-06 20:00:00,內惟配電變電所,DANAS,5,965.0,74.99466348408923,0
2025-07-06 20:00:00,永華二次變電所,DANAS,5,965.0,63.60635963318613,0
2025-07-06 20:00:00,關西二次變電所,DANAS,5,965.0,264.47487151663927,0
2025-07-06 20:00:00,源海二次變電所,DANAS,5,965.0,310.0420329957263,0
2025-07-06 20:00:00,四湖配電變電所,DANAS,5,965.0,103.85780536657481,0
2025-07-06 20:00:00,新高港超高壓變電所,DANAS,5,965.0,90.60909789916359,0
2025-07-06 20:00:00,九曲配電變電所,DANAS,5,965.0,62.24794304256085,0
2025-07-06 20:00:00,崙背變電所,DANAS,5,965.0,122.52839780614134,0
2025-07-06 20:00:00,常德變電所,DANAS,5,965.0,309.4031364535837,0
2025-07-06 20:00:00,嶺口二次變電所,DANAS,5,965.0,79.47258822857765,0
2025-07-06 20:00:00,龍明配電變電所,DANAS,5,965.0,289.59279536256867,0
2025-07-06 20:00:00,新工配電變電所,DANAS,5,965.0,254.20956731255805,0
2025-07-07 02:00:00,榮成變電所,DANAS,5,970.0,70.20225123810975,0
2025-07-07 02:00:00,西螺服務區,DANAS,5,970.0,85.00603555450535,0
2025-07-07 02:00:00,中部科學園區,DANAS,5,970.0,33.03593677022782,0
2025-07-07 02:00:00,興變電所,DANAS,5,970.0,111.19492664455873,0
2025-07-07 02:00:00,中正變電所,DANAS,5,970.0,97.38298390853458,0
2025-07-07 02:00:00,成都變電所,DANAS,5,970.0,74.64616105565956,0
2025-07-07 02:00:00,新豐配電變電所,DANAS,5,970.0,48.74609147817672,0
2025-07-07 02:00:00,內惟配電變電所,DANAS,5,970.0,210.51290296377653,0
2025-07-07 02:00:00,永華二次變電所,DANAS,5,970.0,178.1223846767299,0
2025-07-07 02:00:00,關西二次變電所,DANAS,5,970.0,49.982648773185964,0
2025-07-07 02:00:00,源海二次變電所,DANAS,5,970.0,97.3897254916623,0
2025-07-07 02:00:00,四湖配電變電所,DANAS,5,970.0,112.35161480731588,0
2025-07-07 02:00:00,新高港超高壓變電所,DANAS,5,970.0,218.29599802536836,0
2025-07-07 02:00:00,九曲配電變電所,DANAS,5,970.0,178.66437897613696,0
2025-07-07 02:00:00,崙背變電所,DANAS,5,970.0,94.15386013307977,0
2025-07-07 02:00:00,常德變電所,DANAS,5,970.0,95.71318495880215,0
2025-07-07 02:00:00,嶺口二次變電所,DANAS,5,970.0,198.81958084568453,0
2025-07-07 02:00:00,龍明配電變電所,DANAS,5,970.0,74.25569066643126,0
2025-07-07 02:00:00,新工配電變電所,DANAS,5,970.0,38.781950454754536,0
2025-07-07 08:00:00,榮成變電所,DANAS,4,975.0,107.642638791599,0
2025-07-07 08:00:00,西螺服務區,DANAS,4,975.0,248.64689692447772,0
2025-07-07 08:00:00,中部科學園區,DANAS,4,975.0,199.25035324672862,0
2025-07-07 08:00:00,興變電所,DANAS,4,975.0,278.1706187684158,0
2025-07-07 08:00:00,中正變電所,DANAS,4,975.0,126.57993370948031,0
2025-07-07 08:00:00,成都變電所,DANAS,4,975.0,118.92349896236914,0
2025-07-07 08:00:00,新豐配電變電所,DANAS,4,975.0,122.01619884790588,0
2025-07-07 08:00:00,內惟配電變電所,DANAS,4,975.0,375.86844552714405,0
2025-07-07 08:00:00,永華二次變電所,DANAS,4,975.0,341.74363274990753,0
2025-07-07 08:00:00,關西二次變電所,DANAS,4,975.0,137.15455729849674,0
2025-07-07 08:00:00,源海二次變電所,DANAS,4,975.0,126.57047269654939,0
2025-07-07 08:00:00,四湖配電變電所,DANAS,4,975.0,271.4716573122328,0
2025-07-07 08:00:00,新高港超高壓變電所,DANAS,4,975.0,384.64352386455795,0
2025-07-07 08:00:00,九曲配電變電所,DANAS,4,975.0,342.10677205475554,0
2025-07-07 08:00:00,崙背變電所,DANAS,4,975.0,255.33133870755552,0
2025-07-07 08:00:00,常德變電所,DANAS,4,975.0,121.6345695637546,0
2025-07-07 08:00:00,嶺口二次變電所,DANAS,4,975.0,364.6172471572822,0
2025-07-07 08:00:00,龍明配電變電所,DANAS,4,975.0,118.81751930824939,0
2025-07-07 08:00:00,新工配電變電所,DANAS,4,975.0,132.07353863703045,0
2025-07-07 14:00:00,榮成變電所,DANAS,4,980.0,186.6065965382939,0
2025-07-07 14:00:00,西螺服務區,DANAS,4,980.0,338.93485315554676,0
2025-07-07 14:00:00,中部科學園區,DANAS,4,980.0,287.515616983664,0
2025-07-07 14:00:00,興變電所,DANAS,4,980.0,362.73504330211057,0
2025-07-07 14:00:00,中正變電所,DANAS,4,980.0,185.48850485224938,0
2025-07-07 14:00:00,成都變電所,DANAS,4,980.0,190.78506158531334,0
2025-07-07 14:00:00,新豐配電變電所,DANAS,4,980.0,206.14027799341613,0
2025-07-07 14:00:00,內惟配電變電所,DANAS,4,980.0,464.97946737912974,0
2025-07-07 14:00:00,永華二次變電所,DANAS,4,980.0,432.38506298395845,0
2025-07-07 14:00:00,關西二次變電所,DANAS,4,980.0,214.62691612348178,0
2025-07-07 14:00:00,源海二次變電所,DANAS,4,980.0,185.47739218442277,0
2025-07-07 14:00:00,四湖配電變電所,DANAS,4,980.0,363.98092604129886,0
2025-07-07 14:00:00,新高港超高壓變電所,DANAS,4,980.0,472.30534427729714,0
2025-07-07 14:00:00,九曲配電變電所,DANAS,4,980.0,432.8745825920037,0
2025-07-07 14:00:00,崙背變電所,DANAS,4,980.0,346.8774687264372,0
2025-07-07 14:00:00,常德變電所,DANAS,4,980.0,182.3706549046564,0
2025-07-07 14:00:00,嶺口二次變電所,DANAS,4,980.0,453.1904583471626,0
2025-07-07 14:00:00,龍明配電變電所,DANAS,4,980.0,190.90427079487338,0
2025-07-07 14:00:00,新工配電變電所,DANAS,4,980.0,216.40844498910184,0
2025-07-07 20:00:00,榮成變電所,DANAS,4,985.0,222.7706048693791,0
2025-07-07 20:00:00,西螺服務區,DANAS,4,985.0,377.69994971247667,0
2025-07-07 20:00:00,中部科學園區,DANAS,4,985.0,325.5659365476152,0
2025-07-07 20:00:00,興變電所,DANAS,4,985.0,396.8640489966489,0
2025-07-07 20:00:00,中正變電所,DANAS,4,985.0,212.1087174000537,0
2025-07-07 20:00:00,成都變電所,DANAS,4,985.0,223.20458250450662,0
2025-07-07 20:00:00,新豐配電變電所,DANAS,4,985.0,243.97374667204213,0
2025-07-07 20:00:00,內惟配電變電所,DANAS,4,985.0,501.5296775982714,0
2025-07-07 20:00:00,永華二次變電所,DANAS,4,985.0,470.5081491071299,0
2025-07-07 20:00:00,關西二次變電所,DANAS,4,985.0,248.47747862249832,0
2025-07-07 20:00:00,源海二次變電所,DANAS,4,985.0,212.09782994016877,0
2025-07-07 20:00:00,四湖配電變電所,DANAS,4,985.0,404.36570940446774,0
2025-07-07 20:00:00,新高港超高壓變電所,DANAS,4,985.0,507.5932821259111,0
2025-07-07 20:00:00,九曲配電變電所,DANAS,4,985.0,471.10513074351627,0
2025-07-07 20:00:00,崙背變電所,DANAS,4,985.0,386.5897284894409,0
2025-07-07 20:00:00,常德變電所,DANAS,4,985.0,210.14840796914652,0
2025-07-07 20:00:00,嶺口二次變電所,DANAS,4,985.0,489.3828443669562,0
2025-07-07 20:00:00,龍明配電變電所,DANAS,4,985.0,223.4249766405209,0
2025-07-07 20:00:00,新工配電變電所,DANAS,4,985.0,253.93742990221514,0
2025-07-08 02:00:00,榮成變電所,DANAS,3,990.0,275.5218317872425,0
2025-07-08 02:00:00,西螺服務區,DANAS,3,990.0,430.57042077768443,0
2025-07-08 02:00:00,中部科學園區,DANAS,3,990.0,378.3807900101071,0
2025-07-08 02:00:00,興變電所,DANAS,3,990.0,448.584165696384,0
2025-07-08 02:00:00,中正變電所,DANAS,3,990.0,262.53168754256774,0
2025-07-08 02:00:00,成都變電所,DANAS,3,990.0,275.1594071669807,0
2025-07-08 02:00:00,新豐配電變電所,DANAS,3,990.0,296.93494422791156,0
2025-07-08 02:00:00,內惟配電變電所,DANAS,3,990.0,553.7473924459714,0
2025-07-08 02:00:00,永華二次變電所,DANAS,3,990.0,523.1418796288089,0
2025-07-08 02:00:00,關西二次變電所,DANAS,3,990.0,300.6290586099731,0
2025-07-08 02:00:00,源海二次變電所,DANAS,3,990.0,262.52100174607784,0
2025-07-08 02:00:00,四湖配電變電所,DANAS,3,990.0,457.4851073878095,0
2025-07-08 02:00:00,新高港超高壓變電所,DANAS,3,990.0,559.4538842190212,0
2025-07-08 02:00:00,九曲配電變電所,DANAS,3,990.0,523.7620384386356,0
2025-07-08 02:00:00,崙背變電所,DANAS,3,990.0,439.61786161061684,0
2025-07-08 02:00:00,常德變電所,DANAS,3,990.0,260.952135218149,0
2025-07-08 02:00:00,嶺口二次變電所,DANAS,3,990.0,541.5201114532302,0
2025-07-08 02:00:00,龍明配電變電所,DANAS,3,990.0,275.40285494453093,0
2025-07-08 02:00:00,新工配電變電所,DANAS,3,990.0,306.8204368152535,0
2025-07-08 08:00:00,榮成變電所,DANAS,3,994.0,333.74968940950515,0
2025-07-08 08:00:00,西螺服務區,DANAS,3,994.0,487.89893158744513,0
2025-07-08 08:00:00,中部科學園區,DANAS,3,994.0,436.04455256054024,0
2025-07-08 08:00:00,興變電所,DANAS,3,994.0,508.952932281147,0
2025-07-08 08:00:00,中正變電所,DANAS,3,994.0,325.0026606911192,0
2025-07-08 08:00:00,成都變電所,DANAS,3,994.0,335.33723068564865,0
2025-07-08 08:00:00,新豐配電變電所,DANAS,3,994.0,354.33018572749154,0
2025-07-08 08:00:00,內惟配電變電所,DANAS,3,994.0,612.9113048928415,0
2025-07-08 08:00:00,永華二次變電所,DANAS,3,994.0,581.1490220092604,0
2025-07-08 08:00:00,關西二次變電所,DANAS,3,994.0,360.3360738390807,0
2025-07-08 08:00:00,源海二次變電所,DANAS,3,994.0,324.9917480012737,0
2025-07-08 08:00:00,四湖配電變電所,DANAS,3,994.0,513.6269240408435,0
2025-07-08 08:00:00,新高港超高壓變電所,DANAS,3,994.0,619.4425539064263,0
2025-07-08 08:00:00,九曲配電變電所,DANAS,3,994.0,581.6919881456672,0
2025-07-08 08:00:00,崙背變電所,DANAS,3,994.0,496.2572853075639,0
2025-07-08 08:00:00,常德變電所,DANAS,3,994.0,322.96212428798697,0
2025-07-08 08:00:00,嶺口二次變電所,DANAS,3,994.0,600.8947735024848,0
2025-07-08 08:00:00,龍明配電變電所,DANAS,3,994.0,335.5347187855127,0
2025-07-08 08:00:00,新工配電變電所,DANAS,3,994.0,364.4710671486545,0
2025-07-08 14:00:00,榮成變電所,DANAS,3,992.0,323.2814759442331,0
2025-07-08 14:00:00,西螺服務區,DANAS,3,992.0,475.15220507990335,0
2025-07-08 14:00:00,中部科學園區,DANAS,3,992.0,423.98272390408766,0
2025-07-08 14:00:00,興變電所,DANAS,3,992.0,499.40338348796774,0
2025-07-08 14:00:00,中正變電所,DANAS,3,992.0,319.66079074183176,0
2025-07-08 14:00:00,成都變電所,DANAS,3,992.0,326.9716533632798,0
2025-07-08 14:00:00,新豐配電變電所,DANAS,3,992.0,342.76793537465613,0
2025-07-08 14:00:00,內惟配電變電所,DANAS,3,992.0,601.5122145069297,0
2025-07-08 14:00:00,永華二次變電所,DANAS,3,992.0,568.6288955147339,0
2025-07-08 14:00:00,關西二次變電所,DANAS,3,992.0,351.1404547457781,0
2025-07-08 14:00:00,源海二次變電所,DANAS,3,992.0,319.6497002305997,0
2025-07-08 14:00:00,四湖配電變電所,DANAS,3,992.0,499.58494193036995,0
2025-07-08 14:00:00,新高港超高壓變電所,DANAS,3,992.0,608.9651308141802,0
2025-07-08 14:00:00,九曲配電變電所,DANAS,3,992.0,569.0895899288407,0
2025-07-08 14:00:00,崙背變電所,DANAS,3,992.0,482.7863543312766,0
2025-07-08 14:00:00,常德變電所,DANAS,3,992.0,317.0204320165808,0
2025-07-08 14:00:00,嶺口二次變電所,DANAS,3,992.0,589.7769162968249,0
2025-07-08 14:00:00,龍明配電變電所,DANAS,3,992.0,327.11357536754576,0
2025-07-08 14:00:00,新工配電變電所,DANAS,3,992.0,353.04780764068266,0
2025-07-08 20:00:00,榮成變電所,DANAS,3,992.0,305.32552887548485,0
2025-07-08 20:00:00,西螺服務區,DANAS,3,992.0,450.9391022314833,0
2025-07-08 20:00:00,中部科學園區,DANAS,3,992.0,401.50140606213097,0
2025-07-08 20:00:00,興變電所,DANAS,3,992.0,479.815012304932,0
2025-07-08 20:00:00,中正變電所,DANAS,3,992.0,309.83097697194523,0
2025-07-08 20:00:00,成都變電所,DANAS,3,992.0,312.2194906204372,0
2025-07-08 20:00:00,新豐配電變電所,DANAS,3,992.0,322.5950852198175,0
2025-07-08 20:00:00,內惟配電變電所,DANAS,3,992.0,578.1856918543492,0
2025-07-08 20:00:00,永華二次變電所,DANAS,3,992.0,543.857245119423,0
2025-07-08 20:00:00,關西二次變電所,DANAS,3,992.0,334.4828927433504,0
2025-07-08 20:00:00,源海二次變電所,DANAS,3,992.0,309.81993260854784,0
2025-07-08 20:00:00,四湖配電變電所,DANAS,3,992.0,473.1223226223899,0
2025-07-08 20:00:00,新高港超高壓變電所,DANAS,3,992.0,586.9788242294426,0
2025-07-08 20:00:00,九曲配電變電所,DANAS,3,992.0,544.1895486604691,0
2025-07-08 20:00:00,崙背變電所,DANAS,3,992.0,457.37584727731274,0
2025-07-08 20:00:00,常德變電所,DANAS,3,992.0,306.33517066952965,0
2025-07-08 20:00:00,嶺口二次變電所,DANAS,3,992.0,566.9640914410057,0
2025-07-08 20:00:00,龍明配電變電所,DANAS,3,992.0,312.2705334399648,0
2025-07-08 20:00:00,新工配電變電所,DANAS,3,992.0,332.85774702692606,0
2025-07-09 02:00:00,榮成變電所,DANAS,3,994.0,270.04829926860975,0
2025-07-09 02:00:00,西螺服務區,DANAS,3,994.0,391.0582072669315,0
2025-07-09 02:00:00,中部科學園區,DANAS,3,994.0,347.9999280845162,0
2025-07-09 02:00:00,興變電所,DANAS,3,994.0,428.3473431668074,0
2025-07-09 02:00:00,中正變電所,DANAS,3,994.0,291.43130213940947,0
2025-07-09 02:00:00,成都變電所,DANAS,3,994.0,283.08883335600814,0
2025-07-09 02:00:00,新豐配電變電所,DANAS,3,994.0,280.5213460718931,0
2025-07-09 02:00:00,內惟配電變電所,DANAS,3,994.0,515.5852988227409,0
2025-07-09 02:00:00,永華二次變電所,DANAS,3,994.0,479.29677068534113,0
2025-07-09 02:00:00,關西二次變電所,DANAS,3,994.0,298.87153996916464,0
2025-07-09 02:00:00,源海二次變電所,DANAS,3,994.0,291.4216530086037,0
2025-07-09 02:00:00,四湖配電變電所,DANAS,3,994.0,407.5335075521417,0
2025-07-09 02:00:00,新高港超高壓變電所,DANAS,3,994.0,526.8643344582182,0
2025-07-09 02:00:00,九曲配電變電所,DANAS,3,994.0,479.35574564626,0
2025-07-09 02:00:00,崙背變電所,DANAS,3,994.0,394.6692585624588,0
2025-07-09 02:00:00,常德變電所,DANAS,3,994.0,286.553723643379,0
2025-07-09 02:00:00,嶺口二次變電所,DANAS,3,994.0,505.72567381013135,0
2025-07-09 02:00:00,龍明配電變電所,DANAS,3,994.0,282.93851606331174,0
2025-07-09 02:00:00,新工配電變電所,DANAS,3,994.0,289.7128967713906,0
2025-07-09 08:00:00,榮成變電所,DANAS,2,996.0,303.557522963013,0
2025-07-09 08:00:00,西螺服務區,DANAS,2,996.0,385.23059504319133,0
2025-07-09 08:00:00,中部科學園區,DANAS,2,996.0,353.2409239316887,0
2025-07-09 08:00:00,興變電所,DANAS,2,996.0,429.20424447463773,0
2025-07-09 08:00:00,中正變電所,DANAS,2,996.0,336.96805547966477,0
2025-07-09 08:00:00,成都變電所,DANAS,2,996.0,320.39107918758197,0
2025-07-09 08:00:00,新豐配電變電所,DANAS,2,996.0,305.9208748533542,0
2025-07-09 08:00:00,內惟配電變電所,DANAS,2,996.0,499.0460037020224,0
2025-07-09 08:00:00,永華二次變電所,DANAS,2,996.0,462.2570241489772,0
2025-07-09 08:00:00,關西二次變電所,DANAS,2,996.0,328.0945465815434,0
2025-07-09 08:00:00,源海二次變電所,DANAS,2,996.0,336.96075631417335,0
2025-07-09 08:00:00,四湖配電變電所,DANAS,2,996.0,393.7207606641747,0
2025-07-09 08:00:00,新高港超高壓變電所,DANAS,2,996.0,512.6686280160122,0
2025-07-09 08:00:00,九曲配電變電所,DANAS,2,996.0,461.99046950326414,0
2025-07-09 08:00:00,崙背變電所,DANAS,2,996.0,385.25803709202097,0
2025-07-09 08:00:00,常德變電所,DANAS,2,996.0,331.5404497793848,0
2025-07-09 08:00:00,嶺口二次變電所,DANAS,2,996.0,491.22042495592854,0
2025-07-09 08:00:00,龍明配電變電所,DANAS,2,996.0,320.07958381027083,0
2025-07-09 08:00:00,新工配電變電所,DANAS,2,996.0,312.74986476332913,0
2025-07-09 14:00:00,榮成變電所,DANAS,2,996.0,362.7974256777147,0
2025-07-09 14:00:00,西螺服務區,DANAS,2,996.0,406.9236454665366,0
2025-07-09 14:00:00,中部科學園區,DANAS,2,996.0,386.8508514682071,0
2025-07-09 14:00:00,興變電所,DANAS,2,996.0,453.9454112364358,0
2025-07-09 14:00:00,中正變電所,DANAS,2,996.0,401.99487910399085,0
2025-07-09 14:00:00,成都變電所,DANAS,2,996.0,380.9257369773125,0
2025-07-09 14:00:00,新豐配電變電所,DANAS,2,996.0,359.2196118702625,0
2025-07-09 14:00:00,內惟配電變電所,DANAS,2,996.0,504.4739883461585,0
2025-07-09 14:00:00,永華二次變電所,DANAS,2,996.0,468.99513702029486,0
2025-07-09 14:00:00,關西二次變電所,DANAS,2,996.0,382.33059942197843,0
2025-07-09 14:00:00,源海二次變電所,DANAS,2,996.0,401.9896199536888,0
2025-07-09 14:00:00,四湖配電變電所,DANAS,2,996.0,407.6071571552488,0
2025-07-09 14:00:00,新高港超高壓變電所,DANAS,2,996.0,519.6927268013765,0
2025-07-09 14:00:00,九曲配電變電所,DANAS,2,996.0,468.43663438754965,0
2025-07-09 14:00:00,崙背變電所,DANAS,2,996.0,403.7511769014779,0
2025-07-09 14:00:00,常德變電所,DANAS,2,996.0,396.54037864489703,0
2025-07-09 14:00:00,嶺口二次變電所,DANAS,2,996.0,498.9074652941426,0
2025-07-09 14:00:00,龍明配電變電所,DANAS,2,996.0,380.5260014538558,0
2025-07-09 14:00:00,新工配電變電所,DANAS,2,996.0,363.71961847243495,0
2025-07-09 20:00:00,榮成變電所,DANAS,2,996.0,494.01520961605024,0
2025-07-09 20:00:00,西螺服務區,DANAS,2,996.0,480.91994998559295,0
2025-07-09 20:00:00,中部科學園區,DANAS,2,996.0,481.01299654979914,0
2025-07-09 20:00:00,興變電所,DANAS,2,996.0,527.0755913673453,0
2025-07-09 20:00:00,中正變電所,DANAS,2,996.0,537.2775111738158,0
2025-07-09 20:00:00,成都變電所,DANAS,2,996.0,512.1143981035359,0
2025-07-09 20:00:00,新豐配電變電所,DANAS,2,996.0,483.2635865138447,0
2025-07-09 20:00:00,內惟配電變電所,DANAS,2,996.0,540.7861191620831,0
2025-07-09 20:00:00,永華二次變電所,DANAS,2,996.0,511.3704817718809,0
2025-07-09 20:00:00,關西二次變電所,DANAS,2,996.0,505.2082363345647,0
2025-07-09 20:00:00,源海二次變電所,DANAS,2,996.0,537.2753015124518,0
2025-07-09 20:00:00,四湖配電變電所,DANAS,2,996.0,469.4030847651131,0
2025-07-09 20:00:00,新高港超高壓變電所,DANAS,2,996.0,557.2241235480361,0
2025-07-09 20:00:00,九曲配電變電所,DANAS,2,996.0,510.3861049100382,0
2025-07-09 20:00:00,崙背變電所,DANAS,2,996.0,473.2637057058529,0
2025-07-09 20:00:00,常德變電所,DANAS,2,996.0,532.2006118441284,0
2025-07-09 20:00:00,嶺口二次變電所,DANAS,2,996.0,539.6288352141876,0
2025-07-09 20:00:00,龍明配電變電所,DANAS,2,996.0,511.6366464412279,0
2025-07-09 20:00:00,新工配電變電所,DANAS,2,996.0,484.2683726239816,0
2025-07-10 02:00:00,榮成變電所,DANAS,2,996.0,548.4208051832541,0
2025-07-10 02:00:00,西螺服務區,DANAS,2,996.0,495.6885089325181,0
2025-07-10 02:00:00,中部科學園區,DANAS,2,996.0,509.95203021726024,0
2025-07-10 02:00:00,興變電所,DANAS,2,996.0,537.2272867720737,0
2025-07-10 02:00:00,中正變電所,DANAS,2,996.0,592.017858263866,0
2025-07-10 02:00:00,成都變電所,DANAS,2,996.0,565.293890397915,0
2025-07-10 02:00:00,新豐配電變電所,DANAS,2,996.0,533.2265509217915,0
2025-07-10 02:00:00,內惟配電變電所,DANAS,2,996.0,523.6092034056277,0
2025-07-10 02:00:00,永華二次變電所,DANAS,2,996.0,500.9586737205917,0
2025-07-10 02:00:00,關西二次變電所,DANAS,2,996.0,552.7303232957267,0
2025-07-10 02:00:00,源海二次變電所,DANAS,2,996.0,592.0181044970889,0
2025-07-10 02:00:00,四湖配電變電所,DANAS,2,996.0,476.72541836967525,0
2025-07-10 02:00:00,新高港超高壓變電所,DANAS,2,996.0,539.6630470284281,0
2025-07-10 02:00:00,九曲配電變電所,DANAS,2,996.0,499.75798135490993,0
2025-07-10 02:00:00,崙背變電所,DANAS,2,996.0,485.6212814051051,0
2025-07-10 02:00:00,常德變電所,DANAS,2,996.0,587.5208973950178,0
2025-07-10 02:00:00,嶺口二次變電所,DANAS,2,996.0,525.6851480484883,0
2025-07-10 02:00:00,龍明配電變電所,DANAS,2,996.0,564.7888922359507,0
2025-07-10 02:00:00,新工配電變電所,DANAS,2,996.0,531.6424068727962,0
2025-07-10 08:00:00,榮成變電所,DANAS,2,996.0,591.5277216732345,0
2025-07-10 08:00:00,西螺服務區,DANAS,2,996.0,515.5231971911368,0
2025-07-10 08:00:00,中部科學園區,DANAS,2,996.0,538.4065491279874,0
2025-07-10 08:00:00,興變電所,DANAS,2,996.0,552.3705189341741,0
2025-07-10 08:00:00,中正變電所,DANAS,2,996.0,634.1739673632151,0
2025-07-10 08:00:00,成都變電所,DANAS,2,996.0,607.1755045164671,0
2025-07-10 08:00:00,新豐配電變電所,DANAS,2,996.0,574.0559455352566,0
2025-07-10 08:00:00,內惟配電變電所,DANAS,2,996.0,520.4225202201843,0
2025-07-10 08:00:00,永華二次變電所,DANAS,2,996.0,503.4734078002899,0
2025-07-10 08:00:00,關西二次變電所,DANAS,2,996.0,591.4592623550164,0
2025-07-10 08:00:00,源海二次變電所,DANAS,2,996.0,634.1757343200095,0
2025-07-10 08:00:00,四湖配電變電所,DANAS,2,996.0,492.4554532743148,0
2025-07-10 08:00:00,新高港超高壓變電所,DANAS,2,996.0,535.5917281739132,0
2025-07-10 08:00:00,九曲配電變電所,DANAS,2,996.0,502.17286849876035,0
2025-07-10 08:00:00,崙背變電所,DANAS,2,996.0,504.2978545035685,0
2025-07-10 08:00:00,常德變電所,DANAS,2,996.0,630.1488189398827,0
2025-07-10 08:00:00,嶺口二次變電所,DANAS,2,996.0,524.7069969946064,0
2025-07-10 08:00:00,龍明配電變電所,DANAS,2,996.0,606.6674216877589,0
2025-07-10 08:00:00,新工配電變電所,DANAS,2,996.0,570.9245174372202,0
2025-07-10 14:00:00,榮成變電所,DANAS,2,996.0,649.6995275524422,0
2025-07-10 14:00:00,西螺服務區,DANAS,2,996.0,552.8939394663743,0
2025-07-10 14:00:00,中部科學園區,DANAS,2,996.0,583.6506736727852,0
2025-07-10 14:00:00,興變電所,DANAS,2,996.0,583.7789145870905,0
2025-07-10 14:00:00,中正變電所,DANAS,2,996.0,690.6144252036172,0
2025-07-10 14:00:00,成都變電所,DANAS,2,996.0,663.8582662948694,0
2025-07-10 14:00:00,新豐配電變電所,DANAS,2,996.0,630.4152603887245,0
2025-07-10 14:00:00,內惟配電變電所,DANAS,2,996.0,533.4492939610865,0
2025-07-10 14:00:00,永華二次變電所,DANAS,2,996.0,523.3121689457096,0
2025-07-10 14:00:00,關西二次變電所,DANAS,2,996.0,645.4160216200531,0
2025-07-10 14:00:00,源海二次變電所,DANAS,2,996.0,690.6176375341967,0
2025-07-10 14:00:00,四湖配電變電所,DANAS,2,996.0,526.4922274522766,0
2025-07-10 14:00:00,新高港超高壓變電所,DANAS,2,996.0,547.0984757320721,0
2025-07-10 14:00:00,九曲配電變電所,DANAS,2,996.0,521.9554997968111,0
2025-07-10 14:00:00,崙背變電所,DANAS,2,996.0,540.8865542604207,0
2025-07-10 14:00:00,常德變電所,DANAS,2,996.0,687.1199376516836,0
2025-07-10 14:00:00,嶺口二次變電所,DANAS,2,996.0,539.9833511446458,0
2025-07-10 14:00:00,龍明配電變電所,DANAS,2,996.0,663.3571795416308,0
2025-07-10 14:00:00,新工配電變電所,DANAS,2,996.0,625.868689597194,0
2025-07-10 20:00:00,榮成變電所,DANAS,2,996.0,705.4460720121987,0
2025-07-10 20:00:00,西螺服務區,DANAS,2,996.0,607.1329173370965,0
2025-07-10 20:00:00,中部科學園區,DANAS,2,996.0,638.6792650016637,0
2025-07-10 20:00:00,興變電所,DANAS,2,996.0,637.1101053300537,0
2025-07-10 20:00:00,中正變電所,DANAS,2,996.0,746.2919608925472,0
2025-07-10 20:00:00,成都變電所,DANAS,2,996.0,719.5544288912621,0
2025-07-10 20:00:00,新豐配電變電所,DANAS,2,996.0,686.1124619519603,0
2025-07-10 20:00:00,內惟配電變電所,DANAS,2,996.0,583.4869519454616,0
2025-07-10 20:00:00,永華二次變電所,DANAS,2,996.0,574.8377221881458,0
2025-07-10 20:00:00,關西二次變電所,DANAS,2,996.0,701.0033061106938,0
2025-07-10 20:00:00,源海二次變電所,DANAS,2,996.0,746.295228251459,0
2025-07-10 20:00:00,四湖配電變電所,DANAS,2,996.0,580.3666786951129,0
2025-07-10 20:00:00,新高港超高壓變電所,DANAS,2,996.0,596.7139700945635,0
2025-07-10 20:00:00,九曲配電變電所,DANAS,2,996.0,573.47644116328,0
2025-07-10 20:00:00,崙背變電所,DANAS,2,996.0,595.0567116768867,0
2025-07-10 20:00:00,常德變電所,DANAS,2,996.0,742.8184177487719,0
2025-07-10 20:00:00,嶺口二次變電所,DANAS,2,996.0,590.4852374984207,0
2025-07-10 20:00:00,龍明配電變電所,DANAS,2,996.0,719.0537707278722,0
2025-07-10 20:00:00,新工配電變電所,DANAS,2,996.0,681.5123552125859,0
2025-07-11 02:00:00,榮成變電所,DANAS,2,996.0,761.2779699481358,0
2025-07-11 02:00:00,西螺服務區,DANAS,2,996.0,661.7436134392524,0
2025-07-11 02:00:00,中部科學園區,DANAS,2,996.0,693.9310466991097,0
2025-07-11 02:00:00,興變電所,DANAS,2,996.0,690.9539495659812,0
2025-07-11 02:00:00,中正變電所,DANAS,2,996.0,802.0683762023349,0
2025-07-11 02:00:00,成都變電所,DANAS,2,996.0,775.3463420721827,0
2025-07-11 02:00:00,新豐配電變電所,DANAS,2,996.0,741.9058175393315,0
2025-07-11 02:00:00,內惟配電變電所,DANAS,2,996.0,634.6332161739277,0
2025-07-11 02:00:00,永華二次變電所,DANAS,2,996.0,627.2322746530393,0
2025-07-11 02:00:00,關西二次變電所,DANAS,2,996.0,756.7076489097374,0
2025-07-11 02:00:00,源海二次變電所,DANAS,2,996.0,802.0716880528558,0
2025-07-11 02:00:00,四湖配電變電所,DANAS,2,996.0,634.6902776159393,0
2025-07-11 02:00:00,新高港超高壓變電所,DANAS,2,996.0,647.4865858830565,0
2025-07-11 02:00:00,九曲配電變電所,DANAS,2,996.0,625.8687563183306,0
2025-07-11 02:00:00,崙背變電所,DANAS,2,996.0,649.6157168210494,0
2025-07-11 02:00:00,常德變電所,DANAS,2,996.0,798.6117955987796,0
2025-07-11 02:00:00,嶺口二次變電所,DANAS,2,996.0,642.009125123086,0
2025-07-11 02:00:00,龍明配電變電所,DANAS,2,996.0,774.8460357935697,0
2025-07-11 02:00:00,新工配電變電所,DANAS,2,996.0,737.2630157083815,0
2025-07-11 08:00:00,榮成變電所,DANAS,2,998.0,817.1905716468639,0
2025-07-11 08:00:00,西螺服務區,DANAS,2,998.0,716.6557458569257,0
2025-07-11 08:00:00,中部科學園區,DANAS,2,998.0,749.3706858991159,0
2025-07-11 08:00:00,興變電所,DANAS,2,998.0,745.2133545089504,0
2025-07-11 08:00:00,中正變電所,DANAS,2,998.0,857.9365319027324,0
2025-07-11 08:00:00,成都變電所,DANAS,2,998.0,831.2273135767318,0
2025-07-11 08:00:00,新豐配電變電所,DANAS,2,998.0,797.7883309383107,0
2025-07-11 08:00:00,內惟配電變電所,DANAS,2,998.0,686.655659802784,0
2025-07-11 08:00:00,永華二次變電所,DANAS,2,998.0,680.3105290839887,0
2025-07-11 08:00:00,關西二次變電所,DANAS,2,998.0,812.5178629664025,0
2025-07-11 08:00:00,源海二次變電所,DANAS,2,998.0,857.9398797830014,0
2025-07-11 08:00:00,四湖配電變電所,DANAS,2,998.0,689.372167590027,0
2025-07-11 08:00:00,新高港超高壓變電所,DANAS,2,998.0,699.179228637383,0
2025-07-11 08:00:00,九曲配電變電所,DANAS,2,998.0,678.9462381216097,0
2025-07-11 08:00:00,崙背變電所,DANAS,2,998.0,704.4882005484536,0
2025-07-11 08:00:00,常德變電所,DANAS,2,998.0,854.4936884373188,0
2025-07-11 08:00:00,嶺口二次變電所,DANAS,2,998.0,694.3426160851373,0
2025-07-11 08:00:00,龍明配電變電所,DANAS,2,998.0,830.7272947761011,0
2025-07-11 08:00:00,新工配電變電所,DANAS,2,998.0,793.1113592256455,0
2025-07-16 14:00:00,興變電所,WIPHA,2,1002.0,1474.758688556802,0
2025-07-16 14:00:00,內惟配電變電所,WIPHA,2,1002.0,1453.0985660961455,0
2025-07-16 14:00:00,永華二次變電所,WIPHA,2,1002.0,1481.8528597344618,0
2025-07-16 14:00:00,新高港超高壓變電所,WIPHA,2,1002.0,1436.6571090792934,0
2025-07-16 14:00:00,九曲配電變電所,WIPHA,2,1002.0,1482.8386049165638,0
2025-07-16 14:00:00,嶺口二次變電所,WIPHA,2,1002.0,1453.7265110859878,0
2025-07-16 20:00:00,榮成變電所,WIPHA,2,1002.0,1456.9923253747565,0
2025-07-16 20:00:00,西螺服務區,WIPHA,2,1002.0,1395.2940863149756,0
2025-07-16 20:00:00,中部科學園區,WIPHA,2,1002.0,1413.3916646767634,0
2025-07-16 20:00:00,興變電所,WIPHA,2,1002.0,1347.8132234046043,0
2025-07-16 20:00:00,中正變電所,WIPHA,2,1002.0,1428.6723326301571,0
2025-07-16 20:00:00,成都變電所,WIPHA,2,1002.0,1441.1871728086219,0
2025-07-16 20:00:00,新豐配電變電所,WIPHA,2,1002.0,1453.203400481664,0
2025-07-16 20:00:00,內惟配電變電所,WIPHA,2,1002.0,1320.9700983756952,0
2025-07-16 20:00:00,永華二次變電所,WIPHA,2,1002.0,1350.7775070944908,0
2025-07-16 20:00:00,關西二次變電所,WIPHA,2,1002.0,1431.262183721163,0
2025-07-16 20:00:00,源海二次變電所,WIPHA,2,1002.0,1428.6812821950205,0
2025-07-16 20:00:00,四湖配電變電所,WIPHA,2,1002.0,1399.64925907164,0
2025-07-16 20:00:00,新高港超高壓變電所,WIPHA,2,1002.0,1304.5274835538048,0
2025-07-16 20:00:00,九曲配電變電所,WIPHA,2,1002.0,1351.7175249874463,0
2025-07-16 20:00:00,崙背變電所,WIPHA,2,1002.0,1400.069751178946,0
2025-07-16 20:00:00,常德變電所,WIPHA,2,1002.0,1433.8134851404066,0
2025-07-16 20:00:00,嶺口二次變電所,WIPHA,2,1002.0,1322.196381183649,0
2025-07-16 20:00:00,龍明配電變電所,WIPHA,2,1002.0,1441.4407316825364,0
2025-07-16 20:00:00,新工配電變電所,WIPHA,2,1002.0,1446.3317617659623,0
2025-07-17 02:00:00,榮成變電所,WIPHA,2,1000.0,1399.7381241711992,0
2025-07-17 02:00:00,西螺服務區,WIPHA,2,1000.0,1331.7040935354942,0
2025-07-17 02:00:00,中部科學園區,WIPHA,2,1000.0,1351.9498093921522,0
2025-07-17 02:00:00,興變電所,WIPHA,2,1000.0,1284.342440554743,0
2025-07-17 02:00:00,中正變電所,WIPHA,2,1000.0,1373.016720824356,0
2025-07-17 02:00:00,成都變電所,WIPHA,2,1000.0,1384.3835779397818,0
2025-07-17 02:00:00,新豐配電變電所,WIPHA,2,1000.0,1394.9446076206543,0
2025-07-17 02:00:00,內惟配電變電所,WIPHA,2,1000.0,1253.0028112269192,0
2025-07-17 02:00:00,永華二次變電所,WIPHA,2,1000.0,1283.6980169985472,0
2025-07-17 02:00:00,關西二次變電所,WIPHA,2,1000.0,1373.3618228942098,0
2025-07-17 02:00:00,源海二次變電所,WIPHA,2,1000.0,1373.0259764995185,0
2025-07-17 02:00:00,四湖配電變電所,WIPHA,2,1000.0,1334.755113901696,0
2025-07-17 02:00:00,新高港超高壓變電所,WIPHA,2,1000.0,1236.590515928372,0
2025-07-17 02:00:00,九曲配電變電所,WIPHA,2,1000.0,1284.5955610538515,0
2025-07-17 02:00:00,崙背變電所,WIPHA,2,1000.0,1335.9782666350886,0
2025-07-17 02:00:00,常德變電所,WIPHA,2,1000.0,1378.0616602853784,0
2025-07-17 02:00:00,嶺口二次變電所,WIPHA,2,1000.0,1254.76519081983,0
2025-07-17 02:00:00,龍明配電變電所,WIPHA,2,1000.0,1384.6162223090062,0
2025-07-17 02:00:00,新工配電變電所,WIPHA,2,1000.0,1387.7299227436824,0
2025-07-17 08:00:00,榮成變電所,WIPHA,2,1000.0,1348.533058082386,0
2025-07-17 08:00:00,西螺服務區,WIPHA,2,1000.0,1278.851505899027,0
2025-07-17 08:00:00,中部科學園區,WIPHA,2,1000.0,1299.6116801062058,0
2025-07-17 08:00:00,興變電所,WIPHA,2,1000.0,1231.5307924470706,0
2025-07-17 08:00:00,中正變電所,WIPHA,2,1000.0,1322.3048184006125,0
2025-07-17 08:00:00,成都變電所,WIPHA,2,1000.0,1333.3183172173767,0
2025-07-17 08:00:00,新豐配電變電所,WIPHA,2,1000.0,1343.4506232364165,0
2025-07-17 08:00:00,內惟配電變電所,WIPHA,2,1000.0,1199.284855564336,0
2025-07-17 08:00:00,永華二次變電所,WIPHA,2,1000.0,1230.131742618587,0
2025-07-17 08:00:00,關西二次變電所,WIPHA,2,1000.0,1321.9791103718294,0
2025-07-17 08:00:00,源海二次變電所,WIPHA,2,1000.0,1322.3141641903715,0
2025-07-17 08:00:00,四湖配電變電所,WIPHA,2,1000.0,1281.6125841312905,0
2025-07-17 08:00:00,新高港超高壓變電所,WIPHA,2,1000.0,1182.8807276527154,0
2025-07-17 08:00:00,九曲配電變電所,WIPHA,2,1000.0,1231.0213232733358,0
2025-07-17 08:00:00,崙背變電所,WIPHA,2,1000.0,1283.0108243762313,0
2025-07-17 08:00:00,常德變電所,WIPHA,2,1000.0,1327.3178039114498,0
2025-07-17 08:00:00,嶺口二次變電所,WIPHA,2,1000.0,1201.140685721103,0
2025-07-17 08:00:00,龍明配電變電所,WIPHA,2,1000.0,1333.544625482749,0
2025-07-17 08:00:00,新工配電變電所,WIPHA,2,1000.0,1336.1414394735361,0
2025-07-17 14:00:00,榮成變電所,WIPHA,2,998.0,1251.1193783163226,0
2025-07-17 14:00:00,西螺服務區,WIPHA,2,998.0,1176.1063077946367,0
2025-07-17 14:00:00,中部科學園區,WIPHA,2,998.0,1198.612852129928,0
2025-07-17 14:00:00,興變電所,WIPHA,2,998.0,1128.9700296194862,0
2025-07-17 14:00:00,中正變電所,WIPHA,2,998.0,1226.4368136437265,0
2025-07-17 14:00:00,成都變電所,WIPHA,2,998.0,1236.35496274053,0
2025-07-17 14:00:00,新豐配電變電所,WIPHA,2,998.0,1245.1404855251644,0
2025-07-17 14:00:00,內惟配電變電所,WIPHA,2,998.0,1093.3060508747542,0
2025-07-17 14:00:00,永華二次變電所,WIPHA,2,998.0,1124.7566708190304,0
2025-07-17 14:00:00,關西二次變電所,WIPHA,2,998.0,1224.0427973879534,0
2025-07-17 14:00:00,源海二次變電所,WIPHA,2,998.0,1226.4464206664634,0
2025-07-17 14:00:00,四湖配電變電所,WIPHA,2,998.0,1177.8232120073562,0
2025-07-17 14:00:00,新高港超高壓變電所,WIPHA,2,998.0,1076.9457019077431,0
2025-07-17 14:00:00,九曲配電變電所,WIPHA,2,998.0,1125.613771527312,0
2025-07-17 14:00:00,崙背變電所,WIPHA,2,998.0,1179.854431174003,0
2025-07-17 14:00:00,常德變電所,WIPHA,2,998.0,1231.3459976881463,0
2025-07-17 14:00:00,嶺口二次變電所,WIPHA,2,998.0,1095.5476341492702,0
2025-07-17 14:00:00,龍明配電變電所,WIPHA,2,998.0,1236.561459141691,0
2025-07-17 14:00:00,新工配電變電所,WIPHA,2,998.0,1237.5410184742639,0
2025-07-17 20:00:00,榮成變電所,WIPHA,2,998.0,1126.5036641970555,0
2025-07-17 20:00:00,西螺服務區,WIPHA,2,998.0,1044.595701491885,0
2025-07-17 20:00:00,中部科學園區,WIPHA,2,998.0,1069.3562321517718,0
2025-07-17 20:00:00,興變電所,WIPHA,2,998.0,997.7972098416277,0
2025-07-17 20:00:00,中正變電所,WIPHA,2,998.0,1103.969769912793,0
2025-07-17 20:00:00,成都變電所,WIPHA,2,998.0,1112.3841539123737,0
2025-07-17 20:00:00,新豐配電變電所,WIPHA,2,998.0,1119.3441962604563,0
2025-07-17 20:00:00,內惟配電變電所,WIPHA,2,998.0,957.7451480373148,0
2025-07-17 20:00:00,永華二次變電所,WIPHA,2,998.0,989.922467275672,0
2025-07-17 20:00:00,關西二次變電所,WIPHA,2,998.0,1098.8026906201544,0
2025-07-17 20:00:00,源海二次變電所,WIPHA,2,998.0,1103.9796984789928,0
2025-07-17 20:00:00,四湖配電變電所,WIPHA,2,998.0,1044.9492265514732,0
2025-07-17 20:00:00,新高港超高壓變電所,WIPHA,2,998.0,941.4627381019577,0
2025-07-17 20:00:00,九曲配電變電所,WIPHA,2,998.0,990.7368782047338,0
2025-07-17 20:00:00,崙背變電所,WIPHA,2,998.0,1047.7994946118345,0
2025-07-17 20:00:00,常德變電所,WIPHA,2,998.0,1108.723473883816,0
2025-07-17 20:00:00,嶺口二次變電所,WIPHA,2,998.0,960.4758934732914,0
2025-07-17 20:00:00,龍明配電變電所,WIPHA,2,998.0,1112.5634673168274,0
2025-07-17 20:00:00,新工配電變電所,WIPHA,2,998.0,1111.3774819573096,0
2025-07-18 02:00:00,榮成變電所,WIPHA,2,996.0,1016.1652506047012,0
2025-07-18 02:00:00,西螺服務區,WIPHA,2,996.0,925.3513297050223,0
2025-07-18 02:00:00,中部科學園區,WIPHA,2,996.0,953.1114822232389,0
2025-07-18 02:00:00,興變電所,WIPHA,2,996.0,879.2034786447509,0
2025-07-18 02:00:00,中正變電所,WIPHA,2,996.0,996.5291903731163,0
2025-07-18 02:00:00,成都變電所,WIPHA,2,996.0,1002.9525553075301,0
2025-07-18 02:00:00,新豐配電變電所,WIPHA,2,996.0,1007.4970596520734,0
2025-07-18 02:00:00,內惟配電變電所,WIPHA,2,996.0,832.9492349163596,0
2025-07-18 02:00:00,永華二次變電所,WIPHA,2,996.0,866.1139978702043,0
2025-07-18 02:00:00,關西二次變電所,WIPHA,2,996.0,987.7808140461684,0
2025-07-18 02:00:00,源海二次變電所,WIPHA,2,996.0,996.5394800137904,0
2025-07-18 02:00:00,四湖配電變電所,WIPHA,2,996.0,923.7941860836817,0
2025-07-18 02:00:00,新高港超高壓變電所,WIPHA,2,996.0,816.8303236076002,0
2025-07-18 02:00:00,九曲配電變電所,WIPHA,2,996.0,866.8633934641443,0
2025-07-18 02:00:00,崙背變電所,WIPHA,2,996.0,927.785148363185,0
2025-07-18 02:00:00,常德變電所,WIPHA,2,996.0,1001.0566076193296,0
2025-07-18 02:00:00,嶺口二次變電所,WIPHA,2,996.0,836.402192663603,0
2025-07-18 02:00:00,龍明配電變電所,WIPHA,2,996.0,1003.0956567385325,0
2025-07-18 02:00:00,新工配電變電所,WIPHA,2,996.0,999.0836604547718,0
2025-07-18 08:00:00,榮成變電所,WIPHA,3,994.0,904.9557516379413,0
2025-07-18 08:00:00,西螺服務區,WIPHA,3,994.0,805.6364069159463,0
2025-07-18 08:00:00,中部科學園區,WIPHA,3,994.0,836.2642722489705,0
2025-07-18 08:00:00,興變電所,WIPHA,3,994.0,760.3448226454927,0
2025-07-18 08:00:00,中正變電所,WIPHA,3,994.0,888.3903395574877,0
2025-07-18 08:00:00,成都變電所,WIPHA,3,994.0,892.7386372604561,0
2025-07-18 08:00:00,新豐配電變電所,WIPHA,3,994.0,894.807757164917,0
2025-07-18 08:00:00,內惟配電變電所,WIPHA,3,994.0,708.1547198613973,0
2025-07-18 08:00:00,永華二次變電所,WIPHA,3,994.0,742.1597575761119,0
2025-07-18 08:00:00,關西二次變電所,WIPHA,3,994.0,876.0343825776758,0
2025-07-18 08:00:00,源海二次變電所,WIPHA,3,994.0,888.4009341789618,0
2025-07-18 08:00:00,四湖配電變電所,WIPHA,3,994.0,802.2095959051475,0
2025-07-18 08:00:00,新高港超高壓變電所,WIPHA,3,994.0,692.2445576679421,0
2025-07-18 08:00:00,九曲配電變電所,WIPHA,3,994.0,742.8444884763974,0
2025-07-18 08:00:00,崙背變電所,WIPHA,3,994.0,807.301155049367,0
2025-07-18 08:00:00,常德變電所,WIPHA,3,994.0,892.6572188009221,0
2025-07-18 08:00:00,嶺口二次變電所,WIPHA,3,994.0,712.2900013883507,0
2025-07-18 08:00:00,龍明配電變電所,WIPHA,3,994.0,892.8440119756399,0
2025-07-18 08:00:00,新工配電變電所,WIPHA,3,994.0,885.9869014127374,0
2025-07-18 14:00:00,榮成變電所,WIPHA,3,990.0,743.1576229294456,0
2025-07-18 14:00:00,西螺服務區,WIPHA,3,990.0,634.8840706746583,0
2025-07-18 14:00:00,中部科學園區,WIPHA,3,990.0,668.4191128007216,0
2025-07-18 14:00:00,興變電所,WIPHA,3,990.0,590.7141129108617,0
2025-07-18 14:00:00,中正變電所,WIPHA,3,990.0,730.4521670810265,0
2025-07-18 14:00:00,成都變電所,WIPHA,3,990.0,732.224137748747,0
2025-07-18 14:00:00,新豐配電變電所,WIPHA,3,990.0,731.337468017913,0
2025-07-18 14:00:00,內惟配電變電所,WIPHA,3,990.0,533.0517286580478,0
2025-07-18 14:00:00,永華二次變電所,WIPHA,3,990.0,567.6503194302604,0
2025-07-18 14:00:00,關西二次變電所,WIPHA,3,990.0,713.8073559169719,0
2025-07-18 14:00:00,源海二次變電所,WIPHA,3,990.0,730.4630447705201,0
2025-07-18 14:00:00,四湖配電變電所,WIPHA,3,990.0,629.6315170528808,0
2025-07-18 14:00:00,新高港超高壓變電所,WIPHA,3,990.0,517.3401958674349,0
2025-07-18 14:00:00,九曲配電變電所,WIPHA,3,990.0,568.280568404035,0
2025-07-18 14:00:00,崙背變電所,WIPHA,3,990.0,635.7678479866988,0
2025-07-18 14:00:00,常德變電所,WIPHA,3,990.0,734.3593090026885,0
2025-07-18 14:00:00,嶺口二次變電所,WIPHA,3,990.0,537.7224142269591,0
2025-07-18 14:00:00,龍明配電變電所,WIPHA,3,990.0,732.2831136726771,0
2025-07-18 14:00:00,新工配電變電所,WIPHA,3,990.0,722.099945382611,0
2025-07-18 20:00:00,榮成變電所,WIPHA,3,990.0,618.3217989522749,0
2025-07-18 20:00:00,西螺服務區,WIPHA,3,990.0,503.8159805316071,0
2025-07-18 20:00:00,中部科學園區,WIPHA,3,990.0,539.2905675051247,0
2025-07-18 20:00:00,興變電所,WIPHA,3,990.0,460.5579793304072,0
2025-07-18 20:00:00,中正變電所,WIPHA,3,990.0,608.8133754143746,0
2025-07-18 20:00:00,成都變電所,WIPHA,3,990.0,608.4741363045791,0
2025-07-18 20:00:00,新豐配電變電所,WIPHA,3,990.0,605.2552060434248,0
2025-07-18 20:00:00,內惟配電變電所,WIPHA,3,990.0,399.82536562261106,0
2025-07-18 20:00:00,永華二次變電所,WIPHA,3,990.0,434.5980585327862,0
2025-07-18 20:00:00,關西二次變電所,WIPHA,3,990.0,588.7959934494598,0
2025-07-18 20:00:00,源海二次變電所,WIPHA,3,990.0,608.824405462437,0
2025-07-18 20:00:00,四湖配電變電所,WIPHA,3,990.0,497.45070529563,0
2025-07-18 20:00:00,新高港超高壓變電所,WIPHA,3,990.0,384.17616854492354,0
2025-07-18 20:00:00,九曲配電變電所,WIPHA,3,990.0,435.20807741242584,0
2025-07-18 20:00:00,崙背變電所,WIPHA,3,990.0,504.19652589367024,0
2025-07-18 20:00:00,常德變電所,WIPHA,3,990.0,612.3962014422347,0
2025-07-18 20:00:00,嶺口二次變電所,WIPHA,3,990.0,404.6651586488013,0
2025-07-18 20:00:00,龍明配電變電所,WIPHA,3,990.0,608.4954288158693,0
2025-07-18 20:00:00,新工配電變電所,WIPHA,3,990.0,595.7396906923489,0
2025-07-19 02:00:00,榮成變電所,WIPHA,3,985.0,573.6840538742393,0
2025-07-19 02:00:00,西螺服務區,WIPHA,3,985.0,435.8169134150044,0
2025-07-19 02:00:00,中部科學園區,WIPHA,3,985.0,480.5051276859415,0
2025-07-19 02:00:00,興變電所,WIPHA,3,985.0,400.43497288254684,0
2025-07-19 02:00:00,中正變電所,WIPHA,3,985.0,574.829152167887,0
2025-07-19 02:00:00,成都變電所,WIPHA,3,985.0,567.878290337012,0
2025-07-19 02:00:00,新豐配電變電所,WIPHA,3,985.0,556.6307308837042,0
2025-07-19 02:00:00,內惟配電變電所,WIPHA,3,985.0,314.1022557845088,0
2025-07-19 02:00:00,永華二次變電所,WIPHA,3,985.0,350.950303280542,0
2025-07-19 02:00:00,關西二次變電所,WIPHA,3,985.0,544.7049951446563,0
2025-07-19 02:00:00,源海二次變電所,WIPHA,3,985.0,574.8401897029414,0
2025-07-19 02:00:00,四湖配電變電所,WIPHA,3,985.0,421.3052612607649,0
2025-07-19 02:00:00,新高港超高壓變電所,WIPHA,3,985.0,301.2415451764555,0
2025-07-19 02:00:00,九曲配電變電所,WIPHA,3,985.0,351.14454457073055,0
2025-07-19 02:00:00,崙背變電所,WIPHA,3,985.0,432.68771844243065,0
2025-07-19 02:00:00,常德變電所,WIPHA,3,985.0,577.2876542412394,0
2025-07-19 02:00:00,嶺口二次變電所,WIPHA,3,985.0,322.6782182056427,0
2025-07-19 02:00:00,龍明配電變電所,WIPHA,3,985.0,567.77472960631,0
2025-07-19 02:00:00,新工配電變電所,WIPHA,3,985.0,546.4336811688228,0
2025-07-19 08:00:00,榮成變電所,WIPHA,3,985.0,573.9546344180158,0
2025-07-19 08:00:00,西螺服務區,WIPHA,3,985.0,425.1278566178758,0
2025-07-19 08:00:00,中部科學園區,WIPHA,3,985.0,474.4463003523806,0
2025-07-19 08:00:00,興變電所,WIPHA,3,985.0,397.85204233777733,0
2025-07-19 08:00:00,中正變電所,WIPHA,3,985.0,582.2532079502836,0
2025-07-19 08:00:00,成都變電所,WIPHA,3,985.0,571.1073454584454,0
2025-07-19 08:00:00,新豐配電變電所,WIPHA,3,985.0,554.7284823831571,0
2025-07-19 08:00:00,內惟配電變電所,WIPHA,3,985.0,297.9569078130307,0
2025-07-19 08:00:00,永華二次變電所,WIPHA,3,985.0,333.29294393425346,0
2025-07-19 08:00:00,關西二次變電所,WIPHA,3,985.0,546.3783464584765,0
2025-07-19 08:00:00,源海二次變電所,WIPHA,3,985.0,582.2638785183266,0
2025-07-19 08:00:00,四湖配電變電所,WIPHA,3,985.0,405.0487490844356,0
2025-07-19 08:00:00,新高港超高壓變電所,WIPHA,3,985.0,288.8792421645975,0
2025-07-19 08:00:00,九曲配電變電所,WIPHA,3,985.0,333.1159108312185,0
2025-07-19 08:00:00,崙背變電所,WIPHA,3,985.0,419.45420441598634,0
2025-07-19 08:00:00,常德變電所,WIPHA,3,985.0,583.8827889518649,0
2025-07-19 08:00:00,嶺口二次變電所,WIPHA,3,985.0,308.93205101796786,0
2025-07-19 08:00:00,龍明配電變電所,WIPHA,3,985.0,570.9226593405429,0
2025-07-19 08:00:00,新工配電變電所,WIPHA,3,985.0,544.4238579820031,0
2025-07-19 14:00:00,榮成變電所,WIPHA,4,980.0,541.3611522198952,0
2025-07-19 14:00:00,西螺服務區,WIPHA,4,980.0,386.38529497767655,0
2025-07-19 14:00:00,中部科學園區,WIPHA,4,980.0,438.5190813343982,0
2025-07-19 14:00:00,興變電所,WIPHA,4,980.0,372.0038787027071,0
2025-07-19 14:00:00,中正變電所,WIPHA,4,980.0,558.6127877881041,0
2025-07-19 14:00:00,成都變電所,WIPHA,4,980.0,542.467007020648,0
2025-07-19 14:00:00,新豐配電變電所,WIPHA,4,980.0,520.129544562382,0
2025-07-19 14:00:00,內惟配電變電所,WIPHA,4,980.0,265.4469848201711,0
2025-07-19 14:00:00,永華二次變電所,WIPHA,4,980.0,293.8745618676855,0
2025-07-19 14:00:00,關西二次變電所,WIPHA,4,980.0,516.7886634702742,0
2025-07-19 14:00:00,源海二次變電所,WIPHA,4,980.0,558.6225519537439,0
2025-07-19 14:00:00,四湖配電變電所,WIPHA,4,980.0,360.46667247770705,0
2025-07-19 14:00:00,新高港超高壓變電所,WIPHA,4,980.0,263.0051408648139,0
2025-07-19 14:00:00,九曲配電變電所,WIPHA,4,980.0,293.21150737543064,0
2025-07-19 14:00:00,崙背變電所,WIPHA,4,980.0,377.76979911046004,0
2025-07-19 14:00:00,常德變電所,WIPHA,4,980.0,559.0981091318773,0
2025-07-19 14:00:00,嶺口二次變電所,WIPHA,4,980.0,278.07353005083655,0
2025-07-19 14:00:00,龍明配電變電所,WIPHA,4,980.0,542.1846435243391,0
2025-07-19 14:00:00,新工配電變電所,WIPHA,4,980.0,510.14155251252504,0
2025-07-19 20:00:00,榮成變電所,WIPHA,4,980.0,553.9010539799432,0
2025-07-19 20:00:00,西螺服務區,WIPHA,4,980.0,405.27630497592725,0
2025-07-19 20:00:00,中部科學園區,WIPHA,4,980.0,455.19797221612754,0
2025-07-19 20:00:00,興變電所,WIPHA,4,980.0,408.6839027128716,0
2025-07-19 20:00:00,中正變電所,WIPHA,4,980.0,581.2147049712887,0
2025-07-19 20:00:00,成都變電所,WIPHA,4,980.0,559.9230573514936,0
2025-07-19 20:00:00,新豐配電變電所,WIPHA,4,980.0,531.5817094005955,0
2025-07-19 20:00:00,內惟配電變電所,WIPHA,4,980.0,312.6276381135355,0
2025-07-19 20:00:00,永華二次變電所,WIPHA,4,980.0,326.639144473804,0
2025-07-19 20:00:00,關西二次變電所,WIPHA,4,980.0,534.8388595543172,0
2025-07-19 20:00:00,源海二次變電所,WIPHA,4,980.0,581.2227545329439,0
2025-07-19 20:00:00,四湖配電變電所,WIPHA,4,980.0,375.18179527272525,0
2025-07-19 20:00:00,新高港超高壓變電所,WIPHA,4,980.0,318.218566360783,0
2025-07-19 20:00:00,九曲配電變電所,WIPHA,4,980.0,325.500298390156,0
2025-07-19 20:00:00,崙背變電所,WIPHA,4,980.0,393.9373907238,0
2025-07-19 20:00:00,常德變電所,WIPHA,4,980.0,580.2667320934083,0
2025-07-19 20:00:00,嶺口二次變電所,WIPHA,4,980.0,324.3983850338458,0
2025-07-19 20:00:00,龍明配電變電所,WIPHA,4,980.0,559.5372799012761,0
2025-07-19 20:00:00,新工配電變電所,WIPHA,4,980.0,522.7366426374867,0
2025-07-20 02:00:00,榮成變電所,WIPHA,4,980.0,656.3908433952246,0
2025-07-20 02:00:00,西螺服務區,WIPHA,4,980.0,524.7467089839829,0
2025-07-20 02:00:00,中部科學園區,WIPHA,4,980.0,568.4111985483955,0
2025-07-20 02:00:00,興變電所,WIPHA,4,980.0,540.8825670088603,0
2025-07-20 02:00:00,中正變電所,WIPHA,4,980.0,690.8965466139749,0
2025-07-20 02:00:00,成都變電所,WIPHA,4,980.0,666.3741140417224,0
2025-07-20 02:00:00,新豐配電變電所,WIPHA,4,980.0,634.5718755077102,0
2025-07-20 02:00:00,內惟配電變電所,WIPHA,4,980.0,460.26221891127705,0
2025-07-20 02:00:00,永華二次變電所,WIPHA,4,980.0,464.20299262165753,0
2025-07-20 02:00:00,關西二次變電所,WIPHA,4,980.0,643.364070440992,0
2025-07-20 02:00:00,源海二次變電所,WIPHA,4,980.0,690.902686899784,0
2025-07-20 02:00:00,四湖配電變電所,WIPHA,4,980.0,494.5759575020206,0
2025-07-20 02:00:00,新高港超高壓變電所,WIPHA,4,980.0,469.6234601297189,0
2025-07-20 02:00:00,九曲配電變電所,WIPHA,4,980.0,462.8941874332189,0
2025-07-20 02:00:00,崙背變電所,WIPHA,4,980.0,512.4343074034801,0
2025-07-20 02:00:00,常德變電所,WIPHA,4,980.0,688.7667464697951,0
2025-07-20 02:00:00,嶺口二次變電所,WIPHA,4,980.0,470.35120880805044,0
2025-07-20 02:00:00,龍明配電變電所,WIPHA,4,980.0,665.9214058446524,0
2025-07-20 02:00:00,新工配電變電所,WIPHA,4,980.0,627.3428737259538,0
2025-07-20 08:00:00,榮成變電所,WIPHA,4,980.0,760.651822391063,0
2025-07-20 08:00:00,西螺服務區,WIPHA,4,980.0,639.9858142052967,0
2025-07-20 08:00:00,中部科學園區,WIPHA,4,980.0,679.8357079980349,0
2025-07-20 08:00:00,興變電所,WIPHA,4,980.0,661.015389028317,0
2025-07-20 08:00:00,中正變電所,WIPHA,4,980.0,798.0382823685701,0
2025-07-20 08:00:00,成都變電所,WIPHA,4,980.0,772.3934021245182,0
2025-07-20 08:00:00,新豐配電變電所,WIPHA,4,980.0,739.5797357207657,0
2025-07-20 08:00:00,內惟配電變電所,WIPHA,4,980.0,587.4299709294771,0
2025-07-20 08:00:00,永華二次變電所,WIPHA,4,980.0,587.8732167831962,0
2025-07-20 08:00:00,關西二次變電所,WIPHA,4,980.0,750.8830186418212,0
2025-07-20 08:00:00,源海二次變電所,WIPHA,4,980.0,798.0433608220239,0
2025-07-20 08:00:00,四湖配電變電所,WIPHA,4,980.0,610.5762968699715,0
2025-07-20 08:00:00,新高港超高壓變電所,WIPHA,4,980.0,597.8785367684884,0
2025-07-20 08:00:00,九曲配電變電所,WIPHA,4,980.0,586.5315998785443,0
2025-07-20 08:00:00,崙背變電所,WIPHA,4,980.0,627.5814917125452,0
2025-07-20 08:00:00,常德變電所,WIPHA,4,980.0,795.3608673219804,0
2025-07-20 08:00:00,嶺口二次變電所,WIPHA,4,980.0,596.8036817469207,0
2025-07-20 08:00:00,龍明配電變電所,WIPHA,4,980.0,771.9168662794725,0
2025-07-20 08:00:00,新工配電變電所,WIPHA,4,980.0,733.3124711301713,0
2025-07-20 14:00:00,榮成變電所,WIPHA,4,975.0,872.1695858547041,0
2025-07-20 14:00:00,西螺服務區,WIPHA,4,975.0,763.9746450247986,0
2025-07-20 14:00:00,中部科學園區,WIPHA,4,975.0,799.5669054907091,0
2025-07-20 14:00:00,興變電所,WIPHA,4,975.0,789.5475183964186,0
2025-07-20 14:00:00,中正變電所,WIPHA,4,975.0,911.93698216827,0
2025-07-20 14:00:00,成都變電所,WIPHA,4,975.0,885.4972773449618,0
2025-07-20 14:00:00,新豐配電變電所,WIPHA,4,975.0,852.1481083357583,0
2025-07-20 14:00:00,內惟配電變電所,WIPHA,4,975.0,723.7783623747084,0
2025-07-20 14:00:00,永華二次變電所,WIPHA,4,975.0,720.689089429783,0
2025-07-20 14:00:00,關西二次變電所,WIPHA,4,975.0,865.7749153826082,0
2025-07-20 14:00:00,源海二次變電所,WIPHA,4,975.0,911.9409244405269,0
2025-07-20 14:00:00,四湖配電變電所,WIPHA,4,975.0,735.7125282640997,0
2025-07-20 14:00:00,新高港超高壓變電所,WIPHA,4,975.0,735.294451389595,0
2025-07-20 14:00:00,九曲配電變電所,WIPHA,4,975.0,719.3292015547878,0
2025-07-20 14:00:00,崙背變電所,WIPHA,4,975.0,751.6576719829567,0
2025-07-20 14:00:00,常德變電所,WIPHA,4,975.0,908.740379301764,0
2025-07-20 14:00:00,嶺口二次變電所,WIPHA,4,975.0,732.3366773353899,0
2025-07-20 14:00:00,龍明配電變電所,WIPHA,4,975.0,885.0033998945391,0
2025-07-20 14:00:00,新工配電變電所,WIPHA,4,975.0,846.9220203749087,0
2025-07-20 20:00:00,榮成變電所,WIPHA,4,980.0,980.2245792590151,0
2025-07-20 20:00:00,西螺服務區,WIPHA,4,980.0,875.8635580847009,0
2025-07-20 20:00:00,中部科學園區,WIPHA,4,980.0,910.3023249091906,0
2025-07-20 20:00:00,興變電所,WIPHA,4,980.0,902.3721902446431,0
2025-07-20 20:00:00,中正變電所,WIPHA,4,980.0,1020.6520977257167,0
2025-07-20 20:00:00,成都變電所,WIPHA,4,980.0,994.0294892923479,0
2025-07-20 20:00:00,新豐配電變電所,WIPHA,4,980.0,960.6087242057276,0
2025-07-20 20:00:00,內惟配電變電所,WIPHA,4,980.0,837.7403089952312,0
2025-07-20 20:00:00,永華二次變電所,WIPHA,4,980.0,834.2877445606858,0
2025-07-20 20:00:00,關西二次變電所,WIPHA,4,980.0,974.9292832936426,0
2025-07-20 20:00:00,源海二次變電所,WIPHA,4,980.0,1020.6556638308404,0
2025-07-20 20:00:00,四湖配電變電所,WIPHA,4,980.0,847.9157550825425,0
2025-07-20 20:00:00,新高港超高壓變電所,WIPHA,4,980.0,849.3181024522078,0
2025-07-20 20:00:00,九曲配電變電所,WIPHA,4,980.0,832.9265031810095,0
2025-07-20 20:00:00,崙背變電所,WIPHA,4,980.0,863.5912593527325,0
2025-07-20 20:00:00,常德變電所,WIPHA,4,980.0,1017.2963605106543,0
2025-07-20 20:00:00,嶺口二次變電所,WIPHA,4,980.0,846.2303745408675,0
2025-07-20 20:00:00,龍明配電變電所,WIPHA,4,980.0,993.5314421918124,0
2025-07-20 20:00:00,新工配電變電所,WIPHA,4,980.0,955.7302422889367,0
2025-07-21 02:00:00,榮成變電所,WIPHA,4,980.0,1123.7622638380615,0
2025-07-21 02:00:00,西螺服務區,WIPHA,4,980.0,1025.252410332046,0
2025-07-21 02:00:00,中部科學園區,WIPHA,4,980.0,1057.860642885551,0
2025-07-21 02:00:00,興變電所,WIPHA,4,980.0,1053.2953038208823,0
2025-07-21 02:00:00,中正變電所,WIPHA,4,980.0,1165.0273408581072,0
2025-07-21 02:00:00,成都變電所,WIPHA,4,980.0,1138.205781929938,0
2025-07-21 02:00:00,新豐配電變電所,WIPHA,4,980.0,1104.767754422951,0
2025-07-21 02:00:00,內惟配電變電所,WIPHA,4,980.0,991.1989290113331,0
2025-07-21 02:00:00,永華二次變電所,WIPHA,4,980.0,986.7796105528064,0
2025-07-21 02:00:00,關西二次變電所,WIPHA,4,980.0,1120.0395897436124,0
2025-07-21 02:00:00,源海二次變電所,WIPHA,4,980.0,1165.0303586384298,0
2025-07-21 02:00:00,四湖配電變電所,WIPHA,4,980.0,997.8501174334266,0
2025-07-21 02:00:00,新高港超高壓變電所,WIPHA,4,980.0,1003.0276040106153,0
2025-07-21 02:00:00,九曲配電變電所,WIPHA,4,980.0,985.4162362791088,0
2025-07-21 02:00:00,崙背變電所,WIPHA,4,980.0,1013.0698328690846,0
2025-07-21 02:00:00,常德變電所,WIPHA,4,980.0,1161.4512562292045,0
2025-07-21 02:00:00,嶺口二次變電所,WIPHA,4,980.0,999.4628496239252,0
2025-07-21 02:00:00,龍明配電變電所,WIPHA,4,980.0,1137.7030191496342,0
2025-07-21 02:00:00,新工配電變電所,WIPHA,4,980.0,1100.3926165209639,0
2025-07-21 08:00:00,榮成變電所,WIPHA,3,985.0,1226.592677378581,0
2025-07-21 08:00:00,西螺服務區,WIPHA,3,985.0,1126.6596540450203,0
2025-07-21 08:00:00,中部科學園區,WIPHA,3,985.0,1159.8982792429929,0
2025-07-21 08:00:00,興變電所,WIPHA,3,985.0,1153.9687994092976,0
2025-07-21 08:00:00,中正變電所,WIPHA,3,985.0,1267.7526239240403,0
2025-07-21 08:00:00,成都變電所,WIPHA,3,985.0,1240.9550948244541,0
2025-07-21 08:00:00,新豐配電變電所,WIPHA,3,985.0,1207.5135424043244,0
2025-07-21 08:00:00,內惟配電變電所,WIPHA,3,985.0,1089.7441765429328,0
2025-07-21 08:00:00,永華二次變電所,WIPHA,3,985.0,1086.34164904808,0
2025-07-21 08:00:00,關西二次變電所,WIPHA,3,985.0,1222.6394640414692,0
2025-07-21 08:00:00,源海二次變電所,WIPHA,3,985.0,1267.7557226308436,0
2025-07-21 08:00:00,四湖配電變電所,WIPHA,3,985.0,1099.0167647002606,0
2025-07-21 08:00:00,新高港超高壓變電所,WIPHA,3,985.0,1101.2276091041188,0
2025-07-21 08:00:00,九曲配電變電所,WIPHA,3,985.0,1084.980070693341,0
2025-07-21 08:00:00,崙背變電所,WIPHA,3,985.0,1114.4375387954078,0
2025-07-21 08:00:00,常德變電所,WIPHA,3,985.0,1264.207478363658,0
2025-07-21 08:00:00,嶺口二次變電所,WIPHA,3,985.0,1098.2827312942247,0
2025-07-21 08:00:00,龍明配電變電所,WIPHA,3,985.0,1240.4529082745291,0
2025-07-21 08:00:00,新工配電變電所,WIPHA,3,985.0,1203.0626095926918,0
2025-07-21 14:00:00,榮成變電所,WIPHA,3,985.0,1282.942746499787,0
2025-07-21 14:00:00,西螺服務區,WIPHA,3,985.0,1182.5792761533341,0
2025-07-21 14:00:00,中部科學園區,WIPHA,3,985.0,1216.0305341183268,0
2025-07-21 14:00:00,興變電所,WIPHA,3,985.0,1209.6178638276192,0
2025-07-21 14:00:00,中正變電所,WIPHA,3,985.0,1324.0804972155095,0
2025-07-21 14:00:00,成都變電所,WIPHA,3,985.0,1297.2885576565914,0
2025-07-21 14:00:00,新豐配電變電所,WIPHA,3,985.0,1263.8464921757072,0
2025-07-21 14:00:00,內惟配電變電所,WIPHA,3,985.0,1144.5734372423713,0
2025-07-21 14:00:00,永華二次變電所,WIPHA,3,985.0,1141.5741461331447,0
2025-07-21 14:00:00,關西二次變電所,WIPHA,3,985.0,1278.9371415890528,0
2025-07-21 14:00:00,源海二次變電所,WIPHA,3,985.0,1324.0836143672882,0
2025-07-21 14:00:00,四湖配電變電所,WIPHA,3,985.0,1154.8527847494342,0
2025-07-21 14:00:00,新高港超高壓變電所,WIPHA,3,985.0,1155.91490266691,0
2025-07-21 14:00:00,九曲配電變電所,WIPHA,3,985.0,1140.213519718468,0
2025-07-21 14:00:00,崙背變電所,WIPHA,3,985.0,1170.3440906395374,0
2025-07-21 14:00:00,常德變電所,WIPHA,3,985.0,1320.5422822682492,0
2025-07-21 14:00:00,嶺口二次變電所,WIPHA,3,985.0,1153.2198662247713,0
2025-07-21 14:00:00,龍明配電變電所,WIPHA,3,985.0,1296.7865012992368,0
2025-07-21 14:00:00,新工配電變電所,WIPHA,3,985.0,1259.3780849532607,0
2025-07-21 20:00:00,榮成變電所,WIPHA,4,980.0,1401.333486371602,0
2025-07-21 20:00:00,西螺服務區,WIPHA,4,980.0,1301.5048899482324,0
2025-07-21 20:00:00,中部科學園區,WIPHA,4,980.0,1334.8855026537758,0
2025-07-21 20:00:00,興變電所,WIPHA,4,980.0,1328.494005060714,0
2025-07-21 20:00:00,中正變電所,WIPHA,4,980.0,1442.5869920613654,0
2025-07-21 20:00:00,成都變電所,WIPHA,4,980.0,1415.7709546132537,0
2025-07-21 20:00:00,新豐配電變電所,WIPHA,4,980.0,1382.3320287948131,0
2025-07-21 20:00:00,內惟配電變電所,WIPHA,4,980.0,1262.9334041259103,0
2025-07-21 20:00:00,永華二次變電所,WIPHA,4,980.0,1260.2346667555562,0
2025-07-21 20:00:00,關西二次變電所,WIPHA,4,980.0,1397.5475828838971,0
2025-07-21 20:00:00,源海二次變電所,WIPHA,4,980.0,1442.5900314465866,0
2025-07-21 20:00:00,四湖配電變電所,WIPHA,4,980.0,1273.774980689314,0
2025-07-21 20:00:00,新高港超高壓變電所,WIPHA,4,980.0,1274.153480178526,0
2025-07-21 20:00:00,九曲配電變電所,WIPHA,4,980.0,1258.8747393102606,0
2025-07-21 20:00:00,崙背變電所,WIPHA,4,980.0,1289.2700187869689,0
2025-07-21 20:00:00,常德變電所,WIPHA,4,980.0,1439.0178587744012,0
2025-07-21 20:00:00,嶺口二次變電所,WIPHA,4,980.0,1271.6657832796634,0
2025-07-21 20:00:00,龍明配電變電所,WIPHA,4,980.0,1415.2683061677226,0
2025-07-21 20:00:00,新工配電變電所,WIPHA,4,980.0,1377.9332641023775,0
2025-07-22 02:00:00,西螺服務區,WIPHA,4,975.0,1400.742872247053,0
2025-07-22 02:00:00,中部科學園區,WIPHA,4,975.0,1434.2204840998083,0
2025-07-22 02:00:00,興變電所,WIPHA,4,975.0,1427.5530745729675,0
2025-07-22 02:00:00,新豐配電變電所,WIPHA,4,975.0,1481.640362386884,0
2025-07-22 02:00:00,內惟配電變電所,WIPHA,4,975.0,1361.3192233769098,0
2025-07-22 02:00:00,永華二次變電所,WIPHA,4,975.0,1358.9716895685297,0
2025-07-22 02:00:00,關西二次變電所,WIPHA,4,975.0,1496.884222629591,0
2025-07-22 02:00:00,四湖配電變電所,WIPHA,4,975.0,1372.9634189404785,0
2025-07-22 02:00:00,新高港超高壓變電所,WIPHA,4,975.0,1372.4073579723538,0
2025-07-22 02:00:00,九曲配電變電所,WIPHA,4,975.0,1357.612740761587,0
2025-07-22 02:00:00,崙背變電所,WIPHA,4,975.0,1388.5006950139664,0
2025-07-22 02:00:00,嶺口二次變電所,WIPHA,4,975.0,1370.1462364827898,0
2025-07-22 02:00:00,新工配電變電所,WIPHA,4,975.0,1477.2587128091852,0
2025-07-22 08:00:00,西螺服務區,WIPHA,4,980.0,1467.020690885205,0
2025-07-22 08:00:00,興變電所,WIPHA,4,980.0,1493.7334061224242,0
2025-07-22 08:00:00,內惟配電變電所,WIPHA,4,980.0,1427.1216832162152,0
2025-07-22 08:00:00,永華二次變電所,WIPHA,4,980.0,1424.973277567614,0
2025-07-22 08:00:00,四湖配電變電所,WIPHA,4,980.0,1439.2150212851166,0
2025-07-22 08:00:00,新高港超高壓變電所,WIPHA,4,980.0,1438.133949947688,0
2025-07-22 08:00:00,九曲配電變電所,WIPHA,4,980.0,1423.6149231435345,0
2025-07-22 08:00:00,崙背變電所,WIPHA,4,980.0,1454.7747194223355,0
2025-07-22 08:00:00,嶺口二次變電所,WIPHA,4,980.0,1436.002130020186,0
2025-07-22 14:00:00,內惟配電變電所,WIPHA,3,985.0,1467.819392566414,0
2025-07-22 14:00:00,永華二次變電所,WIPHA,3,985.0,1465.4258820473367,0
2025-07-22 14:00:00,四湖配電變電所,WIPHA,3,985.0,1479.1261682407783,0
2025-07-22 14:00:00,新高港超高壓變電所,WIPHA,3,985.0,1478.9066134322263,0
2025-07-22 14:00:00,九曲配電變電所,WIPHA,3,985.0,1464.0666638812452,0
2025-07-22 14:00:00,崙背變電所,WIPHA,3,985.0,1494.597532542586,0
2025-07-22 14:00:00,嶺口二次變電所,WIPHA,3,985.0,1476.6418630928467,0
2025-07-22 14:00:00,榮成變電所,FRANCISCO,2,1000.0,1472.8264186983643,0
2025-07-22 14:00:00,西螺服務區,FRANCISCO,2,1000.0,1464.4259345926876,0
2025-07-22 14:00:00,中部科學園區,FRANCISCO,2,1000.0,1464.2634258463243,0
2025-07-22 14:00:00,興變電所,FRANCISCO,2,1000.0,1419.463781790669,0
2025-07-22 14:00:00,中正變電所,FRANCISCO,2,1000.0,1434.6628846196734,0
2025-07-22 14:00:00,成都變電所,FRANCISCO,2,1000.0,1454.7670294904603,0
2025-07-22 14:00:00,新豐配電變電所,FRANCISCO,2,1000.0,1476.85137932976,0
2025-07-22 14:00:00,內惟配電變電所,FRANCISCO,2,1000.0,1431.4770690303449,0
2025-07-22 14:00:00,永華二次變電所,FRANCISCO,2,1000.0,1451.641862290851,0
2025-07-22 14:00:00,關西二次變電所,FRANCISCO,2,1000.0,1453.7471600319361,0
2025-07-22 14:00:00,源海二次變電所,FRANCISCO,2,1000.0,1434.6689351351224,0
2025-07-22 14:00:00,四湖配電變電所,FRANCISCO,2,1000.0,1479.0107760705657,0
2025-07-22 14:00:00,新高港超高壓變電所,FRANCISCO,2,1000.0,1416.0039024964967,0
2025-07-22 14:00:00,九曲配電變電所,FRANCISCO,2,1000.0,1452.8702933602149,0
2025-07-22 14:00:00,崙背變電所,FRANCISCO,2,1000.0,1472.894635476945,0
2025-07-22 14:00:00,常德變電所,FRANCISCO,2,1000.0,1440.1397519924183,0
2025-07-22 14:00:00,嶺口二次變電所,FRANCISCO,2,1000.0,1428.0950091354166,0
2025-07-22 14:00:00,龍明配電變電所,FRANCISCO,2,1000.0,1455.1582021121637,0
2025-07-22 14:00:00,新工配電變電所,FRANCISCO,2,1000.0,1473.05172275097,0
2025-07-22 20:00:00,榮成變電所,FRANCISCO,2,1000.0,1332.7049485423129,0
2025-07-22 20:00:00,西螺服務區,FRANCISCO,2,1000.0,1335.5236123727627,0
2025-07-22 20:00:00,中部科學園區,FRANCISCO,2,1000.0,1331.3934805761864,0
2025-07-22 20:00:00,興變電所,FRANCISCO,2,1000.0,1291.9237818958563,0
2025-07-22 20:00:00,中正變電所,FRANCISCO,2,1000.0,1293.1959910123026,0
2025-07-22 20:00:00,成都變電所,FRANCISCO,2,1000.0,1314.466502347071,0
2025-07-22 20:00:00,新豐配電變電所,FRANCISCO,2,1000.0,1338.2015493719957,0
2025-07-22 20:00:00,內惟配電變電所,FRANCISCO,2,1000.0,1312.8393096832763,0
2025-07-22 20:00:00,永華二次變電所,FRANCISCO,2,1000.0,1330.2823255332041,0
2025-07-22 20:00:00,關西二次變電所,FRANCISCO,2,1000.0,1315.205773278309,0
2025-07-22 20:00:00,源海二次變電所,FRANCISCO,2,1000.0,1293.2014020256634,0
2025-07-22 20:00:00,四湖配電變電所,FRANCISCO,2,1000.0,1352.1544189133078,0
2025-07-22 20:00:00,新高港超高壓變電所,FRANCISCO,2,1000.0,1297.9174531225055,0
2025-07-22 20:00:00,九曲配電變電所,FRANCISCO,2,1000.0,1331.5563929385194,0
2025-07-22 20:00:00,崙背變電所,FRANCISCO,2,1000.0,1344.6711783514882,0
2025-07-22 20:00:00,常德變電所,FRANCISCO,2,1000.0,1298.6578630535903,0
2025-07-22 20:00:00,嶺口二次變電所,FRANCISCO,2,1000.0,1308.4032090593698,0
2025-07-22 20:00:00,龍明配電變電所,FRANCISCO,2,1000.0,1314.8786645397906,0
2025-07-22 20:00:00,新工配電變電所,FRANCISCO,2,1000.0,1335.0672514317823,0
2025-07-23 02:00:00,榮成變電所,FRANCISCO,2,1000.0,1187.7706515158009,0
2025-07-23 02:00:00,西螺服務區,FRANCISCO,2,1000.0,1193.5201104590897,0
2025-07-23 02:00:00,中部科學園區,FRANCISCO,2,1000.0,1188.1615064765638,0
2025-07-23 02:00:00,興變電所,FRANCISCO,2,1000.0,1150.4515124446202,0
2025-07-23 02:00:00,中正變電所,FRANCISCO,2,1000.0,1148.0559261785734,0
2025-07-23 02:00:00,成都變電所,FRANCISCO,2,1000.0,1169.509235450684,0
2025-07-23 02:00:00,新豐配電變電所,FRANCISCO,2,1000.0,1193.5429372458245,0
2025-07-23 02:00:00,內惟配電變電所,FRANCISCO,2,1000.0,1174.8375754638394,0
2025-07-23 02:00:00,永華二次變電所,FRANCISCO,2,1000.0,1191.0975980119497,0
2025-07-23 02:00:00,關西二次變電所,FRANCISCO,2,1000.0,1170.5824964615833,0
2025-07-23 02:00:00,源海二次變電所,FRANCISCO,2,1000.0,1148.061236289022,0
2025-07-23 02:00:00,四湖配電變電所,FRANCISCO,2,1000.0,1210.831597633173,0
2025-07-23 02:00:00,新高港超高壓變電所,FRANCISCO,2,1000.0,1160.1920611089536,0
2025-07-23 02:00:00,九曲配電變電所,FRANCISCO,2,1000.0,1192.3876970847946,0
2025-07-23 02:00:00,崙背變電所,FRANCISCO,2,1000.0,1202.8840927134095,0
2025-07-23 02:00:00,常德變電所,FRANCISCO,2,1000.0,1153.5133098870742,0
2025-07-23 02:00:00,嶺口二次變電所,FRANCISCO,2,1000.0,1169.9601570898994,0
2025-07-23 02:00:00,龍明配電變電所,FRANCISCO,2,1000.0,1169.9248748193652,0
2025-07-23 02:00:00,新工配電變電所,FRANCISCO,2,1000.0,1190.5483199862895,0
2025-07-23 08:00:00,榮成變電所,FRANCISCO,3,996.0,1081.849731169494,0
2025-07-23 08:00:00,西螺服務區,FRANCISCO,3,996.0,1090.5737732900093,0
2025-07-23 08:00:00,中部科學園區,FRANCISCO,3,996.0,1084.0016643283263,0
2025-07-23 08:00:00,興變電所,FRANCISCO,3,996.0,1048.057070076625,0
2025-07-23 08:00:00,中正變電所,FRANCISCO,3,996.0,1041.9121729545584,0
2025-07-23 08:00:00,成都變電所,FRANCISCO,3,996.0,1063.566075769255,0
2025-07-23 08:00:00,新豐配電變電所,FRANCISCO,3,996.0,1087.9175094080128,0
2025-07-23 08:00:00,內惟配電變電所,FRANCISCO,3,996.0,1075.760906950359,0
2025-07-23 08:00:00,永華二次變電所,FRANCISCO,3,996.0,1090.8751884464962,0
2025-07-23 08:00:00,關西二次變電所,FRANCISCO,3,996.0,1064.9995295803913,0
2025-07-23 08:00:00,源海二次變電所,FRANCISCO,3,996.0,1041.9173680453723,0
2025-07-23 08:00:00,四湖配電變電所,FRANCISCO,3,996.0,1108.5364360746005,0
2025-07-23 08:00:00,新高港超高壓變電所,FRANCISCO,3,996.0,1061.3979099325568,0
2025-07-23 08:00:00,九曲配電變電所,FRANCISCO,3,996.0,1092.1791601469367,0
2025-07-23 08:00:00,崙背變電所,FRANCISCO,3,996.0,1100.143149107141,0
2025-07-23 08:00:00,常德變電所,FRANCISCO,3,996.0,1047.3637699321055,0
2025-07-23 08:00:00,嶺口二次變電所,FRANCISCO,3,996.0,1070.4699921699628,0
2025-07-23 08:00:00,龍明配電變電所,FRANCISCO,3,996.0,1063.9854654081075,0
2025-07-23 08:00:00,新工配電變電所,FRANCISCO,3,996.0,1085.0711869648103,0
2025-07-23 14:00:00,榮成變電所,FRANCISCO,3,996.0,979.3190425629431,0
2025-07-23 14:00:00,西螺服務區,FRANCISCO,3,996.0,1009.2238937012895,0
2025-07-23 14:00:00,中部科學園區,FRANCISCO,3,996.0,995.4149956505986,0
2025-07-23 14:00:00,興變電所,FRANCISCO,3,996.0,970.2558052471187,0
2025-07-23 14:00:00,中正變電所,FRANCISCO,3,996.0,937.3553757447538,0
2025-07-23 14:00:00,成都變電所,FRANCISCO,3,996.0,960.9839210135486,0
2025-07-23 14:00:00,新豐配電變電所,FRANCISCO,3,996.0,988.1738587247049,0
2025-07-23 14:00:00,內惟配電變電所,FRANCISCO,3,996.0,1013.1522536715125,0
2025-07-23 14:00:00,永華二次變電所,FRANCISCO,3,996.0,1023.0761229316507,0
2025-07-23 14:00:00,關西二次變電所,FRANCISCO,3,996.0,965.8707586697803,0
2025-07-23 14:00:00,源海二次變電所,FRANCISCO,3,996.0,937.3591914166401,0
2025-07-23 14:00:00,四湖配電變電所,FRANCISCO,3,996.0,1030.4952718894508,0
2025-07-23 14:00:00,新高港超高壓變電所,FRANCISCO,3,996.0,1000.1794732647722,0
2025-07-23 14:00:00,九曲配電變電所,FRANCISCO,3,996.0,1024.4250065179742,0
2025-07-23 14:00:00,崙背變電所,FRANCISCO,3,996.0,1019.8157225355058,0
2025-07-23 14:00:00,常德變電所,FRANCISCO,3,996.0,942.6858745710074,0
2025-07-23 14:00:00,嶺口二次變電所,FRANCISCO,3,996.0,1006.1744011281404,0
2025-07-23 14:00:00,龍明配電變電所,FRANCISCO,3,996.0,961.437996366249,0
2025-07-23 14:00:00,新工配電變電所,FRANCISCO,3,996.0,986.6732569548954,0
2025-07-23 20:00:00,榮成變電所,FRANCISCO,3,994.0,897.4312655147488,0
2025-07-23 20:00:00,西螺服務區,FRANCISCO,3,994.0,934.6465765613304,0
2025-07-23 20:00:00,中部科學園區,FRANCISCO,3,994.0,918.2311972253688,0
2025-07-23 20:00:00,興變電所,FRANCISCO,3,994.0,897.2609952302653,0
2025-07-23 20:00:00,中正變電所,FRANCISCO,3,994.0,854.9780346138349,0
2025-07-23 20:00:00,成都變電所,FRANCISCO,3,994.0,879.1486252618201,0
2025-07-23 20:00:00,新豐配電變電所,FRANCISCO,3,994.0,907.1599383734889,0
2025-07-23 20:00:00,內惟配電變電所,FRANCISCO,3,994.0,945.9998940207489,0
2025-07-23 20:00:00,永華二次變電所,FRANCISCO,3,994.0,953.7301560323061,0
2025-07-23 20:00:00,關西二次變電所,FRANCISCO,3,994.0,885.1500559420699,0
2025-07-23 20:00:00,源海二次變電所,FRANCISCO,3,994.0,854.9813964243621,0
2025-07-23 20:00:00,四湖配電變電所,FRANCISCO,3,994.0,957.0650704244999,0
2025-07-23 20:00:00,新高港超高壓變電所,FRANCISCO,3,994.0,933.6964189675693,0
2025-07-23 20:00:00,九曲配電變電所,FRANCISCO,3,994.0,955.0888554524367,0
2025-07-23 20:00:00,崙背變電所,FRANCISCO,3,994.0,945.5697464448001,0
2025-07-23 20:00:00,常德變電所,FRANCISCO,3,994.0,860.2496131149137,0
2025-07-23 20:00:00,嶺口二次變電所,FRANCISCO,3,994.0,938.3705746328498,0
2025-07-23 20:00:00,龍明配電變電所,FRANCISCO,3,994.0,879.6121554912384,0
2025-07-23 20:00:00,新工配電變電所,FRANCISCO,3,994.0,906.1119487638056,0
2025-07-24 02:00:00,榮成變電所,FRANCISCO,3,994.0,801.8259512915454,0
2025-07-24 02:00:00,西螺服務區,FRANCISCO,3,994.0,851.1530178434454,0
2025-07-24 02:00:00,中部科學園區,FRANCISCO,3,994.0,830.5390374778852,0
2025-07-24 02:00:00,興變電所,FRANCISCO,3,994.0,816.5947334078279,0
2025-07-24 02:00:00,中正變電所,FRANCISCO,3,994.0,758.6989389274186,0
2025-07-24 02:00:00,成都變電所,FRANCISCO,3,994.0,783.715802204126,0
2025-07-24 02:00:00,新豐配電變電所,FRANCISCO,3,994.0,813.0302276370332,0
2025-07-24 02:00:00,內惟配電變電所,FRANCISCO,3,994.0,874.257727146396,0
2025-07-24 02:00:00,永華二次變電所,FRANCISCO,3,994.0,878.49036790625,0
2025-07-24 02:00:00,關西二次變電所,FRANCISCO,3,994.0,791.6306673281601,0
2025-07-24 02:00:00,源海二次變電所,FRANCISCO,3,994.0,758.7014797426012,0
2025-07-24 02:00:00,四湖配電變電所,FRANCISCO,3,994.0,875.292862884827,0
2025-07-24 02:00:00,新高港超高壓變電所,FRANCISCO,3,994.0,863.0967611895143,0
2025-07-24 02:00:00,九曲配電變電所,FRANCISCO,3,994.0,879.8546878452706,0
2025-07-24 02:00:00,崙背變電所,FRANCISCO,3,994.0,862.5480628799808,0
2025-07-24 02:00:00,常德變電所,FRANCISCO,3,994.0,763.842033412564,0
2025-07-24 02:00:00,嶺口二次變電所,FRANCISCO,3,994.0,865.6702192075495,0
2025-07-24 02:00:00,龍明配電變電所,FRANCISCO,3,994.0,784.1938177471145,0
2025-07-24 02:00:00,新工配電變電所,FRANCISCO,3,994.0,812.7673714997619,0
2025-07-24 08:00:00,榮成變電所,FRANCISCO,3,994.0,714.5086532567973,0
2025-07-24 08:00:00,西螺服務區,FRANCISCO,3,994.0,776.2563873752845,0
2025-07-24 08:00:00,中部科學園區,FRANCISCO,3,994.0,751.3990843463455,0
2025-07-24 08:00:00,興變電所,FRANCISCO,3,994.0,744.9715219010579,0
2025-07-24 08:00:00,中正變電所,FRANCISCO,3,994.0,670.9317424116795,0
2025-07-24 08:00:00,成都變電所,FRANCISCO,3,994.0,696.6938990070716,0
2025-07-24 08:00:00,新豐配電變電所,FRANCISCO,3,994.0,727.2092686151037,0
2025-07-24 08:00:00,內惟配電變電所,FRANCISCO,3,994.0,811.3411414504268,0
2025-07-24 08:00:00,永華二次變電所,FRANCISCO,3,994.0,811.9289393245784,0
2025-07-24 08:00:00,關西二次變電所,FRANCISCO,3,994.0,706.5976285998493,0
2025-07-24 08:00:00,源海二次變電所,FRANCISCO,3,994.0,670.9333837504939,0
2025-07-24 08:00:00,四湖配電變電所,FRANCISCO,3,994.0,801.993357595191,0
2025-07-24 08:00:00,新高港超高壓變電所,FRANCISCO,3,994.0,801.4704450801896,0
2025-07-24 08:00:00,九曲配電變電所,FRANCISCO,3,994.0,813.2863680362001,0
2025-07-24 08:00:00,崙背變電所,FRANCISCO,3,994.0,788.0511518576742,0
2025-07-24 08:00:00,常德變電所,FRANCISCO,3,994.0,675.9034966556528,0
2025-07-24 08:00:00,嶺口二次變電所,FRANCISCO,3,994.0,801.853146655247,0
2025-07-24 08:00:00,龍明配電變電所,FRANCISCO,3,994.0,697.1843386264212,0
2025-07-24 08:00:00,新工配電變電所,FRANCISCO,3,994.0,727.7798064759679,0
2025-07-24 14:00:00,榮成變電所,FRANCISCO,3,992.0,703.1375425638573,0
2025-07-24 14:00:00,西螺服務區,FRANCISCO,3,992.0,781.4682599829207,0
2025-07-24 14:00:00,中部科學園區,FRANCISCO,3,992.0,751.4373136767936,0
2025-07-24 14:00:00,興變電所,FRANCISCO,3,992.0,754.5454610893162,0
2025-07-24 14:00:00,中正變電所,FRANCISCO,3,992.0,659.4278661893657,0
2025-07-24 14:00:00,成都變電所,FRANCISCO,3,992.0,686.02194902135,0
2025-07-24 14:00:00,新豐配電變電所,FRANCISCO,3,992.0,718.0093150140644,0
2025-07-24 14:00:00,內惟配電變電所,FRANCISCO,3,992.0,829.8425595150272,0
2025-07-24 14:00:00,永華二次變電所,FRANCISCO,3,992.0,826.4939270209259,0
2025-07-24 14:00:00,關西二次變電所,FRANCISCO,3,992.0,698.8585090325065,0
2025-07-24 14:00:00,源海二次變電所,FRANCISCO,3,992.0,659.4280351826769,0
2025-07-24 14:00:00,四湖配電變電所,FRANCISCO,3,992.0,808.8740375698169,0
2025-07-24 14:00:00,新高港超高壓變電所,FRANCISCO,3,992.0,821.4301931024718,0
2025-07-24 14:00:00,九曲配電變電所,FRANCISCO,3,992.0,827.8288492981594,0
2025-07-24 14:00:00,崙背變電所,FRANCISCO,3,992.0,793.6220764488111,0
2025-07-24 14:00:00,常德變電所,FRANCISCO,3,992.0,664.052657671467,0
2025-07-24 14:00:00,嶺口二次變電所,FRANCISCO,3,992.0,819.5063378633087,0
2025-07-24 14:00:00,龍明配電變電所,FRANCISCO,3,992.0,686.5254321663497,0
2025-07-24 14:00:00,新工配電變電所,FRANCISCO,3,992.0,719.8359698314993,0
2025-07-24 20:00:00,榮成變電所,FRANCISCO,3,990.0,601.8802639785948,0
2025-07-24 20:00:00,西螺服務區,FRANCISCO,3,990.0,710.3769011488611,0
2025-07-24 20:00:00,中部科學園區,FRANCISCO,3,990.0,670.9847824300788,0
2025-07-24 20:00:00,興變電所,FRANCISCO,3,990.0,693.7548597315612,0
2025-07-24 20:00:00,中正變電所,FRANCISCO,3,990.0,560.0904380101875,0
2025-07-24 20:00:00,成都變電所,FRANCISCO,3,990.0,586.978693813631,0
2025-07-24 20:00:00,新豐配電變電所,FRANCISCO,3,990.0,620.3899577386217,0
2025-07-24 20:00:00,內惟配電變電所,FRANCISCO,3,990.0,784.8794603039197,0
2025-07-24 20:00:00,永華二次變電所,FRANCISCO,3,990.0,773.2287440450982,0
2025-07-24 20:00:00,關西二次變電所,FRANCISCO,3,990.0,605.0679024790778,0
2025-07-24 20:00:00,源海二次變電所,FRANCISCO,3,990.0,560.0876423944075,0
2025-07-24 20:00:00,四湖配電變電所,FRANCISCO,3,990.0,740.1344234043712,0
2025-07-24 20:00:00,新高港超高壓變電所,FRANCISCO,3,990.0,779.948206346844,0
2025-07-24 20:00:00,九曲配電變電所,FRANCISCO,3,990.0,774.4642030305097,0
2025-07-24 20:00:00,崙背變電所,FRANCISCO,3,990.0,722.7733647461628,0
2025-07-24 20:00:00,常德變電所,FRANCISCO,3,990.0,563.7733687736612,0
2025-07-24 20:00:00,嶺口二次變電所,FRANCISCO,3,990.0,773.1222656840217,0
2025-07-24 20:00:00,龍明配電變電所,FRANCISCO,3,990.0,587.4833353546296,0
2025-07-24 20:00:00,新工配電變電所,FRANCISCO,3,990.0,624.6441012730296,0
2025-07-25 02:00:00,榮成變電所,FRANCISCO,3,990.0,428.01910895859834,0
2025-07-25 02:00:00,西螺服務區,FRANCISCO,3,990.0,558.4485804672564,0
2025-07-25 02:00:00,中部科學園區,FRANCISCO,3,990.0,512.3910255748891,0
2025-07-25 02:00:00,興變電所,FRANCISCO,3,990.0,552.610419630388,0
2025-07-25 02:00:00,中正變電所,FRANCISCO,3,990.0,390.4306020288905,0
2025-07-25 02:00:00,成都變電所,FRANCISCO,3,990.0,415.92949395295125,0
2025-07-25 02:00:00,新豐配電變電所,FRANCISCO,3,990.0,448.8106663219922,0
2025-07-25 02:00:00,內惟配電變電所,FRANCISCO,3,990.0,654.0826937444814,0
2025-07-25 02:00:00,永華二次變電所,FRANCISCO,3,990.0,635.0080365514866,0
2025-07-25 02:00:00,關西二次變電所,FRANCISCO,3,990.0,437.79698374777365,0
2025-07-25 02:00:00,源海二次變電所,FRANCISCO,3,990.0,390.4251968733497,0
2025-07-25 02:00:00,四湖配電變電所,FRANCISCO,3,990.0,588.9269867630715,0
2025-07-25 02:00:00,新高港超高壓變電所,FRANCISCO,3,990.0,652.8073743211365,0
2025-07-25 02:00:00,九曲配電變電所,FRANCISCO,3,990.0,636.087422594787,0
2025-07-25 02:00:00,崙背變電所,FRANCISCO,3,990.0,570.44702252058,0
2025-07-25 02:00:00,常德變電所,FRANCISCO,3,990.0,392.99174336848006,0
2025-07-25 02:00:00,嶺口二次變電所,FRANCISCO,3,990.0,641.5491713514955,0
2025-07-25 02:00:00,龍明配電變電所,FRANCISCO,3,990.0,416.4059725954078,0
2025-07-25 02:00:00,新工配電變電所,FRANCISCO,3,990.0,455.01782633444276,0
2025-07-25 08:00:00,榮成變電所,FRANCISCO,3,992.0,315.38942876904594,0
2025-07-25 08:00:00,西螺服務區,FRANCISCO,3,992.0,458.02590710425903,0
2025-07-25 08:00:00,中部科學園區,FRANCISCO,3,992.0,408.5564623024681,0
2025-07-25 08:00:00,興變電所,FRANCISCO,3,992.0,460.2640342848028,0
2025-07-25 08:00:00,中正變電所,FRANCISCO,3,992.0,282.79267919304596,0
2025-07-25 08:00:00,成都變電所,FRANCISCO,3,992.0,305.98640746400525,0
2025-07-25 08:00:00,新豐配電變電所,FRANCISCO,3,992.0,337.2599451707894,0
2025-07-25 08:00:00,內惟配電變電所,FRANCISCO,3,992.0,565.7345348925569,0
2025-07-25 08:00:00,永華二次變電所,FRANCISCO,3,992.0,542.0418159993314,0
2025-07-25 08:00:00,關西二次變電所,FRANCISCO,3,992.0,330.00772989065564,0
2025-07-25 08:00:00,源海二次變電所,FRANCISCO,3,992.0,282.78532329253306,0
2025-07-25 08:00:00,四湖配電變電所,FRANCISCO,3,992.0,488.1309987959037,0
2025-07-25 08:00:00,新高港超高壓變電所,FRANCISCO,3,992.0,567.041545742242,0
2025-07-25 08:00:00,九曲配電變電所,FRANCISCO,3,992.0,542.9815283555777,0
2025-07-25 08:00:00,崙背變電所,FRANCISCO,3,992.0,469.37840144615615,0
2025-07-25 08:00:00,常德變電所,FRANCISCO,3,992.0,284.2771482123208,0
2025-07-25 08:00:00,嶺口二次變電所,FRANCISCO,3,992.0,553.035376513474,0
2025-07-25 08:00:00,龍明配電變電所,FRANCISCO,3,992.0,306.4208570988539,0
2025-07-25 08:00:00,新工配電變電所,FRANCISCO,3,992.0,344.76164384127173,0
2025-07-25 14:00:00,榮成變電所,FRANCISCO,2,992.0,224.66962243341283,0
2025-07-25 14:00:00,西螺服務區,FRANCISCO,2,992.0,375.1610146636696,0
2025-07-25 14:00:00,中部科學園區,FRANCISCO,2,992.0,323.7512284896754,0
2025-07-25 14:00:00,興變電所,FRANCISCO,2,992.0,384.61332714585143,0
2025-07-25 14:00:00,中正變電所,FRANCISCO,2,992.0,198.79759717631245,0
2025-07-25 14:00:00,成都變電所,FRANCISCO,2,992.0,218.37703970086756,0
2025-07-25 14:00:00,新豐配電變電所,FRANCISCO,2,992.0,246.98864872446669,0
2025-07-25 14:00:00,內惟配電變電所,FRANCISCO,2,992.0,491.17798956904386,0
2025-07-25 14:00:00,永華二次變電所,FRANCISCO,2,992.0,463.98989895826134,0
2025-07-25 14:00:00,關西二次變電所,FRANCISCO,2,992.0,243.73025044949242,0
2025-07-25 14:00:00,源海二次變電所,FRANCISCO,2,992.0,198.78844563233199,0
2025-07-25 14:00:00,四湖配電變電所,FRANCISCO,2,992.0,404.3363236368803,0
2025-07-25 14:00:00,新高港超高壓變電所,FRANCISCO,2,992.0,494.6607621144719,0
2025-07-25 14:00:00,九曲配電變電所,FRANCISCO,2,992.0,464.79288370615876,0
2025-07-25 14:00:00,崙背變電所,FRANCISCO,2,992.0,385.70495715461067,0
2025-07-25 14:00:00,常德變電所,FRANCISCO,2,992.0,198.989692160416,0
2025-07-25 14:00:00,嶺口二次變電所,FRANCISCO,2,992.0,478.5836344159732,0
2025-07-25 14:00:00,龍明配電變電所,FRANCISCO,2,992.0,218.749984116014,0
2025-07-25 14:00:00,新工配電變電所,FRANCISCO,2,992.0,255.5496554405313,0
2025-07-25 20:00:00,榮成變電所,FRANCISCO,2,994.0,143.88250108331124,0
2025-07-25 20:00:00,西螺服務區,FRANCISCO,2,994.0,298.916137155549,0
2025-07-25 20:00:00,中部科學園區,FRANCISCO,2,994.0,246.69165734072118,0
2025-07-25 20:00:00,興變電所,FRANCISCO,2,994.0,316.7229092571902,0
2025-07-25 20:00:00,中正變電所,FRANCISCO,2,994.0,131.88999385882127,0
2025-07-25 20:00:00,成都變電所,FRANCISCO,2,994.0,143.1745077825628,0
2025-07-25 20:00:00,新豐配電變電所,FRANCISCO,2,994.0,165.61366771369802,0
2025-07-25 20:00:00,內惟配電變電所,FRANCISCO,2,994.0,421.7434918775285,0
2025-07-25 20:00:00,永華二次變電所,FRANCISCO,2,994.0,391.2347004956072,0
2025-07-25 20:00:00,關西二次變電所,FRANCISCO,2,994.0,168.62324076557957,0
2025-07-25 20:00:00,源海二次變電所,FRANCISCO,2,994.0,131.8790509086653,0
2025-07-25 20:00:00,四湖配電變電所,FRANCISCO,2,994.0,326.2808205351173,0
2025-07-25 20:00:00,新高港超高壓變電所,FRANCISCO,2,994.0,427.5391016501026,0
2025-07-25 20:00:00,九曲配電變電所,FRANCISCO,2,994.0,391.86899995708916,0
2025-07-25 20:00:00,崙背變電所,FRANCISCO,2,994.0,308.21956203280376,0
2025-07-25 20:00:00,常德變電所,FRANCISCO,2,994.0,129.8329832049168,0
2025-07-25 20:00:00,嶺口二次變電所,FRANCISCO,2,994.0,409.52483095234686,0
2025-07-25 20:00:00,龍明配電變電所,FRANCISCO,2,994.0,143.41299179887474,0
2025-07-25 20:00:00,新工配電變電所,FRANCISCO,2,994.0,175.323150691927,0
2025-07-26 02:00:00,榮成變電所,FRANCISCO,2,994.0,139.08651803151798,0
2025-07-26 02:00:00,西螺服務區,FRANCISCO,2,994.0,283.2752462210468,0
2025-07-26 02:00:00,中部科學園區,FRANCISCO,2,994.0,233.54603863301932,0
2025-07-26 02:00:00,興變電所,FRANCISCO,2,994.0,311.99834845907526,0
2025-07-26 02:00:00,中正變電所,FRANCISCO,2,994.0,151.86267447838475,0
2025-07-26 02:00:00,成都變電所,FRANCISCO,2,994.0,148.36519454854493,0
2025-07-26 02:00:00,新豐配電變電所,FRANCISCO,2,994.0,155.09196672915579,0
2025-07-26 02:00:00,內惟配電變電所,FRANCISCO,2,994.0,410.451608496135,0
2025-07-26 02:00:00,永華二次變電所,FRANCISCO,2,994.0,376.45433316339887,0
2025-07-26 02:00:00,關西二次變電所,FRANCISCO,2,994.0,168.6089528911054,0
2025-07-26 02:00:00,源海二次變電所,FRANCISCO,2,994.0,151.85234934325433,0
2025-07-26 02:00:00,四湖配電變電所,FRANCISCO,2,994.0,306.27335171425636,0
2025-07-26 02:00:00,新高港超高壓變電所,FRANCISCO,2,994.0,419.06275376635125,0
2025-07-26 02:00:00,九曲配電變電所,FRANCISCO,2,994.0,376.82732525428327,0
2025-07-26 02:00:00,崙背變電所,FRANCISCO,2,994.0,290.07494820146894,0
2025-07-26 02:00:00,常德變電所,FRANCISCO,2,994.0,147.39966363919183,0
2025-07-26 02:00:00,嶺口二次變電所,FRANCISCO,2,994.0,399.13546018388456,0
2025-07-26 02:00:00,龍明配電變電所,FRANCISCO,2,994.0,148.32947068420037,0
2025-07-26 02:00:00,新工配電變電所,FRANCISCO,2,994.0,165.2900532879262,0
2025-07-26 08:00:00,榮成變電所,FRANCISCO,2,996.0,164.09539728186138,0
2025-07-26 08:00:00,西螺服務區,FRANCISCO,2,996.0,302.24017128540396,0
2025-07-26 08:00:00,中部科學園區,FRANCISCO,2,996.0,254.024615821124,0
2025-07-26 08:00:00,興變電所,FRANCISCO,2,996.0,333.5847799336762,0
2025-07-26 08:00:00,中正變電所,FRANCISCO,2,996.0,180.24111057106361,0
2025-07-26 08:00:00,成都變電所,FRANCISCO,2,996.0,174.85762552779187,0
2025-07-26 08:00:00,新豐配電變電所,FRANCISCO,2,996.0,178.27716593374893,0
2025-07-26 08:00:00,內惟配電變電所,FRANCISCO,2,996.0,429.44029444295165,0
2025-07-26 08:00:00,永華二次變電所,FRANCISCO,2,996.0,394.6753268884597,0
2025-07-26 08:00:00,關西二次變電所,FRANCISCO,2,996.0,193.62425883361706,0
2025-07-26 08:00:00,源海二次變電所,FRANCISCO,2,996.0,180.23103298745443,0
2025-07-26 08:00:00,四湖配電變電所,FRANCISCO,2,996.0,323.60711341762436,0
2025-07-26 08:00:00,新高港超高壓變電所,FRANCISCO,2,996.0,438.7899037749805,0
2025-07-26 08:00:00,九曲配電變電所,FRANCISCO,2,996.0,394.9670089695372,0
2025-07-26 08:00:00,崙背變電所,FRANCISCO,2,996.0,308.1983297595343,0
2025-07-26 08:00:00,常德變電所,FRANCISCO,2,996.0,175.6001540891509,0
2025-07-26 08:00:00,嶺口二次變電所,FRANCISCO,2,996.0,418.46017979254935,0
2025-07-26 08:00:00,龍明配電變電所,FRANCISCO,2,996.0,174.7785920283528,0
2025-07-26 08:00:00,新工配電變電所,FRANCISCO,2,996.0,188.24693940969232,0
2025-07-26 14:00:00,榮成變電所,FRANCISCO,2,996.0,193.5476697539519,0
2025-07-26 14:00:00,西螺服務區,FRANCISCO,2,996.0,322.62742655216385,0
2025-07-26 14:00:00,中部科學園區,FRANCISCO,2,996.0,276.7905473070456,0
2025-07-26 14:00:00,興變電所,FRANCISCO,2,996.0,357.10321390062927,0
2025-07-26 14:00:00,中正變電所,FRANCISCO,2,996.0,213.83388889243568,0
2025-07-26 14:00:00,成都變電所,FRANCISCO,2,996.0,205.97754755547132,0
2025-07-26 14:00:00,新豐配電變電所,FRANCISCO,2,996.0,205.35617801148152,0
2025-07-26 14:00:00,內惟配電變電所,FRANCISCO,2,996.0,449.0464895118051,0
2025-07-26 14:00:00,永華二次變電所,FRANCISCO,2,996.0,413.456939156186,0
2025-07-26 14:00:00,關西二次變電所,FRANCISCO,2,996.0,222.6997352721967,0
2025-07-26 14:00:00,源海二次變電所,FRANCISCO,2,996.0,213.82422734659977,0
2025-07-26 14:00:00,四湖配電變電所,FRANCISCO,2,996.0,341.745439111744,0
2025-07-26 14:00:00,新高港超高壓變電所,FRANCISCO,2,996.0,459.327566355649,0
2025-07-26 14:00:00,九曲配電變電所,FRANCISCO,2,996.0,413.6416738337687,0
2025-07-26 14:00:00,崙背變電所,FRANCISCO,2,996.0,327.4693542515144,0
2025-07-26 14:00:00,常德變電所,FRANCISCO,2,996.0,208.9659788862444,0
2025-07-26 14:00:00,嶺口二次變電所,FRANCISCO,2,996.0,438.5582546926053,0
2025-07-26 14:00:00,龍明配電變電所,FRANCISCO,2,996.0,205.84496827667328,0
2025-07-26 14:00:00,新工配電變電所,FRANCISCO,2,996.0,214.89718679093852,0
2025-07-26 20:00:00,榮成變電所,FRANCISCO,2,998.0,214.28278228014193,0
2025-07-26 20:00:00,西螺服務區,FRANCISCO,2,998.0,302.1210591489658,0
2025-07-26 20:00:00,中部科學園區,FRANCISCO,2,998.0,266.68951643570756,0
2025-07-26 20:00:00,興變電所,FRANCISCO,2,998.0,344.4054311689009,0
2025-07-26 20:00:00,中正變電所,FRANCISCO,2,998.0,248.74243065515734,0
2025-07-26 20:00:00,成都變電所,FRANCISCO,2,998.0,231.30475360213427,0
2025-07-26 20:00:00,新豐配電變電所,FRANCISCO,2,998.0,216.47944296541806,0
2025-07-26 20:00:00,內惟配電變電所,FRANCISCO,2,998.0,420.92794566588395,0
2025-07-26 20:00:00,永華二次變電所,FRANCISCO,2,998.0,384.1133075771655,0
2025-07-26 20:00:00,關西二次變電所,FRANCISCO,2,998.0,238.63196075649873,0
2025-07-26 20:00:00,源海二次變電所,FRANCISCO,2,998.0,248.73557072711364,0
2025-07-26 20:00:00,四湖配電變電所,FRANCISCO,2,998.0,313.65021244905904,0
2025-07-26 20:00:00,新高港超高壓變電所,FRANCISCO,2,998.0,433.6450705446911,0
2025-07-26 20:00:00,九曲配電變電所,FRANCISCO,2,998.0,383.98683949072955,0
2025-07-26 20:00:00,崙背變電所,FRANCISCO,2,998.0,303.4045686567943,0
2025-07-26 20:00:00,常德變電所,FRANCISCO,2,998.0,243.2842745303671,0
2025-07-26 20:00:00,嶺口二次變電所,FRANCISCO,2,998.0,412.1953942325219,0
2025-07-26 20:00:00,龍明配電變電所,FRANCISCO,2,998.0,230.9813850873694,0
2025-07-26 20:00:00,新工配電變電所,FRANCISCO,2,998.0,223.40490563783692,0
2025-07-22 08:00:00,榮成變電所,CO-MAY,2,1002.0,673.7555205208624,0
2025-07-22 08:00:00,西螺服務區,CO-MAY,2,1002.0,596.9034721241412,0
2025-07-22 08:00:00,中部科學園區,CO-MAY,2,1002.0,618.4709015904818,0
2025-07-22 08:00:00,興變電所,CO-MAY,2,1002.0,549.5735875890571,0
2025-07-22 08:00:00,中正變電所,CO-MAY,2,1002.0,651.8833637243482,0
2025-07-22 08:00:00,成都變電所,CO-MAY,2,1002.0,659.748192837683,0
2025-07-22 08:00:00,新豐配電變電所,CO-MAY,2,1002.0,666.6069470813997,0
2025-07-22 08:00:00,內惟配電變電所,CO-MAY,2,1002.0,522.8723400341405,0
2025-07-22 08:00:00,永華二次變電所,CO-MAY,2,1002.0,551.6337291028829,0
2025-07-22 08:00:00,關西二次變電所,CO-MAY,2,1002.0,646.0260471574246,0
2025-07-22 08:00:00,源海二次變電所,CO-MAY,2,1002.0,651.8934358924377,0
2025-07-22 08:00:00,四湖配電變電所,CO-MAY,2,1002.0,600.1994812007599,0
2025-07-22 08:00:00,新高港超高壓變電所,CO-MAY,2,1002.0,506.43832581666317,0
2025-07-22 08:00:00,九曲配電變電所,CO-MAY,2,1002.0,552.6069468937401,0
2025-07-22 08:00:00,崙背變電所,CO-MAY,2,1002.0,601.1709718435582,0
2025-07-22 08:00:00,常德變電所,CO-MAY,2,1002.0,656.5573593811085,0
2025-07-22 08:00:00,嶺口二次變電所,CO-MAY,2,1002.0,523.4265871853436,0
2025-07-22 08:00:00,龍明配電變電所,CO-MAY,2,1002.0,659.9212738700562,0
2025-07-22 08:00:00,新工配電變電所,CO-MAY,2,1002.0,658.6994756068868,0
2025-07-22 14:00:00,榮成變電所,CO-MAY,2,1000.0,647.2001910998695,0
2025-07-22 14:00:00,西螺服務區,CO-MAY,2,1000.0,558.9064751627292,0
2025-07-22 14:00:00,中部科學園區,CO-MAY,2,1000.0,584.5484549212897,0
2025-07-22 14:00:00,興變電所,CO-MAY,2,1000.0,512.1455411686161,0
2025-07-22 14:00:00,中正變電所,CO-MAY,2,1000.0,628.7784262265723,0
2025-07-22 14:00:00,成都變電所,CO-MAY,2,1000.0,634.2849755236188,0
2025-07-22 14:00:00,新豐配電變電所,CO-MAY,2,1000.0,638.255480222573,0
2025-07-22 14:00:00,內惟配電變電所,CO-MAY,2,1000.0,476.232375192022,0
2025-07-22 14:00:00,永華二次變電所,CO-MAY,2,1000.0,506.82353326881395,0
2025-07-22 14:00:00,關西二次變電所,CO-MAY,2,1000.0,618.6776614138263,0
2025-07-22 14:00:00,源海二次變電所,CO-MAY,2,1000.0,628.7888864054928,0
2025-07-22 14:00:00,四湖配電變電所,CO-MAY,2,1000.0,559.6233927544348,0
2025-07-22 14:00:00,新高港超高壓變電所,CO-MAY,2,1000.0,459.803698414807,0
2025-07-22 14:00:00,九曲配電變電所,CO-MAY,2,1000.0,507.7139126860224,0
2025-07-22 14:00:00,崙背變電所,CO-MAY,2,1000.0,562.1603674582691,0
2025-07-22 14:00:00,常德變電所,CO-MAY,2,1000.0,633.1736019849507,0
2025-07-22 14:00:00,嶺口二次變電所,CO-MAY,2,1000.0,477.86812315196426,0
2025-07-22 14:00:00,龍明配電變電所,CO-MAY,2,1000.0,634.4149316174808,0
2025-07-22 14:00:00,新工配電變電所,CO-MAY,2,1000.0,629.8066716032239,0
2025-07-22 20:00:00,榮成變電所,CO-MAY,2,1000.0,638.3719684128089,0
2025-07-22 20:00:00,西螺服務區,CO-MAY,2,1000.0,530.7775989270506,0
2025-07-22 20:00:00,中部科學園區,CO-MAY,2,1000.0,563.666527468022,0
2025-07-22 20:00:00,興變電所,CO-MAY,2,1000.0,486.2562463589485,0
2025-07-22 20:00:00,中正變電所,CO-MAY,2,1000.0,626.1980410846221,0
2025-07-22 20:00:00,成都變電所,CO-MAY,2,1000.0,627.5804956212073,0
2025-07-22 20:00:00,新豐配電變電所,CO-MAY,2,1000.0,626.4420303598074,0
2025-07-22 20:00:00,內惟配電變電所,CO-MAY,2,1000.0,432.0317262900775,0
2025-07-22 20:00:00,永華二次變電所,CO-MAY,2,1000.0,465.89048201771163,0
2025-07-22 20:00:00,關西二次變電所,CO-MAY,2,1000.0,608.9955673299442,0
2025-07-22 20:00:00,源海二次變電所,CO-MAY,2,1000.0,626.2089575766759,0
2025-07-22 20:00:00,四湖配電變電所,CO-MAY,2,1000.0,526.3481632899246,0
2025-07-22 20:00:00,新高港超高壓變電所,CO-MAY,2,1000.0,416.06018669837425,0
2025-07-22 20:00:00,九曲配電變電所,CO-MAY,2,1000.0,466.5804134619463,0
2025-07-22 20:00:00,崙背變電所,CO-MAY,2,1000.0,531.9636912252168,0
2025-07-22 20:00:00,常德變電所,CO-MAY,2,1000.0,630.0391315763871,0
2025-07-22 20:00:00,嶺口二次變電所,CO-MAY,2,1000.0,436.03061248517434,0
2025-07-22 20:00:00,龍明配電變電所,CO-MAY,2,1000.0,627.6337650726143,0
2025-07-22 20:00:00,新工配電變電所,CO-MAY,2,1000.0,617.1899391383195,0
2025-07-23 02:00:00,榮成變電所,CO-MAY,2,998.0,630.6289518282617,0
2025-07-23 02:00:00,西螺服務區,CO-MAY,2,998.0,502.94625904717043,0
2025-07-23 02:00:00,中部科學園區,CO-MAY,2,998.0,543.6560777848874,0
2025-07-23 02:00:00,興變電所,CO-MAY,2,998.0,463.3516250831223,0
2025-07-23 02:00:00,中正變電所,CO-MAY,2,998.0,626.3600168100462,0
2025-07-23 02:00:00,成都變電所,CO-MAY,2,998.0,622.7403433495731,0
2025-07-23 02:00:00,新豐配電變電所,CO-MAY,2,998.0,615.4371573693286,0
2025-07-23 02:00:00,內惟配電變電所,CO-MAY,2,998.0,387.9387804455028,0
2025-07-23 02:00:00,永華二次變電所,CO-MAY,2,998.0,424.3600203692866,0
2025-07-23 02:00:00,關西二次變電所,CO-MAY,2,998.0,601.1505849638168,0
2025-07-23 02:00:00,源海二次變電所,CO-MAY,2,998.0,626.3711361154903,0
2025-07-23 02:00:00,四湖配電變電所,CO-MAY,2,998.0,492.0897529771019,0
2025-07-23 02:00:00,新高港超高壓變電所,CO-MAY,2,998.0,373.58066832098626,0
2025-07-23 02:00:00,九曲配電變電所,CO-MAY,2,998.0,424.74542909914766,0
2025-07-23 02:00:00,崙背變電所,CO-MAY,2,998.0,501.43703219724557,0
2025-07-23 02:00:00,常德變電所,CO-MAY,2,998.0,629.4170850344238,0
2025-07-23 02:00:00,嶺口二次變電所,CO-MAY,2,998.0,394.926939383184,0
2025-07-23 02:00:00,龍明配電變電所,CO-MAY,2,998.0,622.6993421167459,0
2025-07-23 02:00:00,新工配電變電所,CO-MAY,2,998.0,605.4994600385488,0
2025-07-23 08:00:00,榮成變電所,CO-MAY,2,996.0,700.1067295363273,0
2025-07-23 08:00:00,西螺服務區,CO-MAY,2,996.0,550.4593942106143,0
2025-07-23 08:00:00,中部科學園區,CO-MAY,2,996.0,600.2180612795894,0
2025-07-23 08:00:00,興變電所,CO-MAY,2,996.0,524.0448448644992,0
2025-07-23 08:00:00,中正變電所,CO-MAY,2,996.0,708.5219440555845,0
2025-07-23 08:00:00,成都變電所,CO-MAY,2,996.0,697.3793247111438,0
2025-07-23 08:00:00,新豐配電變電所,CO-MAY,2,996.0,680.7519353805809,0
2025-07-23 08:00:00,內惟配電變電所,CO-MAY,2,996.0,423.2018990280435,0
2025-07-23 08:00:00,永華二次變電所,CO-MAY,2,996.0,457.9869298825482,0
2025-07-23 08:00:00,關西二次變電所,CO-MAY,2,996.0,672.6154325212567,0
2025-07-23 08:00:00,源海二次變電所,CO-MAY,2,996.0,708.5326268648316,0
2025-07-23 08:00:00,四湖配電變電所,CO-MAY,2,996.0,529.4967346417286,0
2025-07-23 08:00:00,新高港超高壓變電所,CO-MAY,2,996.0,414.6696337078805,0
2025-07-23 08:00:00,九曲配電變電所,CO-MAY,2,996.0,457.7399630516646,0
2025-07-23 08:00:00,崙背變電所,CO-MAY,2,996.0,544.3992535143396,0
2025-07-23 08:00:00,常德變電所,CO-MAY,2,996.0,710.1679115541638,0
2025-07-23 08:00:00,嶺口二次變電所,CO-MAY,2,996.0,434.4361904343767,0
2025-07-23 08:00:00,龍明配電變電所,CO-MAY,2,996.0,697.1928307223353,0
2025-07-23 08:00:00,新工配電變電所,CO-MAY,2,996.0,670.4518212976317,0
2025-07-23 14:00:00,榮成變電所,CO-MAY,2,996.0,791.5022558166315,0
2025-07-23 14:00:00,西螺服務區,CO-MAY,2,996.0,641.5563671673979,0
2025-07-23 14:00:00,中部科學園區,CO-MAY,2,996.0,691.4803924275384,0
2025-07-23 14:00:00,興變電所,CO-MAY,2,996.0,615.4547721633323,0
2025-07-23 14:00:00,中正變電所,CO-MAY,2,996.0,799.8921717505904,0
2025-07-23 14:00:00,成都變電所,CO-MAY,2,996.0,788.8010126236129,0
2025-07-23 14:00:00,新豐配電變電所,CO-MAY,2,996.0,772.1038411102985,0
2025-07-23 14:00:00,內惟配電變電所,CO-MAY,2,996.0,514.3148845121805,0
2025-07-23 14:00:00,永華二次變電所,CO-MAY,2,996.0,548.8758802552275,0
2025-07-23 14:00:00,關西二次變電所,CO-MAY,2,996.0,764.0334478558291,0
2025-07-23 14:00:00,源海二次變電所,CO-MAY,2,996.0,799.902867071517,0
2025-07-23 14:00:00,四湖配電變電所,CO-MAY,2,996.0,620.2390754642754,0
2025-07-23 14:00:00,新高港超高壓變電所,CO-MAY,2,996.0,505.969470634313,0
2025-07-23 14:00:00,九曲配電變電所,CO-MAY,2,996.0,548.602229222032,0
2025-07-23 14:00:00,崙背變電所,CO-MAY,2,996.0,635.3404733883581,0
2025-07-23 14:00:00,常德變電所,CO-MAY,2,996.0,801.5572353413106,0
2025-07-23 14:00:00,嶺口二次變電所,CO-MAY,2,996.0,525.6351055048935,0
2025-07-23 14:00:00,龍明配電變電所,CO-MAY,2,996.0,788.6145324151985,0
2025-07-23 14:00:00,新工配電變電所,CO-MAY,2,996.0,761.8058418633995,0
2025-07-23 20:00:00,榮成變電所,CO-MAY,3,994.0,852.6469348755966,0
2025-07-23 20:00:00,西螺服務區,CO-MAY,3,994.0,699.9054104374286,0
2025-07-23 20:00:00,中部科學園區,CO-MAY,3,994.0,751.0177893050642,0
2025-07-23 20:00:00,興變電所,CO-MAY,3,994.0,677.6555159395699,0
2025-07-23 20:00:00,中正變電所,CO-MAY,3,994.0,864.109566031814,0
2025-07-23 20:00:00,成都變電所,CO-MAY,3,994.0,851.2912336707171,0
2025-07-23 20:00:00,新豐配電變電所,CO-MAY,3,994.0,832.4651855258777,0
2025-07-23 20:00:00,內惟配電變電所,CO-MAY,3,994.0,573.5790159945591,0
2025-07-23 20:00:00,永華二次變電所,CO-MAY,3,994.0,606.463684626387,0
2025-07-23 20:00:00,關西二次變電所,CO-MAY,3,994.0,826.0767078152692,0
2025-07-23 20:00:00,源海二次變電所,CO-MAY,3,994.0,864.1200234161594,0
2025-07-23 20:00:00,四湖配電變電所,CO-MAY,3,994.0,676.5530663444913,0
2025-07-23 20:00:00,新高港超高壓變電所,CO-MAY,3,994.0,566.9188049325845,0
2025-07-23 20:00:00,九曲配電變電所,CO-MAY,3,994.0,606.0423754929716,0
2025-07-23 20:00:00,崙背變電所,CO-MAY,3,994.0,692.6845617060491,0
2025-07-23 20:00:00,常德變電所,CO-MAY,3,994.0,865.4060565375758,0
2025-07-23 20:00:00,嶺口二次變電所,CO-MAY,3,994.0,585.4814700953146,0
2025-07-23 20:00:00,龍明配電變電所,CO-MAY,3,994.0,851.0707368997922,0
2025-07-23 20:00:00,新工配電變電所,CO-MAY,3,994.0,822.2335977599124,0
2025-07-24 02:00:00,榮成變電所,CO-MAY,3,992.0,977.1954473629515,0
2025-07-24 02:00:00,西螺服務區,CO-MAY,3,992.0,822.8849643064337,0
2025-07-24 02:00:00,中部科學園區,CO-MAY,3,992.0,874.6931012972906,0
2025-07-24 02:00:00,興變電所,CO-MAY,3,992.0,804.0705605104891,0
2025-07-24 02:00:00,中正變電所,CO-MAY,3,992.0,991.2820298594694,0
2025-07-24 02:00:00,成都變電所,CO-MAY,3,992.0,977.0306124956313,0
2025-07-24 02:00:00,新豐配電變電所,CO-MAY,3,992.0,956.4127271109211,0
2025-07-24 02:00:00,內惟配電變電所,CO-MAY,3,992.0,698.4255745173341,0
2025-07-24 02:00:00,永華二次變電所,CO-MAY,3,992.0,729.5874287767055,0
2025-07-24 02:00:00,關西二次變電所,CO-MAY,3,992.0,951.5406204223365,0
2025-07-24 02:00:00,源海二次變電所,CO-MAY,3,992.0,991.2922454571451,0
2025-07-24 02:00:00,四湖配電變電所,CO-MAY,3,992.0,797.9150207244865,0
2025-07-24 02:00:00,新高港超高壓變電所,CO-MAY,3,992.0,693.1831135545823,0
2025-07-24 02:00:00,九曲配電變電所,CO-MAY,3,992.0,729.0444535342874,0
2025-07-24 02:00:00,崙背變電所,CO-MAY,3,992.0,814.8310518967908,0
2025-07-24 02:00:00,常德變電所,CO-MAY,3,992.0,992.2596477135762,0
2025-07-24 02:00:00,嶺口二次變電所,CO-MAY,3,992.0,710.6878017240972,0
2025-07-24 02:00:00,龍明配電變電所,CO-MAY,3,992.0,976.781440149744,0
2025-07-24 02:00:00,新工配電變電所,CO-MAY,3,992.0,946.2927782042316,0
2025-07-24 08:00:00,榮成變電所,CO-MAY,4,985.0,1014.0157577941437,0
2025-07-24 08:00:00,西螺服務區,CO-MAY,4,985.0,861.250694039112,0
2025-07-24 08:00:00,中部科學園區,CO-MAY,4,985.0,912.3925834209258,0
2025-07-24 08:00:00,興變電所,CO-MAY,4,985.0,838.9377450231566,0
2025-07-24 08:00:00,中正變電所,CO-MAY,4,985.0,1025.231296476367,0
2025-07-24 08:00:00,成都變電所,CO-MAY,4,985.0,1012.5930533508766,0
2025-07-24 08:00:00,新豐配電變電所,CO-MAY,4,985.0,993.8439523977274,0
2025-07-24 08:00:00,內惟配電變電所,CO-MAY,4,985.0,734.9576388646616,0
2025-07-24 08:00:00,永華二次變電所,CO-MAY,4,985.0,767.7975832514206,0
2025-07-24 08:00:00,關西二次變電所,CO-MAY,4,985.0,987.4040100076879,0
2025-07-24 08:00:00,源海二次變電所,CO-MAY,4,985.0,1025.2417900635837,0
2025-07-24 08:00:00,四湖配電變電所,CO-MAY,4,985.0,837.7614966267134,0
2025-07-24 08:00:00,新高港超高壓變電所,CO-MAY,4,985.0,728.2479727700611,0
2025-07-24 08:00:00,九曲配電變電所,CO-MAY,4,985.0,767.3687332739331,0
2025-07-24 08:00:00,崙背變電所,CO-MAY,4,985.0,853.9731438504806,0
2025-07-24 08:00:00,常德變電所,CO-MAY,4,985.0,1026.5767735270297,0
2025-07-24 08:00:00,嶺口二次變電所,CO-MAY,4,985.0,746.8547450257697,0
2025-07-24 08:00:00,龍明配電變電所,CO-MAY,4,985.0,1012.375007558533,0
2025-07-24 08:00:00,新工配電變電所,CO-MAY,4,985.0,983.6120574553095,0
2025-07-24 14:00:00,榮成變電所,CO-MAY,4,980.0,1005.7384728298078,0
2025-07-24 14:00:00,西螺服務區,CO-MAY,4,980.0,853.950485250977,0
2025-07-24 14:00:00,中部科學園區,CO-MAY,4,980.0,904.6858164636982,0
2025-07-24 14:00:00,興變電所,CO-MAY,4,980.0,830.1121117054014,0
2025-07-24 14:00:00,中正變電所,CO-MAY,4,980.0,1015.6627554881179,0
2025-07-24 14:00:00,成都變電所,CO-MAY,4,980.0,1003.7546350197257,0
2025-07-24 14:00:00,新豐配電變電所,CO-MAY,4,980.0,985.874454445361,0
2025-07-24 14:00:00,內惟配電變電所,CO-MAY,4,980.0,727.1394624684403,0
2025-07-24 14:00:00,永華二次變電所,CO-MAY,4,980.0,760.6483239540077,0
2025-07-24 14:00:00,關西二次變電所,CO-MAY,4,980.0,978.7391089959787,0
2025-07-24 14:00:00,源海二次變電所,CO-MAY,4,980.0,1015.6733549189144,0
2025-07-24 14:00:00,四湖配電變電所,CO-MAY,4,980.0,831.1970285132279,0
2025-07-24 14:00:00,新高港超高壓變電所,CO-MAY,4,980.0,719.7955117335405,0
2025-07-24 14:00:00,九曲配電變電所,CO-MAY,4,980.0,760.2728665516972,0
2025-07-24 14:00:00,崙背變電所,CO-MAY,4,980.0,847.0460408345566,0
2025-07-24 14:00:00,常德變電所,CO-MAY,4,980.0,1017.1672767996691,0
2025-07-24 14:00:00,嶺口二次變電所,CO-MAY,4,980.0,738.8385981580997,0
2025-07-24 14:00:00,龍明配電變電所,CO-MAY,4,980.0,1003.5507668497813,0
2025-07-24 14:00:00,新工配電變電所,CO-MAY,4,980.0,975.608152369568,0
2025-07-24 20:00:00,榮成變電所,CO-MAY,4,975.0,996.1127920098049,0
2025-07-24 20:00:00,西螺服務區,CO-MAY,4,975.0,845.9226716717874,0
2025-07-24 20:00:00,中部科學園區,CO-MAY,4,975.0,896.0047830715943,0
2025-07-24 20:00:00,興變電所,CO-MAY,4,975.0,820.0613471336246,0
2025-07-24 20:00:00,中正變電所,CO-MAY,4,975.0,1004.2683601342655,0
2025-07-24 20:00:00,成都變電所,CO-MAY,4,975.0,993.3702688549198,0
2025-07-24 20:00:00,新豐配電變電所,CO-MAY,4,975.0,976.6969181240855,0
2025-07-24 20:00:00,內惟配電變電所,CO-MAY,4,975.0,718.7231435258142,0
2025-07-24 20:00:00,永華二次變電所,CO-MAY,4,975.0,753.0484410785978,0
2025-07-24 20:00:00,關西二次變電所,CO-MAY,4,975.0,968.6290990669593,0
2025-07-24 20:00:00,源海二次變電所,CO-MAY,4,975.0,1004.2790881493636,0
2025-07-24 20:00:00,四湖配電變電所,CO-MAY,4,975.0,824.2166169049814,0
2025-07-24 20:00:00,新高港超高壓變電所,CO-MAY,4,975.0,710.5353960480961,0
2025-07-24 20:00:00,九曲配電變電所,CO-MAY,4,975.0,752.7465389921784,0
2025-07-24 20:00:00,崙背變電所,CO-MAY,4,975.0,839.5390801930457,0
2025-07-24 20:00:00,常德變電所,CO-MAY,4,975.0,1005.9869921363354,0
2025-07-24 20:00:00,嶺口二次變電所,CO-MAY,4,975.0,730.1189006174669,0
2025-07-24 20:00:00,龍明配電變電所,CO-MAY,4,975.0,993.1859645242855,0
2025-07-24 20:00:00,新工配電變電所,CO-MAY,4,975.0,966.4003480012357,0
2025-07-25 02:00:00,榮成變電所,CO-MAY,4,980.0,915.7277962368845,0
2025-07-25 02:00:00,西螺服務區,CO-MAY,4,980.0,769.36680374172,0
2025-07-25 02:00:00,中部科學園區,CO-MAY,4,980.0,817.8872510995886,0
2025-07-25 02:00:00,興變電所,CO-MAY,4,980.0,739.862594909306,0
2025-07-25 02:00:00,中正變電所,CO-MAY,4,980.0,920.6820980587902,0
2025-07-25 02:00:00,成都變電所,CO-MAY,4,980.0,911.6233868948783,0
2025-07-25 02:00:00,新豐配電變電所,CO-MAY,4,980.0,897.2246577845947,0
2025-07-25 02:00:00,內惟配電變電所,CO-MAY,4,980.0,642.4538906911185,0
2025-07-25 02:00:00,永華二次變電所,CO-MAY,4,980.0,678.0562815359016,0
2025-07-25 02:00:00,關西二次變電所,CO-MAY,4,980.0,887.4889227817148,0
2025-07-25 02:00:00,源海二次變電所,CO-MAY,4,980.0,920.6930082842242,0
2025-07-25 02:00:00,四湖配電變電所,CO-MAY,4,980.0,749.8523297844588,0
2025-07-25 02:00:00,新高港超高壓變電所,CO-MAY,4,980.0,632.7110820978673,0
2025-07-25 02:00:00,九曲配電變電所,CO-MAY,4,980.0,677.901791817926,0
2025-07-25 02:00:00,崙背變電所,CO-MAY,4,980.0,764.0337738167214,0
2025-07-25 02:00:00,常德變電所,CO-MAY,4,980.0,922.7703137086331,0
2025-07-25 02:00:00,嶺口二次變電所,CO-MAY,4,980.0,653.1524970420029,0
2025-07-25 02:00:00,龍明配電變電所,CO-MAY,4,980.0,911.4750451211881,0
2025-07-25 02:00:00,新工配電變電所,CO-MAY,4,980.0,886.9219844295914,0
2025-07-25 08:00:00,榮成變電所,CO-MAY,3,990.0,781.1743125573506,0
2025-07-25 08:00:00,西螺服務區,CO-MAY,3,990.0,658.7106606839362,0
2025-07-25 08:00:00,中部科學園區,CO-MAY,3,990.0,697.754032919009,0
2025-07-25 08:00:00,興變電所,CO-MAY,3,990.0,617.8178051089028,0
2025-07-25 08:00:00,中正變電所,CO-MAY,3,990.0,773.6864483686271,0
2025-07-25 08:00:00,成都變電所,CO-MAY,3,990.0,772.1418513726088,0
2025-07-25 08:00:00,新豐配電變電所,CO-MAY,3,990.0,767.0846048136025,0
2025-07-25 08:00:00,內惟配電變電所,CO-MAY,3,990.0,545.5011083305487,0
2025-07-25 08:00:00,永華二次變電所,CO-MAY,3,990.0,581.8134621498399,0
2025-07-25 08:00:00,關西二次變電所,CO-MAY,3,990.0,751.6131435647545,0
2025-07-25 08:00:00,源海二次變電所,CO-MAY,3,990.0,773.6975257936663,0
2025-07-25 08:00:00,四湖配電變電所,CO-MAY,3,990.0,648.9141566592299,0
2025-07-25 08:00:00,新高港超高壓變電所,CO-MAY,3,990.0,530.983332683475,0
2025-07-25 08:00:00,九曲配電變電所,CO-MAY,3,990.0,582.223956043837,0
2025-07-25 08:00:00,崙背變電所,CO-MAY,3,990.0,657.7023858405398,0
2025-07-25 08:00:00,常德變電所,CO-MAY,3,990.0,777.0984121038624,0
2025-07-25 08:00:00,嶺口二次變電所,CO-MAY,3,990.0,552.2676463553116,0
2025-07-25 08:00:00,龍明配電變電所,CO-MAY,3,990.0,772.1379792513179,0
2025-07-25 08:00:00,新工配電變電所,CO-MAY,3,990.0,757.3402269306933,0
2025-07-25 14:00:00,榮成變電所,CO-MAY,3,990.0,618.3217989522749,0
2025-07-25 14:00:00,西螺服務區,CO-MAY,3,990.0,503.8159805316071,0
2025-07-25 14:00:00,中部科學園區,CO-MAY,3,990.0,539.2905675051247,0
2025-07-25 14:00:00,興變電所,CO-MAY,3,990.0,460.5579793304072,0
2025-07-25 14:00:00,中正變電所,CO-MAY,3,990.0,608.8133754143746,0
2025-07-25 14:00:00,成都變電所,CO-MAY,3,990.0,608.4741363045791,0
2025-07-25 14:00:00,新豐配電變電所,CO-MAY,3,990.0,605.2552060434248,0
2025-07-25 14:00:00,內惟配電變電所,CO-MAY,3,990.0,399.82536562261106,0
2025-07-25 14:00:00,永華二次變電所,CO-MAY,3,990.0,434.5980585327862,0
2025-07-25 14:00:00,關西二次變電所,CO-MAY,3,990.0,588.7959934494598,0
2025-07-25 14:00:00,源海二次變電所,CO-MAY,3,990.0,608.824405462437,0
2025-07-25 14:00:00,四湖配電變電所,CO-MAY,3,990.0,497.45070529563,0
2025-07-25 14:00:00,新高港超高壓變電所,CO-MAY,3,990.0,384.17616854492354,0
2025-07-25 14:00:00,九曲配電變電所,CO-MAY,3,990.0,435.20807741242584,0
2025-07-25 14:00:00,崙背變電所,CO-MAY,3,990.0,504.19652589367024,0
2025-07-25 14:00:00,常德變電所,CO-MAY,3,990.0,612.3962014422347,0
2025-07-25 14:00:00,嶺口二次變電所,CO-MAY,3,990.0,404.6651586488013,0
2025-07-25 14:00:00,龍明配電變電所,CO-MAY,3,990.0,608.4954288158693,0
2025-07-25 14:00:00,新工配電變電所,CO-MAY,3,990.0,595.7396906923489,0
2025-07-25 20:00:00,榮成變電所,CO-MAY,3,992.0,489.33624966893984,0
2025-07-25 20:00:00,西螺服務區,CO-MAY,3,992.0,433.8382447452528,0
2025-07-25 20:00:00,中部科學園區,CO-MAY,3,992.0,446.19223613080266,0
2025-07-25 20:00:00,興變電所,CO-MAY,3,992.0,386.72776332259457,0
2025-07-25 20:00:00,中正變電所,CO-MAY,3,992.0,464.0060771247403,0
2025-07-25 20:00:00,成都變電所,CO-MAY,3,992.0,474.20743056896646,0
2025-07-25 20:00:00,新豐配電變電所,CO-MAY,3,992.0,484.53587562445335,0
2025-07-25 20:00:00,內惟配電變電所,CO-MAY,3,992.0,388.571817349928,0
2025-07-25 20:00:00,永華二次變電所,CO-MAY,3,992.0,409.4274559817901,0
2025-07-25 20:00:00,關西二次變電所,CO-MAY,3,992.0,462.88011671308266,0
2025-07-25 20:00:00,源海二次變電所,CO-MAY,3,992.0,464.0157139929166,0
2025-07-25 20:00:00,四湖配電變電所,CO-MAY,3,992.0,443.4748489523815,0
2025-07-25 20:00:00,新高港超高壓變電所,CO-MAY,3,992.0,373.1606398592845,0
2025-07-25 20:00:00,九曲配電變電所,CO-MAY,3,992.0,410.62531291932044,0
2025-07-25 20:00:00,崙背變電所,CO-MAY,3,992.0,440.4175387913981,0
2025-07-25 20:00:00,常德變電所,CO-MAY,3,992.0,468.90623380888263,0
2025-07-25 20:00:00,嶺口二次變電所,CO-MAY,3,992.0,385.2653300634671,0
2025-07-25 20:00:00,龍明配電變電所,CO-MAY,3,992.0,474.4268529128804,0
2025-07-25 20:00:00,新工配電變電所,CO-MAY,3,992.0,477.4665968377922,0
2025-07-26 02:00:00,榮成變電所,CO-MAY,2,994.0,410.01475372970873,0
2025-07-26 02:00:00,西螺服務區,CO-MAY,2,994.0,442.62536193804215,0
2025-07-26 02:00:00,中部科學園區,CO-MAY,2,994.0,424.51269799807704,0
2025-07-26 02:00:00,興變電所,CO-MAY,2,994.0,407.87653492579625,0
2025-07-26 02:00:00,中正變電所,CO-MAY,2,994.0,369.528732132969,0
2025-07-26 02:00:00,成都變電所,CO-MAY,2,994.0,391.6780581622284,0
2025-07-26 02:00:00,新豐配電變電所,CO-MAY,2,994.0,417.36179594359,0
2025-07-26 02:00:00,內惟配電變電所,CO-MAY,2,994.0,470.91714996325015,0
2025-07-26 02:00:00,永華二次變電所,CO-MAY,2,994.0,472.0024522194539,0
2025-07-26 02:00:00,關西二次變電所,CO-MAY,2,994.0,394.759899872663,0
2025-07-26 02:00:00,源海二次變電所,CO-MAY,2,994.0,369.53374498261525,0
2025-07-26 02:00:00,四湖配電變電所,CO-MAY,2,994.0,466.5092533897269,0
2025-07-26 02:00:00,新高港超高壓變電所,CO-MAY,2,994.0,461.1647059281592,0
2025-07-26 02:00:00,九曲配電變電所,CO-MAY,2,994.0,473.3633735814716,0
2025-07-26 02:00:00,崙背變電所,CO-MAY,2,994.0,453.9149077816391,0
2025-07-26 02:00:00,常德變電所,CO-MAY,2,994.0,374.9700427638703,0
2025-07-26 02:00:00,嶺口二次變電所,CO-MAY,2,994.0,461.43653420531433,0
2025-07-26 02:00:00,龍明配電變電所,CO-MAY,2,994.0,392.1096803779765,0
2025-07-26 02:00:00,新工配電變電所,CO-MAY,2,994.0,415.3487762224945,0
2025-07-26 08:00:00,榮成變電所,CO-MAY,2,996.0,460.1482562941163,0
2025-07-26 08:00:00,西螺服務區,CO-MAY,2,996.0,551.9420968515835,0
2025-07-26 08:00:00,中部科學園區,CO-MAY,2,996.0,516.7498733937354,0
2025-07-26 08:00:00,興變電所,CO-MAY,2,996.0,531.1102408178563,0
2025-07-26 08:00:00,中正變電所,CO-MAY,2,996.0,416.67407950347587,0
2025-07-26 08:00:00,成都變電所,CO-MAY,2,996.0,443.5415782687026,0
2025-07-26 08:00:00,新豐配電變電所,CO-MAY,2,996.0,476.17370165943504,0
2025-07-26 08:00:00,內惟配電變電所,CO-MAY,2,996.0,618.0691618779638,0
2025-07-26 08:00:00,永華二次變電所,CO-MAY,2,996.0,608.6207229277859,0
2025-07-26 08:00:00,關西二次變電所,CO-MAY,2,996.0,458.15817556088973,0
2025-07-26 08:00:00,源海二次變電所,CO-MAY,2,996.0,416.6734139144359,0
2025-07-26 08:00:00,四湖配電變電所,CO-MAY,2,996.0,580.8918986937481,0
2025-07-26 08:00:00,新高港超高壓變電所,CO-MAY,2,996.0,612.308984826897,0
2025-07-26 08:00:00,九曲配電變電所,CO-MAY,2,996.0,609.8931842128884,0
2025-07-26 08:00:00,崙背變電所,CO-MAY,2,996.0,564.3182714688464,0
2025-07-26 08:00:00,常德變電所,CO-MAY,2,996.0,421.07122357808674,0
2025-07-26 08:00:00,嶺口二次變電所,CO-MAY,2,996.0,606.6054401548811,0
2025-07-26 08:00:00,龍明配電變電所,CO-MAY,2,996.0,444.04886123118666,0
2025-07-26 08:00:00,新工配電變電所,CO-MAY,2,996.0,478.8034917488213,0
2025-07-26 14:00:00,榮成變電所,CO-MAY,2,996.0,560.9628703648291,0
2025-07-26 14:00:00,西螺服務區,CO-MAY,2,996.0,677.3889416654669,0
2025-07-26 14:00:00,中部科學園區,CO-MAY,2,996.0,635.5906818903848,0
2025-07-26 14:00:00,興變電所,CO-MAY,2,996.0,664.1332663775408,0
2025-07-26 14:00:00,中正變電所,CO-MAY,2,996.0,520.3293938279943,0
2025-07-26 14:00:00,成都變電所,CO-MAY,2,996.0,546.932091885464,0
2025-07-26 14:00:00,新豐配電變電所,CO-MAY,2,996.0,580.3571693075365,0
2025-07-26 14:00:00,內惟配電變電所,CO-MAY,2,996.0,759.0745627214314,0
2025-07-26 14:00:00,永華二次變電所,CO-MAY,2,996.0,745.0035672873219,0
2025-07-26 14:00:00,關西二次變電所,CO-MAY,2,996.0,566.401977227851,0
2025-07-26 14:00:00,源海二次變電所,CO-MAY,2,996.0,520.3257129371477,0
2025-07-26 14:00:00,四湖配電變電所,CO-MAY,2,996.0,707.5389980735183,0
2025-07-26 14:00:00,新高港超高壓變電所,CO-MAY,2,996.0,755.2662841656684,0
2025-07-26 14:00:00,九曲配電變電所,CO-MAY,2,996.0,746.19564620379,0
2025-07-26 14:00:00,崙背變電所,CO-MAY,2,996.0,689.7219577104064,0
2025-07-26 14:00:00,常德變電所,CO-MAY,2,996.0,523.6648732279034,0
2025-07-26 14:00:00,嶺口二次變電所,CO-MAY,2,996.0,747.0074516603697,0
2025-07-26 14:00:00,龍明配電變電所,CO-MAY,2,996.0,547.4303656217312,0
2025-07-26 14:00:00,新工配電變電所,CO-MAY,2,996.0,585.3005154379871,0
2025-07-26 20:00:00,榮成變電所,CO-MAY,2,996.0,608.5208069320607,0
2025-07-26 20:00:00,西螺服務區,CO-MAY,2,996.0,727.6212761728133,0
2025-07-26 20:00:00,中部科學園區,CO-MAY,2,996.0,685.1791100417335,0
2025-07-26 20:00:00,興變電所,CO-MAY,2,996.0,715.1144641697641,0
2025-07-26 20:00:00,中正變電所,CO-MAY,2,996.0,568.490207557101,0
2025-07-26 20:00:00,成都變電所,CO-MAY,2,996.0,594.914642040227,0
2025-07-26 20:00:00,新豐配電變電所,CO-MAY,2,996.0,628.2832995432806,0
2025-07-26 20:00:00,內惟配電變電所,CO-MAY,2,996.0,810.579531580925,0
2025-07-26 20:00:00,永華二次變電所,CO-MAY,2,996.0,796.1808289455378,0
2025-07-26 20:00:00,關西二次變電所,CO-MAY,2,996.0,614.9273575972154,0
2025-07-26 20:00:00,源海二次變電所,CO-MAY,2,996.0,568.4861556989989,0
2025-07-26 20:00:00,四湖配電變電所,CO-MAY,2,996.0,757.8467795192622,0
2025-07-26 20:00:00,新高港超高壓變電所,CO-MAY,2,996.0,806.8906476292264,0
2025-07-26 20:00:00,九曲配電變電所,CO-MAY,2,996.0,797.3653920502707,0
2025-07-26 20:00:00,崙背變電所,CO-MAY,2,996.0,739.927597286234,0
2025-07-26 20:00:00,常德變電所,CO-MAY,2,996.0,571.6679046278836,0
2025-07-26 20:00:00,嶺口二次變電所,CO-MAY,2,996.0,798.4798259718863,0
2025-07-26 20:00:00,龍明配電變電所,CO-MAY,2,996.0,595.4091296067265,0
2025-07-26 20:00:00,新工配電變電所,CO-MAY,2,996.0,633.5160695172717,0
2025-07-27 02:00:00,榮成變電所,CO-MAY,2,994.0,653.1469852962371,0
2025-07-27 02:00:00,西螺服務區,CO-MAY,2,994.0,768.140027917839,0
2025-07-27 02:00:00,中部科學園區,CO-MAY,2,994.0,726.9886244042033,0
2025-07-27 02:00:00,興變電所,CO-MAY,2,994.0,753.6610524477393,0
2025-07-27 02:00:00,中正變電所,CO-MAY,2,994.0,612.4247376803906,0
2025-07-27 02:00:00,成都變電所,CO-MAY,2,994.0,639.0597256403154,0
2025-07-27 02:00:00,新豐配電變電所,CO-MAY,2,994.0,672.4908886999812,0
2025-07-27 02:00:00,內惟配電變電所,CO-MAY,2,994.0,846.9383993085125,0
2025-07-27 02:00:00,永華二次變電所,CO-MAY,2,994.0,833.9937614230284,0
2025-07-27 02:00:00,關西二次變電所,CO-MAY,2,994.0,658.3870312194857,0
2025-07-27 02:00:00,源海二次變電所,CO-MAY,2,994.0,612.4211404507358,0
2025-07-27 02:00:00,四湖配電變電所,CO-MAY,2,994.0,798.1815395064735,0
2025-07-27 02:00:00,新高港超高壓變電所,CO-MAY,2,994.0,842.5543453763772,0
2025-07-27 02:00:00,九曲配電變電所,CO-MAY,2,994.0,835.205601776964,0
2025-07-27 02:00:00,崙背變電所,CO-MAY,2,994.0,780.4996601064682,0
2025-07-27 02:00:00,常德變電所,CO-MAY,2,994.0,615.7919111974352,0
2025-07-27 02:00:00,嶺口二次變電所,CO-MAY,2,994.0,835.0168630752181,0
2025-07-27 02:00:00,龍明配電變電所,CO-MAY,2,994.0,639.558629418799,0
2025-07-27 02:00:00,新工配電變電所,CO-MAY,2,994.0,677.3722313952364,0
2025-07-27 08:00:00,榮成變電所,CO-MAY,2,994.0,727.8843503340621,0
2025-07-27 08:00:00,西螺服務區,CO-MAY,2,994.0,837.902252157982,0
2025-07-27 08:00:00,中部科學園區,CO-MAY,2,994.0,798.3764309626825,0
2025-07-27 08:00:00,興變電所,CO-MAY,2,994.0,821.0638195397457,0
2025-07-27 08:00:00,中正變電所,CO-MAY,2,994.0,686.4818318366345,0
2025-07-27 08:00:00,成都變電所,CO-MAY,2,994.0,713.293604906215,0
2025-07-27 08:00:00,新豐配電變電所,CO-MAY,2,994.0,746.7317617373467,0
2025-07-27 08:00:00,內惟配電變電所,CO-MAY,2,994.0,911.3540127093872,0
2025-07-27 08:00:00,永華二次變電所,CO-MAY,2,994.0,900.2760808157151,0
2025-07-27 08:00:00,關西二次變電所,CO-MAY,2,994.0,731.8181275056905,0
2025-07-27 08:00:00,源海二次變電所,CO-MAY,2,994.0,686.4787422990491,0
2025-07-27 08:00:00,四湖配電變電所,CO-MAY,2,994.0,867.6554264452216,0
2025-07-27 08:00:00,新高港超高壓變電所,CO-MAY,2,994.0,906.097025890337,0
2025-07-27 08:00:00,九曲配電變電所,CO-MAY,2,994.0,901.5190709456721,0
2025-07-27 08:00:00,崙背變電所,CO-MAY,2,994.0,850.2986837636428,0
2025-07-27 08:00:00,常德變電所,CO-MAY,2,994.0,690.0498168693179,0
2025-07-27 08:00:00,嶺口二次變電所,CO-MAY,2,994.0,899.6904680568234,0
2025-07-27 08:00:00,龍明配電變電所,CO-MAY,2,994.0,713.7964068310083,0
2025-07-27 08:00:00,新工配電變電所,CO-MAY,2,994.0,751.2115264630836,0
2025-07-27 14:00:00,榮成變電所,CO-MAY,3,992.0,784.3093841338084,0
2025-07-27 14:00:00,西螺服務區,CO-MAY,3,992.0,890.7116006905413,0
2025-07-27 14:00:00,中部科學園區,CO-MAY,3,992.0,852.378696087601,0
2025-07-27 14:00:00,興變電所,CO-MAY,3,992.0,872.253659820635,0
2025-07-27 14:00:00,中正變電所,CO-MAY,3,992.0,742.4854097796373,0
2025-07-27 14:00:00,成都變電所,CO-MAY,3,992.0,769.3852182533655,0
2025-07-27 14:00:00,新豐配電變電所,CO-MAY,3,992.0,802.7896081530845,0
2025-07-27 14:00:00,內惟配電變電所,CO-MAY,3,992.0,960.2875505335361,0
2025-07-27 14:00:00,永華二次變電所,CO-MAY,3,992.0,950.5438605554245,0
2025-07-27 14:00:00,關西二次變電所,CO-MAY,3,992.0,787.330422729357,0
2025-07-27 14:00:00,源海二次變電所,CO-MAY,3,992.0,742.4826731871116,0
2025-07-27 14:00:00,四湖配電變電所,CO-MAY,3,992.0,920.2195788930346,0
2025-07-27 14:00:00,新高港超高壓變電所,CO-MAY,3,992.0,954.4254137087544,0
2025-07-27 14:00:00,九曲配電變電所,CO-MAY,3,992.0,951.8067480038364,0
2025-07-27 14:00:00,崙背變電所,CO-MAY,3,992.0,903.115919877677,0
2025-07-27 14:00:00,常德變電所,CO-MAY,3,992.0,746.1868761236123,0
2025-07-27 14:00:00,嶺口二次變電所,CO-MAY,3,992.0,948.8267540624665,0
2025-07-27 14:00:00,龍明配電變電所,CO-MAY,3,992.0,769.8901152565631,0
2025-07-27 14:00:00,新工配電變電所,CO-MAY,3,992.0,806.9839486513001,0
2025-07-27 20:00:00,榮成變電所,CO-MAY,3,990.0,857.0934231307702,0
2025-07-27 20:00:00,西螺服務區,CO-MAY,3,990.0,955.4528746376643,0
2025-07-27 20:00:00,中部科學園區,CO-MAY,3,990.0,919.6956061096655,0
2025-07-27 20:00:00,興變電所,CO-MAY,3,990.0,933.8726699527352,0
2025-07-27 20:00:00,中正變電所,CO-MAY,3,990.0,814.4758475161661,0
2025-07-27 20:00:00,成都變電所,CO-MAY,3,990.0,841.4715663207528,0
2025-07-27 20:00:00,新豐配電變電所,CO-MAY,3,990.0,874.6869098242888,0
2025-07-27 20:00:00,內惟配電變電所,CO-MAY,3,990.0,1017.2400056286781,0
2025-07-27 20:00:00,永華二次變電所,CO-MAY,3,990.0,1010.0692072633129,0
2025-07-27 20:00:00,關西二次變電所,CO-MAY,3,990.0,858.0810187050479,0
2025-07-27 20:00:00,源海二次變電所,CO-MAY,3,990.0,814.4738980092745,0
2025-07-27 20:00:00,四湖配電變電所,CO-MAY,3,990.0,984.3616690314832,0
2025-07-27 20:00:00,新高港超高壓變電所,CO-MAY,3,990.0,1010.2697207372398,0
2025-07-27 20:00:00,九曲配電變電所,CO-MAY,3,990.0,1011.3654929308228,0
2025-07-27 20:00:00,崙背變電所,CO-MAY,3,990.0,967.8281563899799,0
2025-07-27 20:00:00,常德變電所,CO-MAY,3,990.0,818.4582027352328,0
2025-07-27 20:00:00,嶺口二次變電所,CO-MAY,3,990.0,1006.2071910438634,0
2025-07-27 20:00:00,龍明配電變電所,CO-MAY,3,990.0,841.9793353807509,0
2025-07-27 20:00:00,新工配電變電所,CO-MAY,3,990.0,878.2345013950996,0
2025-07-28 02:00:00,榮成變電所,CO-MAY,3,990.0,784.3093841338084,0
2025-07-28 02:00:00,西螺服務區,CO-MAY,3,990.0,890.7116006905413,0
2025-07-28 02:00:00,中部科學園區,CO-MAY,3,990.0,852.378696087601,0
2025-07-28 02:00:00,興變電所,CO-MAY,3,990.0,872.253659820635,0
2025-07-28 02:00:00,中正變電所,CO-MAY,3,990.0,742.4854097796373,0
2025-07-28 02:00:00,成都變電所,CO-MAY,3,990.0,769.3852182533655,0
2025-07-28 02:00:00,新豐配電變電所,CO-MAY,3,990.0,802.7896081530845,0
2025-07-28 02:00:00,內惟配電變電所,CO-MAY,3,990.0,960.2875505335361,0
2025-07-28 02:00:00,永華二次變電所,CO-MAY,3,990.0,950.5438605554245,0
2025-07-28 02:00:00,關西二次變電所,CO-MAY,3,990.0,787.330422729357,0
2025-07-28 02:00:00,源海二次變電所,CO-MAY,3,990.0,742.4826731871116,0
2025-07-28 02:00:00,四湖配電變電所,CO-MAY,3,990.0,920.2195788930346,0
2025-07-28 02:00:00,新高港超高壓變電所,CO-MAY,3,990.0,954.4254137087544,0
2025-07-28 02:00:00,九曲配電變電所,CO-MAY,3,990.0,951.8067480038364,0
2025-07-28 02:00:00,崙背變電所,CO-MAY,3,990.0,903.115919877677,0
2025-07-28 02:00:00,常德變電所,CO-MAY,3,990.0,746.1868761236123,0
2025-07-28 02:00:00,嶺口二次變電所,CO-MAY,3,990.0,948.8267540624665,0
2025-07-28 02:00:00,龍明配電變電所,CO-MAY,3,990.0,769.8901152565631,0
2025-07-28 02:00:00,新工配電變電所,CO-MAY,3,990.0,806.9839486513001,0
2025-07-28 08:00:00,榮成變電所,CO-MAY,3,990.0,700.15699908918,0
2025-07-28 08:00:00,西螺服務區,CO-MAY,3,990.0,804.6128093538515,0
2025-07-28 08:00:00,中部科學園區,CO-MAY,3,990.0,766.6781489163311,0
2025-07-28 08:00:00,興變電所,CO-MAY,3,990.0,785.8883601870243,0
2025-07-28 08:00:00,中正變電所,CO-MAY,3,990.0,658.0098564867469,0
2025-07-28 08:00:00,成都變電所,CO-MAY,3,990.0,684.9601397005712,0
2025-07-28 08:00:00,新豐配電變電所,CO-MAY,3,990.0,718.3145168995371,0
2025-07-28 08:00:00,內惟配電變電所,CO-MAY,3,990.0,873.9333113985039,0
2025-07-28 08:00:00,永華二次變電所,CO-MAY,3,990.0,864.13257863217,0
2025-07-28 08:00:00,關西二次變電所,CO-MAY,3,990.0,702.4643967259324,0
2025-07-28 08:00:00,源海二次變電所,CO-MAY,3,990.0,658.0074018336105,0
2025-07-28 08:00:00,四湖配電變電所,CO-MAY,3,990.0,834.0579936842057,0
2025-07-28 08:00:00,新高港超高壓變電所,CO-MAY,3,990.0,868.1366986352394,0
2025-07-28 08:00:00,九曲配電變電所,CO-MAY,3,990.0,865.395612900668,0
2025-07-28 08:00:00,崙背變電所,CO-MAY,3,990.0,817.0167907447216,0
2025-07-28 08:00:00,常德變電所,CO-MAY,3,990.0,661.8163998671162,0
2025-07-28 08:00:00,嶺口二次變電所,CO-MAY,3,990.0,862.4551575715695,0
2025-07-28 08:00:00,龍明配電變電所,CO-MAY,3,990.0,685.4663683917141,0
2025-07-28 08:00:00,新工配電變電所,CO-MAY,3,990.0,722.288767083593,0
2025-07-28 14:00:00,榮成變電所,CO-MAY,3,988.0,708.4560679675646,0
2025-07-28 14:00:00,西螺服務區,CO-MAY,3,988.0,819.2665826605632,0
2025-07-28 14:00:00,中部科學園區,CO-MAY,3,988.0,779.4650321869404,0
2025-07-28 14:00:00,興變電所,CO-MAY,3,988.0,802.8330433231766,0
2025-07-28 14:00:00,中正變電所,CO-MAY,3,988.0,667.1444735577585,0
2025-07-28 14:00:00,成都變電所,CO-MAY,3,988.0,693.9345268473244,0
2025-07-28 14:00:00,新豐配電變電所,CO-MAY,3,988.0,727.3756992417578,0
2025-07-28 14:00:00,內惟配電變電所,CO-MAY,3,988.0,893.6848661045218,0
2025-07-28 14:00:00,永華二次變電所,CO-MAY,3,988.0,882.2625216955689,0
2025-07-28 14:00:00,關西二次變電所,CO-MAY,3,988.0,712.5786529873002,0
2025-07-28 14:00:00,源海二次變電所,CO-MAY,3,988.0,667.1413107998029,0
2025-07-28 14:00:00,四湖配電變電所,CO-MAY,3,988.0,849.0738184084821,0
2025-07-28 14:00:00,新高港超高壓變電所,CO-MAY,3,988.0,888.5893278292214,0
2025-07-28 14:00:00,九曲配電變電所,CO-MAY,3,988.0,883.5001309601706,0
2025-07-28 14:00:00,崙背變電所,CO-MAY,3,988.0,831.6588988473442,0
2025-07-28 14:00:00,常德變電所,CO-MAY,3,988.0,670.6843032764283,0
2025-07-28 14:00:00,嶺口二次變電所,CO-MAY,3,988.0,881.9709209318106,0
2025-07-28 14:00:00,龍明配電變電所,CO-MAY,3,988.0,694.4368356711188,0
2025-07-28 14:00:00,新工配電變電所,CO-MAY,3,988.0,731.9142508188331,0
2025-07-28 20:00:00,榮成變電所,CO-MAY,3,988.0,561.369932142147,0
2025-07-28 20:00:00,西螺服務區,CO-MAY,3,988.0,683.3642660648759,0
2025-07-28 20:00:00,中部科學園區,CO-MAY,3,988.0,639.9847722014468,0
2025-07-28 20:00:00,興變電所,CO-MAY,3,988.0,672.4340450099982,0
2025-07-28 20:00:00,中正變電所,CO-MAY,3,988.0,521.8642333643564,0
2025-07-28 20:00:00,成都變電所,CO-MAY,3,988.0,548.1102798876352,0
2025-07-28 20:00:00,新豐配電變電所,CO-MAY,3,988.0,581.4035826397197,0
2025-07-28 20:00:00,內惟配電變電所,CO-MAY,3,988.0,769.5443713770538,0
2025-07-28 20:00:00,永華二次變電所,CO-MAY,3,988.0,753.9801516985563,0
2025-07-28 20:00:00,關西二次變電所,CO-MAY,3,988.0,568.591157535674,0
2025-07-28 20:00:00,源海二次變電所,CO-MAY,3,988.0,521.8598601096371,0
2025-07-28 20:00:00,四湖配電變電所,CO-MAY,3,988.0,713.6978542473294,0
2025-07-28 20:00:00,新高港超高壓變電所,CO-MAY,3,988.0,766.4353186529752,0
2025-07-28 20:00:00,九曲配電變電所,CO-MAY,3,988.0,755.1412093689643,0
2025-07-28 20:00:00,崙背變電所,CO-MAY,3,988.0,695.6153650211825,0
2025-07-28 20:00:00,常德變電所,CO-MAY,3,988.0,524.9030825251733,0
2025-07-28 20:00:00,嶺口二次變電所,CO-MAY,3,988.0,757.315153037491,0
2025-07-28 20:00:00,龍明配電變電所,CO-MAY,3,988.0,548.6011587960206,0
2025-07-28 20:00:00,新工配電變電所,CO-MAY,3,988.0,586.877850230671,0
2025-07-29 02:00:00,榮成變電所,CO-MAY,3,990.0,450.7019899779483,0
2025-07-29 02:00:00,西螺服務區,CO-MAY,3,990.0,581.1251805852343,0
2025-07-29 02:00:00,中部科學園區,CO-MAY,3,990.0,535.1325080324712,0
2025-07-29 02:00:00,興變電所,CO-MAY,3,990.0,575.0463309347729,0
2025-07-29 02:00:00,中正變電所,CO-MAY,3,990.0,413.18115267037297,0
2025-07-29 02:00:00,成都變電所,CO-MAY,3,990.0,438.66063471682463,0
2025-07-29 02:00:00,新豐配電變電所,CO-MAY,3,990.0,471.52367572103924,0
2025-07-29 02:00:00,內惟配電變電所,CO-MAY,3,990.0,676.2800722115733,0
2025-07-29 02:00:00,永華二次變電所,CO-MAY,3,990.0,657.4222952102646,0
2025-07-29 02:00:00,關西二次變電所,CO-MAY,3,990.0,460.5527100917606,0
2025-07-29 02:00:00,源海二次變電所,CO-MAY,3,990.0,413.1757315840182,0
2025-07-29 02:00:00,四湖配電變電所,CO-MAY,3,990.0,611.6035061603903,0
2025-07-29 02:00:00,新高港超高壓變電所,CO-MAY,3,990.0,674.8736718077273,0
2025-07-29 02:00:00,九曲配電變電所,CO-MAY,3,990.0,658.5067515005394,0
2025-07-29 02:00:00,崙背變電所,CO-MAY,3,990.0,593.1338817106131,0
2025-07-29 02:00:00,常德變電所,CO-MAY,3,990.0,415.73273179289083,0
2025-07-29 02:00:00,嶺口二次變電所,CO-MAY,3,990.0,663.7624445814632,0
2025-07-29 02:00:00,龍明配電變電所,CO-MAY,3,990.0,439.1366341119724,0
2025-07-29 02:00:00,新工配電變電所,CO-MAY,3,990.0,477.7532394013524,0
2025-07-29 08:00:00,榮成變電所,CO-MAY,3,990.0,449.26139737931004,0
2025-07-29 08:00:00,西螺服務區,CO-MAY,3,990.0,590.8297370959403,0
2025-07-29 08:00:00,中部科學園區,CO-MAY,3,990.0,541.8772475508721,0
2025-07-29 08:00:00,興變電所,CO-MAY,3,990.0,590.9669427413256,0
2025-07-29 08:00:00,中正變電所,CO-MAY,3,990.0,416.3720478473991,0
2025-07-29 08:00:00,成都變電所,CO-MAY,3,990.0,439.81365534206674,0
2025-07-29 08:00:00,新豐配電變電所,CO-MAY,3,990.0,471.14360401159286,0
2025-07-29 08:00:00,內惟配電變電所,CO-MAY,3,990.0,695.45278448367,0
2025-07-29 08:00:00,永華二次變電所,CO-MAY,3,990.0,673.1697166792542,0
2025-07-29 08:00:00,關西二次變電所,CO-MAY,3,990.0,463.69773256587047,0
2025-07-29 08:00:00,源海二次變電所,CO-MAY,3,990.0,416.3649138435482,0
2025-07-29 08:00:00,四湖配電變電所,CO-MAY,3,990.0,621.0668210052479,0
2025-07-29 08:00:00,新高港超高壓變電所,CO-MAY,3,990.0,695.8468410836533,0
2025-07-29 08:00:00,九曲配電變電所,CO-MAY,3,990.0,674.1525944271959,0
2025-07-29 08:00:00,崙背變電所,CO-MAY,3,990.0,602.332397916539,0
2025-07-29 08:00:00,常德變電所,CO-MAY,3,990.0,417.97884802141095,0
2025-07-29 08:00:00,嶺口二次變電所,CO-MAY,3,990.0,682.7751347475851,0
2025-07-29 08:00:00,龍明配電變電所,CO-MAY,3,990.0,440.25084689629216,0
2025-07-29 08:00:00,新工配電變電所,CO-MAY,3,990.0,478.62863586142385,0
2025-07-29 14:00:00,榮成變電所,CO-MAY,3,990.0,449.1560344805162,0
2025-07-29 14:00:00,西螺服務區,CO-MAY,3,990.0,600.5179891641155,0
2025-07-29 14:00:00,中部科學園區,CO-MAY,3,990.0,549.0774677966765,0
2025-07-29 14:00:00,興變電所,CO-MAY,3,990.0,608.8226252426063,0
2025-07-29 14:00:00,中正變電所,CO-MAY,3,990.0,424.0598812205359,0
2025-07-29 14:00:00,成都變電所,CO-MAY,3,990.0,443.6148382019525,0
2025-07-29 14:00:00,新豐配電變電所,CO-MAY,3,990.0,471.4812368785668,0
2025-07-29 14:00:00,內惟配電變電所,CO-MAY,3,990.0,715.3013251293811,0
2025-07-29 14:00:00,永華二次變電所,CO-MAY,3,990.0,688.9296372191465,0
2025-07-29 14:00:00,關西二次變電所,CO-MAY,3,990.0,469.0431057232134,0
2025-07-29 14:00:00,源海二次變電所,CO-MAY,3,990.0,424.0508751474742,0
2025-07-29 14:00:00,四湖配電變電所,CO-MAY,3,990.0,629.6706536598133,0
2025-07-29 14:00:00,新高港超高壓變電所,CO-MAY,3,990.0,718.0601624593817,0
2025-07-29 14:00:00,九曲配電變電所,CO-MAY,3,990.0,689.7587664252105,0
2025-07-29 14:00:00,崙背變電所,CO-MAY,3,990.0,611.051742408145,0
2025-07-29 14:00:00,常德變電所,CO-MAY,3,990.0,424.33596882024733,0
2025-07-29 14:00:00,嶺口二次變電所,CO-MAY,3,990.0,702.6511068557687,0
2025-07-29 14:00:00,龍明配電變電所,CO-MAY,3,990.0,443.97935770051896,0
2025-07-29 14:00:00,新工配電變電所,CO-MAY,3,990.0,480.32867964203103,0
2025-07-29 20:00:00,榮成變電所,CO-MAY,3,990.0,464.0508268056798,0
2025-07-29 20:00:00,西螺服務區,CO-MAY,3,990.0,618.5982911754263,0
2025-07-29 20:00:00,中部科學園區,CO-MAY,3,990.0,566.4371707815097,0
2025-07-29 20:00:00,興變電所,CO-MAY,3,990.0,632.2541880643745,0
2025-07-29 20:00:00,中正變電所,CO-MAY,3,990.0,445.0485709056494,0
2025-07-29 20:00:00,成都變電所,CO-MAY,3,990.0,461.3546747537716,0
2025-07-29 20:00:00,新豐配電變電所,CO-MAY,3,990.0,486.01844787999823,0
2025-07-29 20:00:00,內惟配電變電所,CO-MAY,3,990.0,738.5969194553845,0
2025-07-29 20:00:00,永華二次變電所,CO-MAY,3,990.0,709.8014408912912,0
2025-07-29 20:00:00,關西二次變電所,CO-MAY,3,990.0,487.07370233305875,0
2025-07-29 20:00:00,源海二次變電所,CO-MAY,3,990.0,445.0386218681227,0
2025-07-29 20:00:00,四湖配電變電所,CO-MAY,3,990.0,646.530093082943,0
2025-07-29 20:00:00,新高港超高壓變電所,CO-MAY,3,990.0,742.903128428309,0
2025-07-29 20:00:00,九曲配電變電所,CO-MAY,3,990.0,710.5161308936567,0
2025-07-29 20:00:00,崙背變電所,CO-MAY,3,990.0,628.2931480963019,0
2025-07-29 20:00:00,常德變電所,CO-MAY,3,990.0,444.4271516171115,0
2025-07-29 20:00:00,嶺口二次變電所,CO-MAY,3,990.0,726.1160328101588,0
2025-07-29 20:00:00,龍明配電變電所,CO-MAY,3,990.0,461.6584228139204,0
2025-07-29 20:00:00,新工配電變電所,CO-MAY,3,990.0,495.5585822720095,0
2025-07-30 02:00:00,榮成變電所,CO-MAY,3,980.0,551.8357724634425,0
2025-07-30 02:00:00,西螺服務區,CO-MAY,3,980.0,706.3013251257822,0
2025-07-30 02:00:00,中部科學園區,CO-MAY,3,980.0,654.3609556676723,0
2025-07-30 02:00:00,興變電所,CO-MAY,3,980.0,726.2830739981582,0
2025-07-30 02:00:00,中正變電所,CO-MAY,3,980.0,540.6100084737768,0
2025-07-30 02:00:00,成都變電所,CO-MAY,3,980.0,552.6399662089573,0
2025-07-30 02:00:00,新豐配電變電所,CO-MAY,3,980.0,572.6387125294412,0
2025-07-30 02:00:00,內惟配電變電所,CO-MAY,3,980.0,830.8787001635995,0
2025-07-30 02:00:00,永華二次變電所,CO-MAY,3,980.0,799.4576309531368,0
2025-07-30 02:00:00,關西二次變電所,CO-MAY,3,980.0,577.9046205959748,0
2025-07-30 02:00:00,源海二次變電所,CO-MAY,3,980.0,540.5993160388084,0
2025-07-30 02:00:00,四湖配電變電所,CO-MAY,3,980.0,732.1412279452944,0
2025-07-30 02:00:00,新高港超高壓變電所,CO-MAY,3,980.0,837.0322474302982,0
2025-07-30 02:00:00,九曲配電變電所,CO-MAY,3,980.0,800.0177399972372,0
2025-07-30 02:00:00,崙背變電所,CO-MAY,3,980.0,714.7431556821424,0
2025-07-30 02:00:00,常德變電所,CO-MAY,3,980.0,538.9920591325539,0
2025-07-30 02:00:00,嶺口二次變電所,CO-MAY,3,980.0,818.7715863779899,0
2025-07-30 02:00:00,龍明配電變電所,CO-MAY,3,980.0,552.862084623404,0
2025-07-30 02:00:00,新工配電變電所,CO-MAY,3,980.0,582.7364424696694,0
2025-07-30 08:00:00,榮成變電所,CO-MAY,3,980.0,585.5840094629013,0
2025-07-30 08:00:00,西螺服務區,CO-MAY,3,980.0,737.0724869191292,0
2025-07-30 08:00:00,中部科學園區,CO-MAY,3,980.0,686.1326799479106,0
2025-07-30 08:00:00,興變電所,CO-MAY,3,980.0,761.6944991668228,0
2025-07-30 08:00:00,中正變電所,CO-MAY,3,980.0,580.4026530113176,0
2025-07-30 08:00:00,成都變電所,CO-MAY,3,980.0,588.9555209505397,0
2025-07-30 08:00:00,新豐配電變電所,CO-MAY,3,980.0,605.0481571330818,0
2025-07-30 08:00:00,內惟配電變電所,CO-MAY,3,980.0,863.6796640462779,0
2025-07-30 08:00:00,永華二次變電所,CO-MAY,3,980.0,830.5220922345849,0
2025-07-30 08:00:00,關西二次變電所,CO-MAY,3,980.0,613.325454445893,0
2025-07-30 08:00:00,源海二次變電所,CO-MAY,3,980.0,580.3916404980349,0
2025-07-30 08:00:00,四湖配電變電所,CO-MAY,3,980.0,760.9387632637208,0
2025-07-30 08:00:00,新高港超高壓變電所,CO-MAY,3,980.0,871.2555392239352,0
2025-07-30 08:00:00,九曲配電變電所,CO-MAY,3,980.0,830.9544589974183,0
2025-07-30 08:00:00,崙背變電所,CO-MAY,3,980.0,744.4321743208072,0
2025-07-30 08:00:00,常德變電所,CO-MAY,3,980.0,578.0714170641105,0
2025-07-30 08:00:00,嶺口二次變電所,CO-MAY,3,980.0,851.9983197306426,0
2025-07-30 08:00:00,龍明配電變電所,CO-MAY,3,980.0,589.1118320724772,0
2025-07-30 08:00:00,新工配電變電所,CO-MAY,3,980.0,615.3341465524996,0
2025-07-30 14:00:00,榮成變電所,CO-MAY,3,980.0,642.1935334190201,0
2025-07-30 14:00:00,西螺服務區,CO-MAY,3,980.0,789.5561391145097,0
2025-07-30 14:00:00,中部科學園區,CO-MAY,3,980.0,739.9470160423068,0
2025-07-30 14:00:00,興變電所,CO-MAY,3,980.0,817.7163985887605,0
2025-07-30 14:00:00,中正變電所,CO-MAY,3,980.0,641.6857649503748,0
2025-07-30 14:00:00,成都變電所,CO-MAY,3,980.0,647.4989118343155,0
2025-07-30 14:00:00,新豐配電變電所,CO-MAY,3,980.0,660.345146048939,0
2025-07-30 14:00:00,內惟配電變電所,CO-MAY,3,980.0,916.7987995377833,0
2025-07-30 14:00:00,永華二次變電所,CO-MAY,3,980.0,882.4458533557333,0
2025-07-30 14:00:00,關西二次變電所,CO-MAY,3,980.0,670.8681576845669,0
2025-07-30 14:00:00,源海二次變電所,CO-MAY,3,980.0,641.6746522620963,0
2025-07-30 14:00:00,四湖配電變電所,CO-MAY,3,980.0,811.570135856561,0
2025-07-30 14:00:00,新高港超高壓變電所,CO-MAY,3,980.0,925.494390449888,0
2025-07-30 14:00:00,九曲配電變電所,CO-MAY,3,980.0,882.7689351720256,0
2025-07-30 14:00:00,崙背變電所,CO-MAY,3,980.0,795.9567239556858,0
2025-07-30 14:00:00,常德變電所,CO-MAY,3,980.0,638.8504687344742,0
2025-07-30 14:00:00,嶺口二次變電所,CO-MAY,3,980.0,905.5502362768799,0
2025-07-30 14:00:00,龍明配電變電所,CO-MAY,3,980.0,647.6027834477239,0
2025-07-30 14:00:00,新工配電變電所,CO-MAY,3,980.0,670.6438732455479,0
2025-07-30 20:00:00,榮成變電所,CO-MAY,3,980.0,661.0812243321589,0
2025-07-30 20:00:00,西螺服務區,CO-MAY,3,980.0,803.1807506330471,0
2025-07-30 20:00:00,中部科學園區,CO-MAY,3,980.0,755.2303203351381,0
2025-07-30 20:00:00,興變電所,CO-MAY,3,980.0,834.4877291253333,0
2025-07-30 20:00:00,中正變電所,CO-MAY,3,980.0,665.0795903929488,0
2025-07-30 20:00:00,成都變電所,CO-MAY,3,980.0,668.1722106293087,0
2025-07-30 20:00:00,新豐配電變電所,CO-MAY,3,980.0,677.7954897535203,0
2025-07-30 20:00:00,內惟配電變電所,CO-MAY,3,980.0,930.1655834296539,0
2025-07-30 20:00:00,永華二次變電所,CO-MAY,3,980.0,894.8926751947595,0
2025-07-30 20:00:00,關西二次變電所,CO-MAY,3,980.0,690.338435781973,0
2025-07-30 20:00:00,源海二次變電所,CO-MAY,3,980.0,665.0684957500911,0
2025-07-30 20:00:00,四湖配電變電所,CO-MAY,3,980.0,823.3010407216652,0
2025-07-30 20:00:00,新高港超高壓變電所,CO-MAY,3,980.0,939.8780129147914,0
2025-07-30 20:00:00,九曲配電變電所,CO-MAY,3,980.0,895.111168208004,0
2025-07-30 20:00:00,崙背變電所,CO-MAY,3,980.0,808.6364145899453,0
2025-07-30 20:00:00,常德變電所,CO-MAY,3,980.0,661.7809398727954,0
2025-07-30 20:00:00,嶺口二次變電所,CO-MAY,3,980.0,919.3937923111141,0
2025-07-30 20:00:00,龍明配電變電所,CO-MAY,3,980.0,668.2246066725719,0
2025-07-30 20:00:00,新工配電變電所,CO-MAY,3,980.0,687.9970437589745,0
2025-07-31 02:00:00,榮成變電所,CO-MAY,3,985.0,701.7450054740659,0
2025-07-31 02:00:00,西螺服務區,CO-MAY,3,985.0,834.8866958790067,0
2025-07-31 02:00:00,中部科學園區,CO-MAY,3,985.0,789.7627636706615,0
2025-07-31 02:00:00,興變電所,CO-MAY,3,985.0,870.0613759881114,0
2025-07-31 02:00:00,中正變電所,CO-MAY,3,985.0,711.4941557924568,0
2025-07-31 02:00:00,成都變電所,CO-MAY,3,985.0,711.0390678966864,0
2025-07-31 02:00:00,新豐配電變電所,CO-MAY,3,985.0,716.3140105519066,0
2025-07-31 02:00:00,內惟配電變電所,CO-MAY,3,985.0,960.2003250662767,0
2025-07-31 02:00:00,永華二次變電所,CO-MAY,3,985.0,924.0086813739374,0
2025-07-31 02:00:00,關西二次變電所,CO-MAY,3,985.0,731.3050240462817,0
2025-07-31 02:00:00,源海二次變電所,CO-MAY,3,985.0,711.4832521391651,0
2025-07-31 02:00:00,四湖配電變電所,CO-MAY,3,985.0,852.2090770509153,0
2025-07-31 02:00:00,新高港超高壓變電所,CO-MAY,3,985.0,971.2077146485848,0
2025-07-31 02:00:00,九曲配電變電所,CO-MAY,3,985.0,924.0826502250565,0
2025-07-31 02:00:00,崙背變電所,CO-MAY,3,985.0,839.0021368336727,0
2025-07-31 02:00:00,常德變電所,CO-MAY,3,985.0,707.6525323434441,0
2025-07-31 02:00:00,嶺口二次變電所,CO-MAY,3,985.0,950.1749708382363,0
2025-07-31 02:00:00,龍明配電變電所,CO-MAY,3,985.0,711.0240572278799,0
2025-07-31 02:00:00,新工配電變電所,CO-MAY,3,985.0,726.228853747731,0
2025-07-31 08:00:00,榮成變電所,CO-MAY,2,990.0,734.2358791843777,0
2025-07-31 08:00:00,西螺服務區,CO-MAY,2,990.0,861.6061589411595,0
2025-07-31 08:00:00,中部科學園區,CO-MAY,2,990.0,818.3215383061761,0
2025-07-31 08:00:00,興變電所,CO-MAY,2,990.0,898.7256595088226,0
2025-07-31 08:00:00,中正變電所,CO-MAY,2,990.0,746.9609905996734,0
2025-07-31 08:00:00,成都變電所,CO-MAY,2,990.0,744.6343876886375,0
2025-07-31 08:00:00,新豐配電變電所,CO-MAY,2,990.0,747.5466732102134,0
2025-07-31 08:00:00,內惟配電變電所,CO-MAY,2,990.0,985.330783748959,0
2025-07-31 08:00:00,永華二次變電所,CO-MAY,2,990.0,948.7952138679136,0
2025-07-31 08:00:00,關西二次變電所,CO-MAY,2,990.0,763.7441426862896,0
2025-07-31 08:00:00,源海二次變電所,CO-MAY,2,990.0,746.9502616532895,0
2025-07-31 08:00:00,四湖配電變電所,CO-MAY,2,990.0,877.2662955657679,0
2025-07-31 08:00:00,新高港超高壓變電所,CO-MAY,2,990.0,997.0168992824831,0
2025-07-31 08:00:00,九曲配電變電所,CO-MAY,2,990.0,948.7874580584676,0
2025-07-31 08:00:00,崙背變電所,CO-MAY,2,990.0,864.9515011510314,0
2025-07-31 08:00:00,常德變電所,CO-MAY,2,990.0,742.8601567153107,0
2025-07-31 08:00:00,嶺口二次變電所,CO-MAY,2,990.0,975.7717007700048,0
2025-07-31 08:00:00,龍明配電變電所,CO-MAY,2,990.0,744.5836849316187,0
2025-07-31 08:00:00,新工配電變電所,CO-MAY,2,990.0,757.2343649890396,0
2025-07-31 14:00:00,榮成變電所,CO-MAY,2,992.0,775.8443737526815,0
2025-07-31 14:00:00,西螺服務區,CO-MAY,2,992.0,899.7696280220475,0
2025-07-31 14:00:00,中部科學園區,CO-MAY,2,992.0,857.6194591972888,0
2025-07-31 14:00:00,興變電所,CO-MAY,2,992.0,937.9365233384293,0
2025-07-31 14:00:00,中正變電所,CO-MAY,2,992.0,790.0706022870975,0
2025-07-31 14:00:00,成都變電所,CO-MAY,2,992.0,786.7968805874633,0
2025-07-31 14:00:00,新豐配電變電所,CO-MAY,2,992.0,788.4596830844343,0
2025-07-31 14:00:00,內惟配電變電所,CO-MAY,2,992.0,1022.3443913214912,0
2025-07-31 14:00:00,永華二次變電所,CO-MAY,2,992.0,985.6634938843382,0
2025-07-31 14:00:00,關西二次變電所,CO-MAY,2,992.0,805.2658894329522,0
2025-07-31 14:00:00,源海二次變電所,CO-MAY,2,992.0,790.0599795844333,0
2025-07-31 14:00:00,四湖配電變電所,CO-MAY,2,992.0,914.4267238580605,0
2025-07-31 14:00:00,新高港超高壓變電所,CO-MAY,2,992.0,1034.4161163211097,0
2025-07-31 14:00:00,九曲配電變電所,CO-MAY,2,992.0,985.6069184402609,0
2025-07-31 14:00:00,崙背變電所,CO-MAY,2,992.0,902.6606178213725,0
2025-07-31 14:00:00,常德變電所,CO-MAY,2,992.0,785.8471523172676,0
2025-07-31 14:00:00,嶺口二次變電所,CO-MAY,2,992.0,1013.0777870731612,0
2025-07-31 14:00:00,龍明配電變電所,CO-MAY,2,992.0,786.727840085199,0
2025-07-31 14:00:00,新工配電變電所,CO-MAY,2,992.0,798.0047960302203,0
2025-07-31 20:00:00,榮成變電所,CO-MAY,2,994.0,796.0837168976783,0
2025-07-31 20:00:00,西螺服務區,CO-MAY,2,994.0,912.5596934101334,0
2025-07-31 20:00:00,中部科學園區,CO-MAY,2,994.0,872.780387299802,0
2025-07-31 20:00:00,興變電所,CO-MAY,2,994.0,952.6164609916646,0
2025-07-31 20:00:00,中正變電所,CO-MAY,2,994.0,813.5256480591224,0
2025-07-31 20:00:00,成都變電所,CO-MAY,2,994.0,808.1719431594142,0
2025-07-31 20:00:00,新豐配電變電所,CO-MAY,2,994.0,807.1847124326328,0
2025-07-31 20:00:00,內惟配電變電所,CO-MAY,2,994.0,1032.5360244850942,0
2025-07-31 20:00:00,永華二次變電所,CO-MAY,2,994.0,995.7047414652767,0
2025-07-31 20:00:00,關西二次變電所,CO-MAY,2,994.0,825.186637003604,0
2025-07-31 20:00:00,源海二次變電所,CO-MAY,2,994.0,813.5153111882989,0
2025-07-31 20:00:00,四湖配電變電所,CO-MAY,2,994.0,925.2688189026021,0
2025-07-31 20:00:00,新高港超高壓變電所,CO-MAY,2,994.0,1045.2919442693812,0
2025-07-31 20:00:00,九曲配電變電所,CO-MAY,2,994.0,995.5579920874969,0
2025-07-31 20:00:00,崙背變電所,CO-MAY,2,994.0,914.576880909352,0
2025-07-31 20:00:00,常德變電所,CO-MAY,2,994.0,809.0444281362436,0
2025-07-31 20:00:00,嶺口二次變電所,CO-MAY,2,994.0,1023.8450425517568,0
2025-07-31 20:00:00,龍明配電變電所,CO-MAY,2,994.0,808.063500663084,0
2025-07-31 20:00:00,新工配電變電所,CO-MAY,2,994.0,816.3912611591724,0
2025-08-01 02:00:00,榮成變電所,CO-MAY,2,994.0,825.5639558841078,0
2025-08-01 02:00:00,西螺服務區,CO-MAY,2,994.0,933.1827352006488,0
2025-08-01 02:00:00,中部科學園區,CO-MAY,2,994.0,896.247518200224,0
2025-08-01 02:00:00,興變電所,CO-MAY,2,994.0,975.088938007277,0
2025-08-01 02:00:00,中正變電所,CO-MAY,2,994.0,846.3200337205367,0
2025-08-01 02:00:00,成都變電所,CO-MAY,2,994.0,838.783303023701,0
2025-08-01 02:00:00,新豐配電變電所,CO-MAY,2,994.0,834.9588281597256,0
2025-08-01 02:00:00,內惟配電變電所,CO-MAY,2,994.0,1049.642371819266,0
2025-08-01 02:00:00,永華二次變電所,CO-MAY,2,994.0,1012.826954366185,0
2025-08-01 02:00:00,關西二次變電所,CO-MAY,2,994.0,854.1229737137143,0
2025-08-01 02:00:00,源海二次變電所,CO-MAY,2,994.0,846.3100689628154,0
2025-08-01 02:00:00,四湖配電變電所,CO-MAY,2,994.0,943.6672654097018,0
2025-08-01 02:00:00,新高港超高壓變電所,CO-MAY,2,994.0,1063.098375733945,0
2025-08-01 02:00:00,九曲配電變電所,CO-MAY,2,994.0,1012.5807695194246,0
2025-08-01 02:00:00,崙背變電所,CO-MAY,2,994.0,934.2252814084788,0
2025-08-01 02:00:00,常德變電所,CO-MAY,2,994.0,841.594138040863,0
2025-08-01 02:00:00,嶺口二次變電所,CO-MAY,2,994.0,1041.6328751316967,0
2025-08-01 02:00:00,龍明配電變電所,CO-MAY,2,994.0,838.6334614736186,0
2025-08-01 02:00:00,新工配電變電所,CO-MAY,2,994.0,843.7355447117624,0
2025-08-01 08:00:00,榮成變電所,CO-MAY,2,996.0,839.6820231605001,0
2025-08-01 08:00:00,西螺服務區,CO-MAY,2,996.0,946.721061189761,0
2025-08-01 08:00:00,中部科學園區,CO-MAY,2,996.0,909.9940987909567,0
2025-08-01 08:00:00,興變電所,CO-MAY,2,996.0,988.7501029304487,0
2025-08-01 08:00:00,中正變電所,CO-MAY,2,996.0,860.5916560167324,0
2025-08-01 08:00:00,成都變電所,CO-MAY,2,996.0,852.9556014792344,0
2025-08-01 08:00:00,新豐配電變電所,CO-MAY,2,996.0,848.9833545741172,0
2025-08-01 08:00:00,內惟配電變電所,CO-MAY,2,996.0,1062.8794903443734,0
2025-08-01 08:00:00,永華二次變電所,CO-MAY,2,996.0,1026.0739187197237,0
2025-08-01 08:00:00,關西二次變電所,CO-MAY,2,996.0,868.2069106666352,0
2025-08-01 08:00:00,源海二次變電所,CO-MAY,2,996.0,860.5817088890471,0
2025-08-01 08:00:00,四湖配電變電所,CO-MAY,2,996.0,957.0339000735706,0
2025-08-01 08:00:00,新高港超高壓變電所,CO-MAY,2,996.0,1076.3895763153,0
2025-08-01 08:00:00,九曲配電變電所,CO-MAY,2,996.0,1025.8196439472144,0
2025-08-01 08:00:00,崙背變電所,CO-MAY,2,996.0,947.6906816394902,0
2025-08-01 08:00:00,常德變電所,CO-MAY,2,996.0,855.8558320724188,0
2025-08-01 08:00:00,嶺口二次變電所,CO-MAY,2,996.0,1054.9272580031295,0
2025-08-01 08:00:00,龍明配電變電所,CO-MAY,2,996.0,852.8037634053497,0
2025-08-01 08:00:00,新工配電變電所,CO-MAY,2,996.0,857.733919990538,0
2025-08-01 14:00:00,榮成變電所,CO-MAY,2,996.0,809.8021242033922,0
2025-08-01 14:00:00,西螺服務區,CO-MAY,2,996.0,915.1764706973275,0
2025-08-01 14:00:00,中部科學園區,CO-MAY,2,996.0,878.9218941192013,0
2025-08-01 14:00:00,興變電所,CO-MAY,2,996.0,957.4645425494817,0
2025-08-01 14:00:00,中正變電所,CO-MAY,2,996.0,831.4239067751158,0
2025-08-01 14:00:00,成都變電所,CO-MAY,2,996.0,823.3037700416149,0
2025-08-01 14:00:00,新豐配電變電所,CO-MAY,2,996.0,818.7469117620541,0
2025-08-01 14:00:00,內惟配電變電所,CO-MAY,2,996.0,1030.800034226331,0
2025-08-01 14:00:00,永華二次變電所,CO-MAY,2,996.0,994.0118127833091,0
2025-08-01 14:00:00,關西二次變電所,CO-MAY,2,996.0,838.1863129030065,0
2025-08-01 14:00:00,源海二次變電所,CO-MAY,2,996.0,831.4140568593851,0
2025-08-01 14:00:00,四湖配電變電所,CO-MAY,2,996.0,925.1699557133571,0
2025-08-01 14:00:00,新高港超高壓變電所,CO-MAY,2,996.0,1044.3926862332457,0
2025-08-01 14:00:00,九曲配電變電所,CO-MAY,2,996.0,993.7453012770028,0
2025-08-01 14:00:00,崙背變電所,CO-MAY,2,996.0,916.0042397234225,0
2025-08-01 14:00:00,常德變電所,CO-MAY,2,996.0,826.6361567046162,0
2025-08-01 14:00:00,嶺口二次變電所,CO-MAY,2,996.0,1022.9368409387783,0
2025-08-01 14:00:00,龍明配電變電所,CO-MAY,2,996.0,823.1430895248945,0
2025-08-01 14:00:00,新工配電變電所,CO-MAY,2,996.0,827.4050399826507,0
2025-08-01 20:00:00,榮成變電所,CO-MAY,2,996.0,815.5489657636298,0
2025-08-01 20:00:00,西螺服務區,CO-MAY,2,996.0,922.6303662130534,0
2025-08-01 20:00:00,中部科學園區,CO-MAY,2,996.0,885.8470591266198,0
2025-08-01 20:00:00,興變電所,CO-MAY,2,996.0,964.6222223017625,0
2025-08-01 20:00:00,中正變電所,CO-MAY,2,996.0,836.5399428276636,0
2025-08-01 20:00:00,成都變電所,CO-MAY,2,996.0,828.8438490847775,0
2025-08-01 20:00:00,新豐配電變電所,CO-MAY,2,996.0,824.8277791835917,0
2025-08-01 20:00:00,內惟配電變電所,CO-MAY,2,996.0,1038.9205014573877,0
2025-08-01 20:00:00,永華二次變電所,CO-MAY,2,996.0,1002.1097288477414,0
2025-08-01 20:00:00,關西二次變電所,CO-MAY,2,996.0,844.0636230623916,0
2025-08-01 20:00:00,源海二次變電所,CO-MAY,2,996.0,836.5300093852479,0
2025-08-01 20:00:00,四湖配電變電所,CO-MAY,2,996.0,933.0119342457842,0
2025-08-01 20:00:00,新高港超高壓變電所,CO-MAY,2,996.0,1052.4035240865942,0
2025-08-01 20:00:00,九曲配電變電所,CO-MAY,2,996.0,1001.8595898657525,0
2025-08-01 20:00:00,崙背變電所,CO-MAY,2,996.0,923.6270076877083,0
2025-08-01 20:00:00,常德變電所,CO-MAY,2,996.0,831.7966874232299,0
2025-08-01 20:00:00,嶺口二次變電所,CO-MAY,2,996.0,1030.9395666705539,0
2025-08-01 20:00:00,龍明配電變電所,CO-MAY,2,996.0,828.6910993903613,0
2025-08-01 20:00:00,新工配電變電所,CO-MAY,2,996.0,833.574795881351,0
2025-08-02 02:00:00,榮成變電所,CO-MAY,2,996.0,848.109043499595,0
2025-08-02 02:00:00,西螺服務區,CO-MAY,2,996.0,959.3857582145016,0
2025-08-02 02:00:00,中部科學園區,CO-MAY,2,996.0,921.330138827139,0
2025-08-02 02:00:00,興變電所,CO-MAY,2,996.0,1000.6167364606089,0
2025-08-02 02:00:00,中正變電所,CO-MAY,2,996.0,867.4138940743211,0
2025-08-02 02:00:00,成都變電所,CO-MAY,2,996.0,860.8474013804423,0
2025-08-02 02:00:00,新豐配電變電所,CO-MAY,2,996.0,858.2391918880325,0
2025-08-02 02:00:00,內惟配電變電所,CO-MAY,2,996.0,1077.2041759180206,0
2025-08-02 02:00:00,永華二次變電所,CO-MAY,2,996.0,1040.361087698343,0
2025-08-02 02:00:00,關西二次變電所,CO-MAY,2,996.0,876.9270873775318,0
2025-08-02 02:00:00,源海二次變電所,CO-MAY,2,996.0,867.4037515055486,0
2025-08-02 02:00:00,四湖配電變電所,CO-MAY,2,996.0,970.6980485692784,0
2025-08-02 02:00:00,新高港超高壓變電所,CO-MAY,2,996.0,1090.4183715922675,0
2025-08-02 02:00:00,九曲配電變電所,CO-MAY,2,996.0,1040.1499665950514,0
2025-08-02 02:00:00,崙背變電所,CO-MAY,2,996.0,960.7920377558024,0
2025-08-02 02:00:00,常德變電所,CO-MAY,2,996.0,862.7951733845105,0
2025-08-02 02:00:00,嶺口二次變電所,CO-MAY,2,996.0,1068.9471794085537,0
2025-08-02 02:00:00,龍明配電變電所,CO-MAY,2,996.0,860.7156230880993,0
2025-08-02 02:00:00,新工配電變電所,CO-MAY,2,996.0,867.2037820930472,0
2025-08-02 08:00:00,榮成變電所,CO-MAY,2,998.0,877.1794354973952,0
2025-08-02 08:00:00,西螺服務區,CO-MAY,2,998.0,997.3845075642552,0
2025-08-02 08:00:00,中部科學園區,CO-MAY,2,998.0,956.5379905532008,0
2025-08-02 08:00:00,興變電所,CO-MAY,2,998.0,1036.6448167739734,0
2025-08-02 08:00:00,中正變電所,CO-MAY,2,998.0,892.7099314038962,0
2025-08-02 08:00:00,成都變電所,CO-MAY,2,998.0,888.6225831294839,0
2025-08-02 08:00:00,新豐配電變電所,CO-MAY,2,998.0,889.1201052995185,0
2025-08-02 08:00:00,內惟配電變電所,CO-MAY,2,998.0,1118.4412113376154,0
2025-08-02 08:00:00,永華二次變電所,CO-MAY,2,998.0,1081.6465873139655,0
2025-08-02 08:00:00,關西二次變電所,CO-MAY,2,998.0,906.4835007134469,0
2025-08-02 08:00:00,源海二次變電所,CO-MAY,2,998.0,892.6994062985118,0
2025-08-02 08:00:00,四湖配電變電所,CO-MAY,2,998.0,1010.8751342779547,0
2025-08-02 08:00:00,新高港超高壓變電所,CO-MAY,2,998.0,1130.9488679827214,0
2025-08-02 08:00:00,九曲配電變電所,CO-MAY,2,998.0,1081.532380772055,0
2025-08-02 08:00:00,崙背變電所,CO-MAY,2,998.0,999.7590504996743,0
2025-08-02 08:00:00,常德變電所,CO-MAY,2,998.0,888.3880825009495,0
2025-08-02 08:00:00,嶺口二次變電所,CO-MAY,2,998.0,1109.5326939405686,0
2025-08-02 08:00:00,龍明配電變電所,CO-MAY,2,998.0,888.5372226884147,0
2025-08-02 08:00:00,新工配電變電所,CO-MAY,2,998.0,898.5132561944164,0
2025-08-02 14:00:00,榮成變電所,CO-MAY,2,996.0,861.953999987371,0
2025-08-02 14:00:00,西螺服務區,CO-MAY,2,996.0,987.7459014473509,0
2025-08-02 14:00:00,中部科學園區,CO-MAY,2,996.0,945.1098264736374,0
2025-08-02 14:00:00,興變電所,CO-MAY,2,996.0,1025.480901925394,0
2025-08-02 14:00:00,中正變電所,CO-MAY,2,996.0,874.941848847646,0
2025-08-02 14:00:00,成都變電所,CO-MAY,2,996.0,872.4876998641477,0
2025-08-02 14:00:00,新豐配電變電所,CO-MAY,2,996.0,875.0440369809297,0
2025-08-02 14:00:00,內惟配電變電所,CO-MAY,2,996.0,1110.7127728859814,0
2025-08-02 14:00:00,永華二次變電所,CO-MAY,2,996.0,1074.067390188624,0
2025-08-02 14:00:00,關西二次變電所,CO-MAY,2,996.0,891.4418857584901,0
2025-08-02 14:00:00,源海二次變電所,CO-MAY,2,996.0,874.931126014038,0
2025-08-02 14:00:00,四湖配電變電所,CO-MAY,2,996.0,1002.7385249365019,0
2025-08-02 14:00:00,新高港超高壓變電所,CO-MAY,2,996.0,1122.6721264971309,0
2025-08-02 14:00:00,九曲配電變電所,CO-MAY,2,996.0,1074.0239057051263,0
2025-08-02 14:00:00,崙背變電所,CO-MAY,2,996.0,990.7982182324872,0
2025-08-02 14:00:00,常德變電所,CO-MAY,2,996.0,870.8321363023972,0
2025-08-02 14:00:00,嶺口二次變電所,CO-MAY,2,996.0,1101.3597325504022,0
2025-08-02 14:00:00,龍明配電變電所,CO-MAY,2,996.0,872.4332267482826,0
2025-08-02 14:00:00,新工配電變電所,CO-MAY,2,996.0,884.6807405562696,0
2025-08-02 20:00:00,榮成變電所,CO-MAY,2,996.0,863.0536933917917,0
2025-08-02 20:00:00,西螺服務區,CO-MAY,2,996.0,993.3981457872244,0
2025-08-02 20:00:00,中部科學園區,CO-MAY,2,996.0,949.3188685306228,0
2025-08-02 20:00:00,興變電所,CO-MAY,2,996.0,1029.7157627712752,0
2025-08-02 20:00:00,中正變電所,CO-MAY,2,996.0,873.7006795882141,0
2025-08-02 20:00:00,成都變電所,CO-MAY,2,996.0,872.7353215879305,0
2025-08-02 20:00:00,新豐配電變電所,CO-MAY,2,996.0,877.127257912741,0
2025-08-02 20:00:00,內惟配電變電所,CO-MAY,2,996.0,1117.7310985874913,0
2025-08-02 20:00:00,永華二次變電所,CO-MAY,2,996.0,1081.2890162727494,0
2025-08-02 20:00:00,關西二次變電所,CO-MAY,2,996.0,892.6117871102191,0
2025-08-02 20:00:00,源海二次變電所,CO-MAY,2,996.0,873.6898107076171,0
2025-08-02 20:00:00,四湖配電變電所,CO-MAY,2,996.0,1009.646282791648,0
2025-08-02 20:00:00,新高港超高壓變電所,CO-MAY,2,996.0,1129.1969925981446,0
2025-08-02 20:00:00,九曲配電變電所,CO-MAY,2,996.0,1081.3060341864395,0
2025-08-02 20:00:00,崙背變電所,CO-MAY,2,996.0,997.0276164647669,0
2025-08-02 20:00:00,常德變電所,CO-MAY,2,996.0,869.7974428787636,0
2025-08-02 20:00:00,嶺口二次變電所,CO-MAY,2,996.0,1108.0162145308645,0
2025-08-02 20:00:00,龍明配電變電所,CO-MAY,2,996.0,872.7088745974637,0
2025-08-02 20:00:00,新工配電變電所,CO-MAY,2,996.0,886.9497327736981,0
2025-08-03 02:00:00,榮成變電所,CO-MAY,2,996.0,931.4338515604398,0
2025-08-03 02:00:00,西螺服務區,CO-MAY,2,996.0,1067.739039463271,0
2025-08-03 02:00:00,中部科學園區,CO-MAY,2,996.0,1021.8090137969305,0
2025-08-03 02:00:00,興變電所,CO-MAY,2,996.0,1101.9095021819317,0
2025-08-03 02:00:00,中正變電所,CO-MAY,2,996.0,938.4211782601717,0
2025-08-03 02:00:00,成都變電所,CO-MAY,2,996.0,939.7679598247819,0
2025-08-03 02:00:00,新豐配電變電所,CO-MAY,2,996.0,946.8911698859648,0
2025-08-03 02:00:00,內惟配電變電所,CO-MAY,2,996.0,1193.5337484975578,0
2025-08-03 02:00:00,永華二次變電所,CO-MAY,2,996.0,1157.4812563483113,0
2025-08-03 02:00:00,關西二次變電所,CO-MAY,2,996.0,960.9291154226229,0
2025-08-03 02:00:00,源海二次變電所,CO-MAY,2,996.0,938.4101468522717,0
2025-08-03 02:00:00,四湖配電變電所,CO-MAY,2,996.0,1085.6540441790482,0
2025-08-03 02:00:00,新高港超高壓變電所,CO-MAY,2,996.0,1204.285458089644,0
2025-08-03 02:00:00,九曲配電變電所,CO-MAY,2,996.0,1157.5804582360404,0
2025-08-03 02:00:00,崙背變電所,CO-MAY,2,996.0,1072.1539174956513,0
2025-08-03 02:00:00,常德變電所,CO-MAY,2,996.0,934.8656222710093,0
2025-08-03 02:00:00,嶺口二次變電所,CO-MAY,2,996.0,1183.3509719538174,0
2025-08-03 02:00:00,龍明配電變電所,CO-MAY,2,996.0,939.7844693594708,0
2025-08-03 02:00:00,新工配電變電所,CO-MAY,2,996.0,956.933786681984,0
2025-08-03 08:00:00,榮成變電所,CO-MAY,2,996.0,1028.0956628106455,0
2025-08-03 08:00:00,西螺服務區,CO-MAY,2,996.0,1168.836108995971,0
2025-08-03 08:00:00,中部科學園區,CO-MAY,2,996.0,1121.5216036041838,0
2025-08-03 08:00:00,興變電所,CO-MAY,2,996.0,1201.0621237109003,0
2025-08-03 08:00:00,中正變電所,CO-MAY,2,996.0,1031.8953077387146,0
2025-08-03 08:00:00,成都變電所,CO-MAY,2,996.0,1035.2314349467692,0
2025-08-03 08:00:00,新豐配電變電所,CO-MAY,2,996.0,1044.644131897792,0
2025-08-03 08:00:00,內惟配電變電所,CO-MAY,2,996.0,1295.4760298708088,0
2025-08-03 08:00:00,永華二次變電所,CO-MAY,2,996.0,1259.8524121596224,0
2025-08-03 08:00:00,關西二次變電所,CO-MAY,2,996.0,1057.3778199942637,0
2025-08-03 08:00:00,源海二次變電所,CO-MAY,2,996.0,1031.8842024627234,0
2025-08-03 08:00:00,四湖配電變電所,CO-MAY,2,996.0,1188.086175998453,0
2025-08-03 08:00:00,新高港超高壓變電所,CO-MAY,2,996.0,1305.5907370611967,0
2025-08-03 08:00:00,九曲配電變電所,CO-MAY,2,996.0,1260.0204759467683,0
2025-08-03 08:00:00,崙背變電所,CO-MAY,2,996.0,1173.8943910708906,0
2025-08-03 08:00:00,常德變電所,CO-MAY,2,996.0,1028.6632311831954,0
2025-08-03 08:00:00,嶺口二次變電所,CO-MAY,2,996.0,1284.9241858727626,0
2025-08-03 08:00:00,龍明配電變電所,CO-MAY,2,996.0,1035.284722952398,0
2025-08-03 08:00:00,新工配電變電所,CO-MAY,2,996.0,1054.821976262111,0
2025-08-03 14:00:00,榮成變電所,CO-MAY,2,996.0,1091.5679044053356,0
2025-08-03 14:00:00,西螺服務區,CO-MAY,2,996.0,1238.9855435239954,0
2025-08-03 14:00:00,中部科學園區,CO-MAY,2,996.0,1189.4975205730755,0
2025-08-03 14:00:00,興變電所,CO-MAY,2,996.0,1267.2340380920198,0
2025-08-03 14:00:00,中正變電所,CO-MAY,2,996.0,1089.7629084763405,0
2025-08-03 14:00:00,成都變電所,CO-MAY,2,996.0,1096.5006712812312,0
2025-08-03 14:00:00,新豐配電變電所,CO-MAY,2,996.0,1109.8653994331646,0
2025-08-03 14:00:00,內惟配電變電所,CO-MAY,2,996.0,1366.2414595416337,0
2025-08-03 14:00:00,永華二次變電所,CO-MAY,2,996.0,1331.7324150337552,0
2025-08-03 14:00:00,關西二次變電所,CO-MAY,2,996.0,1120.1116348590467,0
2025-08-03 14:00:00,源海二次變電所,CO-MAY,2,996.0,1089.7518234611925,0
2025-08-03 14:00:00,四湖配電變電所,CO-MAY,2,996.0,1260.664604411711,0
2025-08-03 14:00:00,新高港超高壓變電所,CO-MAY,2,996.0,1375.0310677958778,0
2025-08-03 14:00:00,九曲配電變電所,CO-MAY,2,996.0,1332.035803131982,0
2025-08-03 14:00:00,崙背變電所,CO-MAY,2,996.0,1245.2422236706514,0
2025-08-03 14:00:00,常德變電所,CO-MAY,2,996.0,1087.1284174226425,0
2025-08-03 14:00:00,嶺口二次變電所,CO-MAY,2,996.0,1355.041909591914,0
2025-08-03 14:00:00,龍明配電變電所,CO-MAY,2,996.0,1096.617710513857,0
2025-08-03 14:00:00,新工配電變電所,CO-MAY,2,996.0,1120.1669292663896,0
2025-07-31 02:00:00,榮成變電所,BAILU,2,996.0,856.0124194662666,0
2025-07-31 02:00:00,西螺服務區,BAILU,2,996.0,952.9051018635735,0
2025-07-31 02:00:00,中部科學園區,BAILU,2,996.0,917.593958714357,0
2025-07-31 02:00:00,興變電所,BAILU,2,996.0,930.8415506852199,0
2025-07-31 02:00:00,中正變電所,BAILU,2,996.0,813.2674515729886,0
2025-07-31 02:00:00,成都變電所,BAILU,2,996.0,840.2659585032198,0
2025-07-31 02:00:00,新豐配電變電所,BAILU,2,996.0,873.4281349136777,0
2025-07-31 02:00:00,內惟配電變電所,BAILU,2,996.0,1013.4788123575792,0
2025-07-31 02:00:00,永華二次變電所,BAILU,2,996.0,1006.6861134884637,0
2025-07-31 02:00:00,關西二次變電所,BAILU,2,996.0,856.6179391394633,0
2025-07-31 02:00:00,源海二次變電所,BAILU,2,996.0,813.2656513296544,0
2025-07-31 02:00:00,四湖配電變電所,BAILU,2,996.0,981.7038977506445,0
2025-07-31 02:00:00,新高港超高壓變電所,BAILU,2,996.0,1006.3546122964184,0
2025-07-31 02:00:00,九曲配電變電所,BAILU,2,996.0,1007.9868126062254,0
2025-07-31 02:00:00,崙背變電所,BAILU,2,996.0,965.2699949933465,0
2025-07-31 02:00:00,常德變電所,BAILU,2,996.0,817.3005332058357,0
2025-07-31 02:00:00,嶺口二次變電所,BAILU,2,996.0,1002.5121086319945,0
2025-07-31 02:00:00,龍明配電變電所,BAILU,2,996.0,840.7739921742805,0
2025-07-31 02:00:00,新工配電變電所,BAILU,2,996.0,876.8530496298154,0
2025-07-31 08:00:00,榮成變電所,BAILU,2,996.0,875.0206446036115,0
2025-07-31 08:00:00,西螺服務區,BAILU,2,996.0,970.0400351873069,0
2025-07-31 08:00:00,中部科學園區,BAILU,2,996.0,935.3391694452195,0
2025-07-31 08:00:00,興變電所,BAILU,2,996.0,947.2888763403481,0
2025-07-31 08:00:00,中正變電所,BAILU,2,996.0,832.1386714019517,0
2025-07-31 08:00:00,成都變電所,BAILU,2,996.0,859.134347890573,0
2025-07-31 08:00:00,新豐配電變電所,BAILU,2,996.0,892.2276666163111,0
2025-07-31 08:00:00,內惟配電變電所,BAILU,2,996.0,1028.778263146372,0
2025-07-31 08:00:00,永華二次變電所,BAILU,2,996.0,1022.584519638926,0
2025-07-31 08:00:00,關西二次變電所,BAILU,2,996.0,875.1788523096225,0
2025-07-31 08:00:00,源海二次變電所,BAILU,2,996.0,832.137044427257,0
2025-07-31 08:00:00,四湖配電變電所,BAILU,2,996.0,998.6786948794671,0
2025-07-31 08:00:00,新高港超高壓變電所,BAILU,2,996.0,1021.4045468424038,0
2025-07-31 08:00:00,九曲配電變電所,BAILU,2,996.0,1023.8917473998846,0
2025-07-31 08:00:00,崙背變電所,BAILU,2,996.0,982.3878399515227,0
2025-07-31 08:00:00,常德變電所,BAILU,2,996.0,836.2293643173167,0
2025-07-31 08:00:00,嶺口二次變電所,BAILU,2,996.0,1017.9205074751718,0
2025-07-31 08:00:00,龍明配電變電所,BAILU,2,996.0,859.6425777990808,0
2025-07-31 08:00:00,新工配電變電所,BAILU,2,996.0,895.5072355058387,0
2025-07-31 14:00:00,榮成變電所,BAILU,2,996.0,954.9608414110155,0
2025-07-31 14:00:00,西螺服務區,BAILU,2,996.0,1032.739786203312,0
2025-07-31 14:00:00,中部科學園區,BAILU,2,996.0,1003.5457616920107,0
2025-07-31 14:00:00,興變電所,BAILU,2,996.0,1004.5534103027169,0
2025-07-31 14:00:00,中正變電所,BAILU,2,996.0,911.2956176886262,0
2025-07-31 14:00:00,成都變電所,BAILU,2,996.0,937.9728081087193,0
2025-07-31 14:00:00,新豐配電變電所,BAILU,2,996.0,970.1078302575957,0
2025-07-31 14:00:00,內惟配電變電所,BAILU,2,996.0,1076.0105266443904,0
2025-07-31 14:00:00,永華二次變電所,BAILU,2,996.0,1074.6438484160299,0
2025-07-31 14:00:00,關西二次變電所,BAILU,2,996.0,951.1029970926895,0
2025-07-31 14:00:00,源海二次變電所,BAILU,2,996.0,911.2955631068439,0
2025-07-31 14:00:00,四湖配電變電所,BAILU,2,996.0,1059.7657834138001,0
2025-07-31 14:00:00,新高港超高壓變電所,BAILU,2,996.0,1066.7498395296484,0
2025-07-31 14:00:00,九曲配電變電所,BAILU,2,996.0,1075.9909127145706,0
2025-07-31 14:00:00,崙背變電所,BAILU,2,996.0,1044.8243758100723,0
2025-07-31 14:00:00,常德變電所,BAILU,2,996.0,915.8587797885151,0
2025-07-31 14:00:00,嶺口二次變電所,BAILU,2,996.0,1066.120966961746,0
2025-07-31 14:00:00,龍明配電變電所,BAILU,2,996.0,938.4774461359232,0
2025-07-31 14:00:00,新工配電變電所,BAILU,2,996.0,972.0520432790017,0
2025-07-31 20:00:00,榮成變電所,BAILU,2,996.0,1068.4573447643265,0
2025-07-31 20:00:00,西螺服務區,BAILU,2,996.0,1142.1362367489432,0
2025-07-31 20:00:00,中部科學園區,BAILU,2,996.0,1114.4417894343906,0
2025-07-31 20:00:00,興變電所,BAILU,2,996.0,1112.5110704394199,0
2025-07-31 20:00:00,中正變電所,BAILU,2,996.0,1024.7396010766552,0
2025-07-31 20:00:00,成都變電所,BAILU,2,996.0,1051.30269347228,0
2025-07-31 20:00:00,新豐配電變電所,BAILU,2,996.0,1083.191375663818,0
2025-07-31 20:00:00,內惟配電變電所,BAILU,2,996.0,1180.5122399408879,0
2025-07-31 20:00:00,永華二次變電所,BAILU,2,996.0,1180.7488871639778,0
2025-07-31 20:00:00,關西二次變電所,BAILU,2,996.0,1063.8436669073901,0
2025-07-31 20:00:00,源海二次變電所,BAILU,2,996.0,1024.7398297718535,0
2025-07-31 20:00:00,四湖配電變電所,BAILU,2,996.0,1168.635900415934,0
2025-07-31 20:00:00,新高港超高壓變電所,BAILU,2,996.0,1170.639020293835,0
2025-07-31 20:00:00,九曲配電變電所,BAILU,2,996.0,1182.1038393195372,0
2025-07-31 20:00:00,崙背變電所,BAILU,2,996.0,1154.1128589365603,0
2025-07-31 20:00:00,常德變電所,BAILU,2,996.0,1029.3777459347332,0
2025-07-31 20:00:00,嶺口二次變電所,BAILU,2,996.0,1170.9902106080888,0
2025-07-31 20:00:00,龍明配電變電所,BAILU,2,996.0,1051.8056255913089,0
2025-07-31 20:00:00,新工配電變電所,BAILU,2,996.0,1084.8703849011702,0
2025-08-01 02:00:00,榮成變電所,BAILU,2,996.0,1099.7915245010734,0
2025-08-01 02:00:00,西螺服務區,BAILU,2,996.0,1172.2544615141385,0
2025-08-01 02:00:00,中部科學園區,BAILU,2,996.0,1144.9969254196935,0
2025-08-01 02:00:00,興變電所,BAILU,2,996.0,1142.2300200199104,0
2025-08-01 02:00:00,中正變電所,BAILU,2,996.0,1056.0630843560295,0
2025-08-01 02:00:00,成都變電所,BAILU,2,996.0,1082.5880194241643,0
2025-08-01 02:00:00,新豐配電變電所,BAILU,2,996.0,1114.3977883880707,0
2025-08-01 02:00:00,內惟配電變電所,BAILU,2,996.0,1209.2449998028162,0
2025-08-01 02:00:00,永華二次變電所,BAILU,2,996.0,1209.9280169019364,0
2025-08-01 02:00:00,關西二次變電所,BAILU,2,996.0,1094.9495436857417,0
2025-08-01 02:00:00,源海二次變電所,BAILU,2,996.0,1056.0633993413878,0
2025-08-01 02:00:00,四湖配電變電所,BAILU,2,996.0,1198.5978068658362,0
2025-08-01 02:00:00,新高港超高壓變電所,BAILU,2,996.0,1199.2057977277764,0
2025-08-01 02:00:00,九曲配電變電所,BAILU,2,996.0,1211.284748013406,0
2025-08-01 02:00:00,崙背變電所,BAILU,2,996.0,1184.1974593520815,0
2025-08-01 02:00:00,常德變電所,BAILU,2,996.0,1060.7235314380493,0
2025-08-01 02:00:00,嶺口二次變電所,BAILU,2,996.0,1199.8283694287295,0
2025-08-01 02:00:00,龍明配電變電所,BAILU,2,996.0,1083.0903681369784,0
2025-08-01 02:00:00,新工配電變電所,BAILU,2,996.0,1115.996542534756,0
2025-08-01 08:00:00,榮成變電所,BAILU,2,996.0,1158.102015578925,0
2025-08-01 08:00:00,西螺服務區,BAILU,2,996.0,1233.4422881369746,0
2025-08-01 08:00:00,中部科學園區,BAILU,2,996.0,1205.3589492970734,0
2025-08-01 08:00:00,興變電所,BAILU,2,996.0,1204.0434490089503,0
2025-08-01 08:00:00,中正變電所,BAILU,2,996.0,1114.4191072875067,0
2025-08-01 08:00:00,成都變電所,BAILU,2,996.0,1141.0631851480962,0
2025-08-01 08:00:00,新豐配電變電所,BAILU,2,996.0,1173.115054626383,0
2025-08-01 08:00:00,內惟配電變電所,BAILU,2,996.0,1272.2143560639875,0
2025-08-01 08:00:00,永華二次變電所,BAILU,2,996.0,1272.4309264014255,0
2025-08-01 08:00:00,關西二次變電所,BAILU,2,996.0,1153.9685174412434,0
2025-08-01 08:00:00,源海二次變電所,BAILU,2,996.0,1114.4191356111708,0
2025-08-01 08:00:00,四湖配電變電所,BAILU,2,996.0,1260.0419626045057,0
2025-08-01 08:00:00,新高港超高壓變電所,BAILU,2,996.0,1262.327909264374,0
2025-08-01 08:00:00,九曲配電變電所,BAILU,2,996.0,1273.7856072008228,0
2025-08-01 08:00:00,崙背變電所,BAILU,2,996.0,1245.4415398783528,0
2025-08-01 08:00:00,常德變電所,BAILU,2,996.0,1119.0037736919644,0
2025-08-01 08:00:00,嶺口二次變電所,BAILU,2,996.0,1262.6951376907039,0
2025-08-01 08:00:00,龍明配電變電所,BAILU,2,996.0,1141.5673130031967,0
2025-08-01 08:00:00,新工配電變電所,BAILU,2,996.0,1174.9531703682535,0
2025-08-01 14:00:00,榮成變電所,BAILU,2,996.0,1256.407034626185,0
2025-08-01 14:00:00,西螺服務區,BAILU,2,996.0,1335.5713189269204,0
2025-08-01 14:00:00,中部科學園區,BAILU,2,996.0,1306.3993259039255,0
2025-08-01 14:00:00,興變電所,BAILU,2,996.0,1307.012524899252,0
2025-08-01 14:00:00,中正變電所,BAILU,2,996.0,1212.8306374084102,0
2025-08-01 14:00:00,成都變電所,BAILU,2,996.0,1239.6087098872124,0
2025-08-01 14:00:00,新豐配電變電所,BAILU,2,996.0,1271.9586211333037,0
2025-08-01 14:00:00,內惟配電變電所,BAILU,2,996.0,1376.6640029957764,0
2025-08-01 14:00:00,永華二次變電所,BAILU,2,996.0,1376.2785630187002,0
2025-08-01 14:00:00,關西二次變電所,BAILU,2,996.0,1253.2380179037827,0
2025-08-01 14:00:00,源海二次變電所,BAILU,2,996.0,1212.8302780646893,0
2025-08-01 14:00:00,四湖配電變電所,BAILU,2,996.0,1362.5001394419598,0
2025-08-01 14:00:00,新高港超高壓變電所,BAILU,2,996.0,1366.9741782924639,0
2025-08-01 14:00:00,九曲配電變電所,BAILU,2,996.0,1377.630212530452,0
2025-08-01 14:00:00,崙背變電所,BAILU,2,996.0,1347.639885888433,0
2025-08-01 14:00:00,常德變電所,BAILU,2,996.0,1217.3079118112314,0
2025-08-01 14:00:00,嶺口二次變電所,BAILU,2,996.0,1367.0153745242228,0
2025-08-01 14:00:00,龍明配電變電所,BAILU,2,996.0,1240.114748837197,0
2025-08-01 14:00:00,新工配電變電所,BAILU,2,996.0,1274.1198847090434,0
2025-08-01 20:00:00,榮成變電所,BAILU,2,996.0,1464.6419733072285,0
2025-08-01 20:00:00,中正變電所,BAILU,2,996.0,1421.5676912166653,0
2025-08-01 20:00:00,成都變電所,BAILU,2,996.0,1448.544112079067,0
2025-08-01 20:00:00,新豐配電變電所,BAILU,2,996.0,1481.4971324480928,0
2025-08-01 20:00:00,關西二次變電所,BAILU,2,996.0,1463.9698832571225,0
2025-08-01 20:00:00,源海二次變電所,BAILU,2,996.0,1421.5663517444552,0
2025-08-01 20:00:00,常德變電所,BAILU,2,996.0,1425.748647956964,0
2025-08-01 20:00:00,龍明配電變電所,BAILU,2,996.0,1449.0524042035897,0
2025-08-01 20:00:00,新工配電變電所,BAILU,2,996.0,1484.485810717291,0
2025-08-11 02:00:00,榮成變電所,PODUL,4,985.0,1470.8207436309465,0
2025-08-11 02:00:00,中部科學園區,PODUL,4,985.0,1493.9426846354745,0
2025-08-11 02:00:00,興變電所,PODUL,4,985.0,1471.7808651607006,0
2025-08-11 02:00:00,中正變電所,PODUL,4,985.0,1427.90743915217,0
2025-08-11 02:00:00,成都變電所,PODUL,4,985.0,1452.6297715553899,0
2025-08-11 02:00:00,新豐配電變電所,PODUL,4,985.0,1481.3592182068678,0
2025-08-11 02:00:00,關西二次變電所,PODUL,4,985.0,1459.6095193968558,0
2025-08-11 02:00:00,源海二次變電所,PODUL,4,985.0,1427.9102514533056,0
2025-08-11 02:00:00,常德變電所,PODUL,4,985.0,1433.0951759880356,0
2025-08-11 02:00:00,龍明配電變電所,PODUL,4,985.0,1453.1022180304965,0
2025-08-11 02:00:00,新工配電變電所,PODUL,4,985.0,1480.6603487911048,0
2025-08-11 08:00:00,榮成變電所,PODUL,4,985.0,1333.2388978392507,0
2025-08-11 08:00:00,西螺服務區,PODUL,4,985.0,1364.9699069168346,0
2025-08-11 08:00:00,中部科學園區,PODUL,4,985.0,1351.2447309941774,0
2025-08-11 08:00:00,興變電所,PODUL,4,985.0,1325.6771081537802,0
2025-08-11 08:00:00,中正變電所,PODUL,4,985.0,1290.8676348491754,0
2025-08-11 08:00:00,成都變電所,PODUL,4,985.0,1314.9411695930098,0
2025-08-11 08:00:00,新豐配電變電所,PODUL,4,985.0,1342.7025796117114,0
2025-08-11 08:00:00,內惟配電變電所,PODUL,4,985.0,1365.7388644049256,0
2025-08-11 08:00:00,永華二次變電所,PODUL,4,985.0,1376.9540952804846,0
2025-08-11 08:00:00,關西二次變電所,PODUL,4,985.0,1320.567814408638,0
2025-08-11 08:00:00,源海二次變電所,PODUL,4,985.0,1290.8710570799146,0
2025-08-11 08:00:00,四湖配電變電所,PODUL,4,985.0,1385.9995996477035,0
2025-08-11 08:00:00,新高港超高壓變電所,PODUL,4,985.0,1352.3454595858032,0
2025-08-11 08:00:00,九曲配電變電所,PODUL,4,985.0,1378.2957557788895,0
2025-08-11 08:00:00,崙背變電所,PODUL,4,985.0,1375.5026987282417,0
2025-08-11 08:00:00,常德變電所,PODUL,4,985.0,1296.147163083486,0
2025-08-11 08:00:00,嶺口二次變電所,PODUL,4,985.0,1359.190986064355,0
2025-08-11 08:00:00,龍明配電變電所,PODUL,4,985.0,1315.4025298325819,0
2025-08-11 08:00:00,新工配電變電所,PODUL,4,985.0,1341.4640269043512,0
2025-08-11 14:00:00,榮成變電所,PODUL,4,985.0,1213.577028581319,0
2025-08-11 14:00:00,西螺服務區,PODUL,4,985.0,1238.598460342333,0
2025-08-11 14:00:00,中部科學園區,PODUL,4,985.0,1226.8933999658896,0
2025-08-11 14:00:00,興變電所,PODUL,4,985.0,1198.3362318751176,0
2025-08-11 14:00:00,中正變電所,PODUL,4,985.0,1171.8226404341963,0
2025-08-11 14:00:00,成都變電所,PODUL,4,985.0,1195.2300212631958,0
2025-08-11 14:00:00,新豐配電變電所,PODUL,4,985.0,1222.0323295882959,0
2025-08-11 14:00:00,內惟配電變電所,PODUL,4,985.0,1235.1792246149046,0
2025-08-11 14:00:00,永華二次變電所,PODUL,4,985.0,1247.4147209518846,0
2025-08-11 14:00:00,關西二次變電所,PODUL,4,985.0,1199.5999679832344,0
2025-08-11 14:00:00,源海二次變電所,PODUL,4,985.0,1171.8266170478382,0
2025-08-11 14:00:00,四湖配電變電所,PODUL,4,985.0,1258.805956750252,0
2025-08-11 14:00:00,新高港超高壓變電所,PODUL,4,985.0,1221.5261380685104,0
2025-08-11 14:00:00,九曲配電變電所,PODUL,4,985.0,1248.748234406224,0
2025-08-11 14:00:00,崙背變電所,PODUL,4,985.0,1248.879134562339,0
2025-08-11 14:00:00,常德變電所,PODUL,4,985.0,1177.1717503957047,0
2025-08-11 14:00:00,嶺口二次變電所,PODUL,4,985.0,1228.9438145279692,0
2025-08-11 14:00:00,龍明配電變電所,PODUL,4,985.0,1195.6799350950598,0
2025-08-11 14:00:00,新工配電變電所,PODUL,4,985.0,1220.3040406425955,0
2025-08-11 20:00:00,榮成變電所,PODUL,4,985.0,1111.2326747917662,0
2025-08-11 20:00:00,西螺服務區,PODUL,4,985.0,1127.310580327129,0
2025-08-11 20:00:00,中部科學園區,PODUL,4,985.0,1118.3622301161568,0
2025-08-11 20:00:00,興變電所,PODUL,4,985.0,1085.8045283692381,0
2025-08-11 20:00:00,中正變電所,PODUL,4,985.0,1070.4366865110173,0
2025-08-11 20:00:00,成都變電所,PODUL,4,985.0,1092.8913557538224,0
2025-08-11 20:00:00,新豐配電變電所,PODUL,4,985.0,1118.3555247654044,0
2025-08-11 20:00:00,內惟配電變電所,PODUL,4,985.0,1117.9853232902542,0
2025-08-11 20:00:00,永華二次變電所,PODUL,4,985.0,1131.685017911784,0
2025-08-11 20:00:00,關西二次變電所,PODUL,4,985.0,1095.6156067804195,0
2025-08-11 20:00:00,源海二次變電所,PODUL,4,985.0,1070.441361678222,0
2025-08-11 20:00:00,四湖配電變電所,PODUL,4,985.0,1146.347345385484,0
2025-08-11 20:00:00,新高港超高壓變電所,PODUL,4,985.0,1103.9671994436985,0
2025-08-11 20:00:00,九曲配電變電所,PODUL,4,985.0,1133.0046861568733,0
2025-08-11 20:00:00,崙背變電所,PODUL,4,985.0,1137.2236386180246,0
2025-08-11 20:00:00,常德變電所,PODUL,4,985.0,1075.8534667746324,0
2025-08-11 20:00:00,嶺口二次變電所,PODUL,4,985.0,1112.2177406992926,0
2025-08-11 20:00:00,龍明配電變電所,PODUL,4,985.0,1093.3247678373384,0
2025-08-11 20:00:00,新工配電變電所,PODUL,4,985.0,1115.9975985190058,0
2025-08-12 02:00:00,榮成變電所,PODUL,4,985.0,966.4592802133656,0
2025-08-12 02:00:00,西螺服務區,PODUL,4,985.0,971.9361475970576,0
2025-08-12 02:00:00,中部科學園區,PODUL,4,985.0,966.1486698900711,0
2025-08-12 02:00:00,興變電所,PODUL,4,985.0,929.1851915889807,0
2025-08-12 02:00:00,中正變電所,PODUL,4,985.0,927.1013200804242,0
2025-08-12 02:00:00,成都變電所,PODUL,4,985.0,948.2322349844717,0
2025-08-12 02:00:00,新豐配電變電所,PODUL,4,985.0,971.9135704527637,0
2025-08-12 02:00:00,內惟配電變電所,PODUL,4,985.0,956.4940605471346,0
2025-08-12 02:00:00,永華二次變電所,PODUL,4,985.0,971.5960479376648,0
2025-08-12 02:00:00,關西二次變電所,PODUL,4,985.0,948.9213692361172,0
2025-08-12 02:00:00,源海二次變電所,PODUL,4,985.0,927.1068374860369,0
2025-08-12 02:00:00,四湖配電變電所,PODUL,4,985.0,989.6349025321539,0
2025-08-12 02:00:00,新高港超高壓變電所,PODUL,4,985.0,942.153645644592,0
2025-08-12 02:00:00,九曲配電變電所,PODUL,4,985.0,972.8994020826012,0
2025-08-12 02:00:00,崙背變電所,PODUL,4,985.0,981.412907217074,0
2025-08-12 02:00:00,常德變電所,PODUL,4,985.0,932.5673440745746,0
2025-08-12 02:00:00,嶺口二次變電所,PODUL,4,985.0,951.1841417342954,0
2025-08-12 02:00:00,龍明配電變電所,PODUL,4,985.0,948.6426886377282,0
2025-08-12 02:00:00,新工配電變電所,PODUL,4,985.0,968.8042554254022,0
2025-08-12 08:00:00,榮成變電所,PODUL,4,980.0,834.79385033344,0
2025-08-12 08:00:00,西螺服務區,PODUL,4,980.0,834.4852180950235,0
2025-08-12 08:00:00,中部科學園區,PODUL,4,980.0,830.185947142726,0
2025-08-12 08:00:00,興變電所,PODUL,4,980.0,791.2710590860077,0
2025-08-12 08:00:00,中正變電所,PODUL,4,980.0,796.5053275589662,0
2025-08-12 08:00:00,成都變電所,PODUL,4,980.0,816.7004479548333,0
2025-08-12 08:00:00,新豐配電變電所,PODUL,4,980.0,839.1949510638707,0
2025-08-12 08:00:00,內惟配電變電所,PODUL,4,980.0,817.3633832324438,0
2025-08-12 08:00:00,永華二次變電所,PODUL,4,980.0,832.6390453631215,0
2025-08-12 08:00:00,關西二次變電所,PODUL,4,980.0,816.1153504294654,0
2025-08-12 08:00:00,源海二次變電所,PODUL,4,980.0,796.5113772089146,0
2025-08-12 08:00:00,四湖配電變電所,PODUL,4,980.0,851.6391303241996,0
2025-08-12 08:00:00,新高港超高壓變電所,PODUL,4,980.0,803.0107217618992,0
2025-08-12 08:00:00,九曲配電變電所,PODUL,4,980.0,833.9391242894169,0
2025-08-12 08:00:00,崙背變電所,PODUL,4,980.0,843.7728978782126,0
2025-08-12 08:00:00,常德變電所,PODUL,4,980.0,801.9821915248505,0
2025-08-12 08:00:00,嶺口二次變電所,PODUL,4,980.0,812.0913692270501,0
2025-08-12 08:00:00,龍明配電變電所,PODUL,4,980.0,817.0948533249359,0
2025-08-12 08:00:00,新工配電變電所,PODUL,4,980.0,835.6396776673793,0
2025-08-12 14:00:00,榮成變電所,PODUL,4,980.0,697.5279160368282,0
2025-08-12 14:00:00,西螺服務區,PODUL,4,980.0,688.3214557000024,0
2025-08-12 14:00:00,中部科學園區,PODUL,4,980.0,686.3576761634603,0
2025-08-12 14:00:00,興變電所,PODUL,4,980.0,644.4134654968394,0
2025-08-12 14:00:00,中正變電所,PODUL,4,980.0,661.071978641585,0
2025-08-12 14:00:00,成都變電所,PODUL,4,980.0,679.7271086130941,0
2025-08-12 14:00:00,新豐配電變電所,PODUL,4,980.0,700.3145696073992,0
2025-08-12 14:00:00,內惟配電變電所,PODUL,4,980.0,668.4431380836868,0
2025-08-12 14:00:00,永華二次變電所,PODUL,4,980.0,684.0398313745214,0
2025-08-12 14:00:00,關西二次變電所,PODUL,4,980.0,677.199378896621,0
2025-08-12 14:00:00,源海二次變電所,PODUL,4,980.0,661.0788048115331,0
2025-08-12 14:00:00,四湖配電變電所,PODUL,4,980.0,704.59742824899,0
2025-08-12 14:00:00,新高港超高壓變電所,PODUL,4,980.0,654.057700136704,0
2025-08-12 14:00:00,九曲配電變電所,PODUL,4,980.0,685.3340497271696,0
2025-08-12 14:00:00,崙背變電所,PODUL,4,980.0,697.3005986177841,0
2025-08-12 14:00:00,常德變電所,PODUL,4,980.0,666.5323858333228,0
2025-08-12 14:00:00,嶺口二次變電所,PODUL,4,980.0,663.2495314543229,0
2025-08-12 14:00:00,龍明配電變電所,PODUL,4,980.0,680.0950682740436,0
2025-08-12 14:00:00,新工配電變電所,PODUL,4,980.0,696.0958074937703,0
2025-08-12 20:00:00,榮成變電所,PODUL,5,975.0,535.7289518963444,0
2025-08-12 20:00:00,西螺服務區,PODUL,5,975.0,510.97749942984785,0
2025-08-12 20:00:00,中部科學園區,PODUL,5,975.0,513.0685270452236,0
2025-08-12 20:00:00,興變電所,PODUL,5,975.0,466.0215865614168,0
2025-08-12 20:00:00,中正變電所,PODUL,5,975.0,503.1387501776008,0
2025-08-12 20:00:00,成都變電所,PODUL,5,975.0,518.7110451544183,0
2025-08-12 20:00:00,新豐配電變電所,PODUL,5,975.0,535.6300491425313,0
2025-08-12 20:00:00,內惟配電變電所,PODUL,5,975.0,487.03096177135166,0
2025-08-12 20:00:00,永華二次變電所,PODUL,5,975.0,502.8873554722654,0
2025-08-12 20:00:00,關西二次變電所,PODUL,5,975.0,512.7437652539858,0
2025-08-12 20:00:00,源海二次變電所,PODUL,5,975.0,503.14685069726414,0
2025-08-12 20:00:00,四湖配電變電所,PODUL,5,975.0,525.7530127939743,0
2025-08-12 20:00:00,新高港超高壓變電所,PODUL,5,975.0,472.67424518869,0
2025-08-12 20:00:00,九曲配電變電所,PODUL,5,975.0,504.1742835398257,0
2025-08-12 20:00:00,崙背變電所,PODUL,5,975.0,519.4103961111551,0
2025-08-12 20:00:00,常德變電所,PODUL,5,975.0,508.46888283181363,0
2025-08-12 20:00:00,嶺口二次變電所,PODUL,5,975.0,481.8603235010466,0
2025-08-12 20:00:00,龍明配電變電所,PODUL,5,975.0,519.0260925723038,0
2025-08-12 20:00:00,新工配電變電所,PODUL,5,975.0,530.2894462285226,0
2025-08-13 02:00:00,榮成變電所,PODUL,5,970.0,420.1810439936987,0
2025-08-13 02:00:00,西螺服務區,PODUL,5,970.0,367.3079314955682,0
2025-08-13 02:00:00,中部科學園區,PODUL,5,970.0,377.75901749532983,0
2025-08-13 02:00:00,興變電所,PODUL,5,970.0,320.5917715308965,0
2025-08-13 02:00:00,中正變電所,PODUL,5,970.0,395.42202554054626,0
2025-08-13 02:00:00,成都變電所,PODUL,5,970.0,405.17011559274425,0
2025-08-13 02:00:00,新豐配電變電所,PODUL,5,970.0,415.258496033395,0
2025-08-13 02:00:00,內惟配電變電所,PODUL,5,970.0,331.510585867635,0
2025-08-13 02:00:00,永華二次變電所,PODUL,5,970.0,349.2271707793433,0
2025-08-13 02:00:00,關西二次變電所,PODUL,5,970.0,393.6305126941042,0
2025-08-13 02:00:00,源海二次變電所,PODUL,5,970.0,395.4317870617365,0
2025-08-13 02:00:00,四湖配電變電所,PODUL,5,970.0,378.4812330788365,0
2025-08-13 02:00:00,新高港超高壓變電所,PODUL,5,970.0,316.8490261290538,0
2025-08-13 02:00:00,九曲配電變電所,PODUL,5,970.0,350.4792871133552,0
2025-08-13 02:00:00,崙背變電所,PODUL,5,970.0,374.406399838462,0
2025-08-13 02:00:00,常德變電所,PODUL,5,970.0,400.2663161685992,0
2025-08-13 02:00:00,嶺口二次變電所,PODUL,5,970.0,326.9077415901169,0
2025-08-13 02:00:00,龍明配電變電所,PODUL,5,970.0,405.3834606359196,0
2025-08-13 02:00:00,新工配電變電所,PODUL,5,970.0,408.1847269216553,0
2025-08-13 08:00:00,榮成變電所,PODUL,5,960.0,346.4412420414155,0
2025-08-13 08:00:00,西螺服務區,PODUL,5,960.0,242.1932696579498,0
2025-08-13 08:00:00,中部科學園區,PODUL,5,960.0,271.0144517458831,0
2025-08-13 08:00:00,興變電所,PODUL,5,960.0,195.79078158918426,0
2025-08-13 08:00:00,中正變電所,PODUL,5,960.0,338.09000030030455,0
2025-08-13 08:00:00,成都變電所,PODUL,5,960.0,336.7386646977845,0
2025-08-13 08:00:00,新豐配電變電所,PODUL,5,960.0,333.6052112923126,0
2025-08-13 08:00:00,內惟配電變電所,PODUL,5,960.0,172.42764953907815,0
2025-08-13 08:00:00,永華二次變電所,PODUL,5,960.0,196.7442312340149,0
2025-08-13 08:00:00,關西二次變電所,PODUL,5,960.0,316.918085279546,0
2025-08-13 08:00:00,源海二次變電所,PODUL,5,960.0,338.1010912764637,0
2025-08-13 08:00:00,四湖配電變電所,PODUL,5,960.0,243.262718992677,0
2025-08-13 08:00:00,新高港超高壓變電所,PODUL,5,960.0,156.63520058673888,0
2025-08-13 08:00:00,九曲配電變電所,PODUL,5,960.0,197.82860321674295,0
2025-08-13 08:00:00,崙背變電所,PODUL,5,960.0,245.32674220975053,0
2025-08-13 08:00:00,常德變電所,PODUL,5,960.0,341.45135273446857,0
2025-08-13 08:00:00,嶺口二次變電所,PODUL,5,960.0,170.3689800350035,0
2025-08-13 08:00:00,龍明配電變電所,PODUL,5,960.0,336.7501451936097,0
2025-08-13 08:00:00,新工配電變電所,PODUL,5,960.0,324.20458633968667,0
2025-08-13 14:00:00,榮成變電所,PODUL,5,970.0,234.78184215752987,0
2025-08-13 14:00:00,西螺服務區,PODUL,5,970.0,89.8502254600698,0
2025-08-13 14:00:00,中部科學園區,PODUL,5,970.0,135.73820219299762,0
2025-08-13 14:00:00,興變電所,PODUL,5,970.0,59.233272660447206,0
2025-08-13 14:00:00,中正變電所,PODUL,5,970.0,246.3955826359895,0
2025-08-13 14:00:00,成都變電所,PODUL,5,970.0,232.83327511357808,0
2025-08-13 14:00:00,新豐配電變電所,PODUL,5,970.0,215.42099306012577,0
2025-08-13 14:00:00,內惟配電變電所,PODUL,5,970.0,49.10208144816422,0
2025-08-13 14:00:00,永華二次變電所,PODUL,5,970.0,39.59541464828058,0
2025-08-13 14:00:00,關西二次變電所,PODUL,5,970.0,207.68650241601375,0
2025-08-13 14:00:00,源海二次變電所,PODUL,5,970.0,246.40576842057877,0
2025-08-13 14:00:00,四湖配電變電所,PODUL,5,970.0,80.48973094901561,0
2025-08-13 14:00:00,新高港超高壓變電所,PODUL,5,970.0,51.7115911074158,0
2025-08-13 14:00:00,九曲配電變電所,PODUL,5,970.0,40.958787917436496,0
2025-08-13 14:00:00,崙背變電所,PODUL,5,970.0,87.97517304254923,0
2025-08-13 14:00:00,常德變電所,PODUL,5,970.0,247.38116481809521,0
2025-08-13 14:00:00,嶺口二次變電所,PODUL,5,970.0,36.45046396430137,0
2025-08-13 14:00:00,龍明配電變電所,PODUL,5,970.0,232.61494828121988,0
2025-08-13 14:00:00,新工配電變電所,PODUL,5,970.0,205.11565743405436,0
2025-08-13 20:00:00,榮成變電所,PODUL,4,985.0,301.06801920595467,0
2025-08-13 20:00:00,西螺服務區,PODUL,4,985.0,182.9679416299596,0
2025-08-13 20:00:00,中部科學園區,PODUL,4,985.0,218.43419440491982,0
2025-08-13 20:00:00,興變電所,PODUL,4,985.0,214.14019213244734,0
2025-08-13 20:00:00,中正變電所,PODUL,4,985.0,336.76840975283,0
2025-08-13 20:00:00,成都變電所,PODUL,4,985.0,311.6321497384322,0
2025-08-13 20:00:00,新豐配電變電所,PODUL,4,985.0,279.4053706390285,0
2025-08-13 20:00:00,內惟配電變電所,PODUL,4,985.0,186.86877331030826,0
2025-08-13 20:00:00,永華二次變電所,PODUL,4,985.0,164.6515517810982,0
2025-08-13 20:00:00,關西二次變電所,PODUL,4,985.0,289.3956536371049,0
2025-08-13 20:00:00,源海二次變電所,PODUL,4,985.0,336.7739377139848,0
2025-08-13 20:00:00,四湖配電變電所,PODUL,4,985.0,156.16789872962363,0
2025-08-13 20:00:00,新高港超高壓變電所,PODUL,4,985.0,203.06013031668678,0
2025-08-13 20:00:00,九曲配電變電所,PODUL,4,985.0,163.40755342046307,0
2025-08-13 20:00:00,崙背變電所,PODUL,4,985.0,170.82006924742873,0
2025-08-13 20:00:00,常德變電所,PODUL,4,985.0,334.3346289616541,0
2025-08-13 20:00:00,嶺口二次變電所,PODUL,4,985.0,188.73406007112905,0
2025-08-13 20:00:00,龍明配電變電所,PODUL,4,985.0,311.16829820679885,0
2025-08-13 20:00:00,新工配電變電所,PODUL,4,985.0,272.5104210324143,0
2025-08-14 02:00:00,榮成變電所,PODUL,3,992.0,440.87558285072384,0
2025-08-14 02:00:00,西螺服務區,PODUL,3,992.0,363.9682357148426,0
2025-08-14 02:00:00,中部科學園區,PODUL,3,992.0,385.71101006822556,0
2025-08-14 02:00:00,興變電所,PODUL,3,992.0,402.3364429925806,0
2025-08-14 02:00:00,中正變電所,PODUL,3,992.0,483.048463637626,0
2025-08-14 02:00:00,成都變電所,PODUL,3,992.0,456.0703341716343,0
2025-08-14 02:00:00,新豐配電變電所,PODUL,3,992.0,422.7838918861172,0
2025-08-14 02:00:00,內惟配電變電所,PODUL,3,992.0,380.58121840279176,0
2025-08-14 02:00:00,永華二次變電所,PODUL,3,992.0,359.5492402620754,0
2025-08-14 02:00:00,關西二次變電所,PODUL,3,992.0,439.6095717607509,0
2025-08-14 02:00:00,源海二次變電所,PODUL,3,992.0,483.0506659652236,0
2025-08-14 02:00:00,四湖配電變電所,PODUL,3,992.0,341.99665656051997,0
2025-08-14 02:00:00,新高港超高壓變電所,PODUL,3,992.0,396.4785723863754,0
2025-08-14 02:00:00,九曲配電變電所,PODUL,3,992.0,358.30773872621575,0
2025-08-14 02:00:00,崙背變電所,PODUL,3,992.0,352.9994122463394,0
2025-08-14 02:00:00,常德變電所,PODUL,3,992.0,479.17848226698965,0
2025-08-14 02:00:00,嶺口二次變電所,PODUL,3,992.0,383.2387964018831,0
2025-08-14 02:00:00,龍明配電變電所,PODUL,3,992.0,455.5633412141805,0
2025-08-14 02:00:00,新工配電變電所,PODUL,3,992.0,419.2653812890171,0
2025-08-14 08:00:00,榮成變電所,PODUL,2,1000.0,679.3335365040614,0
2025-08-14 08:00:00,西螺服務區,PODUL,2,1000.0,624.7430397223259,0
2025-08-14 08:00:00,中部科學園區,PODUL,2,1000.0,640.6045501864667,0
2025-08-14 08:00:00,興變電所,PODUL,2,1000.0,665.1801923880489,0
2025-08-14 08:00:00,中正變電所,PODUL,2,1000.0,722.9760043249441,0
2025-08-14 08:00:00,成都變電所,PODUL,2,1000.0,696.3015402832405,0
2025-08-14 08:00:00,新豐配電變電所,PODUL,2,1000.0,664.3364613910198,0
2025-08-14 08:00:00,內惟配電變電所,PODUL,2,1000.0,644.3371694215961,0
2025-08-14 08:00:00,永華二次變電所,PODUL,2,1000.0,624.228047539838,0
2025-08-14 08:00:00,關西二次變電所,PODUL,2,1000.0,683.9235865160624,0
2025-08-14 08:00:00,源海二次變電所,PODUL,2,1000.0,722.9761089902687,0
2025-08-14 08:00:00,四湖配電變電所,PODUL,2,1000.0,604.6439712209315,0
2025-08-14 08:00:00,新高港超高壓變電所,PODUL,2,1000.0,660.0137369348589,0
2025-08-14 08:00:00,九曲配電變電所,PODUL,2,1000.0,622.9789929355168,0
2025-08-14 08:00:00,崙背變電所,PODUL,2,1000.0,614.3625125970206,0
2025-08-14 08:00:00,常德變電所,PODUL,2,1000.0,718.4379997091204,0
2025-08-14 08:00:00,嶺口二次變電所,PODUL,2,1000.0,647.4846920500794,0
2025-08-14 08:00:00,龍明配電變電所,PODUL,2,1000.0,695.7972709188655,0
2025-08-14 08:00:00,新工配電變電所,PODUL,2,1000.0,662.8260239501749,0
2025-08-14 14:00:00,榮成變電所,PODUL,2,1002.0,799.0750707469617,0
2025-08-14 14:00:00,西螺服務區,PODUL,2,1002.0,747.7561355909005,0
2025-08-14 14:00:00,中部科學園區,PODUL,2,1002.0,763.0615267208121,0
2025-08-14 14:00:00,興變電所,PODUL,2,1002.0,788.2313435345988,0
2025-08-14 14:00:00,中正變電所,PODUL,2,1002.0,842.7993809750301,0
2025-08-14 14:00:00,成都變電所,PODUL,2,1002.0,816.2930291137845,0
2025-08-14 14:00:00,新豐配電變電所,PODUL,2,1002.0,784.7017228132274,0
2025-08-14 14:00:00,內惟配電變電所,PODUL,2,1002.0,765.9032415811508,0
2025-08-14 14:00:00,永華二次變電所,PODUL,2,1002.0,746.5301938583042,0
2025-08-14 14:00:00,關西二次變電所,PODUL,2,1002.0,804.6914281400717,0
2025-08-14 14:00:00,源海二次變電所,PODUL,2,1002.0,842.7990854849049,0
2025-08-14 14:00:00,四湖配電變電所,PODUL,2,1002.0,727.6965180039792,0
2025-08-14 14:00:00,新高港超高壓變電所,PODUL,2,1002.0,781.4367820201591,0
2025-08-14 14:00:00,九曲配電變電所,PODUL,2,1002.0,745.2703850115316,0
2025-08-14 14:00:00,崙背變電所,PODUL,2,1002.0,737.4021320764444,0
2025-08-14 14:00:00,常德變電所,PODUL,2,1002.0,838.1528060182261,0
2025-08-14 14:00:00,嶺口二次變電所,PODUL,2,1002.0,769.3653844642375,0
2025-08-14 14:00:00,龍明配電變電所,PODUL,2,1002.0,815.7914123747719,0
2025-08-14 14:00:00,新工配電變電所,PODUL,2,1002.0,783.5425691287874,0
2025-08-14 20:00:00,榮成變電所,PODUL,2,1002.0,939.6723908625357,0
2025-08-14 20:00:00,西螺服務區,PODUL,2,1002.0,897.9268269855229,0
2025-08-14 20:00:00,中部科學園區,PODUL,2,1002.0,910.4290793281081,0
2025-08-14 20:00:00,興變電所,PODUL,2,1002.0,939.5212272309752,0
2025-08-14 20:00:00,中正變電所,PODUL,2,1002.0,983.3758954372014,0
2025-08-14 20:00:00,成都變電所,PODUL,2,1002.0,957.3248667661096,0
2025-08-14 20:00:00,新豐配電變電所,PODUL,2,1002.0,926.6478252664757,0
2025-08-14 20:00:00,內惟配電變電所,PODUL,2,1002.0,920.5993933865749,0
2025-08-14 20:00:00,永華二次變電所,PODUL,2,1002.0,900.4367138645526,0
2025-08-14 20:00:00,關西二次變電所,PODUL,2,1002.0,947.4362254868759,0
2025-08-14 20:00:00,源海二次變電所,PODUL,2,1002.0,983.3747797292887,0
2025-08-14 20:00:00,四湖配電變電所,PODUL,2,1002.0,879.0028514218801,0
2025-08-14 20:00:00,新高港超高壓變電所,PODUL,2,1002.0,936.2422702569189,0
2025-08-14 20:00:00,九曲配電變電所,PODUL,2,1002.0,899.1927322775755,0
2025-08-14 20:00:00,崙背變電所,PODUL,2,1002.0,887.9277780076218,0
2025-08-14 20:00:00,常德變電所,PODUL,2,1002.0,978.5267648476643,0
2025-08-14 20:00:00,嶺口二次變電所,PODUL,2,1002.0,923.7804875146737,0
2025-08-14 20:00:00,龍明配電變電所,PODUL,2,1002.0,956.8308249588276,0
2025-08-14 20:00:00,新工配電變電所,PODUL,2,1002.0,926.2537194824769,0
2025-08-15 02:00:00,榮成變電所,PODUL,2,1002.0,1090.6098766581918,0
2025-08-15 02:00:00,西螺服務區,PODUL,2,1002.0,1049.7497638559073,0
2025-08-15 02:00:00,中部科學園區,PODUL,2,1002.0,1062.3406564562822,0
2025-08-15 02:00:00,興變電所,PODUL,2,1002.0,1091.1701684621949,0
2025-08-15 02:00:00,中正變電所,PODUL,2,1002.0,1134.2742672748493,0
2025-08-15 02:00:00,成都變電所,PODUL,2,1002.0,1108.343736615012,0
2025-08-15 02:00:00,新豐配電變電所,PODUL,2,1002.0,1077.875778804435,0
2025-08-15 02:00:00,內惟配電變電所,PODUL,2,1002.0,1070.4499739225473,0
2025-08-15 02:00:00,永華二次變電所,PODUL,2,1002.0,1051.0066167836019,0
2025-08-15 02:00:00,關西二次變電所,PODUL,2,1002.0,1098.8012045281139,0
2025-08-15 02:00:00,源海二次變電所,PODUL,2,1002.0,1134.27296587187,0
2025-08-15 02:00:00,四湖配電變電所,PODUL,2,1002.0,1030.6381369182936,0
2025-08-15 02:00:00,新高港超高壓變電所,PODUL,2,1002.0,1085.9581106495164,0
2025-08-15 02:00:00,九曲配電變電所,PODUL,2,1002.0,1049.751157277226,0
2025-08-15 02:00:00,崙背變電所,PODUL,2,1002.0,1039.7033601737562,0
2025-08-15 02:00:00,常德變電所,PODUL,2,1002.0,1129.3825294280148,0
2025-08-15 02:00:00,嶺口二次變電所,PODUL,2,1002.0,1073.9294488322887,0
2025-08-15 02:00:00,龍明配電變電所,PODUL,2,1002.0,1107.8516942429576,0
2025-08-15 02:00:00,新工配電變電所,PODUL,2,1002.0,1077.6244241223942,0
2025-08-15 08:00:00,榮成變電所,PODUL,2,1004.0,1262.9660236145833,0
2025-08-15 08:00:00,西螺服務區,PODUL,2,1004.0,1226.7900714321777,0
2025-08-15 08:00:00,中部科學園區,PODUL,2,1004.0,1238.1166077952932,0
2025-08-15 08:00:00,興變電所,PODUL,2,1004.0,1268.6580645704692,0
2025-08-15 08:00:00,中正變電所,PODUL,2,1004.0,1306.4889610811495,0
2025-08-15 08:00:00,成都變電所,PODUL,2,1004.0,1280.8742954256206,0
2025-08-15 08:00:00,新豐配電變電所,PODUL,2,1004.0,1250.96534853741,0
2025-08-15 08:00:00,內惟配電變電所,PODUL,2,1004.0,1249.084267844099,0
2025-08-15 08:00:00,永華二次變電所,PODUL,2,1004.0,1229.446386121845,0
2025-08-15 08:00:00,關西二次變電所,PODUL,2,1004.0,1272.244559750118,0
2025-08-15 08:00:00,源海二次變電所,PODUL,2,1004.0,1306.4872255395371,0
2025-08-15 08:00:00,四湖配電變電所,PODUL,2,1004.0,1208.1566074747807,0
2025-08-15 08:00:00,新高港超高壓變電所,PODUL,2,1004.0,1264.6123281168948,0
2025-08-15 08:00:00,九曲配電變電所,PODUL,2,1004.0,1228.1954618521877,0
2025-08-15 08:00:00,崙背變電所,PODUL,2,1004.0,1216.8991839395674,0
2025-08-15 08:00:00,常德變電所,PODUL,2,1004.0,1301.503455213315,0
2025-08-15 08:00:00,嶺口二次變電所,PODUL,2,1004.0,1252.5042972914043,0
2025-08-15 08:00:00,龍明配電變電所,PODUL,2,1004.0,1280.3876424063822,0
2025-08-15 08:00:00,新工配電變電所,PODUL,2,1004.0,1251.103481160344,0
2025-08-17 14:00:00,榮成變電所,LINGLING,2,1010.0,730.6766410279373,0
2025-08-17 14:00:00,西螺服務區,LINGLING,2,1010.0,726.0801060052758,0
2025-08-17 14:00:00,中部科學園區,LINGLING,2,1010.0,722.7489124234254,0
2025-08-17 14:00:00,興變電所,LINGLING,2,1010.0,682.6244941541817,0
2025-08-17 14:00:00,中正變電所,LINGLING,2,1010.0,693.359241297881,0
2025-08-17 14:00:00,成都變電所,LINGLING,2,1010.0,712.7283362950126,0
2025-08-17 14:00:00,新豐配電變電所,LINGLING,2,1010.0,734.2172993603684,0
2025-08-17 14:00:00,內惟配電變電所,LINGLING,2,1010.0,708.6593228795058,0
2025-08-17 14:00:00,永華二次變電所,LINGLING,2,1010.0,723.7271202765661,0
2025-08-17 14:00:00,關西二次變電所,LINGLING,2,1010.0,711.1042293293756,0
2025-08-17 14:00:00,源海二次變電所,LINGLING,2,1010.0,693.3657250640757,0
2025-08-17 14:00:00,四湖配電變電所,LINGLING,2,1010.0,742.9437119501716,0
2025-08-17 14:00:00,新高港超高壓變電所,LINGLING,2,1010.0,694.3897821786172,0
2025-08-17 14:00:00,九曲配電變電所,LINGLING,2,1010.0,725.0284695542283,0
2025-08-17 14:00:00,崙背變電所,LINGLING,2,1010.0,735.25980555007,0
2025-08-17 14:00:00,常德變電所,LINGLING,2,1010.0,698.8319597474662,0
2025-08-17 14:00:00,嶺口二次變電所,LINGLING,2,1010.0,703.2912945183541,0
2025-08-17 14:00:00,龍明配電變電所,LINGLING,2,1010.0,713.1087002725336,0
2025-08-17 14:00:00,新工配電變電所,LINGLING,2,1010.0,730.3119331253857,0
2025-08-17 20:00:00,榮成變電所,LINGLING,2,1010.0,687.8395804428374,0
2025-08-17 20:00:00,西螺服務區,LINGLING,2,1010.0,698.3915463499145,0
2025-08-17 20:00:00,中部科學園區,LINGLING,2,1010.0,689.8045540083241,0
2025-08-17 20:00:00,興變電所,LINGLING,2,1010.0,657.2160886295998,0
2025-08-17 20:00:00,中正變電所,LINGLING,2,1010.0,648.5536454092747,0
2025-08-17 20:00:00,成都變電所,LINGLING,2,1010.0,669.6124970651936,0
2025-08-17 20:00:00,新豐配電變電所,LINGLING,2,1010.0,693.4021838825386,0
2025-08-17 20:00:00,內惟配電變電所,LINGLING,2,1010.0,694.4430832699816,0
2025-08-17 20:00:00,永華二次變電所,LINGLING,2,1010.0,705.8044596562873,0
2025-08-17 20:00:00,關西二次變電所,LINGLING,2,1010.0,670.4356368512114,0
2025-08-17 20:00:00,源海二次變電所,LINGLING,2,1010.0,648.559241862415,0
2025-08-17 20:00:00,四湖配電變電所,LINGLING,2,1010.0,717.7473802363912,0
2025-08-17 20:00:00,新高港超高壓變電所,LINGLING,2,1010.0,681.1631174414275,0
2025-08-17 20:00:00,九曲配電變電所,LINGLING,2,1010.0,707.141898281297,0
2025-08-17 20:00:00,崙背變電所,LINGLING,2,1010.0,708.3726005571,0
2025-08-17 20:00:00,常德變電所,LINGLING,2,1010.0,654.0223450396431,0
2025-08-17 20:00:00,嶺口二次變電所,LINGLING,2,1010.0,687.8477089875375,0
2025-08-17 20:00:00,龍明配電變電所,LINGLING,2,1010.0,670.022834958607,0
2025-08-17 20:00:00,新工配電變電所,LINGLING,2,1010.0,690.4068010802346,0
2025-08-18 02:00:00,榮成變電所,LINGLING,2,1010.0,649.9195801623043,0
2025-08-18 02:00:00,西螺服務區,LINGLING,2,1010.0,662.2604976426522,0
2025-08-18 02:00:00,中部科學園區,LINGLING,2,1010.0,652.8625205601363,0
2025-08-18 02:00:00,興變電所,LINGLING,2,1010.0,621.54912119602,0
2025-08-18 02:00:00,中正變電所,LINGLING,2,1010.0,610.5480964826982,0
2025-08-18 02:00:00,成都變電所,LINGLING,2,1010.0,631.6816293142916,0
2025-08-18 02:00:00,新豐配電變電所,LINGLING,2,1010.0,655.6132357110666,0
2025-08-18 02:00:00,內惟配電變電所,LINGLING,2,1010.0,661.1954833283207,0
2025-08-18 02:00:00,永華二次變電所,LINGLING,2,1010.0,671.643293001792,0
2025-08-18 02:00:00,關西二次變電所,LINGLING,2,1010.0,632.6662290003861,0
2025-08-18 02:00:00,源海二次變電所,LINGLING,2,1010.0,610.5536572701635,0
2025-08-18 02:00:00,四湖配電變電所,LINGLING,2,1010.0,682.0448927280999,0
2025-08-18 02:00:00,新高港超高壓變電所,LINGLING,2,1010.0,648.1931196211951,0
2025-08-18 02:00:00,九曲配電變電所,LINGLING,2,1010.0,672.9869239209944,0
2025-08-18 02:00:00,崙背變電所,LINGLING,2,1010.0,672.3714588336636,0
2025-08-18 02:00:00,常德變電所,LINGLING,2,1010.0,616.015649536683,0
2025-08-18 02:00:00,嶺口二次變電所,LINGLING,2,1010.0,654.3075836845909,0
2025-08-18 02:00:00,龍明配電變電所,LINGLING,2,1010.0,632.0935047350002,0
2025-08-18 02:00:00,新工配電變電所,LINGLING,2,1010.0,652.6906624997637,0
2025-08-18 08:00:00,榮成變電所,LINGLING,2,1008.0,667.3827957817095,0
2025-08-18 08:00:00,西螺服務區,LINGLING,2,1008.0,672.6428341927807,0
2025-08-18 08:00:00,中部科學園區,LINGLING,2,1008.0,665.6811358165796,0
2025-08-18 08:00:00,興變電所,LINGLING,2,1008.0,630.7716379033862,0
2025-08-18 08:00:00,中正變電所,LINGLING,2,1008.0,628.890995034034,0
2025-08-18 08:00:00,成都變電所,LINGLING,2,1008.0,649.2525934335638,0
2025-08-18 08:00:00,新豐配電變電所,LINGLING,2,1008.0,672.132096615802,0
2025-08-18 08:00:00,內惟配電變電所,LINGLING,2,1008.0,665.3442706424578,0
2025-08-18 08:00:00,永華二次變電所,LINGLING,2,1008.0,677.524192307282,0
2025-08-18 08:00:00,關西二次變電所,LINGLING,2,1008.0,649.0830213257899,0
2025-08-18 08:00:00,源海二次變電所,LINGLING,2,1008.0,628.8969837263483,0
2025-08-18 08:00:00,四湖配電變電所,LINGLING,2,1008.0,691.3117283588757,0
2025-08-18 08:00:00,新高港超高壓變電所,LINGLING,2,1008.0,651.8496319839237,0
2025-08-18 08:00:00,九曲配電變電所,LINGLING,2,1008.0,678.8546976917098,0
2025-08-18 08:00:00,崙背變電所,LINGLING,2,1008.0,682.4025325043862,0
2025-08-18 08:00:00,常德變電所,LINGLING,2,1008.0,634.3674784000964,0
2025-08-18 08:00:00,嶺口二次變電所,LINGLING,2,1008.0,659.0003680306643,0
2025-08-18 08:00:00,龍明配電變電所,LINGLING,2,1008.0,649.6508573398232,0
2025-08-18 08:00:00,新工配電變電所,LINGLING,2,1008.0,668.7772734784947,0
2025-08-18 14:00:00,榮成變電所,LINGLING,2,1008.0,698.7155128182536,0
2025-08-18 14:00:00,西螺服務區,LINGLING,2,1008.0,718.6837725730416,0
2025-08-18 14:00:00,中部科學園區,LINGLING,2,1008.0,707.0746405361476,0
2025-08-18 14:00:00,興變電所,LINGLING,2,1008.0,678.9702058353537,0
2025-08-18 14:00:00,中正變電所,LINGLING,2,1008.0,658.2468844257946,0
2025-08-18 14:00:00,成都變電所,LINGLING,2,1008.0,680.3871924094173,0
2025-08-18 14:00:00,新豐配電變電所,LINGLING,2,1008.0,705.6348591738574,0
2025-08-18 14:00:00,內惟配電變電所,LINGLING,2,1008.0,721.7029770159468,0
2025-08-18 14:00:00,永華二次變電所,LINGLING,2,1008.0,731.2243784860118,0
2025-08-18 14:00:00,關西二次變電所,LINGLING,2,1008.0,682.882987741364,0
2025-08-18 14:00:00,源海二次變電所,LINGLING,2,1008.0,658.2518138569096,0
2025-08-18 14:00:00,四湖配電變電所,LINGLING,2,1008.0,739.3338486018301,0
2025-08-18 14:00:00,新高港超高壓變電所,LINGLING,2,1008.0,708.942273758894,0
2025-08-18 14:00:00,九曲配電變電所,LINGLING,2,1008.0,732.5741260673959,0
2025-08-18 14:00:00,崙背變電所,LINGLING,2,1008.0,729.0682681137557,0
2025-08-18 14:00:00,常德變電所,LINGLING,2,1008.0,663.6825474355344,0
2025-08-18 14:00:00,嶺口二次變電所,LINGLING,2,1008.0,714.5518311551165,0
2025-08-18 14:00:00,龍明配電變電所,LINGLING,2,1008.0,680.8163013483465,0
2025-08-18 14:00:00,新工配電變電所,LINGLING,2,1008.0,703.2637306623318,0
2025-08-18 20:00:00,榮成變電所,LINGLING,2,1008.0,586.3519682328031,0
2025-08-18 20:00:00,西螺服務區,LINGLING,2,1008.0,613.8790865149432,0
2025-08-18 20:00:00,中部科學園區,LINGLING,2,1008.0,599.1372137433401,0
2025-08-18 20:00:00,興變電所,LINGLING,2,1008.0,576.1741209267839,0
2025-08-18 20:00:00,中正變電所,LINGLING,2,1008.0,545.4280441884523,0
2025-08-18 20:00:00,成都變電所,LINGLING,2,1008.0,568.0026731352895,0
2025-08-18 20:00:00,新豐配電變電所,LINGLING,2,1008.0,593.9567039057102,0
2025-08-18 20:00:00,內惟配電變電所,LINGLING,2,1008.0,627.2749233098825,0
2025-08-18 20:00:00,永華二次變電所,LINGLING,2,1008.0,633.5319815813262,0
2025-08-18 20:00:00,關西二次變電所,LINGLING,2,1008.0,571.3688120176212,0
2025-08-18 20:00:00,源海二次變電所,LINGLING,2,1008.0,545.4327038024924,0
2025-08-18 20:00:00,四湖配電變電所,LINGLING,2,1008.0,636.0244703979189,0
2025-08-18 20:00:00,新高港超高壓變電所,LINGLING,2,1008.0,615.5799441130887,0
2025-08-18 20:00:00,九曲配電變電所,LINGLING,2,1008.0,634.8938547117185,0
2025-08-18 20:00:00,崙背變電所,LINGLING,2,1008.0,624.6989719646937,0
2025-08-18 20:00:00,常德變電所,LINGLING,2,1008.0,550.8438687162306,0
2025-08-18 20:00:00,嶺口二次變電所,LINGLING,2,1008.0,619.1654187065805,0
2025-08-18 20:00:00,龍明配電變電所,LINGLING,2,1008.0,568.4398816323622,0
2025-08-18 20:00:00,新工配電變電所,LINGLING,2,1008.0,591.9534950614474,0
2025-08-19 02:00:00,榮成變電所,LINGLING,2,1008.0,598.7782433419623,0
2025-08-19 02:00:00,西螺服務區,LINGLING,2,1008.0,665.7034737599399,0
2025-08-19 02:00:00,中部科學園區,LINGLING,2,1008.0,638.7135844799864,0
2025-08-19 02:00:00,興變電所,LINGLING,2,1008.0,636.4828010260901,0
2025-08-19 02:00:00,中正變電所,LINGLING,2,1008.0,555.1316206952187,0
2025-08-19 02:00:00,成都變電所,LINGLING,2,1008.0,581.0612577685849,0
2025-08-19 02:00:00,新豐配電變電所,LINGLING,2,1008.0,611.889469024828,0
2025-08-19 02:00:00,內惟配電變電所,LINGLING,2,1008.0,708.3027554021288,0
2025-08-19 02:00:00,永華二次變電所,LINGLING,2,1008.0,706.3654749503706,0
2025-08-19 02:00:00,關西二次變電所,LINGLING,2,1008.0,591.5628271807009,0
2025-08-19 02:00:00,源海二次變電所,LINGLING,2,1008.0,555.1330336976749,0
2025-08-19 02:00:00,四湖配電變電所,LINGLING,2,1008.0,692.2525846149243,0
2025-08-19 02:00:00,新高港超高壓變電所,LINGLING,2,1008.0,699.4252557146831,0
2025-08-19 02:00:00,九曲配電變電所,LINGLING,2,1008.0,707.7111085418522,0
2025-08-19 02:00:00,崙背變電所,LINGLING,2,1008.0,677.6791190617232,0
2025-08-19 02:00:00,常德變電所,LINGLING,2,1008.0,560.0557430288657,0
2025-08-19 02:00:00,嶺口二次變電所,LINGLING,2,1008.0,698.2352996530748,0
2025-08-19 02:00:00,龍明配電變電所,LINGLING,2,1008.0,581.5545400495981,0
2025-08-19 02:00:00,新工配電變電所,LINGLING,2,1008.0,612.7276825498166,0
2025-08-19 08:00:00,榮成變電所,LINGLING,2,1008.0,601.150508852652,0
2025-08-19 08:00:00,西螺服務區,LINGLING,2,1008.0,691.2972620347504,0
2025-08-19 08:00:00,中部科學園區,LINGLING,2,1008.0,657.3076780986347,0
2025-08-19 08:00:00,興變電所,LINGLING,2,1008.0,668.527050969342,0
2025-08-19 08:00:00,中正變電所,LINGLING,2,1008.0,557.7527931864421,0
2025-08-19 08:00:00,成都變電所,LINGLING,2,1008.0,584.6520599602894,0
2025-08-19 08:00:00,新豐配電變電所,LINGLING,2,1008.0,617.3525850099792,0
2025-08-19 08:00:00,內惟配電變電所,LINGLING,2,1008.0,751.4932407062338,0
2025-08-19 08:00:00,永華二次變電所,LINGLING,2,1008.0,744.3156957505103,0
2025-08-19 08:00:00,關西二次變電所,LINGLING,2,1008.0,599.3949223133576,0
2025-08-19 08:00:00,源海二次變電所,LINGLING,2,1008.0,557.7519736252202,0
2025-08-19 08:00:00,四湖配電變電所,LINGLING,2,1008.0,719.8621311108615,0
2025-08-19 08:00:00,新高港超高壓變電所,LINGLING,2,1008.0,744.6601954543997,0
2025-08-19 08:00:00,九曲配電變電所,LINGLING,2,1008.0,745.6146299903467,0
2025-08-19 08:00:00,崙背變電所,LINGLING,2,1008.0,703.6339619748125,0
2025-08-19 08:00:00,常德變電所,LINGLING,2,1008.0,562.1011115217709,0
2025-08-19 08:00:00,嶺口二次變電所,LINGLING,2,1008.0,740.4262008348261,0
2025-08-19 08:00:00,龍明配電變電所,LINGLING,2,1008.0,585.1596866731419,0
2025-08-19 08:00:00,新工配電變電所,LINGLING,2,1008.0,620.0328649673415,0
2025-08-19 14:00:00,榮成變電所,LINGLING,2,1008.0,650.3804429930688,0
2025-08-19 14:00:00,西螺服務區,LINGLING,2,1008.0,763.8065159095679,0
2025-08-19 14:00:00,中部科學園區,LINGLING,2,1008.0,723.1059699025016,0
2025-08-19 14:00:00,興變電所,LINGLING,2,1008.0,748.72455119936,0
2025-08-19 14:00:00,中正變電所,LINGLING,2,1008.0,609.3917862919868,0
2025-08-19 14:00:00,成都變電所,LINGLING,2,1008.0,636.0987204998053,0
2025-08-19 14:00:00,新豐配電變電所,LINGLING,2,1008.0,669.5401215474639,0
2025-08-19 14:00:00,內惟配電變電所,LINGLING,2,1008.0,841.3592178748269,0
2025-08-19 14:00:00,永華二次變電所,LINGLING,2,1008.0,828.817381120851,0
2025-08-19 14:00:00,關西二次變電所,LINGLING,2,1008.0,655.1429128266738,0
2025-08-19 14:00:00,源海二次變電所,LINGLING,2,1008.0,609.3883741398768,0
2025-08-19 14:00:00,四湖配電變電所,LINGLING,2,1008.0,793.7779321167861,0
2025-08-19 14:00:00,新高港超高壓變電所,LINGLING,2,1008.0,836.7948252396327,0
2025-08-19 14:00:00,九曲配電變電所,LINGLING,2,1008.0,830.0365721003635,0
2025-08-19 14:00:00,崙背變電所,LINGLING,2,1008.0,776.1790457369773,0
2025-08-19 14:00:00,常德變電所,LINGLING,2,1008.0,612.8340663515758,0
2025-08-19 14:00:00,嶺口二次變電所,LINGLING,2,1008.0,829.4889127674151,0
2025-08-19 14:00:00,龍明配電變電所,LINGLING,2,1008.0,636.5991918338102,0
2025-08-19 14:00:00,新工配電變電所,LINGLING,2,1008.0,674.2763165035726,0
2025-08-19 20:00:00,榮成變電所,LINGLING,2,1008.0,663.1859453419161,0
2025-08-19 20:00:00,西螺服務區,LINGLING,2,1008.0,793.2149661361315,0
2025-08-19 20:00:00,中部科學園區,LINGLING,2,1008.0,747.741647005502,0
2025-08-19 20:00:00,興變電所,LINGLING,2,1008.0,785.3972034225798,0
2025-08-19 20:00:00,中正變電所,LINGLING,2,1008.0,625.97994776108,0
2025-08-19 20:00:00,成都變電所,LINGLING,2,1008.0,651.380636023652,0
2025-08-19 20:00:00,新豐配電變電所,LINGLING,2,1008.0,684.1545435768329,0
2025-08-19 20:00:00,內惟配電變電所,LINGLING,2,1008.0,884.757314520606,0
2025-08-19 20:00:00,永華二次變電所,LINGLING,2,1008.0,867.5152229743452,0
2025-08-19 20:00:00,關西二次變電所,LINGLING,2,1008.0,673.3654693595556,0
2025-08-19 20:00:00,源海二次變電所,LINGLING,2,1008.0,625.9744752434874,0
2025-08-19 20:00:00,四湖配電變電所,LINGLING,2,1008.0,823.6815080171596,0
2025-08-19 20:00:00,新高港超高壓變電所,LINGLING,2,1008.0,882.3978024132125,0
2025-08-19 20:00:00,九曲配電變電所,LINGLING,2,1008.0,868.6357150885057,0
2025-08-19 20:00:00,崙背變電所,LINGLING,2,1008.0,805.2976586222896,0
2025-08-19 20:00:00,常德變電所,LINGLING,2,1008.0,628.4961804240857,0
2025-08-19 20:00:00,嶺口二次變電所,LINGLING,2,1008.0,872.3774825752216,0
2025-08-19 20:00:00,龍明配電變電所,LINGLING,2,1008.0,651.8544569601072,0
2025-08-19 20:00:00,新工配電變電所,LINGLING,2,1008.0,690.4893800535162,0
2025-08-20 02:00:00,榮成變電所,LINGLING,2,1006.0,694.8030331588542,0
2025-08-20 02:00:00,西螺服務區,LINGLING,2,1006.0,834.5861346223184,0
2025-08-20 02:00:00,中部科學園區,LINGLING,2,1006.0,786.3823042941724,0
2025-08-20 02:00:00,興變電所,LINGLING,2,1006.0,832.138109498567,0
2025-08-20 02:00:00,中正變電所,LINGLING,2,1006.0,661.344157210896,0
2025-08-20 02:00:00,成都變電所,LINGLING,2,1006.0,685.1341140046492,0
2025-08-20 02:00:00,新豐配電變電所,LINGLING,2,1006.0,716.6426146667415,0
2025-08-20 02:00:00,內惟配電變電所,LINGLING,2,1006.0,934.9875836905444,0
2025-08-20 02:00:00,永華二次變電所,LINGLING,2,1006.0,914.582259003843,0
2025-08-20 02:00:00,關西二次變電所,LINGLING,2,1006.0,708.7825588466521,0
2025-08-20 02:00:00,源海二次變電所,LINGLING,2,1006.0,661.3373079632279,0
2025-08-20 02:00:00,四湖配電變電所,LINGLING,2,1006.0,864.9546162304576,0
2025-08-20 02:00:00,新高港超高壓變電所,LINGLING,2,1006.0,934.224172229049,0
2025-08-20 02:00:00,九曲配電變電所,LINGLING,2,1006.0,915.6177560723236,0
2025-08-20 02:00:00,崙背變電所,LINGLING,2,1006.0,846.2702707670458,0
2025-08-20 02:00:00,常德變電所,LINGLING,2,1006.0,663.1102559987123,0
2025-08-20 02:00:00,嶺口二次變電所,LINGLING,2,1006.0,922.3890849720146,0
2025-08-20 02:00:00,龍明配電變電所,LINGLING,2,1006.0,685.5765213127587,0
2025-08-20 02:00:00,新工配電變電所,LINGLING,2,1006.0,724.032341001794,0
2025-08-20 08:00:00,榮成變電所,LINGLING,2,1006.0,779.0230743125244,0
2025-08-20 08:00:00,西螺服務區,LINGLING,2,1006.0,921.459562144129,0
2025-08-20 08:00:00,中部科學園區,LINGLING,2,1006.0,872.5629194426472,0
2025-08-20 08:00:00,興變電所,LINGLING,2,1006.0,920.4937254711152,0
2025-08-20 08:00:00,中正變電所,LINGLING,2,1006.0,746.9695522562571,0
2025-08-20 08:00:00,成都變電所,LINGLING,2,1006.0,770.1264960065861,0
2025-08-20 08:00:00,新豐配電變電所,LINGLING,2,1006.0,801.0638656510768,0
2025-08-20 08:00:00,內惟配電變電所,LINGLING,2,1006.0,1024.0232169447092,0
2025-08-20 08:00:00,永華二次變電所,LINGLING,2,1006.0,1002.8695184327976,0
2025-08-20 08:00:00,關西二次變電所,LINGLING,2,1006.0,794.2176963984037,0
2025-08-20 08:00:00,源海二次變電所,LINGLING,2,1006.0,746.9622977496352,0
2025-08-20 08:00:00,四湖配電變電所,LINGLING,2,1006.0,951.7243606518822,0
2025-08-20 08:00:00,新高港超高壓變電所,LINGLING,2,1006.0,1023.6235471726063,0
2025-08-20 08:00:00,九曲配電變電所,LINGLING,2,1006.0,1003.8812501270844,0
2025-08-20 08:00:00,崙背變電所,LINGLING,2,1006.0,932.9956929256913,0
2025-08-20 08:00:00,常德變電所,LINGLING,2,1006.0,748.4872360234754,0
2025-08-20 08:00:00,嶺口二次變電所,LINGLING,2,1006.0,1011.39117485772,0
2025-08-20 08:00:00,龍明配電變電所,LINGLING,2,1006.0,770.5564281827302,0
2025-08-20 08:00:00,新工配電變電所,LINGLING,2,1006.0,808.7825623266854,0
2025-08-20 14:00:00,榮成變電所,LINGLING,2,1006.0,856.0265125954003,0
2025-08-20 14:00:00,西螺服務區,LINGLING,2,1006.0,1002.5454418676904,0
2025-08-20 14:00:00,中部科學園區,LINGLING,2,1006.0,952.5300480804284,0
2025-08-20 14:00:00,興變電所,LINGLING,2,1006.0,1004.5418030693694,0
2025-08-20 14:00:00,中正變電所,LINGLING,2,1006.0,826.5097821936359,0
2025-08-20 14:00:00,成都變電所,LINGLING,2,1006.0,848.4657573322241,0
2025-08-20 14:00:00,新豐配電變電所,LINGLING,2,1006.0,878.2856945161782,0
2025-08-20 14:00:00,內惟配電變電所,LINGLING,2,1006.0,1109.3277070300467,0
2025-08-20 14:00:00,永華二次變電所,LINGLING,2,1006.0,1086.568644566395,0
2025-08-20 14:00:00,關西二次變電所,LINGLING,2,1006.0,873.1941484942597,0
2025-08-20 14:00:00,源海二次變電所,LINGLING,2,1006.0,826.5018670107255,0
2025-08-20 14:00:00,四湖配電變電所,LINGLING,2,1006.0,1032.5194708484519,0
2025-08-20 14:00:00,新高港超高壓變電所,LINGLING,2,1006.0,1109.7824616144123,0
2025-08-20 14:00:00,九曲配電變電所,LINGLING,2,1006.0,1087.5275786907328,0
2025-08-20 14:00:00,崙背變電所,LINGLING,2,1006.0,1013.7645781589684,0
2025-08-20 14:00:00,常德變電所,LINGLING,2,1006.0,827.5934144190974,0
2025-08-20 14:00:00,嶺口二次變電所,LINGLING,2,1006.0,1096.64428871184,0
2025-08-20 14:00:00,龍明配電變電所,LINGLING,2,1006.0,848.872371774142,0
2025-08-20 14:00:00,新工配電變電所,LINGLING,2,1006.0,886.5183827698477,0
2025-08-20 20:00:00,榮成變電所,LINGLING,3,1002.0,986.5811371952474,0
2025-08-20 20:00:00,西螺服務區,LINGLING,3,1002.0,1133.9180132677745,0
2025-08-20 20:00:00,中部科學園區,LINGLING,3,1002.0,1083.7053644668067,0
2025-08-20 20:00:00,興變電所,LINGLING,3,1002.0,1136.362637362379,0
2025-08-20 20:00:00,中正變電所,LINGLING,3,1002.0,957.6858418006365,0
2025-08-20 20:00:00,成都變電所,LINGLING,3,1002.0,979.3584473324822,0
2025-08-20 20:00:00,新豐配電變電所,LINGLING,3,1002.0,1008.8733385155592,0
2025-08-20 20:00:00,內惟配電變電所,LINGLING,3,1002.0,1241.2508085189393,0
2025-08-20 20:00:00,永華二次變電所,LINGLING,3,1002.0,1218.3296006914852,0
2025-08-20 20:00:00,關西二次變電所,LINGLING,3,1002.0,1004.2107475855059,0
2025-08-20 20:00:00,源海二次變電所,LINGLING,3,1002.0,957.6777971366113,0
2025-08-20 20:00:00,四湖配電變電所,LINGLING,3,1002.0,1163.8213822933417,0
2025-08-20 20:00:00,新高港超高壓變電所,LINGLING,3,1002.0,1241.760501342727,0
2025-08-20 20:00:00,九曲配電變電所,LINGLING,3,1002.0,1219.2815717237586,0
2025-08-20 20:00:00,崙背變電所,LINGLING,3,1002.0,1145.0702966440613,0
2025-08-20 20:00:00,常德變電所,LINGLING,3,1002.0,958.6771952399346,0
2025-08-20 20:00:00,嶺口二次變電所,LINGLING,3,1002.0,1228.5648390188155,0
2025-08-20 20:00:00,龍明配電變電所,LINGLING,3,1002.0,979.7592247572544,0
2025-08-20 20:00:00,新工配電變電所,LINGLING,3,1002.0,1017.2288969730172,0
2025-08-21 02:00:00,榮成變電所,LINGLING,3,998.0,1066.3373344051747,0
2025-08-21 02:00:00,西螺服務區,LINGLING,3,998.0,1214.3993491937374,0
2025-08-21 02:00:00,中部科學園區,LINGLING,3,998.0,1163.996072409742,0
2025-08-21 02:00:00,興變電所,LINGLING,3,998.0,1217.3877085288664,0
2025-08-21 02:00:00,中正變電所,LINGLING,3,998.0,1038.0066269133767,0
2025-08-21 02:00:00,成都變電所,LINGLING,3,998.0,1059.4113512972913,0
2025-08-21 02:00:00,新豐配電變電所,LINGLING,3,998.0,1088.6499218330064,0
2025-08-21 02:00:00,內惟配電變電所,LINGLING,3,998.0,1322.4434461519336,0
2025-08-21 02:00:00,永華二次變電所,LINGLING,3,998.0,1299.2611771169677,0
2025-08-21 02:00:00,關西二次變電所,LINGLING,3,998.0,1084.3693836594623,0
2025-08-21 02:00:00,源海二次變電所,LINGLING,3,998.0,1037.9984606348453,0
2025-08-21 02:00:00,四湖配電變電所,LINGLING,3,998.0,1244.2242422231964,0
2025-08-21 02:00:00,新高港超高壓變電所,LINGLING,3,998.0,1323.082329569382,0
2025-08-21 02:00:00,九曲配電變電所,LINGLING,3,998.0,1300.2034031816993,0
2025-08-21 02:00:00,崙背變電所,LINGLING,3,998.0,1225.4801972882167,0
2025-08-21 02:00:00,常德變電所,LINGLING,3,998.0,1038.910652973926,0
2025-08-21 02:00:00,嶺口二次變電所,LINGLING,3,998.0,1309.7530686437785,0
2025-08-21 02:00:00,龍明配電變電所,LINGLING,3,998.0,1059.806777317456,0
2025-08-21 02:00:00,新工配電變電所,LINGLING,3,998.0,1097.1089895166972,0
2025-08-21 08:00:00,榮成變電所,LINGLING,3,994.0,1102.0766223672988,0
2025-08-21 08:00:00,西螺服務區,LINGLING,3,994.0,1249.4253012123734,0
2025-08-21 08:00:00,中部科學園區,LINGLING,3,994.0,1199.2316726678575,0
2025-08-21 08:00:00,興變電所,LINGLING,3,994.0,1251.6872067853742,0
2025-08-21 08:00:00,中正變電所,LINGLING,3,994.0,1073.2113547385204,0
2025-08-21 08:00:00,成都變電所,LINGLING,3,994.0,1094.8840705605085,0
2025-08-21 08:00:00,新豐配電變電所,LINGLING,3,994.0,1124.372219253645,0
2025-08-21 08:00:00,內惟配電變電所,LINGLING,3,994.0,1356.4549999980545,0
2025-08-21 08:00:00,永華二次變電所,LINGLING,3,994.0,1333.7002873485833,0
2025-08-21 08:00:00,關西二次變電所,LINGLING,3,994.0,1119.7397845342614,0
2025-08-21 08:00:00,源海二次變電所,LINGLING,3,994.0,1073.2033170594634,0
2025-08-21 08:00:00,四湖配電變電所,LINGLING,3,994.0,1279.3382968683384,0
2025-08-21 08:00:00,新高港超高壓變電所,LINGLING,3,994.0,1356.8448655194507,0
2025-08-21 08:00:00,九曲配電變電所,LINGLING,3,994.0,1334.6568806509624,0
2025-08-21 08:00:00,崙背變電所,LINGLING,3,994.0,1260.5866360829948,0
2025-08-21 08:00:00,常德變電所,LINGLING,3,994.0,1074.2059641896155,0
2025-08-21 08:00:00,嶺口二次變電所,LINGLING,3,994.0,1343.7732358809862,0
2025-08-21 08:00:00,龍明配電變電所,LINGLING,3,994.0,1095.2845682178238,0
2025-08-21 08:00:00,新工配電變電所,LINGLING,3,994.0,1132.7409061430676,0
2025-08-21 14:00:00,榮成變電所,LINGLING,3,994.0,1131.9223061785367,0
2025-08-21 14:00:00,西螺服務區,LINGLING,3,994.0,1276.9175565988896,0
2025-08-21 14:00:00,中部科學園區,LINGLING,3,994.0,1227.408817414365,0
2025-08-21 14:00:00,興變電所,LINGLING,3,994.0,1277.1017331002479,0
2025-08-21 14:00:00,中正變電所,LINGLING,3,994.0,1101.4854174964307,0
2025-08-21 14:00:00,成都變電所,LINGLING,3,994.0,1123.9243785107744,0
2025-08-21 14:00:00,新豐配電變電所,LINGLING,3,994.0,1154.1321137081795,0
2025-08-21 14:00:00,內惟配電變電所,LINGLING,3,994.0,1380.9447206780535,0
2025-08-21 14:00:00,永華二次變電所,LINGLING,3,994.0,1359.4042800515472,0
2025-08-21 14:00:00,關西二次變電所,LINGLING,3,994.0,1148.4333699867893,0
2025-08-21 14:00:00,源海二次變電所,LINGLING,3,994.0,1101.4777732711193,0
2025-08-21 14:00:00,四湖配電變電所,LINGLING,3,994.0,1307.0532846943304,0
2025-08-21 14:00:00,新高港超高壓變電所,LINGLING,3,994.0,1380.6567492849294,0
2025-08-21 14:00:00,九曲配電變電所,LINGLING,3,994.0,1360.4002633155083,0
2025-08-21 14:00:00,崙背變電所,LINGLING,3,994.0,1288.301876171045,0
2025-08-21 14:00:00,常德變電所,LINGLING,3,994.0,1102.7470811271262,0
2025-08-21 14:00:00,嶺口二次變電所,LINGLING,3,994.0,1368.3013213889897,0
2025-08-21 14:00:00,龍明配電變電所,LINGLING,3,994.0,1124.339597773463,0
2025-08-21 14:00:00,新工配電變電所,LINGLING,3,994.0,1162.209660870129,0
2025-08-21 16:00:00,榮成變電所,LINGLING,3,994.0,1154.5269864753764,0
2025-08-21 16:00:00,西螺服務區,LINGLING,3,994.0,1298.6982083685373,0
2025-08-21 16:00:00,中部科學園區,LINGLING,3,994.0,1249.4344777387817,0
2025-08-21 16:00:00,興變電所,LINGLING,3,994.0,1298.1897507328729,0
2025-08-21 16:00:00,中正變電所,LINGLING,3,994.0,1123.602957204681,0
2025-08-21 16:00:00,成都變電所,LINGLING,3,994.0,1146.2766517861776,0
2025-08-21 16:00:00,新豐配電變電所,LINGLING,3,994.0,1176.6991967369063,0
2025-08-21 16:00:00,內惟配電變電所,LINGLING,3,994.0,1401.6753642353285,0
2025-08-21 16:00:00,永華二次變電所,LINGLING,3,994.0,1380.5560979665595,0
2025-08-21 16:00:00,關西二次變電所,LINGLING,3,994.0,1170.6623406101708,0
2025-08-21 16:00:00,源海二次變電所,LINGLING,3,994.0,1123.5954440833084,0
2025-08-21 16:00:00,四湖配電變電所,LINGLING,3,994.0,1328.895095395353,0
2025-08-21 16:00:00,新高港超高壓變電所,LINGLING,3,994.0,1401.154447313412,0
2025-08-21 16:00:00,九曲配電變電所,LINGLING,3,994.0,1381.5649860019807,0
2025-08-21 16:00:00,崙背變電所,LINGLING,3,994.0,1310.151186196324,0
2025-08-21 16:00:00,常德變電所,LINGLING,3,994.0,1124.9500277303368,0
2025-08-21 16:00:00,嶺口二次變電所,LINGLING,3,994.0,1389.050051896475,0
2025-08-21 16:00:00,龍明配電變電所,LINGLING,3,994.0,1146.6963741865145,0
2025-08-21 16:00:00,新工配電變電所,LINGLING,3,994.0,1184.6804396208101,0
2025-08-21 17:00:00,榮成變電所,LINGLING,3,1000.0,1176.3520396514914,0
2025-08-21 17:00:00,西螺服務區,LINGLING,3,1000.0,1320.3880981937152,0
2025-08-21 17:00:00,中部科學園區,LINGLING,3,1000.0,1271.168781500388,0
2025-08-21 17:00:00,興變電所,LINGLING,3,1000.0,1319.7407866181754,0
2025-08-21 17:00:00,中正變電所,LINGLING,3,1000.0,1145.3554856002231,0
2025-08-21 17:00:00,成都變電所,LINGLING,3,1000.0,1168.065612875665,0
2025-08-21 17:00:00,新豐配電變電所,LINGLING,3,1000.0,1198.5186921922952,0
2025-08-21 17:00:00,內惟配電變電所,LINGLING,3,1000.0,1423.1429442398633,0
2025-08-21 17:00:00,永華二次變電所,LINGLING,3,1000.0,1402.1186524876587,0
2025-08-21 17:00:00,關西二次變電所,LINGLING,3,1000.0,1192.4317219084303,0
2025-08-21 17:00:00,源海二次變電所,LINGLING,3,1000.0,1145.3479941356775,0
2025-08-21 17:00:00,四湖配電變電所,LINGLING,3,1000.0,1350.5954791135407,0
2025-08-21 17:00:00,新高港超高壓變電所,LINGLING,3,1000.0,1422.5665339453697,0
2025-08-21 17:00:00,九曲配電變電所,LINGLING,3,1000.0,1403.1302815357387,0
2025-08-21 17:00:00,崙背變電所,LINGLING,3,1000.0,1331.853312891974,0
2025-08-21 17:00:00,常德變電所,LINGLING,3,1000.0,1146.7163117919652,0
2025-08-21 17:00:00,嶺口二次變電所,LINGLING,3,1000.0,1410.5222076312448,0
2025-08-21 17:00:00,龍明配電變電所,LINGLING,3,1000.0,1168.4860056271461,0
2025-08-21 17:00:00,新工配電變電所,LINGLING,3,1000.0,1206.4861546043596,0
2025-08-21 20:00:00,榮成變電所,LINGLING,2,1004.0,1192.8480126079467,0
2025-08-21 20:00:00,西螺服務區,LINGLING,2,1004.0,1335.6527354412483,0
2025-08-21 20:00:00,中部科學園區,LINGLING,2,1004.0,1286.798446173527,0
2025-08-21 20:00:00,興變電所,LINGLING,2,1004.0,1334.044171772878,0
2025-08-21 20:00:00,中正變電所,LINGLING,2,1004.0,1161.1722163430165,0
2025-08-21 20:00:00,成都變電所,LINGLING,2,1004.0,1184.2040798456803,0
2025-08-21 20:00:00,新豐配電變電所,LINGLING,2,1004.0,1214.950839611247,0
2025-08-21 20:00:00,內惟配電變電所,LINGLING,2,1004.0,1436.915605645871,0
2025-08-21 20:00:00,永華二次變電所,LINGLING,2,1004.0,1416.476777135056,0
2025-08-21 20:00:00,關西二次變電所,LINGLING,2,1004.0,1208.3835940964973,0
2025-08-21 20:00:00,源海二次變電所,LINGLING,2,1004.0,1161.164913606671,0
2025-08-21 20:00:00,四湖配電變電所,LINGLING,2,1004.0,1365.934451313677,0
2025-08-21 20:00:00,新高港超高壓變電所,LINGLING,2,1004.0,1436.0229328344897,0
2025-08-21 20:00:00,九曲配電變電所,LINGLING,2,1004.0,1417.5058287849909,0
2025-08-21 20:00:00,崙背變電所,LINGLING,2,1004.0,1347.2099836200296,0
2025-08-21 20:00:00,常德變電所,LINGLING,2,1004.0,1162.6530498463658,0
2025-08-21 20:00:00,嶺口二次變電所,LINGLING,2,1004.0,1424.3243868540967,0
2025-08-21 20:00:00,龍明配電變電所,LINGLING,2,1004.0,1184.6306903793625,0
2025-08-21 20:00:00,新工配電變電所,LINGLING,2,1004.0,1222.7766158701554,0
2025-08-21 23:00:00,榮成變電所,LINGLING,2,1006.0,1208.3882605731842,0
2025-08-21 23:00:00,西螺服務區,LINGLING,2,1006.0,1350.6506370881414,0
2025-08-21 23:00:00,中部科學園區,LINGLING,2,1006.0,1301.9598713637815,0
2025-08-21 23:00:00,興變電所,LINGLING,2,1006.0,1348.6203813321756,0
2025-08-21 23:00:00,中正變電所,LINGLING,2,1006.0,1176.431365532654,0
2025-08-21 23:00:00,成都變電所,LINGLING,2,1006.0,1199.5958135775613,0
2025-08-21 23:00:00,新豐配電變電所,LINGLING,2,1006.0,1230.4614112022277,0
2025-08-21 23:00:00,內惟配電變電所,LINGLING,2,1006.0,1451.241107451967,0
2025-08-21 23:00:00,永華二次變電所,LINGLING,2,1006.0,1431.0669020628754,0
2025-08-21 23:00:00,關西二次變電所,LINGLING,2,1006.0,1223.6930118421044,0
2025-08-21 23:00:00,源海二次變電所,LINGLING,2,1006.0,1176.424144102597,0
2025-08-21 23:00:00,四湖配電變電所,LINGLING,2,1006.0,1380.9608654242131,0
2025-08-21 23:00:00,新高港超高壓變電所,LINGLING,2,1006.0,1450.2053425622303,0
2025-08-21 23:00:00,九曲配電變電所,LINGLING,2,1006.0,1432.1035740422506,0
2025-08-21 23:00:00,崙背變電所,LINGLING,2,1006.0,1362.2463016099418,0
2025-08-21 23:00:00,常德變電所,LINGLING,2,1006.0,1177.9628562218518,0
2025-08-21 23:00:00,嶺口二次變電所,LINGLING,2,1006.0,1438.6647264212904,0
2025-08-21 23:00:00,龍明配電變電所,LINGLING,2,1006.0,1200.0249796032108,0
2025-08-21 23:00:00,新工配電變電所,LINGLING,2,1006.0,1238.2268009097781,0
2025-08-22 02:00:00,榮成變電所,LINGLING,2,1006.0,1252.177268332332,0
2025-08-22 02:00:00,西螺服務區,LINGLING,2,1006.0,1394.244192006089,0
2025-08-22 02:00:00,中部科學園區,LINGLING,2,1006.0,1345.6216732346209,0
2025-08-22 02:00:00,興變電所,LINGLING,2,1006.0,1392.0088574600147,0
2025-08-22 02:00:00,中正變電所,LINGLING,2,1006.0,1220.132293070348,0
2025-08-22 02:00:00,成都變電所,LINGLING,2,1006.0,1243.34105468461,0
2025-08-22 02:00:00,新豐配電變電所,LINGLING,2,1006.0,1274.241867480141,0
2025-08-22 02:00:00,內惟配電變電所,LINGLING,2,1006.0,1494.4838615199255,0
2025-08-22 02:00:00,永華二次變電所,LINGLING,2,1006.0,1474.4602044880733,0
2025-08-22 02:00:00,關西二次變電所,LINGLING,2,1006.0,1267.410547897088,0
2025-08-22 02:00:00,源海二次變電所,LINGLING,2,1006.0,1220.125100815094,0
2025-08-22 02:00:00,四湖配電變電所,LINGLING,2,1006.0,1424.5659929629408,0
2025-08-22 02:00:00,新高港超高壓變電所,LINGLING,2,1006.0,1493.360688340364,0
2025-08-22 02:00:00,九曲配電變電所,LINGLING,2,1006.0,1475.5009244615517,0
2025-08-22 02:00:00,崙背變電所,LINGLING,2,1006.0,1405.856047990618,0
2025-08-22 02:00:00,常德變電所,LINGLING,2,1006.0,1221.681456565245,0
2025-08-22 02:00:00,嶺口二次變電所,LINGLING,2,1006.0,1481.916745766904,0
2025-08-22 02:00:00,龍明配電變電所,LINGLING,2,1006.0,1243.771025615372,0
2025-08-22 02:00:00,新工配電變電所,LINGLING,2,1006.0,1281.9895065003475,0
2025-08-22 05:00:00,榮成變電所,LINGLING,2,1006.0,1294.3774613691025,0
2025-08-22 05:00:00,西螺服務區,LINGLING,2,1006.0,1436.9324136864157,0
2025-08-22 05:00:00,中部科學園區,LINGLING,2,1006.0,1388.1748122613142,0
2025-08-22 05:00:00,興變電所,LINGLING,2,1006.0,1434.996549237336,0
2025-08-22 05:00:00,中正變電所,LINGLING,2,1006.0,1262.5967564905538,0
2025-08-22 05:00:00,成都變電所,LINGLING,2,1006.0,1285.6854085166137,0
2025-08-22 05:00:00,新豐配電變電所,LINGLING,2,1006.0,1316.4722081896398,0
2025-08-22 05:00:00,關西二次變電所,LINGLING,2,1006.0,1309.831556435455,0
2025-08-22 05:00:00,源海二次變電所,LINGLING,2,1006.0,1262.5894921447737,0
2025-08-22 05:00:00,四湖配電變電所,LINGLING,2,1006.0,1467.232584226173,0
2025-08-22 05:00:00,崙背變電所,LINGLING,2,1006.0,1448.5141563571108,0
2025-08-22 05:00:00,常德變電所,LINGLING,2,1006.0,1264.1006845696957,0
2025-08-22 05:00:00,龍明配電變電所,LINGLING,2,1006.0,1286.1129889358876,0
2025-08-22 05:00:00,新工配電變電所,LINGLING,2,1006.0,1324.279184227226,0
2025-08-22 08:00:00,榮成變電所,LINGLING,2,1008.0,1323.970178215412,0
2025-08-22 08:00:00,西螺服務區,LINGLING,2,1008.0,1466.1922065170754,0
2025-08-22 08:00:00,中部科學園區,LINGLING,2,1008.0,1417.5395751374863,0
2025-08-22 08:00:00,興變電所,LINGLING,2,1008.0,1463.9739450075033,0
2025-08-22 08:00:00,中正變電所,LINGLING,2,1008.0,1292.0238232000986,0
2025-08-22 08:00:00,成都變電所,LINGLING,2,1008.0,1315.1917037943208,0
2025-08-22 08:00:00,新豐配電變電所,LINGLING,2,1008.0,1346.0477952922129,0
2025-08-22 08:00:00,關西二次變電所,LINGLING,2,1008.0,1339.2883990774267,0
2025-08-22 08:00:00,源海二次變電所,LINGLING,2,1008.0,1292.0166083548063,0
2025-08-22 08:00:00,四湖配電變電所,LINGLING,2,1008.0,1496.510121462694,0
2025-08-22 08:00:00,崙背變電所,LINGLING,2,1008.0,1477.7984584450426,0
2025-08-22 08:00:00,常德變電所,LINGLING,2,1008.0,1293.5583433190964,0
2025-08-22 08:00:00,龍明配電變電所,LINGLING,2,1008.0,1315.6207924156333,0
2025-08-22 08:00:00,新工配電變電所,LINGLING,2,1008.0,1353.8196110481,0
2025-08-22 14:00:00,榮成變電所,LINGLING,2,1008.0,1381.5628314247972,0
2025-08-22 14:00:00,中部科學園區,LINGLING,2,1008.0,1475.1473273096794,0
2025-08-22 14:00:00,中正變電所,LINGLING,2,1008.0,1349.6328840139831,0
2025-08-22 14:00:00,成都變電所,LINGLING,2,1008.0,1372.7967689649797,0
2025-08-22 14:00:00,新豐配電變電所,LINGLING,2,1008.0,1403.6436844876116,0
2025-08-22 14:00:00,關西二次變電所,LINGLING,2,1008.0,1396.896741601834,0
2025-08-22 14:00:00,源海二次變電所,LINGLING,2,1008.0,1349.6256686575125,0
2025-08-22 14:00:00,常德變電所,LINGLING,2,1008.0,1351.1666246916561,0
2025-08-22 14:00:00,龍明配電變電所,LINGLING,2,1008.0,1373.2257167825699,0
2025-08-22 14:00:00,新工配電變電所,LINGLING,2,1008.0,1411.4209036024054,0
2025-08-22 20:00:00,榮成變電所,LINGLING,2,1010.0,1434.6670751952818,0
2025-08-22 20:00:00,中正變電所,LINGLING,2,1010.0,1402.261286393785,0
2025-08-22 20:00:00,成都變電所,LINGLING,2,1010.0,1425.648453337435,0
2025-08-22 20:00:00,新豐配電變電所,LINGLING,2,1010.0,1456.693867162146,0
2025-08-22 20:00:00,關西二次變電所,LINGLING,2,1010.0,1449.601739628072,0
2025-08-22 20:00:00,源海二次變電所,LINGLING,2,1010.0,1402.2542128948855,0
2025-08-22 20:00:00,常德變電所,LINGLING,2,1010.0,1403.8819152170854,0
2025-08-22 20:00:00,龍明配電變電所,LINGLING,2,1010.0,1426.0817078765035,0
2025-08-22 20:00:00,新工配電變電所,LINGLING,2,1010.0,1464.3661892439704,0
2025-08-23 02:00:00,榮成變電所,LINGLING,2,1010.0,1482.34262085142,0
2025-08-23 02:00:00,中正變電所,LINGLING,2,1010.0,1449.3222817770013,0
2025-08-23 02:00:00,成都變電所,LINGLING,2,1010.0,1472.992867007084,0
2025-08-23 02:00:00,關西二次變電所,LINGLING,2,1010.0,1496.74395329395,0
2025-08-23 02:00:00,源海二次變電所,LINGLING,2,1010.0,1449.315396431709,0
2025-08-23 02:00:00,常德變電所,LINGLING,2,1010.0,1451.0558598301602,0
2025-08-23 02:00:00,龍明配電變電所,LINGLING,2,1010.0,1473.4316284608963,0
2025-08-21 14:00:00,榮成變電所,KAJIKI,2,1006.0,1205.6726810323682,0
2025-08-21 14:00:00,西螺服務區,KAJIKI,2,1006.0,1121.37582524332,0
2025-08-21 14:00:00,中部科學園區,KAJIKI,2,1006.0,1147.1145958153222,0
2025-08-21 14:00:00,興變電所,KAJIKI,2,1006.0,1074.7811909584987,0
2025-08-21 14:00:00,中正變電所,KAJIKI,2,1006.0,1183.6134478713095,0
2025-08-21 14:00:00,成都變電所,KAJIKI,2,1006.0,1191.7108843319288,0
2025-08-21 14:00:00,新豐配電變電所,KAJIKI,2,1006.0,1198.2118580808199,0
2025-08-21 14:00:00,內惟配電變電所,KAJIKI,2,1006.0,1032.007773529784,0
2025-08-21 14:00:00,永華二次變電所,KAJIKI,2,1006.0,1064.7230946047139,0
2025-08-21 14:00:00,關西二次變電所,KAJIKI,2,1006.0,1177.8290962824894,0
2025-08-21 14:00:00,源海二次變電所,KAJIKI,2,1006.0,1183.6234337755436,0
2025-08-21 14:00:00,四湖配電變電所,KAJIKI,2,1006.0,1120.9932804476018,0
2025-08-21 14:00:00,新高港超高壓變電所,KAJIKI,2,1006.0,1015.8082361758103,0
2025-08-21 14:00:00,九曲配電變電所,KAJIKI,2,1006.0,1065.5046126968284,0
2025-08-21 14:00:00,崙背變電所,KAJIKI,2,1006.0,1124.2970437652393,0
2025-08-21 14:00:00,常德變電所,KAJIKI,2,1006.0,1188.3351482461235,0
2025-08-21 14:00:00,嶺口二次變電所,KAJIKI,2,1006.0,1035.1271784926387,0
2025-08-21 14:00:00,龍明配電變電所,KAJIKI,2,1006.0,1191.8839608937196,0
2025-08-21 14:00:00,新工配電變電所,KAJIKI,2,1006.0,1190.1466629490294,0
2025-08-21 20:00:00,榮成變電所,KAJIKI,2,1008.0,1146.6295975126918,0
2025-08-21 20:00:00,西螺服務區,KAJIKI,2,1008.0,1043.7086519172708,0
2025-08-21 20:00:00,中部科學園區,KAJIKI,2,1008.0,1076.0741809019532,0
2025-08-21 20:00:00,興變電所,KAJIKI,2,1008.0,999.1442548543337,0
2025-08-21 20:00:00,中正變電所,KAJIKI,2,1008.0,1130.463233013939,0
2025-08-21 20:00:00,成都變電所,KAJIKI,2,1008.0,1134.5917561867939,0
2025-08-21 20:00:00,新豐配電變電所,KAJIKI,2,1008.0,1136.1451509761423,0
2025-08-21 20:00:00,內惟配電變電所,KAJIKI,2,1008.0,941.2184911068294,0
2025-08-21 20:00:00,永華二次變電所,KAJIKI,2,1008.0,976.2120637344144,0
2025-08-21 20:00:00,關西二次變電所,KAJIKI,2,1008.0,1117.6169230510131,0
2025-08-21 20:00:00,源海二次變電所,KAJIKI,2,1008.0,1130.4738444711677,0
2025-08-21 20:00:00,四湖配電變電所,KAJIKI,2,1008.0,1038.6911499886123,0
2025-08-21 20:00:00,新高港超高壓變電所,KAJIKI,2,1008.0,925.6951277944646,0
2025-08-21 20:00:00,九曲配電變電所,KAJIKI,2,1008.0,976.8086078186899,0
2025-08-21 20:00:00,崙背變電所,KAJIKI,2,1008.0,1044.757008297083,0
2025-08-21 20:00:00,常德變電所,KAJIKI,2,1008.0,1134.7113920396387,0
2025-08-21 20:00:00,嶺口二次變電所,KAJIKI,2,1008.0,946.2805226706581,0
2025-08-21 20:00:00,龍明配電變電所,KAJIKI,2,1008.0,1134.6914044068742,0
2025-08-21 20:00:00,新工配電變電所,KAJIKI,2,1008.0,1127.218609332926,0
2025-08-22 02:00:00,榮成變電所,KAJIKI,2,1006.0,1075.2841170097258,0
2025-08-22 02:00:00,西螺服務區,KAJIKI,2,1006.0,958.5888934513259,0
2025-08-22 02:00:00,中部科學園區,KAJIKI,2,1006.0,995.9214407313486,0
2025-08-22 02:00:00,興變電所,KAJIKI,2,1006.0,916.585646089064,0
2025-08-22 02:00:00,中正變電所,KAJIKI,2,1006.0,1064.323387842521,0
2025-08-22 02:00:00,成都變電所,KAJIKI,2,1006.0,1065.0577933408715,0
2025-08-22 02:00:00,新豐配電變電所,KAJIKI,2,1006.0,1062.4524160180415,0
2025-08-22 02:00:00,內惟配電變電所,KAJIKI,2,1006.0,847.0222599917438,0
2025-08-22 02:00:00,永華二次變電所,KAJIKI,2,1006.0,883.2474335155132,0
2025-08-22 02:00:00,關西二次變電所,KAJIKI,2,1006.0,1045.7910964072678,0
2025-08-22 02:00:00,源海二次變電所,KAJIKI,2,1006.0,1064.3343350851783,0
2025-08-22 02:00:00,四湖配電變電所,KAJIKI,2,1006.0,949.7830181091996,0
2025-08-22 02:00:00,新高港超高壓變電所,KAJIKI,2,1006.0,832.3949142664195,0
2025-08-22 02:00:00,九曲配電變電所,KAJIKI,2,1006.0,883.6769245240861,0
2025-08-22 02:00:00,崙背變電所,KAJIKI,2,1006.0,958.050630528737,0
2025-08-22 02:00:00,常德變電所,KAJIKI,2,1006.0,1068.0999755210614,0
2025-08-22 02:00:00,嶺口二次變電所,KAJIKI,2,1006.0,853.6254092926365,0
2025-08-22 02:00:00,龍明配電變電所,KAJIKI,2,1006.0,1065.094324886515,0
2025-08-22 02:00:00,新工配電變電所,KAJIKI,2,1006.0,1052.957506975463,0
2025-08-22 08:00:00,榮成變電所,KAJIKI,2,1006.0,1016.8508246769031,0
2025-08-22 08:00:00,西螺服務區,KAJIKI,2,1006.0,892.8050590744621,0
2025-08-22 08:00:00,中部科學園區,KAJIKI,2,1006.0,932.8127995195474,0
2025-08-22 08:00:00,興變電所,KAJIKI,2,1006.0,852.691129165333,0
2025-08-22 08:00:00,中正變電所,KAJIKI,2,1006.0,1009.1036661884416,0
2025-08-22 08:00:00,成都變電所,KAJIKI,2,1006.0,1007.7873860968848,0
2025-08-22 08:00:00,新豐配電變電所,KAJIKI,2,1006.0,1002.7075385476321,0
2025-08-22 08:00:00,內惟配電變電所,KAJIKI,2,1006.0,776.7466509283544,0
2025-08-22 08:00:00,永華二次變電所,KAJIKI,2,1006.0,813.3959353309738,0
2025-08-22 08:00:00,關西二次變電所,KAJIKI,2,1006.0,987.2897394745391,0
2025-08-22 08:00:00,源海二次變電所,KAJIKI,2,1006.0,1009.1147306058357,0
2025-08-22 08:00:00,四湖配電變電所,KAJIKI,2,1006.0,881.8142382390596,0
2025-08-22 08:00:00,新高港超高壓變電所,KAJIKI,2,1006.0,762.7919090893631,0
2025-08-22 08:00:00,九曲配電變電所,KAJIKI,2,1006.0,813.7223468173215,0
2025-08-22 08:00:00,崙背變電所,KAJIKI,2,1006.0,891.3260785346281,0
2025-08-22 08:00:00,常德變電所,KAJIKI,2,1006.0,1012.5663228867952,0
2025-08-22 08:00:00,嶺口二次變電所,KAJIKI,2,1006.0,784.2152526911909,0
2025-08-22 08:00:00,龍明配電變電所,KAJIKI,2,1006.0,1007.785696384796,0
2025-08-22 08:00:00,新工配電變電所,KAJIKI,2,1006.0,992.9421116238017,0
2025-08-22 14:00:00,榮成變電所,KAJIKI,2,1004.0,908.6867327611136,0
2025-08-22 14:00:00,西螺服務區,KAJIKI,2,1004.0,777.7868766324139,0
2025-08-22 14:00:00,中部科學園區,KAJIKI,2,1004.0,820.2718573118381,0
2025-08-22 14:00:00,興變電所,KAJIKI,2,1004.0,739.8625949093063,0
2025-08-22 14:00:00,中正變電所,KAJIKI,2,1004.0,904.444944732865,0
2025-08-22 14:00:00,成都變電所,KAJIKI,2,1004.0,900.918301753275,0
2025-08-22 14:00:00,新豐配電變電所,KAJIKI,2,1004.0,893.2441727766912,0
2025-08-22 14:00:00,內惟配電變電所,KAJIKI,2,1004.0,658.0070384404091,0
2025-08-22 14:00:00,永華二次變電所,KAJIKI,2,1004.0,694.8423264676475,0
2025-08-22 14:00:00,關西二次變電所,KAJIKI,2,1004.0,879.2342851887229,0
2025-08-22 14:00:00,源海二次變電所,KAJIKI,2,1004.0,904.4560628222431,0
2025-08-22 14:00:00,四湖配電變電所,KAJIKI,2,1004.0,764.6989464862744,0
2025-08-22 14:00:00,新高港超高壓變電所,KAJIKI,2,1004.0,644.8033234278353,0
2025-08-22 14:00:00,九曲配電變電所,KAJIKI,2,1004.0,695.0675693420321,0
2025-08-22 14:00:00,崙背變電所,KAJIKI,2,1004.0,775.3794170707154,0
2025-08-22 14:00:00,常德變電所,KAJIKI,2,1004.0,907.5425671300255,0
2025-08-22 14:00:00,嶺口二次變電所,KAJIKI,2,1004.0,666.2721500116336,0
2025-08-22 14:00:00,龍明配電變電所,KAJIKI,2,1004.0,900.875633311863,0
2025-08-22 14:00:00,新工配電變電所,KAJIKI,2,1004.0,883.2524667532224,0
2025-08-22 20:00:00,榮成變電所,KAJIKI,2,1002.0,848.0861985938145,0
2025-08-22 20:00:00,西螺服務區,KAJIKI,2,1002.0,698.1218038755088,0
2025-08-22 20:00:00,中部科學園區,KAJIKI,2,1002.0,748.0730784235591,0
2025-08-22 20:00:00,興變電所,KAJIKI,2,1002.0,672.0288911163994,0
2025-08-22 20:00:00,中正變電所,KAJIKI,2,1002.0,856.3377497651114,0
2025-08-22 20:00:00,成都變電所,KAJIKI,2,1002.0,845.3449947957922,0
2025-08-22 20:00:00,新豐配電變電所,KAJIKI,2,1002.0,828.6984581943068,0
2025-08-22 20:00:00,內惟配電變電所,KAJIKI,2,1002.0,570.8867783834933,0
2025-08-22 20:00:00,永華二次變電所,KAJIKI,2,1002.0,605.3947865637194,0
2025-08-22 20:00:00,關西二次變電所,KAJIKI,2,1002.0,820.5963594792795,0
2025-08-22 20:00:00,源海二次變電所,KAJIKI,2,1002.0,856.3484601487513,0
2025-08-22 20:00:00,四湖配電變電所,KAJIKI,2,1002.0,676.7121212580917,0
2025-08-22 20:00:00,新高港超高壓變電所,KAJIKI,2,1002.0,562.5652160566812,0
2025-08-22 20:00:00,九曲配電變電所,KAJIKI,2,1002.0,605.1141304809285,0
2025-08-22 20:00:00,崙背變電所,KAJIKI,2,1002.0,691.8685791326168,0
2025-08-22 20:00:00,常德變電所,KAJIKI,2,1002.0,858.0277098433959,0
2025-08-22 20:00:00,嶺口二次變電所,KAJIKI,2,1002.0,582.2212087105877,0
2025-08-22 20:00:00,龍明配電變電所,KAJIKI,2,1002.0,845.1599141741963,0
2025-08-22 20:00:00,新工配電變電所,KAJIKI,2,1002.0,818.4002276807668,0
2025-08-23 02:00:00,榮成變電所,KAJIKI,3,998.0,928.7793307757213,0
2025-08-23 02:00:00,西螺服務區,KAJIKI,3,998.0,774.0446708969702,0
2025-08-23 02:00:00,中部科學園區,KAJIKI,3,998.0,826.0522217826701,0
2025-08-23 02:00:00,興變電所,KAJIKI,3,998.0,756.9045821731673,0
2025-08-23 02:00:00,中正變電所,KAJIKI,3,998.0,944.1733978402447,0
2025-08-23 02:00:00,成都變電所,KAJIKI,3,998.0,929.1905532250655,0
2025-08-23 02:00:00,新豐配電變電所,KAJIKI,3,998.0,907.7530558162433,0
2025-08-23 02:00:00,內惟配電變電所,KAJIKI,3,998.0,650.7591887976259,0
2025-08-23 02:00:00,永華二次變電所,KAJIKI,3,998.0,681.0396154932229,0
2025-08-23 02:00:00,關西二次變電所,KAJIKI,3,998.0,903.603395744893,0
2025-08-23 02:00:00,源海二次變電所,KAJIKI,3,998.0,944.1834650404595,0
2025-08-23 02:00:00,四湖配電變電所,KAJIKI,3,998.0,748.4643865104063,0
2025-08-23 02:00:00,新高港超高壓變電所,KAJIKI,3,998.0,646.2448851661319,0
2025-08-23 02:00:00,九曲配電變電所,KAJIKI,3,998.0,680.4453824910117,0
2025-08-23 02:00:00,崙背變電所,KAJIKI,3,998.0,765.6585130315691,0
2025-08-23 02:00:00,常德變電所,KAJIKI,3,998.0,944.9758556500082,0
2025-08-23 02:00:00,嶺口二次變電所,KAJIKI,3,998.0,663.1579218317125,0
2025-08-23 02:00:00,龍明配電變電所,KAJIKI,3,998.0,928.9273911882309,0
2025-08-23 02:00:00,新工配電變電所,KAJIKI,3,998.0,897.6995798482393,0
2025-08-23 08:00:00,榮成變電所,KAJIKI,3,994.0,962.728762822158,0
2025-08-23 08:00:00,西螺服務區,KAJIKI,3,994.0,808.5435993125748,0
2025-08-23 08:00:00,中部科學園區,KAJIKI,3,994.0,860.5561186239994,0
2025-08-23 08:00:00,興變電所,KAJIKI,3,994.0,800.0019517805952,0
2025-08-23 08:00:00,中正變電所,KAJIKI,3,994.0,984.273645981854,0
2025-08-23 08:00:00,成都變電所,KAJIKI,3,994.0,966.006498377389,0
2025-08-23 08:00:00,新豐配電變電所,KAJIKI,3,994.0,940.7738458332897,0
2025-08-23 08:00:00,內惟配電變電所,KAJIKI,3,994.0,694.1260767237668,0
2025-08-23 08:00:00,永華二次變電所,KAJIKI,3,994.0,719.2396111043452,0
2025-08-23 08:00:00,關西二次變電所,KAJIKI,3,994.0,940.3295685920544,0
2025-08-23 08:00:00,源海二次變電所,KAJIKI,3,994.0,984.282875723263,0
2025-08-23 08:00:00,四湖配電變電所,KAJIKI,3,994.0,780.273365521056,0
2025-08-23 08:00:00,新高港超高壓變電所,KAJIKI,3,994.0,693.1318852892822,0
2025-08-23 08:00:00,九曲配電變電所,KAJIKI,3,994.0,718.4008219211956,0
2025-08-23 08:00:00,崙背變電所,KAJIKI,3,994.0,798.5860650200801,0
2025-08-23 08:00:00,常德變電所,KAJIKI,3,994.0,984.24031665535,0
2025-08-23 08:00:00,嶺口二次變電所,KAJIKI,3,994.0,706.8253658342448,0
2025-08-23 08:00:00,龍明配電變電所,KAJIKI,3,994.0,965.6787120610236,0
2025-08-23 08:00:00,新工配電變電所,KAJIKI,3,994.0,931.2204277013536,0
2025-08-23 14:00:00,榮成變電所,KAJIKI,3,990.0,1063.013566874962,0
2025-08-23 14:00:00,西螺服務區,KAJIKI,3,990.0,913.4126786464232,0
2025-08-23 14:00:00,中部科學園區,KAJIKI,3,990.0,963.9167610618036,0
2025-08-23 14:00:00,興變電所,KAJIKI,3,990.0,912.8164630246147,0
2025-08-23 14:00:00,中正變電所,KAJIKI,3,990.0,1089.8411357734744,0
2025-08-23 14:00:00,成都變電所,KAJIKI,3,990.0,1068.9101235570784,0
2025-08-23 14:00:00,新豐配電變電所,KAJIKI,3,990.0,1040.6937687184497,0
2025-08-23 14:00:00,內惟配電變電所,KAJIKI,3,990.0,810.6420656098527,0
2025-08-23 14:00:00,永華二次變電所,KAJIKI,3,990.0,830.3947456564749,0
2025-08-23 14:00:00,關西二次變電所,KAJIKI,3,990.0,1043.7313207637208,0
2025-08-23 14:00:00,源海二次變電所,KAJIKI,3,990.0,1089.8493970790134,0
2025-08-23 14:00:00,四湖配電變電所,KAJIKI,3,990.0,883.5922132512816,0
2025-08-23 14:00:00,新高港超高壓變電所,KAJIKI,3,990.0,812.6377214803246,0
2025-08-23 14:00:00,九曲配電變電所,KAJIKI,3,990.0,829.3728737870279,0
2025-08-23 14:00:00,崙背變電所,KAJIKI,3,990.0,902.3319211345005,0
2025-08-23 14:00:00,常德變電所,KAJIKI,3,990.0,1089.032923655608,0
2025-08-23 14:00:00,嶺口二次變電所,KAJIKI,3,990.0,823.1354757561338,0
2025-08-23 14:00:00,龍明配電變電所,KAJIKI,3,990.0,1068.5291883168957,0
2025-08-23 14:00:00,新工配電變電所,KAJIKI,3,990.0,1031.8406884881117,0
2025-08-23 20:00:00,榮成變電所,KAJIKI,4,980.0,1143.833900586292,0
2025-08-23 20:00:00,西螺服務區,KAJIKI,4,980.0,999.493058817905,0
2025-08-23 20:00:00,中部科學園區,KAJIKI,4,980.0,1048.2026647602763,0
2025-08-23 20:00:00,興變電所,KAJIKI,4,980.0,1004.1737316903057,0
2025-08-23 20:00:00,中正變電所,KAJIKI,4,980.0,1173.9718520152278,0
2025-08-23 20:00:00,成都變電所,KAJIKI,4,980.0,1151.4584732977403,0
2025-08-23 20:00:00,新豐配電變電所,KAJIKI,4,980.0,1121.5555592653304,0
2025-08-23 20:00:00,內惟配電變電所,KAJIKI,4,980.0,906.0595765294103,0
2025-08-23 20:00:00,永華二次變電所,KAJIKI,4,980.0,922.015938764398,0
2025-08-23 20:00:00,關西二次變電所,KAJIKI,4,980.0,1126.9395989957977,0
2025-08-23 20:00:00,源海二次變電所,KAJIKI,4,980.0,1173.9793497669682,0
2025-08-23 20:00:00,四湖配電變電所,KAJIKI,4,980.0,969.1448837525566,0
2025-08-23 20:00:00,新高港超高壓變電所,KAJIKI,4,980.0,909.9282221269725,0
2025-08-23 20:00:00,九曲配電變電所,KAJIKI,4,980.0,920.8941280709162,0
2025-08-23 20:00:00,崙背變電所,KAJIKI,4,980.0,987.8476660323216,0
2025-08-23 20:00:00,常德變電所,KAJIKI,4,980.0,1172.6390896470698,0
2025-08-23 20:00:00,嶺口二次變電所,KAJIKI,4,980.0,918.2038287780252,0
2025-08-23 20:00:00,龍明配電變電所,KAJIKI,4,980.0,1151.0457001046555,0
2025-08-23 20:00:00,新工配電變電所,KAJIKI,4,980.0,1113.3014473497938,0
2025-08-24 02:00:00,榮成變電所,KAJIKI,5,970.0,1249.064520985521,0
2025-08-24 02:00:00,西螺服務區,KAJIKI,5,970.0,1108.6726660922789,0
2025-08-24 02:00:00,中部科學園區,KAJIKI,5,970.0,1156.0485954898468,0
2025-08-24 02:00:00,興變電所,KAJIKI,5,970.0,1116.3325406413512,0
2025-08-24 02:00:00,中正變電所,KAJIKI,5,970.0,1281.0811038853342,0
2025-08-24 02:00:00,成都變電所,KAJIKI,5,970.0,1257.7113619036213,0
2025-08-24 02:00:00,新豐配電變電所,KAJIKI,5,970.0,1226.929573060018,0
2025-08-24 02:00:00,內惟配電變電所,KAJIKI,5,970.0,1020.9444811746652,0
2025-08-24 02:00:00,永華二次變電所,KAJIKI,5,970.0,1034.7742533445385,0
2025-08-24 02:00:00,關西二次變電所,KAJIKI,5,970.0,1233.717339185825,0
2025-08-24 02:00:00,源海二次變電所,KAJIKI,5,970.0,1281.0881029509098,0
2025-08-24 02:00:00,四湖配電變電所,KAJIKI,5,970.0,1078.2042616838608,0
2025-08-24 02:00:00,新高港超高壓變電所,KAJIKI,5,970.0,1025.7707760884875,0
2025-08-24 02:00:00,九曲配電變電所,KAJIKI,5,970.0,1033.60455444826,0
2025-08-24 02:00:00,崙背變電所,KAJIKI,5,970.0,1096.769629866782,0
2025-08-24 02:00:00,常德變電所,KAJIKI,5,970.0,1279.4353572764044,0
2025-08-24 02:00:00,嶺口二次變電所,KAJIKI,5,970.0,1032.8380408227706,0
2025-08-24 02:00:00,龍明配電變電所,KAJIKI,5,970.0,1257.281176653659,0
2025-08-24 02:00:00,新工配電變電所,KAJIKI,5,970.0,1219.0869041955466,0
2025-08-24 08:00:00,榮成變電所,KAJIKI,5,965.0,1342.132022384849,0
2025-08-24 08:00:00,西螺服務區,KAJIKI,5,965.0,1204.7400814520067,0
2025-08-24 08:00:00,中部科學園區,KAJIKI,5,965.0,1251.111352152605,0
2025-08-24 08:00:00,興變電所,KAJIKI,5,965.0,1214.3553429155636,0
2025-08-24 08:00:00,中正變電所,KAJIKI,5,965.0,1375.3695922378135,0
2025-08-24 08:00:00,成都變電所,KAJIKI,5,965.0,1351.461262077097,0
2025-08-24 08:00:00,新豐配電變電所,KAJIKI,5,965.0,1320.1469324513407,0
2025-08-24 08:00:00,內惟配電變電所,KAJIKI,5,965.0,1120.9300077402067,0
2025-08-24 08:00:00,永華二次變電所,KAJIKI,5,965.0,1133.36152306325,0
2025-08-24 08:00:00,關西二次變電所,KAJIKI,5,965.0,1327.8789008808621,0
2025-08-24 08:00:00,源海二次變電所,KAJIKI,5,965.0,1375.3762347898278,0
2025-08-24 08:00:00,四湖配電變電所,KAJIKI,5,965.0,1174.2669734722087,0
2025-08-24 08:00:00,新高港超高壓變電所,KAJIKI,5,965.0,1126.3591273901434,0
2025-08-24 08:00:00,九曲配電變電所,KAJIKI,5,965.0,1132.163435098866,0
2025-08-24 08:00:00,崙背變電所,KAJIKI,5,965.0,1192.6948468755463,0
2025-08-24 08:00:00,常德變電所,KAJIKI,5,965.0,1373.5122828452452,0
2025-08-24 08:00:00,嶺口二次變電所,KAJIKI,5,965.0,1132.639238300171,0
2025-08-24 08:00:00,龍明配電變電所,KAJIKI,5,965.0,1351.0200694412829,0
2025-08-24 08:00:00,新工配電變電所,KAJIKI,5,965.0,1312.6040884345578,0
2025-08-24 14:00:00,榮成變電所,KAJIKI,5,950.0,1400.7839320704784,0
2025-08-24 14:00:00,西螺服務區,KAJIKI,5,950.0,1267.9049727610948,0
2025-08-24 14:00:00,中部科學園區,KAJIKI,5,950.0,1312.7386612297169,0
2025-08-24 14:00:00,興變電所,KAJIKI,5,950.0,1280.2851905241741,0
2025-08-24 14:00:00,中正變電所,KAJIKI,5,950.0,1435.5782776660233,0
2025-08-24 14:00:00,成都變電所,KAJIKI,5,950.0,1411.0032415600783,0
2025-08-24 14:00:00,新豐配電變電所,KAJIKI,5,950.0,1379.063987171807,0
2025-08-24 14:00:00,內惟配電變電所,KAJIKI,5,950.0,1190.0779033686129,0
2025-08-24 14:00:00,永華二次變電所,KAJIKI,5,950.0,1200.366769493846,0
2025-08-24 14:00:00,關西二次變電所,KAJIKI,5,950.0,1388.0458484852295,0
2025-08-24 14:00:00,源海二次變電所,KAJIKI,5,950.0,1435.5844150465105,0
2025-08-24 14:00:00,四湖配電變電所,KAJIKI,5,950.0,1237.5251625264505,0
2025-08-24 14:00:00,新高港超高壓變電所,KAJIKI,5,950.0,1196.4277923092034,0
2025-08-24 14:00:00,九曲配電變電所,KAJIKI,5,950.0,1199.130674579371,0
2025-08-24 14:00:00,崙背變電所,KAJIKI,5,950.0,1255.7005663686714,0
2025-08-24 14:00:00,常德變電所,KAJIKI,5,950.0,1433.4372633499406,0
2025-08-24 14:00:00,嶺口二次變電所,KAJIKI,5,950.0,1201.4692209222148,0
2025-08-24 14:00:00,龍明配電變電所,KAJIKI,5,950.0,1410.5484116840294,0
2025-08-24 14:00:00,新工配電變電所,KAJIKI,5,950.0,1371.945331241623,0
2025-08-24 20:00:00,榮成變電所,KAJIKI,5,950.0,1458.8507022511667,0
2025-08-24 20:00:00,西螺服務區,KAJIKI,5,950.0,1332.0594709897898,0
2025-08-24 20:00:00,中部科學園區,KAJIKI,5,950.0,1374.8142308325691,0
2025-08-24 20:00:00,興變電所,KAJIKI,5,950.0,1347.7340698043245,0
2025-08-24 20:00:00,中正變電所,KAJIKI,5,950.0,1495.3842612658884,0
2025-08-24 20:00:00,成都變電所,KAJIKI,5,950.0,1470.1037405378554,0
2025-08-24 20:00:00,新豐配電變電所,KAJIKI,5,950.0,1437.5498305599685,0
2025-08-24 20:00:00,內惟配電變電所,KAJIKI,5,950.0,1261.8742453560164,0
2025-08-24 20:00:00,永華二次變電所,KAJIKI,5,950.0,1269.510137341569,0
2025-08-24 20:00:00,關西二次變電所,KAJIKI,5,950.0,1448.0051176107288,0
2025-08-24 20:00:00,源海二次變電所,KAJIKI,5,950.0,1495.389758705926,0
2025-08-24 20:00:00,四湖配電變電所,KAJIKI,5,950.0,1301.947007717699,0
2025-08-24 20:00:00,新高港超高壓變電所,KAJIKI,5,950.0,1269.3151708469363,0
2025-08-24 20:00:00,九曲配電變電所,KAJIKI,5,950.0,1268.234315457044,0
2025-08-24 20:00:00,崙背變電所,KAJIKI,5,950.0,1319.7241562823963,0
2025-08-24 20:00:00,常德變電所,KAJIKI,5,950.0,1492.9072175082922,0
2025-08-24 20:00:00,嶺口二次變電所,KAJIKI,5,950.0,1272.822745299439,0
2025-08-24 20:00:00,龍明配電變電所,KAJIKI,5,950.0,1469.6343417305968,0
2025-08-24 20:00:00,新工配電變電所,KAJIKI,5,950.0,1430.9770006178633,0
2025-08-25 02:00:00,西螺服務區,KAJIKI,5,950.0,1416.4777635654434,0
2025-08-25 02:00:00,中部科學園區,KAJIKI,5,950.0,1457.2479000293008,0
2025-08-25 02:00:00,興變電所,KAJIKI,5,950.0,1434.9100525475774,0
2025-08-25 02:00:00,內惟配電變電所,KAJIKI,5,950.0,1353.0640016568818,0
2025-08-25 02:00:00,永華二次變電所,KAJIKI,5,950.0,1358.4477660927341,0
2025-08-25 02:00:00,四湖配電變電所,KAJIKI,5,950.0,1386.7291467811826,0
2025-08-25 02:00:00,新高港超高壓變電所,KAJIKI,5,950.0,1361.381185012993,0
2025-08-25 02:00:00,九曲配電變電所,KAJIKI,5,950.0,1357.1440603338442,0
2025-08-25 02:00:00,崙背變電所,KAJIKI,5,950.0,1404.0841861862584,0
2025-08-25 02:00:00,嶺口二次變電所,KAJIKI,5,950.0,1363.5983121791376,0
2025-08-25 08:00:00,內惟配電變電所,KAJIKI,5,950.0,1442.1201123184594,0
2025-08-25 08:00:00,永華二次變電所,KAJIKI,5,950.0,1445.8687847394358,0
2025-08-25 08:00:00,四湖配電變電所,KAJIKI,5,950.0,1471.0484411098826,0
2025-08-25 08:00:00,新高港超高壓變電所,KAJIKI,5,950.0,1451.0463765374504,0
2025-08-25 08:00:00,九曲配電變電所,KAJIKI,5,950.0,1444.548131639223,0
2025-08-25 08:00:00,崙背變電所,KAJIKI,5,950.0,1488.046976873256,0
2025-08-25 08:00:00,嶺口二次變電所,KAJIKI,5,950.0,1452.3325642040827,0
2025-08-28 02:00:00,榮成變電所,NONGFA,2,1002.0,1226.5942407910973,0
2025-08-28 02:00:00,西螺服務區,NONGFA,2,1002.0,1071.8477818454364,0
2025-08-28 02:00:00,中部科學園區,NONGFA,2,1002.0,1123.8650707274837,0
2025-08-28 02:00:00,興變電所,NONGFA,2,1002.0,1054.4785245645971,0
2025-08-28 02:00:00,中正變電所,NONGFA,2,1002.0,1241.7554436799353,0
2025-08-28 02:00:00,成都變電所,NONGFA,2,1002.0,1226.9546068015586,0
2025-08-28 02:00:00,新豐配電變電所,NONGFA,2,1002.0,1205.5630255101864,0
2025-08-28 02:00:00,內惟配電變電所,NONGFA,2,1002.0,948.4562200116942,0
2025-08-28 02:00:00,永華二次變電所,NONGFA,2,1002.0,978.8541728280893,0
2025-08-28 02:00:00,關西二次變電所,NONGFA,2,1002.0,1201.3804962536265,0
2025-08-28 02:00:00,源海二次變電所,NONGFA,2,1002.0,1241.765561895201,0
2025-08-28 02:00:00,四湖配電變電所,NONGFA,2,1002.0,1046.1675682400103,0
2025-08-28 02:00:00,新高港超高壓變電所,NONGFA,2,1002.0,943.7117922452387,0
2025-08-28 02:00:00,九曲配電變電所,NONGFA,2,1002.0,978.260492703115,0
2025-08-28 02:00:00,崙背變電所,NONGFA,2,1002.0,1063.419427748422,0
2025-08-28 02:00:00,常德變電所,NONGFA,2,1002.0,1242.6133120705538,0
2025-08-28 02:00:00,嶺口二次變電所,NONGFA,2,1002.0,960.8231540474925,0
2025-08-28 02:00:00,龍明配電變電所,NONGFA,2,1002.0,1226.6936807836232,0
2025-08-28 02:00:00,新工配電變電所,NONGFA,2,1002.0,1195.512694579371,0
2025-08-28 08:00:00,榮成變電所,NONGFA,2,1002.0,1222.0885278840349,0
2025-08-28 08:00:00,西螺服務區,NONGFA,2,1002.0,1067.0588362882831,0
2025-08-28 08:00:00,中部科學園區,NONGFA,2,1002.0,1119.2318005864074,0
2025-08-28 08:00:00,興變電所,NONGFA,2,1002.0,1051.7268555571336,0
2025-08-28 08:00:00,中正變電所,NONGFA,2,1002.0,1238.8545036594924,0
2025-08-28 08:00:00,成都變電所,NONGFA,2,1002.0,1223.1754086985206,0
2025-08-28 08:00:00,新豐配電變電所,NONGFA,2,1002.0,1200.7741953623183,0
2025-08-28 08:00:00,內惟配電變電所,NONGFA,2,1002.0,945.3079905405381,0
2025-08-28 08:00:00,永華二次變電所,NONGFA,2,1002.0,974.6187479512992,0
2025-08-28 08:00:00,關西二次變電所,NONGFA,2,1002.0,1197.5125667611142,0
2025-08-28 08:00:00,源海二次變電所,NONGFA,2,1002.0,1238.8644333932114,0
2025-08-28 08:00:00,四湖配電變電所,NONGFA,2,1002.0,1040.654508707109,0
2025-08-28 08:00:00,新高港超高壓變電所,NONGFA,2,1002.0,941.3779057649961,0
2025-08-28 08:00:00,九曲配電變電所,NONGFA,2,1002.0,973.9649317060098,0
2025-08-28 08:00:00,崙背變電所,NONGFA,2,1002.0,1058.2260444444623,0
2025-08-28 08:00:00,常德變電所,NONGFA,2,1002.0,1239.4998221157584,0
2025-08-28 08:00:00,嶺口二次變電所,NONGFA,2,1002.0,957.8056957911759,0
2025-08-28 08:00:00,龍明配電變電所,NONGFA,2,1002.0,1222.897402915531,0
2025-08-28 08:00:00,新工配電變電所,NONGFA,2,1002.0,1190.8246718260518,0
2025-08-28 14:00:00,榮成變電所,NONGFA,2,1002.0,1209.3091110005553,0
2025-08-28 14:00:00,西螺服務區,NONGFA,2,1002.0,1054.289511111856,0
2025-08-28 14:00:00,中部科學園區,NONGFA,2,1002.0,1106.5159607007542,0
2025-08-28 14:00:00,興變電所,NONGFA,2,1002.0,1041.2536843335965,0
2025-08-28 14:00:00,中正變電所,NONGFA,2,1002.0,1227.8200755269206,0
2025-08-28 14:00:00,成都變電所,NONGFA,2,1002.0,1211.1970157844821,0
2025-08-28 14:00:00,新豐配電變電所,NONGFA,2,1002.0,1187.7216417704767,0
2025-08-28 14:00:00,內惟配電變電所,NONGFA,2,1002.0,934.6886848685846,0
2025-08-28 14:00:00,永華二次變電所,NONGFA,2,1002.0,962.7046567214568,0
2025-08-28 14:00:00,關西二次變電所,NONGFA,2,1002.0,1185.483948656723,0
2025-08-28 14:00:00,源海二次變電所,NONGFA,2,1002.0,1227.829778575847,0
2025-08-28 14:00:00,四湖配電變電所,NONGFA,2,1002.0,1027.1488305227124,0
2025-08-28 14:00:00,新高港超高壓變電所,NONGFA,2,1002.0,931.6770523065012,0
2025-08-28 14:00:00,九曲配電變電所,NONGFA,2,1002.0,961.9860082734217,0
2025-08-28 14:00:00,崙背變電所,NONGFA,2,1002.0,1045.0306233785986,0
2025-08-28 14:00:00,常德變電所,NONGFA,2,1002.0,1228.2287571714612,0
2025-08-28 14:00:00,嶺口二次變電所,NONGFA,2,1002.0,947.2938446611836,0
2025-08-28 14:00:00,龍明配電變電所,NONGFA,2,1002.0,1210.9006256678326,0
2025-08-28 14:00:00,新工配電變電所,NONGFA,2,1002.0,1177.9023312002214,0
2025-08-28 20:00:00,榮成變電所,NONGFA,2,1002.0,1249.1801631370997,0
2025-08-28 20:00:00,西螺服務區,NONGFA,2,1002.0,1095.0893738497732,0
2025-08-28 20:00:00,中部科學園區,NONGFA,2,1002.0,1147.0820615562457,0
2025-08-28 20:00:00,興變電所,NONGFA,2,1002.0,1086.3505360289948,0
2025-08-28 20:00:00,中正變電所,NONGFA,2,1002.0,1270.8316356322127,0
2025-08-28 20:00:00,成都變電所,NONGFA,2,1002.0,1252.551505586228,0
2025-08-28 20:00:00,新豐配電變電所,NONGFA,2,1002.0,1227.193521245633,0
2025-08-28 20:00:00,內惟配電變電所,NONGFA,2,1002.0,980.3068753577827,0
2025-08-28 20:00:00,永華二次變電所,NONGFA,2,1002.0,1005.7484790147619,0
2025-08-28 20:00:00,關西二次變電所,NONGFA,2,1002.0,1226.8789099480966,0
2025-08-28 20:00:00,源海二次變電所,NONGFA,2,1002.0,1270.840875719993,0
2025-08-28 20:00:00,四湖配電變電所,NONGFA,2,1002.0,1066.75800189637,0
2025-08-28 20:00:00,新高港超高壓變電所,NONGFA,2,1002.0,978.9600452833763,0
2025-08-28 20:00:00,九曲配電變電所,NONGFA,2,1002.0,1004.9166130734042,0
2025-08-28 20:00:00,崙背變電所,NONGFA,2,1002.0,1085.0973117400108,0
2025-08-28 20:00:00,常德變電所,NONGFA,2,1002.0,1270.8039880849271,0
2025-08-28 20:00:00,嶺口二次變電所,NONGFA,2,1002.0,993.0036368786773,0
2025-08-28 20:00:00,龍明配電變電所,NONGFA,2,1002.0,1252.222530827321,0
2025-08-28 20:00:00,新工配電變電所,NONGFA,2,1002.0,1217.671569678695,0
2025-08-29 02:00:00,榮成變電所,NONGFA,2,1000.0,1287.0217900511636,0
2025-08-29 02:00:00,西螺服務區,NONGFA,2,1000.0,1135.0101033225692,0
2025-08-29 02:00:00,中部科學園區,NONGFA,2,1000.0,1186.3487437906294,0
2025-08-29 02:00:00,興變電所,NONGFA,2,1000.0,1130.5688586150145,0
2025-08-29 02:00:00,中正變電所,NONGFA,2,1000.0,1311.655278385923,0
2025-08-29 02:00:00,成都變電所,NONGFA,2,1000.0,1291.8453677366692,0
2025-08-29 02:00:00,新豐配電變電所,NONGFA,2,1000.0,1264.7877731443255,0
2025-08-29 02:00:00,內惟配電變電所,NONGFA,2,1000.0,1026.0043411593485,0
2025-08-29 02:00:00,永華二次變電所,NONGFA,2,1000.0,1048.685390599598,0
2025-08-29 02:00:00,關西二次變電所,NONGFA,2,1000.0,1266.384541776866,0
2025-08-29 02:00:00,源海二次變電所,NONGFA,2,1000.0,1311.6640000827988,0
2025-08-29 02:00:00,四湖配電變電所,NONGFA,2,1000.0,1105.7554445758665,0
2025-08-29 02:00:00,新高港超高壓變電所,NONGFA,2,1000.0,1026.2882575525186,0
2025-08-29 02:00:00,九曲配電變電所,NONGFA,2,1000.0,1047.7511716948375,0
2025-08-29 02:00:00,崙背變電所,NONGFA,2,1000.0,1124.382278889641,0
2025-08-29 02:00:00,常德變電所,NONGFA,2,1000.0,1311.1939665007437,0
2025-08-29 02:00:00,嶺口二次變電所,NONGFA,2,1000.0,1038.6641326336264,0
2025-08-29 02:00:00,龍明配電變電所,NONGFA,2,1000.0,1291.486167069485,0
2025-08-29 02:00:00,新工配電變電所,NONGFA,2,1000.0,1255.627332437459,0
2025-08-29 08:00:00,榮成變電所,NONGFA,2,1000.0,1316.8192455888745,0
2025-08-29 08:00:00,西螺服務區,NONGFA,2,1000.0,1167.7313488108769,0
2025-08-29 08:00:00,中部科學園區,NONGFA,2,1000.0,1218.102433495234,0
2025-08-29 08:00:00,興變電所,NONGFA,2,1000.0,1167.2654672000924,0
2025-08-29 08:00:00,中正變電所,NONGFA,2,1000.0,1344.0708573449276,0
2025-08-29 08:00:00,成都變電所,NONGFA,2,1000.0,1322.9580092328777,0
2025-08-29 08:00:00,新豐配電變電所,NONGFA,2,1000.0,1294.4903725259076,0
2025-08-29 08:00:00,內惟配電變電所,NONGFA,2,1000.0,1064.8776578045074,0
2025-08-29 08:00:00,永華二次變電所,NONGFA,2,1000.0,1084.8506265395033,0
2025-08-29 08:00:00,關西二次變電所,NONGFA,2,1000.0,1297.8438734706217,0
2025-08-29 08:00:00,源海二次變電所,NONGFA,2,1000.0,1344.0790502746634,0
2025-08-29 08:00:00,四湖配電變電所,NONGFA,2,1000.0,1137.8533095194246,0
2025-08-29 08:00:00,新高港超高壓變電所,NONGFA,2,1000.0,1066.6423632204924,0
2025-08-29 08:00:00,九曲配電變電所,NONGFA,2,1000.0,1083.8309570809035,0
2025-08-29 08:00:00,崙背變電所,NONGFA,2,1000.0,1156.599892023876,0
2025-08-29 08:00:00,常德變電所,NONGFA,2,1000.0,1343.2105770821977,0
2025-08-29 08:00:00,嶺口二次變電所,NONGFA,2,1000.0,1077.3960666767211,0
2025-08-29 08:00:00,龍明配電變電所,NONGFA,2,1000.0,1322.5729346605578,0
2025-08-29 08:00:00,新工配電變電所,NONGFA,2,1000.0,1285.7204324394318,0
2025-08-29 14:00:00,榮成變電所,NONGFA,3,998.0,1336.5740306179562,0
2025-08-29 14:00:00,西螺服務區,NONGFA,3,998.0,1191.789210648476,0
2025-08-29 14:00:00,中部科學園區,NONGFA,3,998.0,1240.7030778049116,0
2025-08-29 14:00:00,興變電所,NONGFA,3,998.0,1195.6875669019428,0
2025-08-29 14:00:00,中正變電所,NONGFA,3,998.0,1366.5348347881904,0
2025-08-29 14:00:00,成都變電所,NONGFA,3,998.0,1344.120336702162,0
2025-08-29 14:00:00,新豐配電變電所,NONGFA,3,998.0,1314.289999524826,0
2025-08-29 14:00:00,內惟配電變電所,NONGFA,3,998.0,1096.5695799822115,0
2025-08-29 14:00:00,永華二次變電所,NONGFA,3,998.0,1113.3974284663964,0
2025-08-29 14:00:00,關西二次變電所,NONGFA,3,998.0,1319.5532028152872,0
2025-08-29 14:00:00,源海二次變電所,NONGFA,3,998.0,1366.5423936103118,0
2025-08-29 14:00:00,四湖配電變電所,NONGFA,3,998.0,1161.479062984172,0
2025-08-29 14:00:00,新高港超高壓變電所,NONGFA,3,998.0,1099.9363576991348,0
2025-08-29 14:00:00,九曲配電變電所,NONGFA,3,998.0,1112.293779868786,0
2025-08-29 14:00:00,崙背變電所,NONGFA,3,998.0,1180.1978241494853,0
2025-08-29 14:00:00,常德變電所,NONGFA,3,998.0,1365.2400547968991,0
2025-08-29 14:00:00,嶺口二次變電所,NONGFA,3,998.0,1108.8173240783096,0
2025-08-29 14:00:00,龍明配電變電所,NONGFA,3,998.0,1343.7092633976722,0
2025-08-29 14:00:00,新工配電變電所,NONGFA,3,998.0,1306.009283363745,0
2025-08-29 20:00:00,榮成變電所,NONGFA,3,998.0,1381.3827222865161,0
2025-08-29 20:00:00,西螺服務區,NONGFA,3,998.0,1245.0454712994642,0
2025-08-29 20:00:00,中部科學園區,NONGFA,3,998.0,1291.0666641779014,0
2025-08-29 20:00:00,興變電所,NONGFA,3,998.0,1255.2937226404122,0
2025-08-29 20:00:00,中正變電所,NONGFA,3,998.0,1415.0178865457099,0
2025-08-29 20:00:00,成都變電所,NONGFA,3,998.0,1390.9377719116897,0
2025-08-29 20:00:00,新豐配電變電所,NONGFA,3,998.0,1359.4574142354172,0
2025-08-29 20:00:00,內惟配電變電所,NONGFA,3,998.0,1162.5261306215584,0
2025-08-29 20:00:00,永華二次變電所,NONGFA,3,998.0,1174.51009549786,0
2025-08-29 20:00:00,關西二次變電所,NONGFA,3,998.0,1367.502877351701,0
2025-08-29 20:00:00,源海二次變電所,NONGFA,3,998.0,1415.02440691025,0
2025-08-29 20:00:00,四湖配電變電所,NONGFA,3,998.0,1214.5837948835024,0
2025-08-29 20:00:00,新高港超高壓變電所,NONGFA,3,998.0,1168.1427871475487,0
2025-08-29 20:00:00,九曲配電變電所,NONGFA,3,998.0,1173.3033886861801,0
2025-08-29 20:00:00,崙背變電所,NONGFA,3,998.0,1232.958760507016,0
2025-08-29 20:00:00,常德變電所,NONGFA,3,998.0,1413.0901868189521,0
2025-08-29 20:00:00,嶺口二次變電所,NONGFA,3,998.0,1174.1734955080544,0
2025-08-29 20:00:00,龍明配電變電所,NONGFA,3,998.0,1390.4930551176487,0
2025-08-29 20:00:00,新工配電變電所,NONGFA,3,998.0,1352.018457033163,0
2025-08-30 02:00:00,榮成變電所,NONGFA,3,998.0,1471.3856955145673,0
2025-08-30 02:00:00,西螺服務區,NONGFA,3,998.0,1339.1855345241747,0
2025-08-30 02:00:00,中部科學園區,NONGFA,3,998.0,1383.8129597912414,0
2025-08-30 02:00:00,興變電所,NONGFA,3,998.0,1351.8505332454738,0
2025-08-30 02:00:00,成都變電所,NONGFA,3,998.0,1481.7451236048005,0
2025-08-30 02:00:00,新豐配電變電所,NONGFA,3,998.0,1449.716040464008,0
2025-08-30 02:00:00,內惟配電變電所,NONGFA,3,998.0,1261.8780058675918,0
2025-08-30 02:00:00,永華二次變電所,NONGFA,3,998.0,1272.033073009531,0
2025-08-30 02:00:00,關西二次變電所,NONGFA,3,998.0,1458.8905369304043,0
2025-08-30 02:00:00,四湖配電變電所,NONGFA,3,998.0,1308.8242672669767,0
2025-08-30 02:00:00,新高港超高壓變電所,NONGFA,3,998.0,1268.2668532208902,0
2025-08-30 02:00:00,九曲配電變電所,NONGFA,3,998.0,1270.7943204878575,0
2025-08-30 02:00:00,崙背變電所,NONGFA,3,998.0,1326.9652706515315,0
2025-08-30 02:00:00,嶺口二次變電所,NONGFA,3,998.0,1273.252072668369,0
2025-08-30 02:00:00,龍明配電變電所,NONGFA,3,998.0,1481.2882852594603,0
2025-08-30 02:00:00,新工配電變電所,NONGFA,3,998.0,1442.6674646847391,0
2025-08-30 08:00:00,西螺服務區,NONGFA,3,996.0,1456.422384378658,0
2025-08-30 08:00:00,中部科學園區,NONGFA,3,996.0,1497.825736413784,0
2025-08-30 08:00:00,興變電所,NONGFA,3,996.0,1473.9518095432381,0
2025-08-30 08:00:00,內惟配電變電所,NONGFA,3,996.0,1390.6179444157626,0
2025-08-30 08:00:00,永華二次變電所,NONGFA,3,996.0,1396.8383537331183,0
2025-08-30 08:00:00,四湖配電變電所,NONGFA,3,996.0,1426.5440975970587,0
2025-08-30 08:00:00,新高港超高壓變電所,NONGFA,3,996.0,1398.5996322353212,0
2025-08-30 08:00:00,九曲配電變電所,NONGFA,3,996.0,1395.544059890044,0
2025-08-30 08:00:00,崙背變電所,NONGFA,3,996.0,1444.0418487906416,0
2025-08-30 08:00:00,嶺口二次變電所,NONGFA,3,996.0,1401.3143010038877,0
2025-08-30 14:00:00,內惟配電變電所,NONGFA,3,996.0,1475.6557694375556,0
2025-08-30 14:00:00,永華二次變電所,NONGFA,3,996.0,1479.3626918098525,0
2025-08-30 14:00:00,新高港超高壓變電所,NONGFA,3,996.0,1484.592172708971,0
2025-08-30 14:00:00,九曲配電變電所,NONGFA,3,996.0,1478.0415492112536,0
2025-08-30 14:00:00,嶺口二次變電所,NONGFA,3,996.0,1485.861393071759,0
2025-09-02 20:00:00,榮成變電所,PEIPAH,2,1006.0,1246.5584691976542,0
2025-09-02 20:00:00,西螺服務區,PEIPAH,2,1006.0,1271.6695208973645,0
2025-09-02 20:00:00,中部科學園區,PEIPAH,2,1006.0,1259.991145356814,0
2025-09-02 20:00:00,興變電所,PEIPAH,2,1006.0,1231.3730356421454,0
2025-09-02 20:00:00,中正變電所,PEIPAH,2,1006.0,1204.7721625138984,0
2025-09-02 20:00:00,成都變電所,PEIPAH,2,1006.0,1228.212674318498,0
2025-09-02 20:00:00,新豐配電變電所,PEIPAH,2,1006.0,1255.0557921612562,0
2025-09-02 20:00:00,內惟配電變電所,PEIPAH,2,1006.0,1267.9421115349412,0
2025-09-02 20:00:00,永華二次變電所,PEIPAH,2,1006.0,1280.2954975759694,0
2025-09-02 20:00:00,關西二次變電所,PEIPAH,2,1006.0,1232.6332699519937,0
2025-09-02 20:00:00,源海二次變電所,PEIPAH,2,1006.0,1204.7761116075342,0
2025-09-02 20:00:00,四湖配電變電所,PEIPAH,2,1006.0,1291.8474190706338,0
2025-09-02 20:00:00,新高港超高壓變電所,PEIPAH,2,1006.0,1254.253409547075,0
2025-09-02 20:00:00,九曲配電變電所,PEIPAH,2,1006.0,1281.6281356156608,0
2025-09-02 20:00:00,崙背變電所,PEIPAH,2,1006.0,1281.942311372359,0
2025-09-02 20:00:00,常德變電所,PEIPAH,2,1006.0,1210.118127231232,0
2025-09-02 20:00:00,嶺口二次變電所,PEIPAH,2,1006.0,1261.7473252184432,0
2025-09-02 20:00:00,龍明配電變電所,PEIPAH,2,1006.0,1228.663127943643,0
2025-09-02 20:00:00,新工配電變電所,PEIPAH,2,1006.0,1253.3446924620248,0
2025-09-03 02:00:00,榮成變電所,PEIPAH,2,1006.0,1279.2633298442504,0
2025-09-03 02:00:00,西螺服務區,PEIPAH,2,1006.0,1321.272258853343,0
2025-09-03 02:00:00,中部科學園區,PEIPAH,2,1006.0,1304.101663169105,0
2025-09-03 02:00:00,興變電所,PEIPAH,2,1006.0,1283.9629229382058,0
2025-09-03 02:00:00,中正變電所,PEIPAH,2,1006.0,1236.2516369556793,0
2025-09-03 02:00:00,成都變電所,PEIPAH,2,1006.0,1261.1040410905018,0
2025-09-03 02:00:00,新豐配電變電所,PEIPAH,2,1006.0,1290.0597664153192,0
2025-09-03 02:00:00,內惟配電變電所,PEIPAH,2,1006.0,1331.0233989180929,0
2025-09-03 02:00:00,永華二次變電所,PEIPAH,2,1006.0,1339.712103269812,0
2025-09-03 02:00:00,關西二次變電所,PEIPAH,2,1006.0,1268.4269433022955,0
2025-09-03 02:00:00,源海二次變電所,PEIPAH,2,1006.0,1236.2543233751592,0
2025-09-03 02:00:00,四湖配電變電所,PEIPAH,2,1006.0,1343.7733844045874,0
2025-09-03 02:00:00,新高港超高壓變電所,PEIPAH,2,1006.0,1318.3542854101536,0
2025-09-03 02:00:00,九曲配電變電所,PEIPAH,2,1006.0,1341.0678893286297,0
2025-09-03 02:00:00,崙背變電所,PEIPAH,2,1006.0,1332.2323959033495,0
2025-09-03 02:00:00,常德變電所,PEIPAH,2,1006.0,1241.418716174079,0
2025-09-03 02:00:00,嶺口二次變電所,PEIPAH,2,1006.0,1323.7105871166975,0
2025-09-03 02:00:00,龍明配電變電所,PEIPAH,2,1006.0,1261.5788179308881,0
2025-09-03 02:00:00,新工配電變電所,PEIPAH,2,1006.0,1289.511385173335,0
2025-09-03 08:00:00,榮成變電所,PEIPAH,2,1006.0,1172.8019722588751,0
2025-09-03 08:00:00,西螺服務區,PEIPAH,2,1006.0,1235.2254687189989,0
2025-09-03 08:00:00,中部科學園區,PEIPAH,2,1006.0,1211.2870157553618,0
2025-09-03 08:00:00,興變電所,PEIPAH,2,1006.0,1202.5282478718227,0
2025-09-03 08:00:00,中正變電所,PEIPAH,2,1006.0,1129.096622332279,0
2025-09-03 08:00:00,成都變電所,PEIPAH,2,1006.0,1155.1882283387554,0
2025-09-03 08:00:00,新豐配電變電所,PEIPAH,2,1006.0,1186.185103021045,0
2025-09-03 08:00:00,內惟配電變電所,PEIPAH,2,1006.0,1263.0155050553676,0
2025-09-03 08:00:00,永華二次變電所,PEIPAH,2,1006.0,1266.471853230792,0
2025-09-03 08:00:00,關西二次變電所,PEIPAH,2,1006.0,1165.8957549002107,0
2025-09-03 08:00:00,源海二次變電所,PEIPAH,2,1006.0,1129.0977474304507,0
2025-09-03 08:00:00,四湖配電變電所,PEIPAH,2,1006.0,1260.3844301258787,0
2025-09-03 08:00:00,新高港超高壓變電所,PEIPAH,2,1006.0,1252.0079248867737,0
2025-09-03 08:00:00,九曲配電變電所,PEIPAH,2,1006.0,1267.835527126032,0
2025-09-03 08:00:00,崙背變電所,PEIPAH,2,1006.0,1246.892538383778,0
2025-09-03 08:00:00,常德變電所,PEIPAH,2,1006.0,1133.953957301821,0
2025-09-03 08:00:00,嶺口二次變電所,PEIPAH,2,1006.0,1254.275250547585,0
2025-09-03 08:00:00,龍明配電變電所,PEIPAH,2,1006.0,1155.6837300865,0
2025-09-03 08:00:00,新工配電變電所,PEIPAH,2,1006.0,1187.0613023192232,0
2025-09-03 14:00:00,榮成變電所,PEIPAH,2,1004.0,1053.5063001010235,0
2025-09-03 14:00:00,西螺服務區,PEIPAH,2,1004.0,1138.0305060613964,0
2025-09-03 14:00:00,中部科學園區,PEIPAH,2,1004.0,1106.8934081933285,0
2025-09-03 14:00:00,興變電所,PEIPAH,2,1004.0,1111.464785637366,0
2025-09-03 14:00:00,中正變電所,PEIPAH,2,1004.0,1010.0822230123857,0
2025-09-03 14:00:00,成都變電所,PEIPAH,2,1004.0,1036.962250185699,0
2025-09-03 14:00:00,新豐配電變電所,PEIPAH,2,1004.0,1069.5827354068824,0
2025-09-03 14:00:00,內惟配電變電所,PEIPAH,2,1004.0,1185.6887601388908,0
2025-09-03 14:00:00,永華二次變電所,PEIPAH,2,1004.0,1183.12355703677,0
2025-09-03 14:00:00,關西二次變電所,PEIPAH,2,1004.0,1051.3566475331622,0
2025-09-03 14:00:00,源海二次變電所,PEIPAH,2,1004.0,1010.0814825895251,0
2025-09-03 14:00:00,四湖配電變電所,PEIPAH,2,1004.0,1165.6227431954414,0
2025-09-03 14:00:00,新高港超高壓變電所,PEIPAH,2,1004.0,1176.8464771401846,0
2025-09-03 14:00:00,九曲配電變電所,PEIPAH,2,1004.0,1184.4624407178712,0
2025-09-03 14:00:00,崙背變電所,PEIPAH,2,1004.0,1150.2234268384336,0
2025-09-03 14:00:00,常德變電所,PEIPAH,2,1004.0,1014.4497423246679,0
2025-09-03 14:00:00,嶺口二次變電所,PEIPAH,2,1004.0,1175.5537347493457,0
2025-09-03 14:00:00,龍明配電變電所,PEIPAH,2,1004.0,1037.4696274405135,0
2025-09-03 14:00:00,新工配電變電所,PEIPAH,2,1004.0,1072.095155871764,0
2025-09-03 20:00:00,榮成變電所,PEIPAH,2,1004.0,1028.6557267475175,0
2025-09-03 20:00:00,西螺服務區,PEIPAH,2,1004.0,1134.8912713811142,0
2025-09-03 20:00:00,中部科學園區,PEIPAH,2,1004.0,1096.9778972810068,0
2025-09-03 20:00:00,興變電所,PEIPAH,2,1004.0,1115.4956433200036,0
2025-09-03 20:00:00,中正變電所,PEIPAH,2,1004.0,987.0019641021906,0
2025-09-03 20:00:00,成都變電所,PEIPAH,2,1004.0,1013.8737469703598,0
2025-09-03 20:00:00,新豐配電變電所,PEIPAH,2,1004.0,1047.2940638424807,0
2025-09-03 20:00:00,內惟配電變電所,PEIPAH,2,1004.0,1201.4904864938685,0
2025-09-03 20:00:00,永華二次變電所,PEIPAH,2,1004.0,1192.9938896092794,0
2025-09-03 20:00:00,關西二次變電所,PEIPAH,2,1004.0,1031.9778111627165,0
2025-09-03 20:00:00,源海二次變電所,PEIPAH,2,1004.0,986.9991073303918,0
2025-09-03 20:00:00,四湖配電變電所,PEIPAH,2,1004.0,1164.2679995563562,0
2025-09-03 20:00:00,新高港超高壓變電所,PEIPAH,2,1004.0,1195.013997335073,0
2025-09-03 20:00:00,九曲配電變電所,PEIPAH,2,1004.0,1194.2722565967422,0
2025-09-03 20:00:00,崙背變電所,PEIPAH,2,1004.0,1147.2942571143974,0
2025-09-03 20:00:00,常德變電所,PEIPAH,2,1004.0,990.6554587095011,0
2025-09-03 20:00:00,嶺口二次變電所,PEIPAH,2,1004.0,1190.2467930414418,0
2025-09-03 20:00:00,龍明配電變電所,PEIPAH,2,1004.0,1014.3779267753175,0
2025-09-03 20:00:00,新工配電變電所,PEIPAH,2,1004.0,1051.576434386357,0
2025-09-04 02:00:00,榮成變電所,PEIPAH,3,1000.0,1042.1602366820239,0
2025-09-04 02:00:00,西螺服務區,PEIPAH,3,1000.0,1164.5504997209027,0
2025-09-04 02:00:00,中部科學園區,PEIPAH,3,1000.0,1121.7262286129198,0
2025-09-04 02:00:00,興變電所,PEIPAH,3,1000.0,1151.6917930783186,0
2025-09-04 02:00:00,中正變電所,PEIPAH,3,1000.0,1003.3103770784388,0
2025-09-04 02:00:00,成都變電所,PEIPAH,3,1000.0,1029.365887140068,0
2025-09-04 02:00:00,新豐配電變電所,PEIPAH,3,1000.0,1062.5423975168458,0
2025-09-04 02:00:00,內惟配電變電所,PEIPAH,3,1000.0,1245.660152218132,0
2025-09-04 02:00:00,永華二次變電所,PEIPAH,3,1000.0,1232.3910304341648,0
2025-09-04 02:00:00,關西二次變電所,PEIPAH,3,1000.0,1050.2145170716997,0
2025-09-04 02:00:00,源海二次變電所,PEIPAH,3,1000.0,1003.3057402161368,0
2025-09-04 02:00:00,四湖配電變電所,PEIPAH,3,1000.0,1194.78876115443,0
2025-09-04 02:00:00,新高港超高壓變電所,PEIPAH,3,1000.0,1241.2717569074355,0
2025-09-04 02:00:00,九曲配電變電所,PEIPAH,3,1000.0,1233.592501702637,0
2025-09-04 02:00:00,崙背變電所,PEIPAH,3,1000.0,1176.8493425760303,0
2025-09-04 02:00:00,常德變電所,PEIPAH,3,1000.0,1006.2205356167733,0
2025-09-04 02:00:00,嶺口二次變電所,PEIPAH,3,1000.0,1233.7228922447669,0
2025-09-04 02:00:00,龍明配電變電所,PEIPAH,3,1000.0,1029.8524571123692,0
2025-09-04 02:00:00,新工配電變電所,PEIPAH,3,1000.0,1068.2671522765854,0
2025-09-04 08:00:00,榮成變電所,PEIPAH,3,1000.0,1115.6988812048419,0
2025-09-04 08:00:00,西螺服務區,PEIPAH,3,1000.0,1247.681182437376,0
2025-09-04 08:00:00,中部科學園區,PEIPAH,3,1000.0,1202.0164870419903,0
2025-09-04 08:00:00,興變電所,PEIPAH,3,1000.0,1239.411628846991,0
2025-09-04 08:00:00,中正變電所,PEIPAH,3,1000.0,1079.505598147037,0
2025-09-04 08:00:00,成都變電所,PEIPAH,3,1000.0,1104.537463139054,0
2025-09-04 08:00:00,新豐配電變電所,PEIPAH,3,1000.0,1137.0009509919603,0
2025-09-04 08:00:00,內惟配電變電所,PEIPAH,3,1000.0,1337.6464900074952,0
2025-09-04 08:00:00,永華二次變電所,PEIPAH,3,1000.0,1321.3491369053409,0
2025-09-04 08:00:00,關西二次變電所,PEIPAH,3,1000.0,1126.9917067473993,0
2025-09-04 08:00:00,源海二次變電所,PEIPAH,3,1000.0,1079.4997837455073,0
2025-09-04 08:00:00,四湖配電變電所,PEIPAH,3,1000.0,1278.1486151086096,0
2025-09-04 08:00:00,新高港超高壓變電所,PEIPAH,3,1000.0,1334.667934978245,0
2025-09-04 08:00:00,九曲配電變電所,PEIPAH,3,1000.0,1322.4867492842998,0
2025-09-04 08:00:00,崙背變電所,PEIPAH,3,1000.0,1259.758490629017,0
2025-09-04 08:00:00,常德變電所,PEIPAH,3,1000.0,1081.8387562350108,0
2025-09-04 08:00:00,嶺口二次變電所,PEIPAH,3,1000.0,1325.3718896957562,0
2025-09-04 08:00:00,龍明配電變電所,PEIPAH,3,1000.0,1105.0033742437429,0
2025-09-04 08:00:00,新工配電變電所,PEIPAH,3,1000.0,1143.6648926350763,0
2025-09-04 11:00:00,榮成變電所,PEIPAH,3,1000.0,1139.186752670395,0
2025-09-04 11:00:00,西螺服務區,PEIPAH,3,1000.0,1272.841323613426,0
2025-09-04 11:00:00,中部科學園區,PEIPAH,3,1000.0,1226.6869022613807,0
2025-09-04 11:00:00,興變電所,PEIPAH,3,1000.0,1265.4522249108506,0
2025-09-04 11:00:00,中正變電所,PEIPAH,3,1000.0,1103.5663112046138,0
2025-09-04 11:00:00,成都變電所,PEIPAH,3,1000.0,1128.3600241503555,0
2025-09-04 11:00:00,新豐配電變電所,PEIPAH,3,1000.0,1160.634481650026,0
2025-09-04 11:00:00,內惟配電變電所,PEIPAH,3,1000.0,1364.3933682078696,0
2025-09-04 11:00:00,永華二次變電所,PEIPAH,3,1000.0,1347.541168868838,0
2025-09-04 11:00:00,關西二次變電所,PEIPAH,3,1000.0,1151.0895728527635,0
2025-09-04 11:00:00,源海二次變電所,PEIPAH,3,1000.0,1103.560279902658,0
2025-09-04 11:00:00,四湖配電變電所,PEIPAH,3,1000.0,1303.3187747526729,0
2025-09-04 11:00:00,新高港超高壓變電所,PEIPAH,3,1000.0,1361.6806092038187,0
2025-09-04 11:00:00,九曲配電變電所,PEIPAH,3,1000.0,1348.665654316897,0
2025-09-04 11:00:00,崙背變電所,PEIPAH,3,1000.0,1284.8625526643345,0
2025-09-04 11:00:00,常德變電所,PEIPAH,3,1000.0,1105.7845124066976,0
2025-09-04 11:00:00,嶺口二次變電所,PEIPAH,3,1000.0,1352.0663649006704,0
2025-09-04 11:00:00,龍明配電變電所,PEIPAH,3,1000.0,1128.8211933542161,0
2025-09-04 11:00:00,新工配電變電所,PEIPAH,3,1000.0,1167.4708120466044,0
2025-09-04 14:00:00,榮成變電所,PEIPAH,3,1000.0,1224.0067139034454,0
2025-09-04 14:00:00,西螺服務區,PEIPAH,3,1000.0,1363.0221022794663,0
2025-09-04 14:00:00,中部科學園區,PEIPAH,3,1000.0,1315.2981130799953,0
2025-09-04 14:00:00,興變電所,PEIPAH,3,1000.0,1358.7341597352406,0
2025-09-04 14:00:00,中正變電所,PEIPAH,3,1000.0,1190.5092360878598,0
2025-09-04 14:00:00,成都變電所,PEIPAH,3,1000.0,1214.3806561143076,0
2025-09-04 14:00:00,新豐配電變電所,PEIPAH,3,1000.0,1245.874581411314,0
2025-09-04 14:00:00,內惟配電變電所,PEIPAH,3,1000.0,1459.9178997425424,0
2025-09-04 14:00:00,永華二次變電所,PEIPAH,3,1000.0,1441.1481523657358,0
2025-09-04 14:00:00,關西二次變電所,PEIPAH,3,1000.0,1237.9745946677215,0
2025-09-04 14:00:00,源海二次變電所,PEIPAH,3,1000.0,1190.50248130601,0
2025-09-04 14:00:00,四湖配電變電所,PEIPAH,3,1000.0,1393.44890963582,0
2025-09-04 14:00:00,新高港超高壓變電所,PEIPAH,3,1000.0,1458.1492170073484,0
2025-09-04 14:00:00,九曲配電變電所,PEIPAH,3,1000.0,1442.2237659560517,0
2025-09-04 14:00:00,崙背變電所,PEIPAH,3,1000.0,1374.8127453780937,0
2025-09-04 14:00:00,常德變電所,PEIPAH,3,1000.0,1192.3218393971827,0
2025-09-04 14:00:00,嶺口二次變電所,PEIPAH,3,1000.0,1447.4332255118534,0
2025-09-04 14:00:00,龍明配電變電所,PEIPAH,3,1000.0,1214.8235962222166,0
2025-09-04 14:00:00,新工配電變電所,PEIPAH,3,1000.0,1253.2825597644537,0
2025-09-04 17:00:00,榮成變電所,PEIPAH,3,998.0,1289.749004323045,0
2025-09-04 17:00:00,西螺服務區,PEIPAH,3,998.0,1431.2163853820296,0
2025-09-04 17:00:00,中部科學園區,PEIPAH,3,998.0,1382.7803834346917,0
2025-09-04 17:00:00,興變電所,PEIPAH,3,998.0,1428.5000194949644,0
2025-09-04 17:00:00,中正變電所,PEIPAH,3,998.0,1257.4128571568583,0
2025-09-04 17:00:00,成都變電所,PEIPAH,3,998.0,1280.7591517202316,0
2025-09-04 17:00:00,新豐配電變電所,PEIPAH,3,998.0,1311.7805255274227,0
2025-09-04 17:00:00,關西二次變電所,PEIPAH,3,998.0,1304.7385228464486,0
2025-09-04 17:00:00,源海二次變電所,PEIPAH,3,998.0,1257.4057527601,0
2025-09-04 17:00:00,四湖配電變電所,PEIPAH,3,998.0,1461.5662915429277,0
2025-09-04 17:00:00,崙背變電所,PEIPAH,3,998.0,1442.8696087492362,0
2025-09-04 17:00:00,常德變電所,PEIPAH,3,998.0,1259.0157567450344,0
2025-09-04 17:00:00,龍明配電變電所,PEIPAH,3,998.0,1281.1917574838562,0
2025-09-04 17:00:00,新工配電變電所,PEIPAH,3,998.0,1319.4644102715667,0
2025-09-04 20:00:00,榮成變電所,PEIPAH,3,1000.0,1328.8819655139046,0
2025-09-04 20:00:00,西螺服務區,PEIPAH,3,1000.0,1472.1332254715367,0
2025-09-04 20:00:00,中部科學園區,PEIPAH,3,1000.0,1423.1763602789124,0
2025-09-04 20:00:00,興變電所,PEIPAH,3,1000.0,1470.6750750479,0
2025-09-04 20:00:00,中正變電所,PEIPAH,3,1000.0,1297.4823866884328,0
2025-09-04 20:00:00,成都變電所,PEIPAH,3,1000.0,1320.3947962406319,0
2025-09-04 20:00:00,新豐配電變電所,PEIPAH,3,1000.0,1351.0159628886697,0
2025-09-04 20:00:00,關西二次變電所,PEIPAH,3,1000.0,1344.6480848741298,0
2025-09-04 20:00:00,源海二次變電所,PEIPAH,3,1000.0,1297.4750183029842,0
2025-09-04 20:00:00,崙背變電所,PEIPAH,3,1000.0,1483.6678872937985,0
2025-09-04 20:00:00,常德變電所,PEIPAH,3,1000.0,1298.9205002243657,0
2025-09-04 20:00:00,龍明配電變電所,PEIPAH,3,1000.0,1320.818905773333,0
2025-09-04 20:00:00,新工配電變電所,PEIPAH,3,1000.0,1358.9056990788058,0
2025-09-04 23:00:00,榮成變電所,PEIPAH,3,1000.0,1385.1844867076932,0
2025-09-04 23:00:00,中部科學園區,PEIPAH,3,1000.0,1479.8802271637103,0
2025-09-04 23:00:00,中正變電所,PEIPAH,3,1000.0,1354.1052222433882,0
2025-09-04 23:00:00,成都變電所,PEIPAH,3,1000.0,1376.8702981283218,0
2025-09-04 23:00:00,新豐配電變電所,PEIPAH,3,1000.0,1407.3489797560949,0
2025-09-04 23:00:00,關西二次變電所,PEIPAH,3,1000.0,1401.2092506075405,0
2025-09-04 23:00:00,源海二次變電所,PEIPAH,3,1000.0,1354.0977702372372,0
2025-09-04 23:00:00,常德變電所,PEIPAH,3,1000.0,1355.4895290297582,0
2025-09-04 23:00:00,龍明配電變電所,PEIPAH,3,1000.0,1377.2914766644394,0
2025-09-04 23:00:00,新工配電變電所,PEIPAH,3,1000.0,1415.30751526126,0
2025-09-05 00:00:00,榮成變電所,PEIPAH,3,1000.0,1405.7647920092306,0
2025-09-05 00:00:00,中正變電所,PEIPAH,3,1000.0,1374.964359061997,0
2025-09-05 00:00:00,成都變電所,PEIPAH,3,1000.0,1397.598589771484,0
2025-09-05 00:00:00,新豐配電變電所,PEIPAH,3,1000.0,1427.9529931337238,0
2025-09-05 00:00:00,關西二次變電所,PEIPAH,3,1000.0,1422.010070015898,0
2025-09-05 00:00:00,源海二次變電所,PEIPAH,3,1000.0,1374.9568335506638,0
2025-09-05 00:00:00,常德變電所,PEIPAH,3,1000.0,1376.3010852337054,0
2025-09-05 00:00:00,龍明配電變電所,PEIPAH,3,1000.0,1398.0172013985893,0
2025-09-05 00:00:00,新工配電變電所,PEIPAH,3,1000.0,1435.9692563241204,0
2025-09-05 02:00:00,榮成變電所,PEIPAH,3,1000.0,1457.7911773528483,0
2025-09-05 02:00:00,中正變電所,PEIPAH,3,1000.0,1426.466606106011,0
2025-09-05 02:00:00,成都變電所,PEIPAH,3,1000.0,1449.3517487921692,0
2025-09-05 02:00:00,新豐配電變電所,PEIPAH,3,1000.0,1479.9350022659123,0
2025-09-05 02:00:00,關西二次變電所,PEIPAH,3,1000.0,1473.6227619291294,0
2025-09-05 02:00:00,源海二次變電所,PEIPAH,3,1000.0,1426.4592258976381,0
2025-09-05 02:00:00,常德變電所,PEIPAH,3,1000.0,1427.8962282510324,0
2025-09-05 02:00:00,龍明配電變電所,PEIPAH,3,1000.0,1449.775186416603,0
2025-09-05 02:00:00,新工配電變電所,PEIPAH,3,1000.0,1487.8446226871324,0
2025-09-06 02:00:00,榮成變電所,TAPAH,2,1004.0,893.8476074738338,0
2025-09-06 02:00:00,西螺服務區,TAPAH,2,1004.0,739.0883411165619,0
2025-09-06 02:00:00,中部科學園區,TAPAH,2,1004.0,791.1076246335971,0
2025-09-06 02:00:00,興變電所,TAPAH,2,1004.0,722.1190062288715,0
2025-09-06 02:00:00,中正變電所,TAPAH,2,1004.0,909.3773340531941,0
2025-09-06 02:00:00,成都變電所,TAPAH,2,1004.0,894.3115211193266,0
2025-09-06 02:00:00,新豐配電變電所,TAPAH,2,1004.0,872.8037041498144,0
2025-09-06 02:00:00,內惟配電變電所,TAPAH,2,1004.0,615.92429640569,0
2025-09-06 02:00:00,永華二次變電所,TAPAH,2,1004.0,646.1111531705684,0
2025-09-06 02:00:00,關西二次變電所,TAPAH,2,1004.0,868.7160385120194,0
2025-09-06 02:00:00,源海二次變電所,TAPAH,2,1004.0,909.3873816647424,0
2025-09-06 02:00:00,四湖配電變電所,TAPAH,2,1004.0,713.4758237035206,0
2025-09-06 02:00:00,新高港超高壓變電所,TAPAH,2,1004.0,611.5074723907073,0
2025-09-06 02:00:00,九曲配電變電所,TAPAH,2,1004.0,645.5127059042567,0
2025-09-06 02:00:00,崙背變電所,TAPAH,2,1004.0,730.682442830861,0
2025-09-06 02:00:00,常德變電所,TAPAH,2,1004.0,910.1580146006573,0
2025-09-06 02:00:00,嶺口二次變電所,TAPAH,2,1004.0,628.3379702858804,0
2025-09-06 02:00:00,龍明配電變電所,TAPAH,2,1004.0,894.0469470135482,0
2025-09-06 02:00:00,新工配電變電所,TAPAH,2,1004.0,862.7554377404173,0
2025-09-06 08:00:00,榮成變電所,TAPAH,2,1004.0,912.8569949191134,0
2025-09-06 08:00:00,西螺服務區,TAPAH,2,1004.0,758.0171394077037,0
2025-09-06 08:00:00,中部科學園區,TAPAH,2,1004.0,810.2114206309217,0
2025-09-06 08:00:00,興變電所,TAPAH,2,1004.0,746.9011469512816,0
2025-09-06 08:00:00,中正變電所,TAPAH,2,1004.0,932.5958560943216,0
2025-09-06 08:00:00,成都變電所,TAPAH,2,1004.0,915.2671718067658,0
2025-09-06 08:00:00,新豐配電變電所,TAPAH,2,1004.0,891.1294673411257,0
2025-09-06 08:00:00,內惟配電變電所,TAPAH,2,1004.0,640.5058238194025,0
2025-09-06 08:00:00,永華二次變電所,TAPAH,2,1004.0,667.2309393804599,0
2025-09-06 08:00:00,關西二次變電所,TAPAH,2,1004.0,889.549069077211,0
2025-09-06 08:00:00,源海二次變電所,TAPAH,2,1004.0,932.6053567981663,0
2025-09-06 08:00:00,四湖配電變電所,TAPAH,2,1004.0,730.4621150517075,0
2025-09-06 08:00:00,新高港超高壓變電所,TAPAH,2,1004.0,638.5244448229364,0
2025-09-06 08:00:00,九曲配電變電所,TAPAH,2,1004.0,666.4603971497997,0
2025-09-06 08:00:00,崙背變電所,TAPAH,2,1004.0,748.5026341550264,0
2025-09-06 08:00:00,常德變電所,TAPAH,2,1004.0,932.8110503756045,0
2025-09-06 08:00:00,嶺口二次變電所,TAPAH,2,1004.0,653.1801246589076,0
2025-09-06 08:00:00,龍明配電變電所,TAPAH,2,1004.0,914.9581115387859,0
2025-09-06 08:00:00,新工配電變電所,TAPAH,2,1004.0,881.3944460707232,0
2025-09-06 14:00:00,榮成變電所,TAPAH,2,1002.0,950.524467438843,0
2025-09-06 14:00:00,西螺服務區,TAPAH,2,1002.0,797.3819871413654,0
2025-09-06 14:00:00,中部科學園區,TAPAH,2,1002.0,849.0631945918493,0
2025-09-06 14:00:00,興變電所,TAPAH,2,1002.0,791.49101279144,0
2025-09-06 14:00:00,中正變電所,TAPAH,2,1002.0,973.8091389986288,0
2025-09-06 14:00:00,成都變電所,TAPAH,2,1002.0,954.6406777200817,0
2025-09-06 14:00:00,新豐配電變電所,TAPAH,2,1002.0,928.4012842912492,0
2025-09-06 14:00:00,內惟配電變電所,TAPAH,2,1002.0,686.5562110545584,0
2025-09-06 14:00:00,永華二次變電所,TAPAH,2,1002.0,709.876221873651,0
2025-09-06 14:00:00,關西二次變電所,TAPAH,2,1002.0,929.0622433541258,0
2025-09-06 14:00:00,源海二次變電所,TAPAH,2,1002.0,973.818073768208,0
2025-09-06 14:00:00,四湖配電變電所,TAPAH,2,1002.0,768.5113737630207,0
2025-09-06 14:00:00,新高港超高壓變電所,TAPAH,2,1002.0,686.6487475956139,0
2025-09-06 14:00:00,九曲配電變電所,TAPAH,2,1002.0,708.9710497055347,0
2025-09-06 14:00:00,崙背變電所,TAPAH,2,1002.0,787.0253050047535,0
2025-09-06 14:00:00,常德變電所,TAPAH,2,1002.0,973.5240955605882,0
2025-09-06 14:00:00,嶺口二次變電所,TAPAH,2,1002.0,699.2301774637857,0
2025-09-06 14:00:00,龍明配電變電所,TAPAH,2,1002.0,954.295121879349,0
2025-09-06 14:00:00,新工配電變電所,TAPAH,2,1002.0,919.0443046906653,0
2025-09-06 20:00:00,榮成變電所,TAPAH,3,1000.0,995.5460858665458,0
2025-09-06 20:00:00,西螺服務區,TAPAH,3,1000.0,845.3705381581751,0
2025-09-06 20:00:00,中部科學園區,TAPAH,3,1000.0,896.0581139935172,0
2025-09-06 20:00:00,興變電所,TAPAH,3,1000.0,844.208553208464,0
2025-09-06 20:00:00,中正變電所,TAPAH,3,1000.0,1021.9052344593404,0
2025-09-06 20:00:00,成都變電所,TAPAH,3,1000.0,1001.1958737212894,0
2025-09-06 20:00:00,新豐配電變電所,TAPAH,3,1000.0,973.2400119544809,0
2025-09-06 20:00:00,內惟配電變電所,TAPAH,3,1000.0,741.768663314608,0
2025-09-06 20:00:00,永華二次變電所,TAPAH,3,1000.0,761.8159036549149,0
2025-09-06 20:00:00,關西二次變電所,TAPAH,3,1000.0,975.9482254948546,0
2025-09-06 20:00:00,源海二次變電所,TAPAH,3,1000.0,1021.9135862093523,0
2025-09-06 20:00:00,四湖配電變電所,TAPAH,3,1000.0,815.6449296307476,0
2025-09-06 20:00:00,新高港超高壓變電所,TAPAH,3,1000.0,743.6514647026536,0
2025-09-06 20:00:00,九曲配電變電所,TAPAH,3,1000.0,760.8041736335283,0
2025-09-06 20:00:00,崙背變電所,TAPAH,3,1000.0,834.3709792352342,0
2025-09-06 20:00:00,常德變電所,TAPAH,3,1000.0,1021.16429071673,0
2025-09-06 20:00:00,嶺口二次變電所,TAPAH,3,1000.0,754.2797237731208,0
2025-09-06 20:00:00,龍明配電變電所,TAPAH,3,1000.0,1000.8195441257856,0
2025-09-06 20:00:00,新工配電變電所,TAPAH,3,1000.0,964.3085341884503,0
2025-09-07 02:00:00,榮成變電所,TAPAH,3,998.0,1026.3241296345172,0
2025-09-07 02:00:00,西螺服務區,TAPAH,3,998.0,878.738257343957,0
2025-09-07 02:00:00,中部科學園區,TAPAH,3,998.0,928.538645201068,0
2025-09-07 02:00:00,興變電所,TAPAH,3,998.0,880.5689810521341,0
2025-09-07 02:00:00,中正變電所,TAPAH,3,998.0,1054.5612058255015,0
2025-09-07 02:00:00,成都變電所,TAPAH,3,998.0,1032.9386358653744,0
2025-09-07 02:00:00,新豐配電變電所,TAPAH,3,998.0,1003.9924647915694,0
2025-09-07 02:00:00,內惟配電變電所,TAPAH,3,998.0,780.2489212543793,0
2025-09-07 02:00:00,永華二次變電所,TAPAH,3,998.0,798.141361952616,0
2025-09-07 02:00:00,關西二次變電所,TAPAH,3,998.0,1008.0046168388299,0
2025-09-07 02:00:00,源海二次變電所,TAPAH,3,998.0,1054.5691514071675,0
2025-09-07 02:00:00,四湖配電變電所,TAPAH,3,998.0,848.6362979456776,0
2025-09-07 02:00:00,新高港超高壓變電所,TAPAH,3,998.0,783.2278409372119,0
2025-09-07 02:00:00,九曲配電變電所,TAPAH,3,998.0,797.0693944681558,0
2025-09-07 02:00:00,崙背變電所,TAPAH,3,998.0,867.3912191774972,0
2025-09-07 02:00:00,常德變電所,TAPAH,3,998.0,1053.5294204482252,0
2025-09-07 02:00:00,嶺口二次變電所,TAPAH,3,998.0,792.5842709672552,0
2025-09-07 02:00:00,龍明配電變電所,TAPAH,3,998.0,1032.5439770046628,0
2025-09-07 02:00:00,新工配電變電所,TAPAH,3,998.0,995.372333192345,0
2025-09-07 08:00:00,榮成變電所,TAPAH,3,992.0,1037.4193269655862,0
2025-09-07 08:00:00,西螺服務區,TAPAH,3,992.0,892.3107243793636,0
2025-09-07 08:00:00,中部科學園區,TAPAH,3,992.0,941.2510485634368,0
2025-09-07 08:00:00,興變電所,TAPAH,3,992.0,896.5757981050564,0
2025-09-07 08:00:00,中正變電所,TAPAH,3,992.0,1067.1122144223218,0
2025-09-07 08:00:00,成都變電所,TAPAH,3,992.0,1044.7967602323833,0
2025-09-07 08:00:00,新豐配電變電所,TAPAH,3,992.0,1015.1193974269697,0
2025-09-07 08:00:00,內惟配電變電所,TAPAH,3,992.0,798.3181992059456,0
2025-09-07 08:00:00,永華二次變電所,TAPAH,3,992.0,814.3791702550183,0
2025-09-07 08:00:00,關西二次變電所,TAPAH,3,992.0,1020.1733472055389,0
2025-09-07 08:00:00,源海二次變電所,TAPAH,3,992.0,1067.1198131396798,0
2025-09-07 08:00:00,四湖配電變電所,TAPAH,3,992.0,861.9986551336597,0
2025-09-07 08:00:00,新高港超高壓變電所,TAPAH,3,992.0,802.1944512325151,0
2025-09-07 08:00:00,九曲配電變電所,TAPAH,3,992.0,813.261725103256,0
2025-09-07 08:00:00,崙背變電所,TAPAH,3,992.0,880.7174607407325,0
2025-09-07 08:00:00,常德變電所,TAPAH,3,992.0,1065.8465041005798,0
2025-09-07 08:00:00,嶺口二次變電所,TAPAH,3,992.0,810.4661097688205,0
2025-09-07 08:00:00,龍明配電變電所,TAPAH,3,992.0,1044.3881704867367,0
2025-09-07 08:00:00,新工配電變電所,TAPAH,3,992.0,1006.7704292506743,0
2025-09-07 14:00:00,榮成變電所,TAPAH,3,992.0,1027.2426379133651,0
2025-09-07 14:00:00,西螺服務區,TAPAH,3,992.0,885.4530491078423,0
2025-09-07 14:00:00,中部科學園區,TAPAH,3,992.0,933.2234932282361,0
2025-09-07 14:00:00,興變電所,TAPAH,3,992.0,892.6000675884638,0
2025-09-07 14:00:00,中正變電所,TAPAH,3,992.0,1058.552081895317,0
2025-09-07 14:00:00,成都變電所,TAPAH,3,992.0,1035.4846347163586,0
2025-09-07 14:00:00,新豐配電變電所,TAPAH,3,992.0,1005.0372346400333,0
2025-09-07 14:00:00,內惟配電變電所,TAPAH,3,992.0,797.2169276283054,0
2025-09-07 14:00:00,永華二次變電所,TAPAH,3,992.0,810.9900597760937,0
2025-09-07 14:00:00,關西二次變電所,TAPAH,3,992.0,1011.2857149712031,0
2025-09-07 14:00:00,源海二次變電所,TAPAH,3,992.0,1058.5592572324163,0
2025-09-07 14:00:00,四湖配電變電所,TAPAH,3,992.0,855.0019539446002,0
2025-09-07 14:00:00,新高港超高壓變電所,TAPAH,3,992.0,802.1767883250174,0
2025-09-07 14:00:00,九曲配電變電所,TAPAH,3,992.0,809.8225250342466,0
2025-09-07 14:00:00,崙背變電所,TAPAH,3,992.0,873.6105096720551,0
2025-09-07 14:00:00,常德變電所,TAPAH,3,992.0,1057.0165101818616,0
2025-09-07 14:00:00,嶺口二次變電所,TAPAH,3,992.0,809.0848800236841,0
2025-09-07 14:00:00,龍明配電變電所,TAPAH,3,992.0,1035.060894594037,0
2025-09-07 14:00:00,新工配電變電所,TAPAH,3,992.0,997.0240353952564,0
2025-09-07 20:00:00,榮成變電所,TAPAH,3,992.0,983.4997394573019,0
2025-09-07 20:00:00,西螺服務區,TAPAH,3,992.0,849.0144468545642,0
2025-09-07 20:00:00,中部科學園區,TAPAH,3,992.0,894.1680175593452,0
2025-09-07 20:00:00,興變電所,TAPAH,3,992.0,861.4729905363122,0
2025-09-07 20:00:00,中正變電所,TAPAH,3,992.0,1017.5499475818801,0
2025-09-07 20:00:00,成都變電所,TAPAH,3,992.0,993.263763891533,0
2025-09-07 20:00:00,新豐配電變電所,TAPAH,3,992.0,961.6265478308836,0
2025-09-07 20:00:00,內惟配電變電所,TAPAH,3,992.0,772.6022213601398,0
2025-09-07 20:00:00,永華二次變電所,TAPAH,3,992.0,781.8746140442867,0
2025-09-07 20:00:00,關西二次變電所,TAPAH,3,992.0,970.0165474036058,0
2025-09-07 20:00:00,源海二次變電所,TAPAH,3,992.0,1017.5562984960421,0
2025-09-07 20:00:00,四湖配電變電所,TAPAH,3,992.0,818.6185329493904,0
2025-09-07 20:00:00,新高港超高壓變電所,TAPAH,3,992.0,779.5557645288911,0
2025-09-07 20:00:00,九曲配電變電所,TAPAH,3,992.0,780.627033493473,0
2025-09-07 20:00:00,崙背變電所,TAPAH,3,992.0,836.827537390543,0
2025-09-07 20:00:00,常德變電所,TAPAH,3,992.0,1015.5303397564696,0
2025-09-07 20:00:00,嶺口二次變電所,TAPAH,3,992.0,783.7882147404575,0
2025-09-07 20:00:00,龍明配電變電所,TAPAH,3,992.0,992.8152647249256,0
2025-09-07 20:00:00,新工配電變電所,TAPAH,3,992.0,954.287100343159,0
2025-09-08 02:00:00,榮成變電所,TAPAH,4,990.0,957.4443824894813,0
2025-09-08 02:00:00,西螺服務區,TAPAH,4,990.0,837.2029732755196,0
2025-09-08 02:00:00,中部科學園區,TAPAH,4,990.0,877.2492795731437,0
2025-09-08 02:00:00,興變電所,TAPAH,4,990.0,857.3945875758094,0
2025-09-08 02:00:00,中正變電所,TAPAH,4,990.0,995.16902784832,0
2025-09-08 02:00:00,成都變電所,TAPAH,4,990.0,969.4155096323415,0
2025-09-08 02:00:00,新豐配電變電所,TAPAH,4,990.0,936.5054445369816,0
2025-09-08 02:00:00,內惟配電變電所,TAPAH,4,990.0,780.5718359846143,0
2025-09-08 02:00:00,永華二次變電所,TAPAH,4,990.0,782.9513001242644,0
2025-09-08 02:00:00,關西二次變電所,TAPAH,4,990.0,948.0852492264881,0
2025-09-08 02:00:00,源海二次變電所,TAPAH,4,990.0,995.1739882928022,0
2025-09-08 02:00:00,四湖配電變電所,TAPAH,4,990.0,807.6857883611656,0
2025-09-08 02:00:00,新高港超高壓變電所,TAPAH,4,990.0,790.2039695694164,0
2025-09-08 02:00:00,九曲配電變電所,TAPAH,4,990.0,781.6221007602246,0
2025-09-08 02:00:00,崙背變電所,TAPAH,4,990.0,824.799428778343,0
2025-09-08 02:00:00,常德變電所,TAPAH,4,990.0,992.4320651044164,0
2025-09-08 02:00:00,嶺口二次變電所,TAPAH,4,990.0,790.4287298500311,0
2025-09-08 02:00:00,龍明配電變電所,TAPAH,4,990.0,968.9364706281079,0
2025-09-08 02:00:00,新工配電變電所,TAPAH,4,990.0,930.3665288455267,0
2025-09-08 08:00:00,榮成變電所,TAPAH,4,980.0,947.3298778306387,0
2025-09-08 08:00:00,西螺服務區,TAPAH,4,980.0,836.8144564649393,0
2025-09-08 08:00:00,中部科學園區,TAPAH,4,980.0,873.3797191061634,0
2025-09-08 08:00:00,興變電所,TAPAH,4,980.0,861.1638924380064,0
2025-09-08 08:00:00,中正變電所,TAPAH,4,980.0,986.8197886436661,0
2025-09-08 08:00:00,成都變電所,TAPAH,4,980.0,960.4675585743838,0
2025-09-08 08:00:00,新豐配電變電所,TAPAH,4,980.0,927.1614214250818,0
2025-09-08 08:00:00,內惟配電變電所,TAPAH,4,980.0,792.2492654808626,0
2025-09-08 08:00:00,永華二次變電所,TAPAH,4,980.0,790.7189485352995,0
2025-09-08 08:00:00,關西二次變電所,TAPAH,4,980.0,940.4785873016191,0
2025-09-08 08:00:00,源海二次變電所,TAPAH,4,980.0,986.8238911551049,0
2025-09-08 08:00:00,四湖配電變電所,TAPAH,4,980.0,808.226672549604,0
2025-09-08 08:00:00,新高港超高壓變電所,TAPAH,4,980.0,803.2263054187597,0
2025-09-08 08:00:00,九曲配電變電所,TAPAH,4,980.0,789.3645844951153,0
2025-09-08 08:00:00,崙背變電所,TAPAH,4,980.0,824.4603177600193,0
2025-09-08 08:00:00,常德變電所,TAPAH,4,980.0,983.6915833933083,0
2025-09-08 08:00:00,嶺口二次變電所,TAPAH,4,980.0,801.2097509244226,0
2025-09-08 08:00:00,龍明配電變電所,TAPAH,4,980.0,959.9755917172861,0
2025-09-08 08:00:00,新工配電變電所,TAPAH,4,980.0,921.7921939583306,0
2025-09-08 14:00:00,榮成變電所,TAPAH,3,992.0,994.3900368312425,0
2025-09-08 14:00:00,西螺服務區,TAPAH,3,992.0,909.0224451510463,0
2025-09-08 14:00:00,中部科學園區,TAPAH,3,992.0,936.7981285434215,0
2025-09-08 14:00:00,興變電所,TAPAH,3,992.0,941.3981450120856,0
2025-09-08 14:00:00,中正變電所,TAPAH,3,992.0,1036.8170364023351,0
2025-09-08 14:00:00,成都變電所,TAPAH,3,992.0,1009.8252853379491,0
2025-09-08 14:00:00,新豐配電變電所,TAPAH,3,992.0,976.59320432042,0
2025-09-08 14:00:00,內惟配電變電所,TAPAH,3,992.0,890.8178943672344,0
2025-09-08 14:00:00,永華二次變電所,TAPAH,3,992.0,881.5220651668212,0
2025-09-08 14:00:00,關西二次變電所,TAPAH,3,992.0,993.468837287364,0
2025-09-08 14:00:00,源海二次變電所,TAPAH,3,992.0,1036.8190676604488,0
2025-09-08 14:00:00,四湖配電變電所,TAPAH,3,992.0,883.4240386823757,0
2025-09-08 14:00:00,新高港超高壓變電所,TAPAH,3,992.0,904.0877337055189,0
2025-09-08 14:00:00,九曲配電變電所,TAPAH,3,992.0,880.1639992226736,0
2025-09-08 14:00:00,崙背變電所,TAPAH,3,992.0,897.2028365406995,0
2025-09-08 14:00:00,常德變電所,TAPAH,3,992.0,1032.8784693254179,0
2025-09-08 14:00:00,嶺口二次變電所,TAPAH,3,992.0,897.7056755815244,0
2025-09-08 14:00:00,龍明配電變電所,TAPAH,3,992.0,1009.3177348605277,0
2025-09-08 14:00:00,新工配電變電所,TAPAH,3,992.0,973.1443206961177,0
2025-09-08 20:00:00,榮成變電所,TAPAH,2,998.0,1025.9470715933637,0
2025-09-08 20:00:00,西螺服務區,TAPAH,2,998.0,946.0305151834801,0
2025-09-08 20:00:00,中部科學園區,TAPAH,2,998.0,971.9664276490887,0
2025-09-08 20:00:00,興變電所,TAPAH,2,998.0,979.747206419946,0
2025-09-08 20:00:00,中正變電所,TAPAH,2,998.0,1068.775962433924,0
2025-09-08 20:00:00,成都變電所,TAPAH,2,998.0,1041.7819173315395,0
2025-09-08 20:00:00,新豐配電變電所,TAPAH,2,998.0,1008.7353188452357,0
2025-09-08 20:00:00,內惟配電變電所,TAPAH,2,998.0,932.6478110818074,0
2025-09-08 20:00:00,永華二次變電所,TAPAH,2,998.0,922.0561898981807,0
2025-09-08 20:00:00,關西二次變電所,TAPAH,2,998.0,1026.2555141649852,0
2025-09-08 20:00:00,源海二次變電所,TAPAH,2,998.0,1068.7775539806883,0
2025-09-08 20:00:00,四湖配電變電所,TAPAH,2,998.0,921.1299308721557,0
2025-09-08 20:00:00,新高港超高壓變電所,TAPAH,2,998.0,946.2489034674709,0
2025-09-08 20:00:00,九曲配電變電所,TAPAH,2,998.0,920.7039991075374,0
2025-09-08 20:00:00,崙背變電所,TAPAH,2,998.0,934.3746379232942,0
2025-09-08 20:00:00,常德變電所,TAPAH,2,998.0,1064.6875724965141,0
2025-09-08 20:00:00,嶺口二次變電所,TAPAH,2,998.0,939.1518155918296,0
2025-09-08 20:00:00,龍明配電變電所,TAPAH,2,998.0,1041.2736546127762,0
2025-09-08 20:00:00,新工配電變電所,TAPAH,2,998.0,1005.6998539732284,0
2025-09-09 02:00:00,榮成變電所,TAPAH,2,1004.0,1125.2282170074775,0
2025-09-09 02:00:00,西螺服務區,TAPAH,2,1004.0,1064.5680038952548,0
2025-09-09 02:00:00,中部科學園區,TAPAH,2,1004.0,1084.0278825626367,0
2025-09-09 02:00:00,興變電所,TAPAH,2,1004.0,1102.4119792205481,0
2025-09-09 02:00:00,中正變電所,TAPAH,2,1004.0,1168.877013482409,0
2025-09-09 02:00:00,成都變電所,TAPAH,2,1004.0,1142.2031882253607,0
2025-09-09 02:00:00,新豐配電變電所,TAPAH,2,1004.0,1110.20014613334,0
2025-09-09 02:00:00,內惟配電變電所,TAPAH,2,1004.0,1067.6013313727872,0
2025-09-09 02:00:00,永華二次變電所,TAPAH,2,1004.0,1052.7165527816499,0
2025-09-09 02:00:00,關西二次變電所,TAPAH,2,1004.0,1129.6575767315642,0
2025-09-09 02:00:00,源海二次變電所,TAPAH,2,1004.0,1168.8771039256087,0
2025-09-09 02:00:00,四湖配電變電所,TAPAH,2,1004.0,1042.3041198725582,0
2025-09-09 02:00:00,新高港超高壓變電所,TAPAH,2,1004.0,1082.2094514333676,0
2025-09-09 02:00:00,九曲配電變電所,TAPAH,2,1004.0,1051.3984219627007,0
2025-09-09 02:00:00,崙背變電所,TAPAH,2,1004.0,1053.6018499291222,0
2025-09-09 02:00:00,常德變電所,TAPAH,2,1004.0,1164.332588400422,0
2025-09-09 02:00:00,嶺口二次變電所,TAPAH,2,1004.0,1072.7348819374877,0
2025-09-09 02:00:00,龍明配電變電所,TAPAH,2,1004.0,1141.698853722269,0
2025-09-09 02:00:00,新工配電變電所,TAPAH,2,1004.0,1108.5879643159908,0
2025-09-15 20:00:00,榮成變電所,MITAG,2,1010.0,1374.3500372464378,0
2025-09-15 20:00:00,西螺服務區,MITAG,2,1010.0,1271.7433031710352,0
2025-09-15 20:00:00,中部科學園區,MITAG,2,1010.0,1304.2438247822715,0
2025-09-15 20:00:00,興變電所,MITAG,2,1010.0,1227.2699365010674,0
2025-09-15 20:00:00,中正變電所,MITAG,2,1010.0,1357.5937882763058,0
2025-09-15 20:00:00,成都變電所,MITAG,2,1010.0,1362.1392905269313,0
2025-09-15 20:00:00,新豐配電變電所,MITAG,2,1010.0,1364.0645384289712,0
2025-09-15 20:00:00,內惟配電變電所,MITAG,2,1010.0,1168.185416982765,0
2025-09-15 20:00:00,永華二次變電所,MITAG,2,1010.0,1203.4128248910597,0
2025-09-15 20:00:00,關西二次變電所,MITAG,2,1010.0,1345.402525348102,0
2025-09-15 20:00:00,源海二次變電所,MITAG,2,1010.0,1357.6043393696666,0
2025-09-15 20:00:00,四湖配電變電所,MITAG,2,1010.0,1266.4408655618556,0
2025-09-15 20:00:00,新高港超高壓變電所,MITAG,2,1010.0,1152.7852617472136,0
2025-09-15 20:00:00,九曲配電變電所,MITAG,2,1010.0,1203.9852200386767,0
2025-09-15 20:00:00,崙背變電所,MITAG,2,1010.0,1272.6937302421056,0
2025-09-15 20:00:00,常德變電所,MITAG,2,1010.0,1361.9013986224145,0
2025-09-15 20:00:00,嶺口二次變電所,MITAG,2,1010.0,1173.4927226632606,0
2025-09-15 20:00:00,龍明配電變電所,MITAG,2,1010.0,1362.2457050774087,0
2025-09-15 20:00:00,新工配電變電所,MITAG,2,1010.0,1355.18098119237,0
2025-09-16 02:00:00,榮成變電所,MITAG,2,1008.0,1321.88399038962,0
2025-09-16 02:00:00,西螺服務區,MITAG,2,1008.0,1217.9944139095246,0
2025-09-16 02:00:00,中部科學園區,MITAG,2,1008.0,1250.9087100347601,0
2025-09-16 02:00:00,興變電所,MITAG,2,1008.0,1173.6915556565248,0
2025-09-16 02:00:00,中正變電所,MITAG,2,1008.0,1305.6590501489652,0
2025-09-16 02:00:00,成都變電所,MITAG,2,1008.0,1309.8482034671722,0
2025-09-16 02:00:00,新豐配電變電所,MITAG,2,1008.0,1311.3575652525365,0
2025-09-16 02:00:00,內惟配電變電所,MITAG,2,1008.0,1113.8044987019937,0
2025-09-16 02:00:00,永華二次變電所,MITAG,2,1008.0,1149.113018130357,0
2025-09-16 02:00:00,關西二次變電所,MITAG,2,1008.0,1292.8638959800194,0
2025-09-16 02:00:00,源海二次變電所,MITAG,2,1008.0,1305.6696486448673,0
2025-09-16 02:00:00,四湖配電變電所,MITAG,2,1008.0,1212.4197033253688,0
2025-09-16 02:00:00,新高港超高壓變電所,MITAG,2,1008.0,1098.4490599086716,0
2025-09-16 02:00:00,九曲配電變電所,MITAG,2,1008.0,1149.6758924525088,0
2025-09-16 02:00:00,崙背變電所,MITAG,2,1008.0,1218.8289449813817,0
2025-09-16 02:00:00,常德變電所,MITAG,2,1008.0,1309.9198454056564,0
2025-09-16 02:00:00,嶺口二次變電所,MITAG,2,1008.0,1119.2006771703225,0
2025-09-16 02:00:00,龍明配電變電所,MITAG,2,1008.0,1309.9481728032338,0
2025-09-16 02:00:00,新工配電變電所,MITAG,2,1008.0,1302.4123831887973,0
2025-09-16 08:00:00,榮成變電所,MITAG,2,1008.0,1262.3334278506882,0
2025-09-16 08:00:00,西螺服務區,MITAG,2,1008.0,1158.4054644065407,0
2025-09-16 08:00:00,中部科學園區,MITAG,2,1008.0,1191.2733962469451,0
2025-09-16 08:00:00,興變電所,MITAG,2,1008.0,1114.073980625585,0
2025-09-16 08:00:00,中正變電所,MITAG,2,1008.0,1246.2407195798949,0
2025-09-16 08:00:00,成都變電所,MITAG,2,1008.0,1250.335900155092,0
2025-09-16 08:00:00,新豐配電變電所,MITAG,2,1008.0,1251.7647993026985,0
2025-09-16 08:00:00,內惟配電變電所,MITAG,2,1008.0,1054.4954158186817,0
2025-09-16 08:00:00,永華二次變電所,MITAG,2,1008.0,1089.7461677927306,0
2025-09-16 08:00:00,關西二次變電所,MITAG,2,1008.0,1233.2998007967285,0
2025-09-16 08:00:00,源海二次變電所,MITAG,2,1008.0,1246.2513315163515,0
2025-09-16 08:00:00,四湖配電變電所,MITAG,2,1008.0,1152.9105229001798,0
2025-09-16 08:00:00,新高港超高壓變電所,MITAG,2,1008.0,1039.106793671231,0
2025-09-16 08:00:00,九曲配電變電所,MITAG,2,1008.0,1090.3153924618425,0
2025-09-16 08:00:00,崙背變電所,MITAG,2,1008.0,1159.268176326106,0
2025-09-16 08:00:00,常德變電所,MITAG,2,1008.0,1250.4878849982242,0
2025-09-16 08:00:00,嶺口二次變電所,MITAG,2,1008.0,1059.8285282400211,0
2025-09-16 08:00:00,龍明配電變電所,MITAG,2,1008.0,1250.4343661558155,0
2025-09-16 08:00:00,新工配電變電所,MITAG,2,1008.0,1242.8109044908192,0
2025-09-16 14:00:00,榮成變電所,MITAG,2,1004.0,1149.6733313278899,0
2025-09-16 14:00:00,西螺服務區,MITAG,2,1004.0,1035.3303071895095,0
2025-09-16 14:00:00,中部科學園區,MITAG,2,1004.0,1071.8786777835508,0
2025-09-16 14:00:00,興變電所,MITAG,2,1004.0,992.858625086636,0
2025-09-16 14:00:00,中正變電所,MITAG,2,1004.0,1137.6023864023973,0
2025-09-16 14:00:00,成都變電所,MITAG,2,1004.0,1139.0622210995548,0
2025-09-16 14:00:00,新豐配電變電所,MITAG,2,1004.0,1137.2925203168413,0
2025-09-16 14:00:00,內惟配電變電所,MITAG,2,1004.0,924.927866187486,0
2025-09-16 14:00:00,永華二次變電所,MITAG,2,1004.0,961.0337866890605,0
2025-09-16 14:00:00,關西二次變電所,MITAG,2,1004.0,1120.2402814310685,0
2025-09-16 14:00:00,源海二次變電所,MITAG,2,1004.0,1137.6132753769043,0
2025-09-16 14:00:00,四湖配電變電所,MITAG,2,1004.0,1027.084878370048,0
2025-09-16 14:00:00,新高港超高壓變電所,MITAG,2,1004.0,910.1717690528759,0
2025-09-16 14:00:00,九曲配電變電所,MITAG,2,1004.0,961.4850280215749,0
2025-09-16 14:00:00,崙背變電所,MITAG,2,1004.0,1035.0367611610552,0
2025-09-16 14:00:00,常德變電所,MITAG,2,1004.0,1141.4868678799774,0
2025-09-16 14:00:00,嶺口二次變電所,MITAG,2,1004.0,931.341465319856,0
2025-09-16 14:00:00,龍明配電變電所,MITAG,2,1004.0,1139.1119376184388,0
2025-09-16 14:00:00,新工配電變電所,MITAG,2,1004.0,1127.896639683058,0
2025-09-16 20:00:00,榮成變電所,MITAG,2,1004.0,1091.0603887338445,0
2025-09-16 20:00:00,西螺服務區,MITAG,2,1004.0,970.7792276848165,0
2025-09-16 20:00:00,中部科學園區,MITAG,2,1004.0,1009.4611701421663,0
2025-09-16 20:00:00,興變電所,MITAG,2,1004.0,929.681584218358,0
2025-09-16 20:00:00,中正變電所,MITAG,2,1004.0,1081.5045560729648,0
2025-09-16 20:00:00,成都變電所,MITAG,2,1004.0,1081.346003823696,0
2025-09-16 20:00:00,新豐配電變電所,MITAG,2,1004.0,1077.6236377749303,0
2025-09-16 20:00:00,內惟配電變電所,MITAG,2,1004.0,856.7673554341807,0
2025-09-16 20:00:00,永華二次變電所,MITAG,2,1004.0,893.2522595659962,0
2025-09-16 20:00:00,關西二次變電所,MITAG,2,1004.0,1061.5162997054326,0
2025-09-16 20:00:00,源海二次變電所,MITAG,2,1004.0,1081.5155614923817,0
2025-09-16 20:00:00,四湖配電變電所,MITAG,2,1004.0,960.8416404182911,0
2025-09-16 20:00:00,新高港超高壓變電所,MITAG,2,1004.0,842.4922177662555,0
2025-09-16 20:00:00,九曲配電變電所,MITAG,2,1004.0,893.6261063638161,0
2025-09-16 20:00:00,崙背變電所,MITAG,2,1004.0,969.7613313892153,0
2025-09-16 20:00:00,常德變電所,MITAG,2,1004.0,1085.1487998065222,0
2025-09-16 20:00:00,嶺口二次變電所,MITAG,2,1004.0,863.8446581214571,0
2025-09-16 20:00:00,龍明配電變電所,MITAG,2,1004.0,1081.3656495852028,0
2025-09-16 20:00:00,新工配電變電所,MITAG,2,1004.0,1067.9977971964543,0
2025-09-17 02:00:00,榮成變電所,MITAG,3,1000.0,1026.479662000333,0
2025-09-17 02:00:00,西螺服務區,MITAG,3,1000.0,901.2247137282443,0
2025-09-17 02:00:00,中部科學園區,MITAG,3,1000.0,941.6976928531484,0
2025-09-17 02:00:00,興變電所,MITAG,3,1000.0,861.4878354962505,0
2025-09-17 02:00:00,中正變電所,MITAG,3,1000.0,1019.2361292656196,0
2025-09-17 02:00:00,成都變電所,MITAG,3,1000.0,1017.6055509116139,0
2025-09-17 02:00:00,新豐配電變電所,MITAG,3,1000.0,1012.1298286432192,0
2025-09-17 02:00:00,內惟配電變電所,MITAG,3,1000.0,784.3563386146747,0
2025-09-17 02:00:00,永華二次變電所,MITAG,3,1000.0,821.0647450100364,0
2025-09-17 02:00:00,關西二次變電所,MITAG,3,1000.0,996.923050424739,0
2025-09-17 02:00:00,源海二次變電所,MITAG,3,1000.0,1019.2472056794903,0
2025-09-17 02:00:00,四湖配電變電所,MITAG,3,1000.0,889.8172970174578,0
2025-09-17 02:00:00,新高港超高壓變電所,MITAG,3,1000.0,770.5545370805653,0
2025-09-17 02:00:00,九曲配電變電所,MITAG,3,1000.0,821.3693518763556,0
2025-09-17 02:00:00,崙背變電所,MITAG,3,1000.0,899.5668950043912,0
2025-09-17 02:00:00,常德變電所,MITAG,3,1000.0,1022.6496752108853,0
2025-09-17 02:00:00,嶺口二次變電所,MITAG,3,1000.0,791.999348175925,0
2025-09-17 02:00:00,龍明配電變電所,MITAG,3,1000.0,1017.5978630635458,0
2025-09-17 02:00:00,新工配電變電所,MITAG,3,1000.0,1002.3247117541467,0
2025-09-17 08:00:00,榮成變電所,MITAG,2,1006.0,940.5450415544057,0
2025-09-17 08:00:00,西螺服務區,MITAG,2,1006.0,806.3540476876849,0
2025-09-17 08:00:00,中部科學園區,MITAG,2,1006.0,850.13698836285,0
2025-09-17 08:00:00,興變電所,MITAG,2,1006.0,769.7962039843113,0
2025-09-17 08:00:00,中正變電所,MITAG,2,1006.0,937.8528607943567,0
2025-09-17 08:00:00,成都變電所,MITAG,2,1006.0,933.3823248228721,0
2025-09-17 08:00:00,新豐配電變電所,MITAG,2,1006.0,924.5176414229295,0
2025-09-17 08:00:00,內惟配電變電所,MITAG,2,1006.0,684.5406670833977,0
2025-09-17 08:00:00,永華二次變電所,MITAG,2,1006.0,721.3737298826621,0
2025-09-17 08:00:00,關西二次變電所,MITAG,2,1006.0,911.2060672487397,0
2025-09-17 08:00:00,源海二次變電所,MITAG,2,1006.0,937.8639783090426,0
2025-09-17 08:00:00,四湖配電變電所,MITAG,2,1006.0,791.9879990241824,0
2025-09-17 08:00:00,新高港超高壓變電所,MITAG,2,1006.0,671.9136484246865,0
2025-09-17 08:00:00,九曲配電變電所,MITAG,2,1006.0,721.526635921942,0
2025-09-17 08:00:00,崙背變電所,MITAG,2,1006.0,803.3859388497882,0
2025-09-17 08:00:00,常德變電所,MITAG,2,1006.0,940.7915278349799,0
2025-09-17 08:00:00,嶺口二次變電所,MITAG,2,1006.0,693.3307205220631,0
2025-09-17 08:00:00,龍明配電變電所,MITAG,2,1006.0,933.3214727654046,0
2025-09-17 08:00:00,新工配電變電所,MITAG,2,1006.0,914.4373527335625,0
2025-09-17 14:00:00,榮成變電所,MITAG,2,1006.0,829.0503918771386,0
2025-09-17 14:00:00,西螺服務區,MITAG,2,1006.0,691.4911718942204,0
2025-09-17 14:00:00,中部科學園區,MITAG,2,1006.0,736.4700131252353,0
2025-09-17 14:00:00,興變電所,MITAG,2,1006.0,656.3800558931015,0
2025-09-17 14:00:00,中正變電所,MITAG,2,1006.0,828.5691139778465,0
2025-09-17 14:00:00,成都變電所,MITAG,2,1006.0,822.7208207195903,0
2025-09-17 14:00:00,新豐配電變電所,MITAG,2,1006.0,812.3140077697949,0
2025-09-17 14:00:00,內惟配電變電所,MITAG,2,1006.0,568.24992131615,0
2025-09-17 14:00:00,永華二次變電所,MITAG,2,1006.0,605.0127414489954,0
2025-09-17 14:00:00,關西二次變電所,MITAG,2,1006.0,799.9216439792656,0
2025-09-17 14:00:00,源海二次變電所,MITAG,2,1006.0,828.5802041858022,0
2025-09-17 14:00:00,四湖配電變電所,MITAG,2,1006.0,676.0724469749111,0
2025-09-17 14:00:00,新高港超高壓變電所,MITAG,2,1006.0,556.0869727140389,0
2025-09-17 14:00:00,九曲配電變電所,MITAG,2,1006.0,605.1141304809285,0
2025-09-17 14:00:00,崙背變電所,MITAG,2,1006.0,688.0339837530892,0
2025-09-17 14:00:00,常德變電所,MITAG,2,1006.0,831.2573127404703,0
2025-09-17 14:00:00,嶺口二次變電所,MITAG,2,1006.0,577.4163282886593,0
2025-09-17 14:00:00,龍明配電變電所,MITAG,2,1006.0,822.6347204201538,0
2025-09-17 14:00:00,新工配電變電所,MITAG,2,1006.0,802.1450236142406,0
2025-09-17 20:00:00,榮成變電所,MITAG,2,1008.0,730.9253120335878,0
2025-09-17 20:00:00,西螺服務區,MITAG,2,1008.0,589.3510267656641,0
2025-09-17 20:00:00,中部科學園區,MITAG,2,1008.0,635.8184870417642,0
2025-09-17 20:00:00,興變電所,MITAG,2,1008.0,556.3618012189916,0
2025-09-17 20:00:00,中正變電所,MITAG,2,1008.0,733.2235071893641,0
2025-09-17 20:00:00,成都變電所,MITAG,2,1008.0,725.6703397814209,0
2025-09-17 20:00:00,新豐配電變電所,MITAG,2,1008.0,713.3386236873271,0
2025-09-17 20:00:00,內惟配電變電所,MITAG,2,1008.0,464.42090487704326,0
2025-09-17 20:00:00,永華二次變電所,MITAG,2,1008.0,500.9694073971502,0
2025-09-17 20:00:00,關西二次變電所,MITAG,2,1008.0,702.1629191748153,0
2025-09-17 20:00:00,源海二次變電所,MITAG,2,1008.0,733.2345185217063,0
2025-09-17 20:00:00,四湖配電變電所,MITAG,2,1008.0,572.4975381847299,0
2025-09-17 20:00:00,新高港超高壓變電所,MITAG,2,1008.0,453.0071390781309,0
2025-09-17 20:00:00,九曲配電變電所,MITAG,2,1008.0,500.99359077019494,0
2025-09-17 20:00:00,崙背變電所,MITAG,2,1008.0,585.2233637084043,0
2025-09-17 20:00:00,常德變電所,MITAG,2,1008.0,735.5886148297582,0
2025-09-17 20:00:00,嶺口二次變電所,MITAG,2,1008.0,474.1258473485815,0
2025-09-17 20:00:00,龍明配電變電所,MITAG,2,1008.0,725.5527079687454,0
2025-09-17 20:00:00,新工配電變電所,MITAG,2,1008.0,703.0875392028803,0
2025-09-18 02:00:00,榮成變電所,MITAG,2,1006.0,656.6504521934282,0
2025-09-18 02:00:00,西螺服務區,MITAG,2,1006.0,506.4703250965263,0
2025-09-18 02:00:00,中部科學園區,MITAG,2,1006.0,556.4316767996532,0
2025-09-18 02:00:00,興變電所,MITAG,2,1006.0,480.6942151178818,0
2025-09-18 02:00:00,中正變電所,MITAG,2,1006.0,665.747886130364,0
2025-09-18 02:00:00,成都變電所,MITAG,2,1006.0,654.1937216498658,0
2025-09-18 02:00:00,新豐配電變電所,MITAG,2,1006.0,637.1451439859535,0
2025-09-18 02:00:00,內惟配電變電所,MITAG,2,1006.0,379.2287861284481,0
2025-09-18 02:00:00,永華二次變電所,MITAG,2,1006.0,413.83459534670965,0
2025-09-18 02:00:00,關西二次變電所,MITAG,2,1006.0,629.3235084019664,0
2025-09-18 02:00:00,源海二次變電所,MITAG,2,1006.0,665.7585123673873,0
2025-09-18 02:00:00,四湖配電變電所,MITAG,2,1006.0,485.2675239462013,0
2025-09-18 02:00:00,新高港超高壓變電所,MITAG,2,1006.0,370.96302953909276,0
2025-09-18 02:00:00,九曲配電變電所,MITAG,2,1006.0,413.57128160695476,0
2025-09-18 02:00:00,崙背變電所,MITAG,2,1006.0,500.2841957257305,0
2025-09-18 02:00:00,常德變電所,MITAG,2,1006.0,667.3020346893917,0
2025-09-18 02:00:00,嶺口二次變電所,MITAG,2,1006.0,390.56347792642714,0
2025-09-18 02:00:00,龍明配電變電所,MITAG,2,1006.0,653.9997950544821,0
2025-09-18 02:00:00,新工配電變電所,MITAG,2,1006.0,626.8513862344835,0
2025-09-18 08:00:00,榮成變電所,MITAG,3,1004.0,621.4571664029432,0
2025-09-18 08:00:00,西螺服務區,MITAG,3,1004.0,468.8678549423571,0
2025-09-18 08:00:00,中部科學園區,MITAG,3,1004.0,519.8631995979295,0
2025-09-18 08:00:00,興變電所,MITAG,3,1004.0,446.6309259030963,0
2025-09-18 08:00:00,中正變電所,MITAG,3,1004.0,633.3756304539122,0
2025-09-18 08:00:00,成都變電所,MITAG,3,1004.0,620.2068987302429,0
2025-09-18 08:00:00,新豐配電變電所,MITAG,3,1004.0,601.2791713951459,0
2025-09-18 08:00:00,內惟配電變電所,MITAG,3,1004.0,342.3922134132039,0
2025-09-18 08:00:00,永華二次變電所,MITAG,3,1004.0,375.48593745995385,0
2025-09-18 08:00:00,關西二次變電所,MITAG,3,1004.0,594.9485773562608,0
2025-09-18 08:00:00,源海二次變電所,MITAG,3,1004.0,633.3860112254835,0
2025-09-18 08:00:00,四湖配電變電所,MITAG,3,1004.0,445.9609433756427,0
2025-09-18 08:00:00,新高港超高壓變電所,MITAG,3,1004.0,335.80870136406327,0
2025-09-18 08:00:00,九曲配電變電所,MITAG,3,1004.0,375.0927579802625,0
2025-09-18 08:00:00,崙背變電所,MITAG,3,1004.0,461.8353412558083,0
2025-09-18 08:00:00,常德變電所,MITAG,3,1004.0,634.5729842386007,0
2025-09-18 08:00:00,嶺口二次變電所,MITAG,3,1004.0,354.28893400047997,0
2025-09-18 08:00:00,龍明配電變電所,MITAG,3,1004.0,619.9819761169405,0
2025-09-18 08:00:00,新工配電變電所,MITAG,3,1004.0,591.0447142834294,0
2025-09-18 14:00:00,榮成變電所,MITAG,3,1004.0,631.506130839529,0
2025-09-18 14:00:00,西螺服務區,MITAG,3,1004.0,476.74448300321865,0
2025-09-18 14:00:00,中部科學園區,MITAG,3,1004.0,528.7579969439566,0
2025-09-18 14:00:00,興變電所,MITAG,3,1004.0,460.40244188738393,0
2025-09-18 14:00:00,中正變電所,MITAG,3,1004.0,647.5284845199883,0
2025-09-18 14:00:00,成都變電所,MITAG,3,1004.0,632.0994777044177,0
2025-09-18 14:00:00,新豐配電變電所,MITAG,3,1004.0,610.4545937771147,0
2025-09-18 14:00:00,內惟配電變電所,MITAG,3,1004.0,353.9800943605294,0
2025-09-18 14:00:00,永華二次變電所,MITAG,3,1004.0,383.7777975064615,0
2025-09-18 14:00:00,關西二次變電所,MITAG,3,1004.0,606.4779208077022,0
2025-09-18 14:00:00,源海二次變電所,MITAG,3,1004.0,647.5384290674921,0
2025-09-18 14:00:00,四湖配電變電所,MITAG,3,1004.0,451.2905188356743,0
2025-09-18 14:00:00,新高港超高壓變電所,MITAG,3,1004.0,350.2174138658274,0
2025-09-18 14:00:00,九曲配電變電所,MITAG,3,1004.0,383.1729266802411,0
2025-09-18 14:00:00,崙背變電所,MITAG,3,1004.0,468.3975785746208,0
2025-09-18 14:00:00,常德變電所,MITAG,3,1004.0,648.2008893267819,0
2025-09-18 14:00:00,嶺口二次變電所,MITAG,3,1004.0,366.47375306340786,0
2025-09-18 14:00:00,龍明配電變電所,MITAG,3,1004.0,631.830045898177,0
2025-09-18 14:00:00,新工配電變電所,MITAG,3,1004.0,600.4058413953355,0
2025-09-18 20:00:00,榮成變電所,MITAG,3,1002.0,646.7253330042869,0
2025-09-18 20:00:00,西螺服務區,MITAG,3,1002.0,494.7498013547953,0
2025-09-18 20:00:00,中部科學園區,MITAG,3,1002.0,545.9760638877942,0
2025-09-18 20:00:00,興變電所,MITAG,3,1002.0,492.4191055037258,0
2025-09-18 20:00:00,中正變電所,MITAG,3,1002.0,671.4213199270864,0
2025-09-18 20:00:00,成都變電所,MITAG,3,1002.0,651.4569952095557,0
2025-09-18 20:00:00,新豐配電變電所,MITAG,3,1002.0,624.520642026791,0
2025-09-18 20:00:00,內惟配電變電所,MITAG,3,1002.0,390.28511307770367,0
2025-09-18 20:00:00,永華二次變電所,MITAG,3,1002.0,410.0493731409889,0
2025-09-18 20:00:00,關西二次變電所,MITAG,3,1002.0,626.0076059244442,0
2025-09-18 20:00:00,源海二次變電所,MITAG,3,1002.0,671.4299363321047,0
2025-09-18 20:00:00,四湖配電變電所,MITAG,3,1002.0,465.38957086070945,0
2025-09-18 20:00:00,新高港超高壓變電所,MITAG,3,1002.0,392.781390781483,0
2025-09-18 20:00:00,九曲配電變電所,MITAG,3,1002.0,409.04630800828073,0
2025-09-18 20:00:00,崙背變電所,MITAG,3,1002.0,484.03532941586514,0
2025-09-18 20:00:00,常德變電所,MITAG,3,1002.0,670.8883925136728,0
2025-09-18 20:00:00,嶺口二次變電所,MITAG,3,1002.0,402.73505008205314,0
2025-09-18 20:00:00,龍明配電變電所,MITAG,3,1002.0,651.0972561517995,0
2025-09-18 20:00:00,新工配電變電所,MITAG,3,1002.0,615.3026710169665,0
2025-09-19 02:00:00,榮成變電所,MITAG,3,1000.0,631.5029208825938,0
2025-09-19 02:00:00,西螺服務區,MITAG,3,1000.0,495.33773087758794,0
2025-09-19 02:00:00,中部科學園區,MITAG,3,1000.0,540.6455373167402,0
2025-09-19 02:00:00,興變電所,MITAG,3,1000.0,508.8640436948839,0
2025-09-19 02:00:00,中正變電所,MITAG,3,1000.0,664.5605533533777,0
2025-09-19 02:00:00,成都變電所,MITAG,3,1000.0,640.6492918902401,0
2025-09-19 02:00:00,新豐配電變電所,MITAG,3,1000.0,609.4547738858776,0
2025-09-19 02:00:00,內惟配電變電所,MITAG,3,1000.0,424.57190437233874,0
2025-09-19 02:00:00,永華二次變電所,MITAG,3,1000.0,430.5828442473313,0
2025-09-19 02:00:00,關西二次變電所,MITAG,3,1000.0,617.0609097619729,0
2025-09-19 02:00:00,源海二次變電所,MITAG,3,1000.0,664.5671493883867,0
2025-09-19 02:00:00,四湖配電變電所,MITAG,3,1000.0,464.95501844635885,0
2025-09-19 02:00:00,新高港超高壓變電所,MITAG,3,1000.0,433.2179987991612,0
2025-09-19 02:00:00,九曲配電變電所,MITAG,3,1000.0,429.2993364737185,0
2025-09-19 02:00:00,崙背變電所,MITAG,3,1000.0,483.1426085716177,0
2025-09-19 02:00:00,常德變電所,MITAG,3,1000.0,662.6867982428239,0
2025-09-19 02:00:00,嶺口二次變電所,MITAG,3,1000.0,435.0610441864384,0
2025-09-19 02:00:00,龍明配電變電所,MITAG,3,1000.0,640.2093629378887,0
2025-09-19 02:00:00,新工配電變電所,MITAG,3,1000.0,601.825472243532,0
2025-09-19 08:00:00,榮成變電所,MITAG,3,996.0,646.692794866555,0
2025-09-19 08:00:00,西螺服務區,MITAG,3,996.0,528.8406932806729,0
2025-09-19 08:00:00,中部科學園區,MITAG,3,996.0,567.3316970408922,0
2025-09-19 08:00:00,興變電所,MITAG,3,996.0,552.0543808641128,0
2025-09-19 08:00:00,中正變電所,MITAG,3,996.0,684.4244743837613,0
2025-09-19 08:00:00,成都變電所,MITAG,3,996.0,658.6412053141044,0
2025-09-19 08:00:00,新豐配電變電所,MITAG,3,996.0,625.7291494523355,0
2025-09-19 08:00:00,內惟配電變電所,MITAG,3,996.0,484.41040661991696,0
2025-09-19 08:00:00,永華二次變電所,MITAG,3,996.0,481.6699569404203,0
2025-09-19 08:00:00,關西二次變電所,MITAG,3,996.0,637.3898067860524,0
2025-09-19 08:00:00,源海二次變電所,MITAG,3,996.0,684.4293799217323,0
2025-09-19 08:00:00,四湖配電變電所,MITAG,3,996.0,499.8573614916421,0
2025-09-19 08:00:00,新高港超高壓變電所,MITAG,3,996.0,496.0087885480455,0
2025-09-19 08:00:00,九曲配電變電所,MITAG,3,996.0,480.3128526330653,0
2025-09-19 08:00:00,崙背變電所,MITAG,3,996.0,516.4504383687045,0
2025-09-19 08:00:00,常德變電所,MITAG,3,996.0,681.6665184167755,0
2025-09-19 08:00:00,嶺口二次變電所,MITAG,3,996.0,492.9692146119903,0
2025-09-19 08:00:00,龍明配電變電所,MITAG,3,996.0,658.1618658071986,0
2025-09-19 08:00:00,新工配電變電所,MITAG,3,996.0,619.598622948258,0
2025-09-19 14:00:00,榮成變電所,MITAG,4,992.0,638.8254588954586,0
2025-09-19 14:00:00,西螺服務區,MITAG,4,992.0,531.8055062662856,0
2025-09-19 14:00:00,中部科學園區,MITAG,4,992.0,566.2559699001355,0
2025-09-19 14:00:00,興變電所,MITAG,4,992.0,559.3891154466468,0
2025-09-19 14:00:00,中正變電所,MITAG,4,992.0,678.3779689122625,0
2025-09-19 14:00:00,成都變電所,MITAG,4,992.0,651.9883917190728,0
2025-09-19 14:00:00,新豐配電變電所,MITAG,4,992.0,618.6689696119507,0
2025-09-19 14:00:00,內惟配電變電所,MITAG,4,992.0,501.2870255391709,0
2025-09-19 14:00:00,永華二次變電所,MITAG,4,992.0,494.2662261761383,0
2025-09-19 14:00:00,關西二次變電所,MITAG,4,992.0,632.1516899807754,0
2025-09-19 14:00:00,源海二次變電所,MITAG,4,992.0,678.3819916390744,0
2025-09-19 14:00:00,四湖配電變電所,MITAG,4,992.0,504.0937626854226,0
2025-09-19 14:00:00,新高港超高壓變電所,MITAG,4,992.0,514.1335053415246,0
2025-09-19 14:00:00,九曲配電變電所,MITAG,4,992.0,492.90207564816274,0
2025-09-19 14:00:00,崙背變電所,MITAG,4,992.0,519.5611415909107,0
2025-09-19 14:00:00,常德變電所,MITAG,4,992.0,675.2197907116658,0
2025-09-19 14:00:00,嶺口二次變電所,MITAG,4,992.0,508.71384395357035,0
2025-09-19 14:00:00,龍明配電變電所,MITAG,4,992.0,651.4957763274684,0
2025-09-19 14:00:00,新工配電變電所,MITAG,4,992.0,613.354716547532,0
2025-09-19 20:00:00,榮成變電所,MITAG,3,1000.0,672.7849961122853,0
2025-09-19 20:00:00,西螺服務區,MITAG,3,1000.0,574.9207891800212,0
2025-09-19 20:00:00,中部科學園區,MITAG,3,1000.0,606.1687277547452,0
2025-09-19 20:00:00,興變電所,MITAG,3,1000.0,605.2873334290637,0
2025-09-19 20:00:00,中正變電所,MITAG,3,1000.0,713.6233568457991,0
2025-09-19 20:00:00,成都變電所,MITAG,3,1000.0,686.8861585788298,0
2025-09-19 20:00:00,新豐配電變電所,MITAG,3,1000.0,653.444258671908,0
2025-09-19 20:00:00,內惟配電變電所,MITAG,3,1000.0,553.2001732820382,0
2025-09-19 20:00:00,永華二次變電所,MITAG,3,1000.0,543.835048050813,0
2025-09-19 20:00:00,關西二次變電所,MITAG,3,1000.0,668.3420128410047,0
2025-09-19 20:00:00,源海二次變電所,MITAG,3,1000.0,713.6266238880822,0
2025-09-19 20:00:00,四湖配電變電所,MITAG,3,1000.0,548.3039178195795,0
2025-09-19 20:00:00,新高港超高壓變電所,MITAG,3,1000.0,566.6368833931184,0
2025-09-19 20:00:00,九曲配電變電所,MITAG,3,1000.0,542.4756824160564,0
2025-09-19 20:00:00,崙背變電所,MITAG,3,1000.0,562.8719247345489,0
2025-09-19 20:00:00,常德變電所,MITAG,3,1000.0,710.1502409376382,0
2025-09-19 20:00:00,嶺口二次變電所,MITAG,3,1000.0,559.9748648422743,0
2025-09-19 20:00:00,龍明配電變電所,MITAG,3,1000.0,686.3855193849225,0
2025-09-19 20:00:00,新工配電變電所,MITAG,3,1000.0,648.8450235705552,0
2025-09-20 02:00:00,榮成變電所,MITAG,2,1002.0,723.214622080844,0
2025-09-20 02:00:00,西螺服務區,MITAG,2,1002.0,632.2777589267962,0
2025-09-20 02:00:00,中部科學園區,MITAG,2,1002.0,661.2345083546603,0
2025-09-20 02:00:00,興變電所,MITAG,2,1002.0,664.353904307384,0
2025-09-20 02:00:00,中正變電所,MITAG,2,1002.0,764.8819902237311,0
2025-09-20 02:00:00,成都變電所,MITAG,2,1002.0,737.9769783616789,0
2025-09-20 02:00:00,新豐配電變電所,MITAG,2,1002.0,704.5749494241711,0
2025-09-20 02:00:00,內惟配電變電所,MITAG,2,1002.0,615.8435664038412,0
2025-09-20 02:00:00,永華二次變電所,MITAG,2,1002.0,605.2353195760895,0
2025-09-20 02:00:00,關西二次變電所,MITAG,2,1002.0,720.4775119593651,0
2025-09-20 02:00:00,源海二次變電所,MITAG,2,1002.0,764.8846698923217,0
2025-09-20 02:00:00,四湖配電變電所,MITAG,2,1002.0,606.4626721946258,0
2025-09-20 02:00:00,新高港超高壓變電所,MITAG,2,1002.0,629.5611619203581,0
2025-09-20 02:00:00,九曲配電變電所,MITAG,2,1002.0,603.8814684400945,0
2025-09-20 02:00:00,崙背變電所,MITAG,2,1002.0,620.3984798253074,0
2025-09-20 02:00:00,常德變電所,MITAG,2,1002.0,761.1806849246598,0
2025-09-20 02:00:00,嶺口二次變電所,MITAG,2,1002.0,622.2680790056514,0
2025-09-20 02:00:00,龍明配電變電所,MITAG,2,1002.0,737.472128399807,0
2025-09-20 02:00:00,新工配電變電所,MITAG,2,1002.0,700.5332114478804,0
2025-09-20 08:00:00,榮成變電所,MITAG,2,1004.0,743.1677000124138,0
2025-09-20 08:00:00,西螺服務區,MITAG,2,1004.0,659.4345866300935,0
2025-09-20 08:00:00,中部科學園區,MITAG,2,1004.0,685.8944867320795,0
2025-09-20 08:00:00,興變電所,MITAG,2,1004.0,693.3477262763463,0
2025-09-20 08:00:00,中正變電所,MITAG,2,1004.0,785.4918027076942,0
2025-09-20 08:00:00,成都變電所,MITAG,2,1004.0,758.5055453090415,0
2025-09-20 08:00:00,新豐配電變電所,MITAG,2,1004.0,725.2462036412742,0
2025-09-20 08:00:00,內惟配電變電所,MITAG,2,1004.0,649.6200922824186,0
2025-09-20 08:00:00,永華二次變電所,MITAG,2,1004.0,637.271751699352,0
2025-09-20 08:00:00,關西二次變電所,MITAG,2,1004.0,742.0555157378828,0
2025-09-20 08:00:00,源海二次變電所,MITAG,2,1004.0,785.4939161195225,0
2025-09-20 08:00:00,四湖配電變電所,MITAG,2,1004.0,634.5805531331214,0
2025-09-20 08:00:00,新高港超高壓變電所,MITAG,2,1004.0,663.7479216094974,0
2025-09-20 08:00:00,九曲配電變電所,MITAG,2,1004.0,635.9284233018981,0
2025-09-20 08:00:00,崙背變電所,MITAG,2,1004.0,647.7763842070137,0
2025-09-20 08:00:00,常德變電所,MITAG,2,1004.0,781.5843120044788,0
2025-09-20 08:00:00,嶺口二次變電所,MITAG,2,1004.0,655.5115147937939,0
2025-09-20 08:00:00,龍明配電變電所,MITAG,2,1004.0,757.9982327886756,0
2025-09-20 08:00:00,新工配電變電所,MITAG,2,1004.0,721.7458476757986,0
2025-09-20 14:00:00,榮成變電所,MITAG,2,1004.0,787.3827607909425,0
2025-09-20 14:00:00,西螺服務區,MITAG,2,1004.0,709.0538022886457,0
2025-09-20 14:00:00,中部科學園區,MITAG,2,1004.0,733.7666288860194,0
2025-09-20 14:00:00,興變電所,MITAG,2,1004.0,744.0837422105604,0
2025-09-20 14:00:00,中正變電所,MITAG,2,1004.0,830.1397597654262,0
2025-09-20 14:00:00,成都變電所,MITAG,2,1004.0,803.1430851294158,0
2025-09-20 14:00:00,新豐配電變電所,MITAG,2,1004.0,770.0666433421522,0
2025-09-20 14:00:00,內惟配電變電所,MITAG,2,1004.0,703.0409173891096,0
2025-09-20 14:00:00,永華二次變電所,MITAG,2,1004.0,689.8260637762249,0
2025-09-20 14:00:00,關西二次變電所,MITAG,2,1004.0,787.5426024179518,0
2025-09-20 14:00:00,源海二次變電所,MITAG,2,1004.0,830.1414225612406,0
2025-09-20 14:00:00,四湖配電變電所,MITAG,2,1004.0,684.8581773758654,0
2025-09-20 14:00:00,新高港超高壓變電所,MITAG,2,1004.0,717.3512375121769,0
2025-09-20 14:00:00,九曲配電變電所,MITAG,2,1004.0,688.4897690749812,0
2025-09-20 14:00:00,崙背變電所,MITAG,2,1004.0,697.5593745439467,0
2025-09-20 14:00:00,常德變電所,MITAG,2,1004.0,826.0769364617562,0
2025-09-20 14:00:00,嶺口二次變電所,MITAG,2,1004.0,708.6679864392864,0
2025-09-20 14:00:00,龍明配電變電所,MITAG,2,1004.0,802.6348783135368,0
2025-09-20 14:00:00,新工配電變電所,MITAG,2,1004.0,766.9942415279561,0
2025-09-20 20:00:00,榮成變電所,MITAG,2,1006.0,854.8357947292496,0
2025-09-20 20:00:00,西螺服務區,MITAG,2,1006.0,779.8900967316306,0
2025-09-20 20:00:00,中部科學園區,MITAG,2,1006.0,803.6428805806942,0
2025-09-20 20:00:00,興變電所,MITAG,2,1006.0,815.4224675119996,0
2025-09-20 20:00:00,中正變電所,MITAG,2,1006.0,897.8506864481202,0
2025-09-20 20:00:00,成都變電所,MITAG,2,1006.0,870.8747720573999,0
2025-09-20 20:00:00,新豐配電變電所,MITAG,2,1006.0,837.9612985258109,0
2025-09-20 20:00:00,內惟配電變電所,MITAG,2,1006.0,775.138928355094,0
2025-09-20 20:00:00,永華二次變電所,MITAG,2,1006.0,761.7904685233136,0
2025-09-20 20:00:00,關西二次變電所,MITAG,2,1006.0,855.8718425272133,0
2025-09-20 20:00:00,源海二次變電所,MITAG,2,1006.0,897.8520318866221,0
2025-09-20 20:00:00,四湖配電變電所,MITAG,2,1006.0,756.0171555271108,0
2025-09-20 20:00:00,新高港超高壓變電所,MITAG,2,1006.0,789.4573897167792,0
2025-09-20 20:00:00,九曲配電變電所,MITAG,2,1006.0,760.455920466126,0
2025-09-20 20:00:00,崙背變電所,MITAG,2,1006.0,768.481439300475,0
2025-09-20 20:00:00,常德變電所,MITAG,2,1006.0,893.682925008599,0
2025-09-20 20:00:00,嶺口二次變電所,MITAG,2,1006.0,780.7398745611182,0
2025-09-20 20:00:00,龍明配電變電所,MITAG,2,1006.0,870.3664865407367,0
2025-09-20 20:00:00,新工配電變電所,MITAG,2,1006.0,835.1838545636289,0
2025-09-21 02:00:00,榮成變電所,MITAG,2,1006.0,926.8858349922288,0
2025-09-21 02:00:00,西螺服務區,MITAG,2,1006.0,851.4774709558213,0
2025-09-21 02:00:00,中部科學園區,MITAG,2,1006.0,875.6031050782253,0
2025-09-21 02:00:00,興變電所,MITAG,2,1006.0,886.6269968973454,0
2025-09-21 02:00:00,中正變電所,MITAG,2,1006.0,969.9229413485307,0
2025-09-21 02:00:00,成都變電所,MITAG,2,1006.0,942.9497492538001,0
2025-09-21 02:00:00,新豐配電變電所,MITAG,2,1006.0,910.0491044832534,0
2025-09-21 02:00:00,內惟配電變電所,MITAG,2,1006.0,844.4919077418616,0
2025-09-21 02:00:00,永華二次變電所,MITAG,2,1006.0,831.9294675185894,0
2025-09-21 02:00:00,關西二次變電所,MITAG,2,1006.0,927.9773542223223,0
2025-09-21 02:00:00,源海二次變電所,MITAG,2,1006.0,969.9242601999758,0
2025-09-21 02:00:00,四湖配電變電所,MITAG,2,1006.0,827.3818368328173,0
2025-09-21 02:00:00,新高港超高壓變電所,MITAG,2,1006.0,858.6063020121463,0
2025-09-21 02:00:00,九曲配電變電所,MITAG,2,1006.0,830.5892338703488,0
2025-09-21 02:00:00,崙背變電所,MITAG,2,1006.0,840.0160741763176,0
2025-09-21 02:00:00,常德變電所,MITAG,2,1006.0,965.7460901216564,0
2025-09-21 02:00:00,嶺口二次變電所,MITAG,2,1006.0,850.362236583468,0
2025-09-21 02:00:00,龍明配電變電所,MITAG,2,1006.0,942.4414768150253,0
2025-09-21 02:00:00,新工配電變電所,MITAG,2,1006.0,907.2859738142052,0
2025-09-19 02:00:00,興變電所,RAGASA,3,1000.0,1467.9027499271647,0
2025-09-19 02:00:00,內惟配電變電所,RAGASA,3,1000.0,1464.3398332021595,0
2025-09-19 02:00:00,永華二次變電所,RAGASA,3,1000.0,1488.7717334972149,0
2025-09-19 02:00:00,新高港超高壓變電所,RAGASA,3,1000.0,1448.2138868687125,0
2025-09-19 02:00:00,九曲配電變電所,RAGASA,3,1000.0,1489.9019480343443,0
2025-09-19 02:00:00,嶺口二次變電所,RAGASA,3,1000.0,1462.7893730334608,0
2025-09-19 08:00:00,西螺服務區,RAGASA,3,998.0,1478.472889601065,0
2025-09-19 08:00:00,中部科學園區,RAGASA,3,998.0,1487.619570941369,0
2025-09-19 08:00:00,興變電所,RAGASA,3,998.0,1431.4725550689866,0
2025-09-19 08:00:00,中正變電所,RAGASA,3,998.0,1480.2881236339172,0
2025-09-19 08:00:00,成都變電所,RAGASA,3,998.0,1496.8853954835326,0
2025-09-19 08:00:00,內惟配電變電所,RAGASA,3,998.0,1423.7556697246353,0
2025-09-19 08:00:00,永華二次變電所,RAGASA,3,998.0,1449.2186849051313,0
2025-09-19 08:00:00,關西二次變電所,RAGASA,3,998.0,1491.3446026940949,0
2025-09-19 08:00:00,源海二次變電所,RAGASA,3,998.0,1480.2957370271147,0
2025-09-19 08:00:00,四湖配電變電所,RAGASA,3,998.0,1488.060286707966,0
2025-09-19 08:00:00,新高港超高壓變電所,RAGASA,3,998.0,1407.5178770842526,0
2025-09-19 08:00:00,九曲配電變電所,RAGASA,3,998.0,1450.3190932517743,0
2025-09-19 08:00:00,崙背變電所,RAGASA,3,998.0,1485.1904779060549,0
2025-09-19 08:00:00,常德變電所,RAGASA,3,998.0,1485.685156618337,0
2025-09-19 08:00:00,嶺口二次變電所,RAGASA,3,998.0,1422.6880834735184,0
2025-09-19 08:00:00,龍明配電變電所,RAGASA,3,998.0,1497.2132965877054,0
2025-09-19 14:00:00,榮成變電所,RAGASA,3,994.0,1454.370474587455,0
2025-09-19 14:00:00,西螺服務區,RAGASA,3,994.0,1414.24888777327,0
2025-09-19 14:00:00,中部科學園區,RAGASA,3,994.0,1424.8695757914002,0
2025-09-19 14:00:00,興變電所,RAGASA,3,994.0,1367.0706777599557,0
2025-09-19 14:00:00,中正變電所,RAGASA,3,994.0,1421.485881153694,0
2025-09-19 14:00:00,成都變電所,RAGASA,3,994.0,1437.3770899115036,0
2025-09-19 14:00:00,新豐配電變電所,RAGASA,3,994.0,1453.8046941210516,0
2025-09-19 14:00:00,內惟配電變電所,RAGASA,3,994.0,1356.4815700772835,0
2025-09-19 14:00:00,永華二次變電所,RAGASA,3,994.0,1382.615830741588,0
2025-09-19 14:00:00,關西二次變電所,RAGASA,3,994.0,1431.0362796876418,0
2025-09-19 14:00:00,源海二次變電所,RAGASA,3,994.0,1421.493759605506,0
2025-09-19 14:00:00,四湖配電變電所,RAGASA,3,994.0,1423.0369670220416,0
2025-09-19 14:00:00,新高港超高壓變電所,RAGASA,3,994.0,1340.1826833323644,0
2025-09-19 14:00:00,九曲配電變電所,RAGASA,3,994.0,1383.695140223843,0
2025-09-19 14:00:00,崙背變電所,RAGASA,3,994.0,1420.6738108660522,0
2025-09-19 14:00:00,常德變電所,RAGASA,3,994.0,1426.8490323221783,0
2025-09-19 14:00:00,嶺口二次變電所,RAGASA,3,994.0,1355.737231656874,0
2025-09-19 14:00:00,龍明配電變電所,RAGASA,3,994.0,1437.6922952670309,0
2025-09-19 14:00:00,新工配電變電所,RAGASA,3,994.0,1448.1202157226478,0
2025-09-19 20:00:00,榮成變電所,RAGASA,4,992.0,1409.0575628305974,0
2025-09-19 20:00:00,西螺服務區,RAGASA,4,992.0,1367.4315040127142,0
2025-09-19 20:00:00,中部科學園區,RAGASA,4,992.0,1378.5115078049514,0
2025-09-19 20:00:00,興變電所,RAGASA,4,992.0,1320.2075834056582,0
2025-09-19 20:00:00,中正變電所,RAGASA,4,992.0,1376.524596361151,0
2025-09-19 20:00:00,成都變電所,RAGASA,4,992.0,1392.147101388216,0
2025-09-19 20:00:00,新豐配電變電所,RAGASA,4,992.0,1408.2375474242422,0
2025-09-19 20:00:00,內惟配電變電所,RAGASA,4,992.0,1308.8583125078178,0
2025-09-19 20:00:00,永華二次變電所,RAGASA,4,992.0,1335.1494795913197,0
2025-09-19 20:00:00,關西二次變電所,RAGASA,4,992.0,1385.5157097066572,0
2025-09-19 20:00:00,源海二次變電所,RAGASA,4,992.0,1376.5325728951875,0
2025-09-19 20:00:00,四湖配電變電所,RAGASA,4,992.0,1375.9853187525496,0
2025-09-19 20:00:00,新高港超高壓變電所,RAGASA,4,992.0,1292.54699834676,0
2025-09-19 20:00:00,九曲配電變電所,RAGASA,4,992.0,1336.2234854773037,0
2025-09-19 20:00:00,崙背變電所,RAGASA,4,992.0,1373.7686531756913,0
2025-09-19 20:00:00,常德變電所,RAGASA,4,992.0,1381.8733915261303,0
2025-09-19 20:00:00,嶺口二次變電所,RAGASA,4,992.0,1308.1893231727129,0
2025-09-19 20:00:00,龍明配電變電所,RAGASA,4,992.0,1392.4575268225742,0
2025-09-19 20:00:00,新工配電變電所,RAGASA,4,992.0,1402.4582737454193,0
2025-09-20 02:00:00,榮成變電所,RAGASA,4,990.0,1355.6489136272069,0
2025-09-20 02:00:00,西螺服務區,RAGASA,4,990.0,1313.317556827055,0
2025-09-20 02:00:00,中部科學園區,RAGASA,4,990.0,1324.5667385714191,0
2025-09-20 02:00:00,興變電所,RAGASA,4,990.0,1266.0807141828109,0
2025-09-20 02:00:00,中正變電所,RAGASA,4,990.0,1323.3309865189858,0
2025-09-20 02:00:00,成都變電所,RAGASA,4,990.0,1338.7885303149978,0
2025-09-20 02:00:00,新豐配電變電所,RAGASA,4,990.0,1354.683825946008,0
2025-09-20 02:00:00,內惟配電變電所,RAGASA,4,990.0,1254.6537093844809,0
2025-09-20 02:00:00,永華二次變電所,RAGASA,4,990.0,1280.9295108783401,0
2025-09-20 02:00:00,關西二次變電所,RAGASA,4,990.0,1331.9892650953852,0
2025-09-20 02:00:00,源海二次變電所,RAGASA,4,990.0,1323.3390235436464,0
2025-09-20 02:00:00,四湖配電變電所,RAGASA,4,990.0,1321.8099110602586,0
2025-09-20 02:00:00,新高港超高壓變電所,RAGASA,4,990.0,1238.3446594583377,0
2025-09-20 02:00:00,九曲配電變電所,RAGASA,4,990.0,1282.0036708411906,0
2025-09-20 02:00:00,崙背變電所,RAGASA,4,990.0,1319.6292585713484,0
2025-09-20 02:00:00,常德變電所,RAGASA,4,990.0,1328.670420966942,0
2025-09-20 02:00:00,嶺口二次變電所,RAGASA,4,990.0,1253.9743626839518,0
2025-09-20 02:00:00,龍明配電變電所,RAGASA,4,990.0,1339.0960898374708,0
2025-09-20 02:00:00,新工配電變電所,RAGASA,4,990.0,1348.8527948562953,0
2025-09-20 08:00:00,榮成變電所,RAGASA,4,985.0,1303.630896807891,0
2025-09-20 08:00:00,西螺服務區,RAGASA,4,985.0,1258.754704555597,0
2025-09-20 08:00:00,中部科學園區,RAGASA,4,985.0,1270.8050174843254,0
2025-09-20 08:00:00,興變電所,RAGASA,4,985.0,1211.4463795404165,0
2025-09-20 08:00:00,中正變電所,RAGASA,4,985.0,1271.9030055931682,0
2025-09-20 08:00:00,成都變電所,RAGASA,4,985.0,1286.9139654058292,0
2025-09-20 08:00:00,新豐配電變電所,RAGASA,4,985.0,1302.2468240693083,0
2025-09-20 08:00:00,內惟配電變電所,RAGASA,4,985.0,1198.5911461437368,0
2025-09-20 08:00:00,永華二次變電所,RAGASA,4,985.0,1225.1732996410808,0
2025-09-20 08:00:00,關西二次變電所,RAGASA,4,985.0,1279.6384854157523,0
2025-09-20 08:00:00,源海二次變電所,RAGASA,4,985.0,1271.9111984164115,0
2025-09-20 08:00:00,四湖配電變電所,RAGASA,4,985.0,1266.8239333374206,0
2025-09-20 08:00:00,新高港超高壓變電所,RAGASA,4,985.0,1182.258537443944,0
2025-09-20 08:00:00,九曲配電變電所,RAGASA,4,985.0,1226.2370717832948,0
2025-09-20 08:00:00,崙背變電所,RAGASA,4,985.0,1264.9082490984151,0
2025-09-20 08:00:00,常德變電所,RAGASA,4,985.0,1277.2163986239248,0
2025-09-20 08:00:00,嶺口二次變電所,RAGASA,4,985.0,1198.0617479519503,0
2025-09-20 08:00:00,龍明配電變電所,RAGASA,4,985.0,1287.2135460342533,0
2025-09-20 08:00:00,新工配電變電所,RAGASA,4,985.0,1296.2606120393198,0
2025-09-20 14:00:00,榮成變電所,RAGASA,5,980.0,1228.220511545083,0
2025-09-20 14:00:00,西螺服務區,RAGASA,5,980.0,1181.5538703079549,0
2025-09-20 14:00:00,中部科學園區,RAGASA,5,980.0,1194.1004287407052,0
2025-09-20 14:00:00,興變電所,RAGASA,5,980.0,1134.2100024085664,0
2025-09-20 14:00:00,中正變電所,RAGASA,5,980.0,1196.991739907488,0
2025-09-20 14:00:00,成都變電所,RAGASA,5,980.0,1211.6252534680123,0
2025-09-20 14:00:00,新豐配電變電所,RAGASA,5,980.0,1226.5028950192982,0
2025-09-20 14:00:00,內惟配電變電所,RAGASA,5,980.0,1120.7617894794143,0
2025-09-20 14:00:00,永華二次變電所,RAGASA,5,980.0,1147.4270442368936,0
2025-09-20 14:00:00,關西二次變電所,RAGASA,5,980.0,1203.9679151803148,0
2025-09-20 14:00:00,源海二次變電所,RAGASA,5,980.0,1197.0000621904412,0
2025-09-20 14:00:00,四湖配電變電所,RAGASA,5,980.0,1189.3964257209664,0
2025-09-20 14:00:00,新高港超高壓變電所,RAGASA,5,980.0,1104.4243563523492,0
2025-09-20 14:00:00,九曲配電變電所,RAGASA,5,980.0,1148.4874587005463,0
2025-09-20 14:00:00,崙背變電所,RAGASA,5,980.0,1187.618924637557,0
2025-09-20 14:00:00,常德變電所,RAGASA,5,980.0,1202.2813311383907,0
2025-09-20 14:00:00,嶺口二次變電所,RAGASA,5,980.0,1120.2696164249337,0
2025-09-20 14:00:00,龍明配電變電所,RAGASA,5,980.0,1211.9181999083532,0
2025-09-20 14:00:00,新工配電變電所,RAGASA,5,980.0,1220.397472066631,0
2025-09-20 20:00:00,榮成變電所,RAGASA,5,960.0,1151.4386268106077,0
2025-09-20 20:00:00,西螺服務區,RAGASA,5,960.0,1104.8143152178845,0
2025-09-20 20:00:00,中部科學園區,RAGASA,5,960.0,1117.2040416123696,0
2025-09-20 20:00:00,興變電所,RAGASA,5,960.0,1057.4900993325311,0
2025-09-20 20:00:00,中正變電所,RAGASA,5,960.0,1120.3568446689223,0
2025-09-20 20:00:00,成都變電所,RAGASA,5,960.0,1134.8757806695521,0
2025-09-20 20:00:00,新豐配電變電所,RAGASA,5,960.0,1149.648427894912,0
2025-09-20 20:00:00,內惟配電變電所,RAGASA,5,960.0,1044.9455839111774,0
2025-09-20 20:00:00,永華二次變電所,RAGASA,5,960.0,1071.3273032314232,0
2025-09-20 20:00:00,關西二次變電所,RAGASA,5,960.0,1127.1280819555775,0
2025-09-20 20:00:00,源海二次變電所,RAGASA,5,960.0,1120.36520904163,0
2025-09-20 20:00:00,四湖配電變電所,RAGASA,5,960.0,1112.8175955440086,0
2025-09-20 20:00:00,新高港超高壓變電所,RAGASA,5,960.0,1028.6324530594582,0
2025-09-20 20:00:00,九曲配電變電所,RAGASA,5,960.0,1072.3963895014988,0
2025-09-20 20:00:00,崙背變電所,RAGASA,5,960.0,1110.9324898146192,0
2025-09-20 20:00:00,常德變電所,RAGASA,5,960.0,1125.638294027385,0
2025-09-20 20:00:00,嶺口二次變電所,RAGASA,5,960.0,1044.3058199158675,0
2025-09-20 20:00:00,龍明配電變電所,RAGASA,5,960.0,1135.1669159978567,0
2025-09-20 20:00:00,新工配電變電所,RAGASA,5,960.0,1143.5228732538299,0
2025-09-21 02:00:00,榮成變電所,RAGASA,5,955.0,1054.5191323210784,0
2025-09-21 02:00:00,西螺服務區,RAGASA,5,955.0,1004.7168345347593,0
2025-09-21 02:00:00,中部科學園區,RAGASA,5,955.0,1018.0028384587217,0
2025-09-21 02:00:00,興變電所,RAGASA,5,955.0,957.3327993713959,0
2025-09-21 02:00:00,中正變電所,RAGASA,5,955.0,1024.3399874687173,0
2025-09-21 02:00:00,成都變電所,RAGASA,5,955.0,1038.182231434284,0
2025-09-21 02:00:00,新豐配電變電所,RAGASA,5,955.0,1052.1429319863337,0
2025-09-21 02:00:00,內惟配電變電所,RAGASA,5,955.0,943.6654816208395,0
2025-09-21 02:00:00,永華二次變電所,RAGASA,5,955.0,970.2133165712221,0
2025-09-21 02:00:00,關西二次變電所,RAGASA,5,955.0,1029.7657313052202,0
2025-09-21 02:00:00,源海二次變電所,RAGASA,5,955.0,1024.3485721907466,0
2025-09-21 02:00:00,四湖配電變電所,RAGASA,5,955.0,1012.3035666346062,0
2025-09-21 02:00:00,新高港超高壓變電所,RAGASA,5,955.0,927.3417178137572,0
2025-09-21 02:00:00,九曲配電變電所,RAGASA,5,955.0,971.2759095772223,0
2025-09-21 02:00:00,崙背變電所,RAGASA,5,955.0,1010.6725563543554,0
2025-09-21 02:00:00,常德變電所,RAGASA,5,955.0,1029.574785376085,0
2025-09-21 02:00:00,嶺口二次變電所,RAGASA,5,955.0,943.1007224704705,0
2025-09-21 02:00:00,龍明配電變電所,RAGASA,5,955.0,1038.4614652129007,0
2025-09-21 02:00:00,新工配電變電所,RAGASA,5,955.0,1045.8103184933736,0
2025-09-21 08:00:00,榮成變電所,RAGASA,5,940.0,991.5097208180074,0
2025-09-21 08:00:00,西螺服務區,RAGASA,5,940.0,935.8134909258313,0
2025-09-21 08:00:00,中部科學園區,RAGASA,5,940.0,951.0042844940666,0
2025-09-21 08:00:00,興變電所,RAGASA,5,940.0,888.3344377183452,0
2025-09-21 08:00:00,中正變電所,RAGASA,5,940.0,962.8086180757165,0
2025-09-21 08:00:00,成都變電所,RAGASA,5,940.0,975.5625969581114,0
2025-09-21 08:00:00,新豐配電變電所,RAGASA,5,940.0,988.1717348108976,0
2025-09-21 08:00:00,內惟配電變電所,RAGASA,5,940.0,871.094392196885,0
2025-09-21 08:00:00,永華二次變電所,RAGASA,5,940.0,898.4025159603104,0
2025-09-21 08:00:00,關西二次變電所,RAGASA,5,940.0,966.067900094674,0
2025-09-21 08:00:00,源海二次變電所,RAGASA,5,940.0,962.8175278059902,0
2025-09-21 08:00:00,四湖配電變電所,RAGASA,5,940.0,942.3586224610258,0
2025-09-21 08:00:00,新高港超高壓變電所,RAGASA,5,940.0,854.7181455204977,0
2025-09-21 08:00:00,九曲配電變電所,RAGASA,5,940.0,899.4382493148539,0
2025-09-21 08:00:00,崙背變電所,RAGASA,5,940.0,941.3754335445332,0
2025-09-21 08:00:00,常德變電所,RAGASA,5,940.0,967.9616010261357,0
2025-09-21 08:00:00,嶺口二次變電所,RAGASA,5,940.0,870.9122841645594,0
2025-09-21 08:00:00,龍明配電變電所,RAGASA,5,940.0,975.8223247010513,0
2025-09-21 08:00:00,新工配電變電所,RAGASA,5,940.0,981.4977792532217,0
2025-09-21 14:00:00,榮成變電所,RAGASA,5,925.0,906.1812215154001,0
2025-09-21 14:00:00,西螺服務區,RAGASA,5,925.0,844.8270278359622,0
2025-09-21 14:00:00,中部科學園區,RAGASA,5,925.0,861.7691697750186,0
2025-09-21 14:00:00,興變電所,RAGASA,5,925.0,797.318537758739,0
2025-09-21 14:00:00,中正變電所,RAGASA,5,925.0,879.0882522289462,0
2025-09-21 14:00:00,成都變電所,RAGASA,5,925.0,890.6711925779107,0
2025-09-21 14:00:00,新豐配電變電所,RAGASA,5,925.0,901.8655948235343,0
2025-09-21 14:00:00,內惟配電變電所,RAGASA,5,925.0,777.1586072367951,0
2025-09-21 14:00:00,永華二次變電所,RAGASA,5,925.0,805.0105690651873,0
2025-09-21 14:00:00,關西二次變電所,RAGASA,5,925.0,880.0835356187399,0
2025-09-21 14:00:00,源海二次變電所,RAGASA,5,925.0,879.09748402356,0
2025-09-21 14:00:00,四湖配電變電所,RAGASA,5,925.0,850.449738561727,0
2025-09-21 14:00:00,新高港超高壓變電所,RAGASA,5,925.0,760.753980444572,0
2025-09-21 14:00:00,九曲配電變電所,RAGASA,5,925.0,806.0252050065707,0
2025-09-21 14:00:00,崙背變電所,RAGASA,5,925.0,850.0316214874512,0
2025-09-21 14:00:00,常德變電所,RAGASA,5,925.0,884.1422979600669,0
2025-09-21 14:00:00,嶺口二次變電所,RAGASA,5,925.0,777.2538136085129,0
2025-09-21 14:00:00,龍明配電變電所,RAGASA,5,925.0,890.9100759213919,0
2025-09-21 14:00:00,新工配電變電所,RAGASA,5,925.0,894.8583157054554,0
2025-09-21 20:00:00,榮成變電所,RAGASA,5,915.0,813.50459701082,0
2025-09-21 20:00:00,西螺服務區,RAGASA,5,915.0,746.6667986189415,0
2025-09-21 20:00:00,中部科學園區,RAGASA,5,915.0,765.2431790141775,0
2025-09-21 20:00:00,興變電所,RAGASA,5,915.0,699.1784619890509,0
2025-09-21 20:00:00,中正變電所,RAGASA,5,915.0,788.1557474783706,0
2025-09-21 20:00:00,成都變電所,RAGASA,5,915.0,798.4822136657701,0
2025-09-21 20:00:00,新豐配電變電所,RAGASA,5,915.0,808.195475711797,0
2025-09-21 20:00:00,內惟配電變電所,RAGASA,5,915.0,676.6438080686049,0
2025-09-21 20:00:00,永華二次變電所,RAGASA,5,915.0,704.859136782829,0
2025-09-21 20:00:00,關西二次變電所,RAGASA,5,915.0,786.7873075789701,0
2025-09-21 20:00:00,源海二次變電所,RAGASA,5,915.0,788.1652939921413,0
2025-09-21 20:00:00,四湖配電變電所,RAGASA,5,915.0,751.4659782230318,0
2025-09-21 20:00:00,新高港超高壓變電所,RAGASA,5,915.0,660.2250292037124,0
2025-09-21 20:00:00,九曲配電變電所,RAGASA,5,915.0,705.8581394673396,0
2025-09-21 20:00:00,崙背變電所,RAGASA,5,915.0,751.5440313724084,0
2025-09-21 20:00:00,常德變電所,RAGASA,5,915.0,793.0918912584216,0
2025-09-21 20:00:00,嶺口二次變電所,RAGASA,5,915.0,676.9225149071382,0
2025-09-21 20:00:00,龍明配電變電所,RAGASA,5,915.0,798.6988580286536,0
2025-09-21 20:00:00,新工配電變電所,RAGASA,5,915.0,800.8625145277487,0
2025-09-22 02:00:00,榮成變電所,RAGASA,5,915.0,729.280272116635,0
2025-09-22 02:00:00,西螺服務區,RAGASA,5,915.0,643.6331260796695,0
2025-09-22 02:00:00,中部科學園區,RAGASA,5,915.0,668.6844288019951,0
2025-09-22 02:00:00,興變電所,RAGASA,5,915.0,596.796104369833,0
2025-09-22 02:00:00,中正變電所,RAGASA,5,915.0,709.4664933548008,0
2025-09-22 02:00:00,成都變電所,RAGASA,5,915.0,715.9435711598196,0
2025-09-22 02:00:00,新豐配電變電所,RAGASA,5,915.0,720.9490619241402,0
2025-09-22 02:00:00,內惟配電變電所,RAGASA,5,915.0,560.5028960348502,0
2025-09-22 02:00:00,永華二次變電所,RAGASA,5,915.0,591.4138854248276,0
2025-09-22 02:00:00,關西二次變電所,RAGASA,5,915.0,701.0151690434091,0
2025-09-22 02:00:00,源海二次變電所,RAGASA,5,915.0,709.4767967540386,0
2025-09-22 02:00:00,四湖配電變電所,RAGASA,5,915.0,644.4818745568704,0
2025-09-22 02:00:00,新高港超高壓變電所,RAGASA,5,915.0,544.092321148943,0
2025-09-22 02:00:00,九曲配電變電所,RAGASA,5,915.0,592.2912848814575,0
2025-09-22 02:00:00,崙背變電所,RAGASA,5,915.0,646.9647737354214,0
2025-09-22 02:00:00,常德變電所,RAGASA,5,915.0,713.9857564954881,0
2025-09-22 02:00:00,嶺口二次變電所,RAGASA,5,915.0,562.3565568670839,0
2025-09-22 02:00:00,龍明配電變電所,RAGASA,5,915.0,716.0902925567027,0
2025-09-22 02:00:00,新工配電變電所,RAGASA,5,915.0,712.6674345833619,0
2025-09-22 08:00:00,榮成變電所,RAGASA,5,905.0,665.2718351241547,0
2025-09-22 08:00:00,西螺服務區,RAGASA,5,905.0,559.9337826626103,0
2025-09-22 08:00:00,中部科學園區,RAGASA,5,905.0,592.0753531111142,0
2025-09-22 08:00:00,興變電所,RAGASA,5,905.0,515.1136178608806,0
2025-09-22 08:00:00,中正變電所,RAGASA,5,905.0,652.0975695891726,0
2025-09-22 08:00:00,成都變電所,RAGASA,5,905.0,654.1418993788466,0
2025-09-22 08:00:00,新豐配電變電所,RAGASA,5,905.0,653.7584241794874,0
2025-09-22 08:00:00,內惟配電變電所,RAGASA,5,905.0,462.2989352220961,0
2025-09-22 08:00:00,永華二次變電所,RAGASA,5,905.0,496.0058773756749,0
2025-09-22 08:00:00,關西二次變電所,RAGASA,5,905.0,635.9781180525395,0
2025-09-22 08:00:00,源海二次變電所,RAGASA,5,905.0,652.108428700975,0
2025-09-22 08:00:00,四湖配電變電所,RAGASA,5,905.0,555.9705932854243,0
2025-09-22 08:00:00,新高港超高壓變電所,RAGASA,5,905.0,446.2885572700937,0
2025-09-22 08:00:00,九曲配電變電所,RAGASA,5,905.0,496.7085536129292,0
2025-09-22 08:00:00,崙背變電所,RAGASA,5,905.0,561.3204291399394,0
2025-09-22 08:00:00,常德變電所,RAGASA,5,905.0,656.0360515047506,0
2025-09-22 08:00:00,嶺口二次變電所,RAGASA,5,905.0,466.1711556750899,0
2025-09-22 08:00:00,龍明配電變電所,RAGASA,5,905.0,654.2071054748303,0
2025-09-22 08:00:00,新工配電變電所,RAGASA,5,905.0,644.6060888805197,0
2025-09-22 14:00:00,榮成變電所,RAGASA,5,905.0,620.4250871389698,0
2025-09-22 14:00:00,西螺服務區,RAGASA,5,905.0,494.6904796722505,0
2025-09-22 14:00:00,中部科學園區,RAGASA,5,905.0,534.593132490986,0
2025-09-22 14:00:00,興變電所,RAGASA,5,905.0,454.41570804242235,0
2025-09-22 14:00:00,中正變電所,RAGASA,5,905.0,615.3861203022926,0
2025-09-22 14:00:00,成都變電所,RAGASA,5,905.0,612.2375466863958,0
2025-09-22 14:00:00,新豐配電變電所,RAGASA,5,905.0,605.5413911061828,0
2025-09-22 14:00:00,內惟配電變電所,RAGASA,5,905.0,381.39997912120816,0
2025-09-22 14:00:00,永華二次變電所,RAGASA,5,905.0,417.6085161086433,0
2025-09-22 14:00:00,關西二次變電所,RAGASA,5,905.0,590.9104970878429,0
2025-09-22 14:00:00,源海二次變電所,RAGASA,5,905.0,615.3972368633047,0
2025-09-22 14:00:00,四湖配電變電所,RAGASA,5,905.0,484.5941750148392,0
2025-09-22 14:00:00,新高港超高壓變電所,RAGASA,5,905.0,366.7590903512483,0
2025-09-22 14:00:00,九曲配電變電所,RAGASA,5,905.0,418.03638373561245,0
2025-09-22 14:00:00,崙背變電所,RAGASA,5,905.0,493.5024655540095,0
2025-09-22 14:00:00,常德變電所,RAGASA,5,905.0,618.5208175376897,0
2025-09-22 14:00:00,嶺口二次變電所,RAGASA,5,905.0,388.008616584856,0
2025-09-22 14:00:00,龍明配電變電所,RAGASA,5,905.0,612.2056799119163,0
2025-09-22 14:00:00,新工配電變電所,RAGASA,5,905.0,595.658394927483,0
2025-09-22 20:00:00,榮成變電所,RAGASA,5,905.0,621.0757836266572,0
2025-09-22 20:00:00,西螺服務區,RAGASA,5,905.0,478.0061614858243,0
2025-09-22 20:00:00,中部科學園區,RAGASA,5,905.0,524.9441989931693,0
2025-09-22 20:00:00,興變電所,RAGASA,5,905.0,445.8606603582497,0
2025-09-22 20:00:00,中正變電所,RAGASA,5,905.0,624.9110344602497,0
2025-09-22 20:00:00,成都變電所,RAGASA,5,905.0,616.3915390790365,0
2025-09-22 20:00:00,新豐配電變電所,RAGASA,5,905.0,603.1006867186903,0
2025-09-22 20:00:00,內惟配電變電所,RAGASA,5,905.0,352.774321629787,0
2025-09-22 20:00:00,永華二次變電所,RAGASA,5,905.0,389.2943174457546,0
2025-09-22 20:00:00,關西二次變電所,RAGASA,5,905.0,592.5436010920808,0
2025-09-22 20:00:00,源海二次變電所,RAGASA,5,905.0,624.9219744121713,0
2025-09-22 20:00:00,四湖配電變電所,RAGASA,5,905.0,460.8577039527424,0
2025-09-22 20:00:00,新高港超高壓變電所,RAGASA,5,905.0,341.5042610080447,0
2025-09-22 20:00:00,九曲配電變電所,RAGASA,5,905.0,389.31323461349285,0
2025-09-22 20:00:00,崙背變電所,RAGASA,5,905.0,473.71158844045357,0
2025-09-22 20:00:00,常德變電所,RAGASA,5,905.0,627.078225410244,0
2025-09-22 20:00:00,嶺口二次變電所,RAGASA,5,905.0,362.5638522850732,0
2025-09-22 20:00:00,龍明配電變電所,RAGASA,5,905.0,616.2569066441,0
2025-09-22 20:00:00,新工配電變電所,RAGASA,5,905.0,592.8237178087015,0
2025-09-23 02:00:00,榮成變電所,RAGASA,5,915.0,635.1077037739569,0
2025-09-23 02:00:00,西螺服務區,RAGASA,5,915.0,482.16824905747745,0
2025-09-23 02:00:00,中部科學園區,RAGASA,5,915.0,533.3241717904815,0
2025-09-23 02:00:00,興變電所,RAGASA,5,915.0,460.5579793304072,0
2025-09-23 02:00:00,中正變電所,RAGASA,5,915.0,647.4507301417179,0
2025-09-23 02:00:00,成都變電所,RAGASA,5,915.0,634.0519128272341,0
2025-09-23 02:00:00,新豐配電變電所,RAGASA,5,915.0,614.8230889787586,0
2025-09-23 02:00:00,內惟配電變電所,RAGASA,5,915.0,355.9638986362764,0
2025-09-23 02:00:00,永華二次變電所,RAGASA,5,915.0,388.72630230122525,0
2025-09-23 02:00:00,關西二次變電所,RAGASA,5,915.0,608.7436072005062,0
2025-09-23 02:00:00,源海二次變電所,RAGASA,5,915.0,647.4610734832635,0
2025-09-23 02:00:00,四湖配電變電所,RAGASA,5,915.0,458.92641590974864,0
2025-09-23 02:00:00,新高港超高壓變電所,RAGASA,5,915.0,349.67411508162803,0
2025-09-23 02:00:00,九曲配電變電所,RAGASA,5,915.0,388.3070539786469,0
2025-09-23 02:00:00,崙背變電所,RAGASA,5,915.0,474.97080029795654,0
2025-09-23 02:00:00,常德變電所,RAGASA,5,915.0,648.5979891536738,0
2025-09-23 02:00:00,嶺口二次變電所,RAGASA,5,915.0,367.945060727247,0
2025-09-23 02:00:00,龍明配電變電所,RAGASA,5,915.0,633.8223005952107,0
2025-09-23 02:00:00,新工配電變電所,RAGASA,5,915.0,604.6037219746987,0
2025-09-23 08:00:00,榮成變電所,RAGASA,5,915.0,642.7420216916278,0
2025-09-23 08:00:00,西螺服務區,RAGASA,5,915.0,487.7527544381498,0
2025-09-23 08:00:00,中部科學園區,RAGASA,5,915.0,539.97525873255,0
2025-09-23 08:00:00,興變電所,RAGASA,5,915.0,476.36106331593453,0
2025-09-23 08:00:00,中正變電所,RAGASA,5,915.0,661.9862541970939,0
2025-09-23 08:00:00,成都變電所,RAGASA,5,915.0,644.833281125349,0
2025-09-23 08:00:00,新豐配電變電所,RAGASA,5,915.0,621.1409489181874,0
2025-09-23 08:00:00,內惟配電變電所,RAGASA,5,915.0,370.0741960038683,0
2025-09-23 08:00:00,永華二次變電所,RAGASA,5,915.0,396.62864983311806,0
2025-09-23 08:00:00,關西二次變電所,RAGASA,5,915.0,619.1142241043883,0
2025-09-23 08:00:00,源海二次變電所,RAGASA,5,915.0,661.9957764215877,0
2025-09-23 08:00:00,四湖配電變電所,RAGASA,5,915.0,460.5831375299378,0
2025-09-23 08:00:00,新高港超高壓變電所,RAGASA,5,915.0,368.59114834114627,0
2025-09-23 08:00:00,九曲配電變電所,RAGASA,5,915.0,395.86654187681796,0
2025-09-23 08:00:00,崙背變電所,RAGASA,5,915.0,478.45010861484735,0
2025-09-23 08:00:00,常德變電所,RAGASA,5,915.0,662.2284792663122,0
2025-09-23 08:00:00,嶺口二次變電所,RAGASA,5,915.0,382.762509092692,0
2025-09-23 08:00:00,龍明配電變電所,RAGASA,5,915.0,644.5296478522691,0
2025-09-23 08:00:00,新工配電變電所,RAGASA,5,915.0,611.3262887575664,0
2025-09-23 14:00:00,榮成變電所,RAGASA,5,925.0,662.372300409583,0
2025-09-23 14:00:00,西螺服務區,RAGASA,5,925.0,512.8936454928246,0
2025-09-23 14:00:00,中部科學園區,RAGASA,5,925.0,563.2194104755039,0
2025-09-23 14:00:00,興變電所,RAGASA,5,925.0,514.1767695946291,0
2025-09-23 14:00:00,中正變電所,RAGASA,5,925.0,689.1806202835303,0
2025-09-23 14:00:00,成都變電所,RAGASA,5,925.0,668.1762956493199,0
2025-09-23 14:00:00,新豐配電變電所,RAGASA,5,925.0,640.061814085526,0
2025-09-23 14:00:00,內惟配電變電所,RAGASA,5,925.0,414.8384696260513,0
2025-09-23 14:00:00,永華二次變電所,RAGASA,5,925.0,431.77328364669245,0
2025-09-23 14:00:00,關西二次變電所,RAGASA,5,925.0,643.0035398001658,0
2025-09-23 14:00:00,源海二次變電所,RAGASA,5,925.0,689.1888151942201,0
2025-09-23 14:00:00,四湖配電變電所,RAGASA,5,925.0,482.9707472126643,0
2025-09-23 14:00:00,新高港超高壓變電所,RAGASA,5,925.0,418.73330109033947,0
2025-09-23 14:00:00,九曲配電變電所,RAGASA,5,925.0,430.69208378923673,0
2025-09-23 14:00:00,崙背變電所,RAGASA,5,925.0,501.71981376564986,0
2025-09-23 14:00:00,常德變電所,RAGASA,5,925.0,688.3321867469114,0
2025-09-23 14:00:00,嶺口二次變電所,RAGASA,5,925.0,427.0229958975154,0
2025-09-23 14:00:00,龍明配電變電所,RAGASA,5,925.0,667.7955187218735,0
2025-09-23 14:00:00,新工配電變電所,RAGASA,5,925.0,631.1586179410682,0
2025-09-23 20:00:00,榮成變電所,RAGASA,5,925.0,706.9794466198484,0
2025-09-23 20:00:00,西螺服務區,RAGASA,5,925.0,567.6649093791211,0
2025-09-23 20:00:00,中部科學園區,RAGASA,5,925.0,614.27674169004,0
2025-09-23 20:00:00,興變電所,RAGASA,5,925.0,578.2955007736175,0
2025-09-23 20:00:00,中正變電所,RAGASA,5,925.0,739.0346826741869,0
2025-09-23 20:00:00,成都變電所,RAGASA,5,925.0,715.5819868986132,0
2025-09-23 20:00:00,新豐配電變電所,RAGASA,5,925.0,684.8245388300713,0
2025-09-23 20:00:00,內惟配電變電所,RAGASA,5,925.0,488.9110306631957,0
2025-09-23 20:00:00,永華二次變電所,RAGASA,5,925.0,498.26151335834544,0
2025-09-23 20:00:00,關西二次變電所,RAGASA,5,925.0,691.6359930577003,0
2025-09-23 20:00:00,源海二次變電所,RAGASA,5,925.0,739.0415948294722,0
2025-09-23 20:00:00,四湖配電變電所,RAGASA,5,925.0,537.1922120591325,0
2025-09-23 20:00:00,新高港超高壓變電所,RAGASA,5,925.0,496.1108037686503,0
2025-09-23 20:00:00,九曲配電變電所,RAGASA,5,925.0,497.022653549723,0
2025-09-23 20:00:00,崙背變電所,RAGASA,5,925.0,555.6226202126672,0
2025-09-23 20:00:00,常德變電所,RAGASA,5,925.0,737.3444793441935,0
2025-09-23 20:00:00,嶺口二次變電所,RAGASA,5,925.0,500.04380130034934,0
2025-09-23 20:00:00,龍明配電變電所,RAGASA,5,925.0,715.1512242109205,0
2025-09-23 20:00:00,新工配電變電所,RAGASA,5,925.0,676.9557499458436,0
2025-09-24 02:00:00,榮成變電所,RAGASA,5,930.0,776.3080238219098,0
2025-09-24 02:00:00,西螺服務區,RAGASA,5,930.0,649.8013288193283,0
2025-09-24 02:00:00,中部科學園區,RAGASA,5,930.0,691.8162823859252,0
2025-09-24 02:00:00,興變電所,RAGASA,5,930.0,667.8556823146785,0
2025-09-24 02:00:00,中正變電所,RAGASA,5,930.0,812.3897663275343,0
2025-09-24 02:00:00,成都變電所,RAGASA,5,930.0,787.2453048592273,0
2025-09-24 02:00:00,新豐配電變電所,RAGASA,5,930.0,754.8497351542566,0
2025-09-24 02:00:00,內惟配電變電所,RAGASA,5,930.0,588.8526437363676,0
2025-09-24 02:00:00,永華二次變電所,RAGASA,5,930.0,592.1472883328158,0
2025-09-24 02:00:00,關西二次變電所,RAGASA,5,930.0,764.9732515292276,0
2025-09-24 02:00:00,源海二次變電所,RAGASA,5,930.0,812.3953712177205,0
2025-09-24 02:00:00,四湖配電變電所,RAGASA,5,930.0,619.8981863288899,0
2025-09-24 02:00:00,新高港超高壓變電所,RAGASA,5,930.0,598.2917110773816,0
2025-09-24 02:00:00,九曲配電變電所,RAGASA,5,930.0,590.8288126135427,0
2025-09-24 02:00:00,崙背變電所,RAGASA,5,930.0,637.4265616002009,0
2025-09-24 02:00:00,常德變電所,RAGASA,5,930.0,809.9742562997247,0
2025-09-24 02:00:00,嶺口二次變電所,RAGASA,5,930.0,598.8583390300878,0
2025-09-24 02:00:00,龍明配電變電所,RAGASA,5,930.0,786.7793234487407,0
2025-09-24 02:00:00,新工配電變電所,RAGASA,5,930.0,748.1178031796671,0
2025-09-24 08:00:00,榮成變電所,RAGASA,5,935.0,875.5660275288168,0
2025-09-24 08:00:00,西螺服務區,RAGASA,5,935.0,757.7755822134263,0
2025-09-24 08:00:00,中部科學園區,RAGASA,5,935.0,796.8156841698772,0
2025-09-24 08:00:00,興變電所,RAGASA,5,935.0,779.4389415301754,0
2025-09-24 08:00:00,中正變電所,RAGASA,5,935.0,913.6934343736594,0
2025-09-24 08:00:00,成都變電所,RAGASA,5,935.0,887.7905175687506,0
2025-09-24 08:00:00,新豐配電變電所,RAGASA,5,935.0,854.7735750954984,0
2025-09-24 08:00:00,內惟配電變電所,RAGASA,5,935.0,705.8806728067242,0
2025-09-24 08:00:00,永華二次變電所,RAGASA,5,935.0,706.5017708687482,0
2025-09-24 08:00:00,關西二次變電所,RAGASA,5,935.0,866.7494147379799,0
2025-09-24 08:00:00,源海二次變電所,RAGASA,5,935.0,913.6982037263274,0
2025-09-24 08:00:00,四湖配電變電所,RAGASA,5,935.0,728.528963991214,0
2025-09-24 08:00:00,新高港超高壓變電所,RAGASA,5,935.0,716.1782487324801,0
2025-09-24 08:00:00,九曲配電變電所,RAGASA,5,935.0,705.1600319192522,0
2025-09-24 08:00:00,崙背變電所,RAGASA,5,935.0,745.374079339597,0
2025-09-24 08:00:00,常德變電所,RAGASA,5,935.0,910.867176952576,0
2025-09-24 08:00:00,嶺口二次變電所,RAGASA,5,935.0,715.3297032689095,0
2025-09-24 08:00:00,龍明配電變電所,RAGASA,5,935.0,887.3083515911874,0
2025-09-24 08:00:00,新工配電變電所,RAGASA,5,935.0,848.7974631975819,0
2025-09-24 14:00:00,榮成變電所,RAGASA,5,940.0,951.7857310836202,0
2025-09-24 14:00:00,西螺服務區,RAGASA,5,940.0,843.0214524480924,0
2025-09-24 14:00:00,中部科學園區,RAGASA,5,940.0,878.9717539914,0
2025-09-24 14:00:00,興變電所,RAGASA,5,940.0,868.025830386332,0
2025-09-24 14:00:00,中正變電所,RAGASA,5,940.0,991.5533773074303,0
2025-09-24 14:00:00,成都變電所,RAGASA,5,940.0,965.1168150837611,0
2025-09-24 14:00:00,新豐配電變電所,RAGASA,5,940.0,931.7681811890644,0
2025-09-24 14:00:00,內惟配電變電所,RAGASA,5,940.0,800.4157649680911,0
2025-09-24 14:00:00,永華二次變電所,RAGASA,5,940.0,798.2829071929989,0
2025-09-24 14:00:00,關西二次變電所,RAGASA,5,940.0,945.3759200102738,0
2025-09-24 14:00:00,源海二次變電所,RAGASA,5,940.0,991.5573280205529,0
2025-09-24 14:00:00,四湖配電變電所,RAGASA,5,940.0,814.6150681040284,0
2025-09-24 14:00:00,新高港超高壓變電所,RAGASA,5,940.0,811.5865166061623,0
2025-09-24 14:00:00,九曲配電變電所,RAGASA,5,940.0,796.9259932138386,0
2025-09-24 14:00:00,崙背變電所,RAGASA,5,940.0,830.6876060134972,0
2025-09-24 14:00:00,常德變電所,RAGASA,5,940.0,988.359513882401,0
2025-09-24 14:00:00,嶺口二次變電所,RAGASA,5,940.0,809.2303149806281,0
2025-09-24 14:00:00,龍明配電變電所,RAGASA,5,940.0,964.6229765872664,0
2025-09-24 14:00:00,新工配電變電所,RAGASA,5,940.0,926.5372608054528,0
2025-09-24 20:00:00,榮成變電所,RAGASA,5,965.0,1089.3477498438485,0
2025-09-24 20:00:00,西螺服務區,RAGASA,5,965.0,988.191441585833,0
2025-09-24 20:00:00,中部科學園區,RAGASA,5,965.0,1021.677262022944,0
2025-09-24 20:00:00,興變電所,RAGASA,5,965.0,1015.4485629506971,0
2025-09-24 20:00:00,中正變電所,RAGASA,5,965.0,1130.2761332553907,0
2025-09-24 20:00:00,成都變電所,RAGASA,5,965.0,1103.5295662423096,0
2025-09-24 20:00:00,新豐配電變電所,RAGASA,5,965.0,1070.0867921170068,0
2025-09-24 20:00:00,內惟配電變電所,RAGASA,5,965.0,951.7750361191844,0
2025-09-24 20:00:00,永華二次變電所,RAGASA,5,965.0,948.0141275409501,0
2025-09-24 20:00:00,關西二次變電所,RAGASA,5,965.0,1084.9601019210836,0
2025-09-24 20:00:00,源海二次變電所,RAGASA,5,965.0,1130.2793842824015,0
2025-09-24 20:00:00,四湖配電變電所,RAGASA,5,965.0,960.5102812925023,0
2025-09-24 20:00:00,新高港超高壓變電所,RAGASA,5,965.0,963.4097278810776,0
2025-09-24 20:00:00,九曲配電變電所,RAGASA,5,965.0,946.6519527120255,0
2025-09-24 20:00:00,崙背變電所,RAGASA,5,965.0,975.9616672924338,0
2025-09-24 20:00:00,常德變電所,RAGASA,5,965.0,1126.7919719272704,0
2025-09-24 20:00:00,嶺口二次變電所,RAGASA,5,965.0,960.2045218616544,0
2025-09-24 20:00:00,龍明配電變電所,RAGASA,5,965.0,1103.0286137362339,0
2025-09-24 20:00:00,新工配電變電所,RAGASA,5,965.0,1065.4975971850351,0
2025-09-25 02:00:00,榮成變電所,RAGASA,4,985.0,1201.252115659268,0
2025-09-25 02:00:00,西螺服務區,RAGASA,4,985.0,1105.3970944440832,0
2025-09-25 02:00:00,中部科學園區,RAGASA,4,985.0,1137.1834372044925,0
2025-09-25 02:00:00,興變電所,RAGASA,4,985.0,1134.0980937686725,0
2025-09-25 02:00:00,中正變電所,RAGASA,4,985.0,1242.8527714059524,0
2025-09-25 02:00:00,成都變電所,RAGASA,4,985.0,1215.9661998837278,0
2025-09-25 02:00:00,新豐配電變電所,RAGASA,4,985.0,1182.5521071206638,0
2025-09-25 02:00:00,內惟配電變電所,RAGASA,4,985.0,1073.135250866945,0
2025-09-25 02:00:00,永華二次變電所,RAGASA,4,985.0,1068.2926244005014,0
2025-09-25 02:00:00,關西二次變電所,RAGASA,4,985.0,1198.231913611057,0
2025-09-25 02:00:00,源海二次變電所,RAGASA,4,985.0,1242.8555409292858,0
2025-09-25 02:00:00,四湖配電變電所,RAGASA,4,985.0,1078.2475556059528,0
2025-09-25 02:00:00,新高港超高壓變電所,RAGASA,4,985.0,1085.0735050361443,0
2025-09-25 02:00:00,九曲配電變電所,RAGASA,4,985.0,1066.9287010627972,0
2025-09-25 02:00:00,崙背變電所,RAGASA,4,985.0,1093.2607236471902,0
2025-09-25 02:00:00,常德變電所,RAGASA,4,985.0,1239.1811308853303,0
2025-09-25 02:00:00,嶺口二次變電所,RAGASA,4,985.0,1081.2978047003814,0
2025-09-25 02:00:00,龍明配電變電所,RAGASA,4,985.0,1215.46179690727,0
2025-09-25 02:00:00,新工配電變電所,RAGASA,4,985.0,1178.4040252159425,0
2025-09-25 08:00:00,榮成變電所,RAGASA,3,996.0,1289.0164862221727,0
2025-09-25 08:00:00,西螺服務區,RAGASA,3,996.0,1195.8430521818352,0
2025-09-25 08:00:00,中部科學園區,RAGASA,3,996.0,1226.8036636085953,0
2025-09-25 08:00:00,興變電所,RAGASA,3,996.0,1225.1879985613477,0
2025-09-25 08:00:00,中正變電所,RAGASA,3,996.0,1330.9288873002833,0
2025-09-25 08:00:00,成都變電所,RAGASA,3,996.0,1303.9920665833013,0
2025-09-25 08:00:00,新豐配電變電所,RAGASA,3,996.0,1270.6211967226088,0
2025-09-25 08:00:00,內惟配電變電所,RAGASA,3,996.0,1165.3652161267316,0
2025-09-25 08:00:00,永華二次變電所,RAGASA,3,996.0,1160.1015403481315,0
2025-09-25 08:00:00,關西二次變電所,RAGASA,3,996.0,1286.69869260807,0
2025-09-25 08:00:00,源海二次變電所,RAGASA,3,996.0,1330.9314065156714,0
2025-09-25 08:00:00,四湖配電變電所,RAGASA,3,996.0,1168.9521080895536,0
2025-09-25 08:00:00,新高港超高壓變電所,RAGASA,3,996.0,1177.412411490988,0
2025-09-25 08:00:00,九曲配電變電所,RAGASA,3,996.0,1158.7373015190985,0
2025-09-25 08:00:00,崙背變電所,RAGASA,3,996.0,1183.7565446602218,0
2025-09-25 08:00:00,常德變電所,RAGASA,3,996.0,1327.163487625916,0
2025-09-25 08:00:00,嶺口二次變電所,RAGASA,3,996.0,1173.4254324181697,0
2025-09-25 08:00:00,龍明配電變電所,RAGASA,3,996.0,1303.4863102011134,0
2025-09-25 08:00:00,新工配電變電所,RAGASA,3,996.0,1266.7014890367225,0
2025-09-25 14:00:00,榮成變電所,RAGASA,2,1000.0,1456.0950668219327,0
2025-09-25 14:00:00,西螺服務區,RAGASA,2,1000.0,1367.2888656883986,0
2025-09-25 14:00:00,中部科學園區,RAGASA,2,1000.0,1396.9121139139754,0
2025-09-25 14:00:00,興變電所,RAGASA,2,1000.0,1397.643312034316,0
2025-09-25 14:00:00,中正變電所,RAGASA,2,1000.0,1498.4581541320638,0
2025-09-25 14:00:00,成都變電所,RAGASA,2,1000.0,1471.4716548993672,0
2025-09-25 14:00:00,新豐配電變電所,RAGASA,2,1000.0,1438.2102374090484,0
2025-09-25 14:00:00,內惟配電變電所,RAGASA,2,1000.0,1339.6779703270383,0
2025-09-25 14:00:00,永華二次變電所,RAGASA,2,1000.0,1333.7368172184872,0
2025-09-25 14:00:00,關西二次變電所,RAGASA,2,1000.0,1454.9053050387868,0
2025-09-25 14:00:00,源海二次變電所,RAGASA,2,1000.0,1498.460267027884,0
2025-09-25 14:00:00,四湖配電變電所,RAGASA,2,1000.0,1340.8264704935007,0
2025-09-25 14:00:00,新高港超高壓變電所,RAGASA,2,1000.0,1351.9005358020472,0
2025-09-25 14:00:00,九曲配電變電所,RAGASA,2,1000.0,1332.3725487014838,0
2025-09-25 14:00:00,崙背變電所,RAGASA,2,1000.0,1355.2900745463296,0
2025-09-25 14:00:00,常德變電所,RAGASA,2,1000.0,1494.5459788474295,0
2025-09-25 14:00:00,嶺口二次變電所,RAGASA,2,1000.0,1347.5701791959978,0
2025-09-25 14:00:00,龍明配電變電所,RAGASA,2,1000.0,1470.9643243098728,0
2025-09-25 14:00:00,新工配電變電所,RAGASA,2,1000.0,1434.6600674454414,0
2025-09-25 20:00:00,西螺服務區,RAGASA,2,1004.0,1468.4101532165525,0
2025-09-25 20:00:00,中部科學園區,RAGASA,2,1004.0,1497.352227100477,0
2025-09-25 20:00:00,興變電所,RAGASA,2,1004.0,1499.2642222166955,0
2025-09-25 20:00:00,內惟配電變電所,RAGASA,2,1004.0,1442.2541790060109,0
2025-09-25 20:00:00,永華二次變電所,RAGASA,2,1004.0,1435.96799058118,0
2025-09-25 20:00:00,四湖配電變電所,RAGASA,2,1004.0,1442.1706497420867,0
2025-09-25 20:00:00,新高港超高壓變電所,RAGASA,2,1004.0,1454.5661748683408,0
2025-09-25 20:00:00,九曲配電變電所,RAGASA,2,1004.0,1434.6039307720848,0
2025-09-25 20:00:00,崙背變電所,RAGASA,2,1004.0,1456.4592173674407,0
2025-09-25 20:00:00,嶺口二次變電所,RAGASA,2,1004.0,1450.0591559781706,0
2025-09-25 14:00:00,新高港超高壓變電所,BUALOI,5,975.0,1494.72106234599,0
2025-09-25 20:00:00,西螺服務區,BUALOI,4,980.0,1467.7250081172556,0
2025-09-25 20:00:00,中部科學園區,BUALOI,4,980.0,1498.5421976838113,0
2025-09-25 20:00:00,興變電所,BUALOI,4,980.0,1422.6142090841877,0
2025-09-25 20:00:00,內惟配電變電所,BUALOI,4,980.0,1366.8922833071813,0
2025-09-25 20:00:00,永華二次變電所,BUALOI,4,980.0,1401.7435256617964,0
2025-09-25 20:00:00,四湖配電變電所,BUALOI,4,980.0,1463.5444194200563,0
2025-09-25 20:00:00,新高港超高壓變電所,BUALOI,4,980.0,1351.3083209306585,0
2025-09-25 20:00:00,九曲配電變電所,BUALOI,4,980.0,1402.3567095013964,0
2025-09-25 20:00:00,崙背變電所,BUALOI,4,980.0,1469.1462834652036,0
2025-09-25 20:00:00,嶺口二次變電所,BUALOI,4,980.0,1371.810908858505,0
2025-09-26 02:00:00,榮成變電所,BUALOI,4,985.0,1464.6139541934972,0
2025-09-26 02:00:00,西螺服務區,BUALOI,4,985.0,1354.6511559795945,0
2025-09-26 02:00:00,中部科學園區,BUALOI,4,985.0,1389.878320856591,0
2025-09-26 02:00:00,興變電所,BUALOI,4,985.0,1311.478744294159,0
2025-09-26 02:00:00,中正變電所,BUALOI,4,985.0,1450.290212144073,0
2025-09-26 02:00:00,成都變電所,BUALOI,4,985.0,1453.2474785000034,0
2025-09-26 02:00:00,新豐配電變電所,BUALOI,4,985.0,1453.1430993953138,0
2025-09-26 02:00:00,內惟配電變電所,BUALOI,4,985.0,1245.8242882007912,0
2025-09-26 02:00:00,永華二次變電所,BUALOI,4,985.0,1281.7942140902867,0
2025-09-26 02:00:00,關西二次變電所,BUALOI,4,985.0,1435.3554440485177,0
2025-09-26 02:00:00,源海二次變電所,BUALOI,4,985.0,1450.3009514071414,0
2025-09-26 02:00:00,四湖配電變電所,BUALOI,4,985.0,1347.2226154412583,0
2025-09-26 02:00:00,新高港超高壓變電所,BUALOI,4,985.0,1230.9392905866073,0
2025-09-26 02:00:00,九曲配電變電所,BUALOI,4,985.0,1282.2689109697542,0
2025-09-26 02:00:00,崙背變電所,BUALOI,4,985.0,1354.7250232916927,0
2025-09-26 02:00:00,常德變電所,BUALOI,4,985.0,1454.3914064699381,0
2025-09-26 02:00:00,嶺口二次變電所,BUALOI,4,985.0,1252.0347303232422,0
2025-09-26 02:00:00,龍明配電變電所,BUALOI,4,985.0,1453.323910444707,0
2025-09-26 02:00:00,新工配電變電所,BUALOI,4,985.0,1443.9536876835675,0
2025-09-26 08:00:00,榮成變電所,BUALOI,4,985.0,1426.6319651139981,0
2025-09-26 08:00:00,西螺服務區,BUALOI,4,985.0,1298.2533896461284,0
2025-09-26 08:00:00,中部科學園區,BUALOI,4,985.0,1340.1783377721488,0
2025-09-26 08:00:00,興變電所,BUALOI,4,985.0,1259.8027884936878,0
2025-09-26 08:00:00,中正變電所,BUALOI,4,985.0,1419.9995789246175,0
2025-09-26 08:00:00,成都變電所,BUALOI,4,985.0,1418.0472651141965,0
2025-09-26 08:00:00,新豐配電變電所,BUALOI,4,985.0,1411.8991714102578,0
2025-09-26 08:00:00,內惟配電變電所,BUALOI,4,985.0,1178.4214108057872,0
2025-09-26 08:00:00,永華二次變電所,BUALOI,4,985.0,1215.2668440452098,0
2025-09-26 08:00:00,關西二次變電所,BUALOI,4,985.0,1397.092526648157,0
2025-09-26 08:00:00,源海二次變電所,BUALOI,4,985.0,1420.010662946618,0
2025-09-26 08:00:00,四湖配電變電所,BUALOI,4,985.0,1285.264186138251,0
2025-09-26 08:00:00,新高港超高壓變電所,BUALOI,4,985.0,1165.3323009034966,0
2025-09-26 08:00:00,九曲配電變電所,BUALOI,4,985.0,1215.472927846503,0
2025-09-26 08:00:00,崙背變電所,BUALOI,4,985.0,1295.9385837088982,0
2025-09-26 08:00:00,常德變電所,BUALOI,4,985.0,1423.3755314742812,0
2025-09-26 08:00:00,嶺口二次變電所,BUALOI,4,985.0,1186.7977102998386,0
2025-09-26 08:00:00,龍明配電變電所,BUALOI,4,985.0,1418.0315460876059,0
2025-09-26 08:00:00,新工配電變電所,BUALOI,4,985.0,1402.0156902304059,0
2025-09-26 14:00:00,榮成變電所,BUALOI,4,990.0,1385.6543572022254,0
2025-09-26 14:00:00,西螺服務區,BUALOI,4,990.0,1245.481849025268,0
2025-09-26 14:00:00,中部科學園區,BUALOI,4,990.0,1291.7848216938244,0
2025-09-26 14:00:00,興變電所,BUALOI,4,990.0,1212.0706258953662,0
2025-09-26 14:00:00,中正變電所,BUALOI,4,990.0,1385.4568919158487,0
2025-09-26 14:00:00,成都變電所,BUALOI,4,990.0,1379.5491587976508,0
2025-09-26 14:00:00,新豐配電變電所,BUALOI,4,990.0,1368.6117250039242,0
2025-09-26 14:00:00,內惟配電變電所,BUALOI,4,990.0,1120.1772270716122,0
2025-09-26 14:00:00,永華二次變電所,BUALOI,4,990.0,1156.5486101385334,0
2025-09-26 14:00:00,關西二次變電所,BUALOI,4,990.0,1356.6105832334456,0
2025-09-26 14:00:00,源海二次變電所,BUALOI,4,990.0,1385.4679854292885,0
2025-09-26 14:00:00,四湖配電變電所,BUALOI,4,990.0,1228.247090791669,0
2025-09-26 14:00:00,新高港超高壓變電所,BUALOI,4,990.0,1109.0463699375407,0
2025-09-26 14:00:00,九曲配電變電所,BUALOI,4,990.0,1156.5231186088504,0
2025-09-26 14:00:00,崙背變電所,BUALOI,4,990.0,1241.2521751006655,0
2025-09-26 14:00:00,常德變電所,BUALOI,4,990.0,1388.159639844018,0
2025-09-26 14:00:00,嶺口二次變電所,BUALOI,4,990.0,1130.0903136832262,0
2025-09-26 14:00:00,龍明配電變電所,BUALOI,4,990.0,1379.4586067248533,0
2025-09-26 14:00:00,新工配電變電所,BUALOI,4,990.0,1358.4032938311389,0
2025-09-26 20:00:00,榮成變電所,BUALOI,4,985.0,1380.9052716181636,0
2025-09-26 20:00:00,西螺服務區,BUALOI,4,985.0,1232.7204140040146,0
2025-09-26 20:00:00,中部科學園區,BUALOI,4,985.0,1282.0783079907455,0
2025-09-26 20:00:00,興變電所,BUALOI,4,985.0,1204.8334535425804,0
2025-09-26 20:00:00,中正變電所,BUALOI,4,985.0,1386.6102321951155,0
2025-09-26 20:00:00,成都變電所,BUALOI,4,985.0,1377.1969067894959,0
2025-09-26 20:00:00,新豐配電變電所,BUALOI,4,985.0,1362.0603131341745,0
2025-09-26 20:00:00,內惟配電變電所,BUALOI,4,985.0,1105.480344781618,0
2025-09-26 20:00:00,永華二次變電所,BUALOI,4,985.0,1140.389934131991,0
2025-09-26 20:00:00,關西二次變電所,BUALOI,4,985.0,1352.8841895515727,0
2025-09-26 20:00:00,源海二次變電所,BUALOI,4,985.0,1386.6211221527528,0
2025-09-26 20:00:00,四湖配電變電所,BUALOI,4,985.0,1211.8852223571191,0
2025-09-26 20:00:00,新高港超高壓變電所,BUALOI,4,985.0,1096.5342998250983,0
2025-09-26 20:00:00,九曲配電變電所,BUALOI,4,985.0,1140.144530890311,0
2025-09-26 20:00:00,崙背變電所,BUALOI,4,985.0,1226.7859513627238,0
2025-09-26 20:00:00,常德變電所,BUALOI,4,985.0,1388.646955751435,0
2025-09-26 20:00:00,嶺口二次變電所,BUALOI,4,985.0,1116.5730188899538,0
2025-09-26 20:00:00,龍明配電變電所,BUALOI,4,985.0,1377.039421320104,0
2025-09-26 20:00:00,新工配電變電所,BUALOI,4,985.0,1351.7523233521692,0
2025-09-27 02:00:00,榮成變電所,BUALOI,4,980.0,1396.380441506019,0
2025-09-27 02:00:00,西螺服務區,BUALOI,4,980.0,1243.420228168787,0
2025-09-27 02:00:00,中部科學園區,BUALOI,4,980.0,1294.6688454327286,0
2025-09-27 02:00:00,興變電所,BUALOI,4,980.0,1221.309354429893,0
2025-09-27 02:00:00,中正變電所,BUALOI,4,980.0,1407.4877128181622,0
2025-09-27 02:00:00,成都變電所,BUALOI,4,980.0,1394.970163677888,0
2025-09-27 02:00:00,新豐配電變電所,BUALOI,4,980.0,1376.1654065969317,0
2025-09-27 02:00:00,內惟配電變電所,BUALOI,4,980.0,1117.288326147578,0
2025-09-27 02:00:00,永華二次變電所,BUALOI,4,980.0,1149.9474162741365,0
2025-09-27 02:00:00,關西二次變電所,BUALOI,4,980.0,1369.7869326824862,0
2025-09-27 02:00:00,源海二次變電所,BUALOI,4,980.0,1407.4982363714826,0
2025-09-27 02:00:00,四湖配電變電所,BUALOI,4,980.0,1219.621528483576,0
2025-09-27 02:00:00,新高港超高壓變電所,BUALOI,4,980.0,1110.6311596619973,0
2025-09-27 02:00:00,九曲配電變電所,BUALOI,4,980.0,1149.499765092303,0
2025-09-27 02:00:00,崙背變電所,BUALOI,4,980.0,1236.0001651210212,0
2025-09-27 02:00:00,常德變電所,BUALOI,4,980.0,1408.8731301975995,0
2025-09-27 02:00:00,嶺口二次變電所,BUALOI,4,980.0,1129.2116538384987,0
2025-09-27 02:00:00,龍明配電變電所,BUALOI,4,980.0,1394.75292733101,0
2025-09-27 02:00:00,新工配電變電所,BUALOI,4,980.0,1365.9408723935614,0
2025-09-27 08:00:00,榮成變電所,BUALOI,4,980.0,1374.4762971507303,0
2025-09-27 08:00:00,西螺服務區,BUALOI,4,980.0,1219.414513829581,0
2025-09-27 08:00:00,中部科學園區,BUALOI,4,980.0,1271.6158814946946,0
2025-09-27 08:00:00,興變電所,BUALOI,4,980.0,1204.6246843417903,0
2025-09-27 08:00:00,中正變電所,BUALOI,4,980.0,1391.676117001963,0
2025-09-27 08:00:00,成都變電所,BUALOI,4,980.0,1375.7797897179344,0
2025-09-27 08:00:00,新豐配電變電所,BUALOI,4,980.0,1353.0765714707043,0
2025-09-27 08:00:00,內惟配電變電所,BUALOI,4,980.0,1098.154433812603,0
2025-09-27 08:00:00,永華二次變電所,BUALOI,4,980.0,1127.1828520477334,0
2025-09-27 08:00:00,關西二次變電所,BUALOI,4,980.0,1350.099542464124,0
2025-09-27 08:00:00,源海二次變電所,BUALOI,4,980.0,1391.686001957925,0
2025-09-27 08:00:00,四湖配電變電所,BUALOI,4,980.0,1192.7741341679343,0
2025-09-27 08:00:00,新高港超高壓變電所,BUALOI,4,980.0,1094.382627217157,0
2025-09-27 08:00:00,九曲配電變電所,BUALOI,4,980.0,1126.5122710998842,0
2025-09-27 08:00:00,崙背變電所,BUALOI,4,980.0,1210.450262542049,0
2025-09-27 08:00:00,常德變電所,BUALOI,4,980.0,1392.2718501001207,0
2025-09-27 08:00:00,嶺口二次變電所,BUALOI,4,980.0,1110.6758425952553,0
2025-09-27 08:00:00,龍明配電變電所,BUALOI,4,980.0,1375.4971197567181,0
2025-09-27 08:00:00,新工配電變電所,BUALOI,4,980.0,1343.1641058398354,0
2025-09-27 14:00:00,榮成變電所,BUALOI,5,975.0,1371.028497018545,0
2025-09-27 14:00:00,西螺服務區,BUALOI,5,975.0,1217.803596322546,0
2025-09-27 14:00:00,中部科學園區,BUALOI,5,975.0,1269.5349883493932,0
2025-09-27 14:00:00,興變電所,BUALOI,5,975.0,1211.0211277872634,0
2025-09-27 14:00:00,中正變電所,BUALOI,5,975.0,1394.1316664788555,0
2025-09-27 14:00:00,成都變電所,BUALOI,5,975.0,1375.1113570278053,0
2025-09-27 14:00:00,新豐配電變電所,BUALOI,5,975.0,1348.9005845437596,0
2025-09-27 14:00:00,內惟配電變電所,BUALOI,5,975.0,1105.4971746408805,0
2025-09-27 14:00:00,永華二次變電所,BUALOI,5,975.0,1129.7612640798657,0
2025-09-27 14:00:00,關西二次變電所,BUALOI,5,975.0,1349.5191622460775,0
2025-09-27 14:00:00,源海二次變電所,BUALOI,5,975.0,1394.1406716243446,0
2025-09-27 14:00:00,四湖配電變電所,BUALOI,5,975.0,1188.9968885778899,0
2025-09-27 14:00:00,新高港超高壓變電所,BUALOI,5,975.0,1104.8283245918874,0
2025-09-27 14:00:00,九曲配電變電所,BUALOI,5,975.0,1128.8822347232697,0
2025-09-27 14:00:00,崙背變電所,BUALOI,5,975.0,1207.4956454414178,0
2025-09-27 14:00:00,常德變電所,BUALOI,5,975.0,1393.9005412375275,0
2025-09-27 14:00:00,嶺口二次變電所,BUALOI,5,975.0,1118.1934428137674,0
2025-09-27 14:00:00,龍明配電變電所,BUALOI,5,975.0,1374.767558079022,0
2025-09-27 14:00:00,新工配電變電所,BUALOI,5,975.0,1339.5494613281253,0
2025-09-27 20:00:00,榮成變電所,BUALOI,5,975.0,1381.1765976432516,0
2025-09-27 20:00:00,西螺服務區,BUALOI,5,975.0,1233.6309308146012,0
2025-09-27 20:00:00,中部科學園區,BUALOI,5,975.0,1283.4914990836357,0
2025-09-27 20:00:00,興變電所,BUALOI,5,975.0,1234.783233859887,0
2025-09-27 20:00:00,中正變電所,BUALOI,5,975.0,1409.5146364581728,0
2025-09-27 20:00:00,成都變電所,BUALOI,5,975.0,1387.8777219908934,0
2025-09-27 20:00:00,新豐配電變電所,BUALOI,5,975.0,1358.8468643495087,0
2025-09-27 20:00:00,內惟配電變電所,BUALOI,5,975.0,1133.445844096925,0
2025-09-27 20:00:00,永華二次變電所,BUALOI,5,975.0,1152.328073602546,0
2025-09-27 20:00:00,關西二次變電所,BUALOI,5,975.0,1362.9571435871173,0
2025-09-27 20:00:00,源海二次變電所,BUALOI,5,975.0,1409.5225905116242,0
2025-09-27 20:00:00,四湖配電變電所,BUALOI,5,975.0,1203.5568379633917,0
2025-09-27 20:00:00,新高港超高壓變電所,BUALOI,5,975.0,1135.7614264911278,0
2025-09-27 20:00:00,九曲配電變電所,BUALOI,5,975.0,1151.2769228816749,0
2025-09-27 20:00:00,崙背變電所,BUALOI,5,975.0,1222.3124184071442,0
2025-09-27 20:00:00,常德變電所,BUALOI,5,975.0,1408.4852198978494,0
2025-09-27 20:00:00,嶺口二次變電所,BUALOI,5,975.0,1145.8840716312723,0
2025-09-27 20:00:00,龍明配電變電所,BUALOI,5,975.0,1387.4821222815904,0
2025-09-27 20:00:00,新工配電變電所,BUALOI,5,975.0,1350.2641221561883,0
2025-09-28 02:00:00,榮成變電所,BUALOI,5,975.0,1472.24119135465,0
2025-09-28 02:00:00,西螺服務區,BUALOI,5,975.0,1330.7901232980366,0
2025-09-28 02:00:00,中部科學園區,BUALOI,5,975.0,1378.5955354204668,0
2025-09-28 02:00:00,興變電所,BUALOI,5,975.0,1337.2541772464301,0
2025-09-28 02:00:00,成都變電所,BUALOI,5,975.0,1480.6888652786918,0
2025-09-28 02:00:00,新豐配電變電所,BUALOI,5,975.0,1450.073431970483,0
2025-09-28 02:00:00,內惟配電變電所,BUALOI,5,975.0,1240.3133287265405,0
2025-09-28 02:00:00,永華二次變電所,BUALOI,5,975.0,1255.3610237670791,0
2025-09-28 02:00:00,關西二次變電所,BUALOI,5,975.0,1456.5684882794149,0
2025-09-28 02:00:00,四湖配電變電所,BUALOI,5,975.0,1300.3465007601862,0
2025-09-28 02:00:00,新高港超高壓變電所,BUALOI,5,975.0,1244.5005204548363,0
2025-09-28 02:00:00,九曲配電變電所,BUALOI,5,975.0,1254.2149347308048,0
2025-09-28 02:00:00,崙背變電所,BUALOI,5,975.0,1318.9659745524614,0
2025-09-28 02:00:00,嶺口二次變電所,BUALOI,5,975.0,1252.3695689813435,0
2025-09-28 02:00:00,龍明配電變電所,BUALOI,5,975.0,1480.2622917167264,0
2025-09-28 02:00:00,新工配電變電所,BUALOI,5,975.0,1442.1490375820101,0
2025-09-28 08:00:00,西螺服務區,BUALOI,5,975.0,1417.440895376536,0
2025-09-28 08:00:00,中部科學園區,BUALOI,5,975.0,1463.0573185213277,0
2025-09-28 08:00:00,興變電所,BUALOI,5,975.0,1428.2850000040785,0
2025-09-28 08:00:00,內惟配電變電所,BUALOI,5,975.0,1335.9473284304888,0
2025-09-28 08:00:00,永華二次變電所,BUALOI,5,975.0,1347.6703515757065,0
2025-09-28 08:00:00,四湖配電變電所,BUALOI,5,975.0,1386.9982590360107,0
2025-09-28 08:00:00,新高港超高壓變電所,BUALOI,5,975.0,1341.6360967215805,0
2025-09-28 08:00:00,九曲配電變電所,BUALOI,5,975.0,1346.4576972947577,0
2025-09-28 08:00:00,崙背變電所,BUALOI,5,975.0,1405.3126523518288,0
2025-09-28 08:00:00,嶺口二次變電所,BUALOI,5,975.0,1347.5650883972335,0
2025-09-28 14:00:00,西螺服務區,BUALOI,5,975.0,1478.0869294538304,0
2025-09-28 14:00:00,興變電所,BUALOI,5,975.0,1493.2357593052611,0
2025-09-28 14:00:00,內惟配電變電所,BUALOI,5,975.0,1406.3675211185055,0
2025-09-28 14:00:00,永華二次變電所,BUALOI,5,975.0,1414.6377943030884,0
2025-09-28 14:00:00,四湖配電變電所,BUALOI,5,975.0,1447.9272852316205,0
2025-09-28 14:00:00,新高港超高壓變電所,BUALOI,5,975.0,1413.5177663568834,0
2025-09-28 14:00:00,九曲配電變電所,BUALOI,5,975.0,1413.3699146976392,0
2025-09-28 14:00:00,崙背變電所,BUALOI,5,975.0,1465.7653999194706,0
2025-09-28 14:00:00,嶺口二次變電所,BUALOI,5,975.0,1417.4352370337422,0
2025-09-28 20:00:00,內惟配電變電所,BUALOI,4,980.0,1476.8884981658,0
2025-09-28 20:00:00,永華二次變電所,BUALOI,4,980.0,1482.6905874642632,0
2025-09-28 20:00:00,新高港超高壓變電所,BUALOI,4,980.0,1485.0196192488372,0
2025-09-28 20:00:00,九曲配電變電所,BUALOI,4,980.0,1481.3910981132285,0
2025-09-28 20:00:00,嶺口二次變電所,BUALOI,4,980.0,1487.5098580079846,0
2025-10-01 14:00:00,興變電所,MATMO,2,1004.0,1474.1678793965225,0
2025-10-01 14:00:00,內惟配電變電所,MATMO,2,1004.0,1453.6227167488412,0
2025-10-01 14:00:00,永華二次變電所,MATMO,2,1004.0,1482.1301166685253,0
2025-10-01 14:00:00,新高港超高壓變電所,MATMO,2,1004.0,1437.186668618273,0
2025-10-01 14:00:00,九曲配電變電所,MATMO,2,1004.0,1483.1257494754493,0
2025-10-01 14:00:00,嶺口二次變電所,MATMO,2,1004.0,1454.1143604896713,0
2025-10-01 20:00:00,西螺服務區,MATMO,2,1004.0,1455.8566583468032,0
2025-10-01 20:00:00,中部科學園區,MATMO,2,1004.0,1473.2756132089821,0
2025-10-01 20:00:00,興變電所,MATMO,2,1004.0,1408.3583200401422,0
2025-10-01 20:00:00,中正變電所,MATMO,2,1004.0,1486.5292808874326,0
2025-10-01 20:00:00,成都變電所,MATMO,2,1004.0,1499.4600642084492,0
2025-10-01 20:00:00,內惟配電變電所,MATMO,2,1004.0,1382.7614792224256,0
2025-10-01 20:00:00,永華二次變電所,MATMO,2,1004.0,1412.3356709166492,0
2025-10-01 20:00:00,關西二次變電所,MATMO,2,1004.0,1489.9348763396476,0
2025-10-01 20:00:00,源海二次變電所,MATMO,2,1004.0,1486.5381110920139,0
2025-10-01 20:00:00,四湖配電變電所,MATMO,2,1004.0,1460.5941782957564,0
2025-10-01 20:00:00,新高港超高壓變電所,MATMO,2,1004.0,1366.3159629729107,0
2025-10-01 20:00:00,九曲配電變電所,MATMO,2,1004.0,1413.2864259599842,0
2025-10-01 20:00:00,崙背變電所,MATMO,2,1004.0,1460.7803893879936,0
2025-10-01 20:00:00,常德變電所,MATMO,2,1004.0,1491.7032589732837,0
2025-10-01 20:00:00,嶺口二次變電所,MATMO,2,1004.0,1383.8531526780723,0
2025-10-01 20:00:00,龍明配電變電所,MATMO,2,1004.0,1499.7211007968226,0
2025-10-02 02:00:00,榮成變電所,MATMO,2,1002.0,1439.4439168198294,0
2025-10-02 02:00:00,西螺服務區,MATMO,2,1002.0,1371.2175606756089,0
2025-10-02 02:00:00,中部科學園區,MATMO,2,1002.0,1391.5772713983536,0
2025-10-02 02:00:00,興變電所,MATMO,2,1002.0,1323.8670103012096,0
2025-10-02 02:00:00,中正變電所,MATMO,2,1002.0,1412.7074040330106,0
2025-10-02 02:00:00,成都變電所,MATMO,2,1002.0,1424.0875175958831,0
2025-10-02 02:00:00,新豐配電變電所,MATMO,2,1002.0,1434.6474111574137,0
2025-10-02 02:00:00,內惟配電變電所,MATMO,2,1002.0,1292.1009020950307,0
2025-10-02 02:00:00,永華二次變電所,MATMO,2,1002.0,1322.901068322643,0
2025-10-02 02:00:00,關西二次變電所,MATMO,2,1002.0,1413.0669028931038,0
2025-10-02 02:00:00,源海二次變電所,MATMO,2,1002.0,1412.7166547926115,0
2025-10-02 02:00:00,四湖配電變電所,MATMO,2,1002.0,1374.1702929833914,0
2025-10-02 02:00:00,新高港超高壓變電所,MATMO,2,1002.0,1275.6946923849753,0
2025-10-02 02:00:00,九曲配電變電所,MATMO,2,1002.0,1323.7935891026932,0
2025-10-02 02:00:00,崙背變電所,MATMO,2,1002.0,1375.4563770299972,0
2025-10-02 02:00:00,常德變電所,MATMO,2,1002.0,1417.7539915483092,0
2025-10-02 02:00:00,嶺口二次變電所,MATMO,2,1002.0,1293.9301416198566,0
2025-10-02 02:00:00,龍明配電變電所,MATMO,2,1002.0,1424.3202898528252,0
2025-10-02 02:00:00,新工配電變電所,MATMO,2,1002.0,1427.42954376327,0
2025-10-02 08:00:00,榮成變電所,MATMO,2,1000.0,1344.3997507645504,0
2025-10-02 08:00:00,西螺服務區,MATMO,2,1000.0,1267.1354973547034,0
2025-10-02 08:00:00,中部科學園區,MATMO,2,1000.0,1290.562912661043,0
2025-10-02 08:00:00,興變電所,MATMO,2,1000.0,1220.137483577822,0
2025-10-02 08:00:00,中正變電所,MATMO,2,1000.0,1320.128923358243,0
2025-10-02 08:00:00,成都變電所,MATMO,2,1000.0,1329.7676425144068,0
2025-10-02 08:00:00,新豐配電變電所,MATMO,2,1000.0,1338.143471336553,0
2025-10-02 08:00:00,內惟配電變電所,MATMO,2,1000.0,1181.9293570281452,0
2025-10-02 08:00:00,永華二次變電所,MATMO,2,1000.0,1213.910064526456,0
2025-10-02 08:00:00,關西二次變電所,MATMO,2,1000.0,1317.1741734822172,0
2025-10-02 08:00:00,源海二次變電所,MATMO,2,1000.0,1320.1385881501037,0
2025-10-02 08:00:00,四湖配電變電所,MATMO,2,1000.0,1268.1770352818958,0
2025-10-02 08:00:00,新高港超高壓變電所,MATMO,2,1000.0,1165.6256159792197,0
2025-10-02 08:00:00,九曲配電變電所,MATMO,2,1000.0,1214.737888608022,0
2025-10-02 08:00:00,崙背變電所,MATMO,2,1000.0,1270.6274793992868,0
2025-10-02 08:00:00,常德變電所,MATMO,2,1000.0,1325.0124292545363,0
2025-10-02 08:00:00,嶺口二次變電所,MATMO,2,1000.0,1184.5303834539282,0
2025-10-02 08:00:00,龍明配電變電所,MATMO,2,1000.0,1329.968642757735,0
2025-10-02 08:00:00,新工配電變電所,MATMO,2,1000.0,1330.4487023486881,0
2025-10-02 14:00:00,榮成變電所,MATMO,2,1000.0,1235.6800741133231,0
2025-10-02 14:00:00,西螺服務區,MATMO,2,1000.0,1149.5889098285534,0
2025-10-02 14:00:00,中部科學園區,MATMO,2,1000.0,1176.010546423962,0
2025-10-02 14:00:00,興變電所,MATMO,2,1000.0,1103.1483972099752,0
2025-10-02 14:00:00,中正變電所,MATMO,2,1000.0,1214.0652720815258,0
2025-10-02 14:00:00,成都變電所,MATMO,2,1000.0,1221.861718026116,0
2025-10-02 14:00:00,新豐配電變電所,MATMO,2,1000.0,1227.9616690182015,0
2025-10-02 14:00:00,內惟配電變電所,MATMO,2,1000.0,1058.6507225807354,0
2025-10-02 14:00:00,永華二次變電所,MATMO,2,1000.0,1091.6789800861627,0
2025-10-02 14:00:00,關西二次變電所,MATMO,2,1000.0,1207.716906873815,0
2025-10-02 14:00:00,源海二次變電所,MATMO,2,1000.0,1214.0753132315226,0
2025-10-02 14:00:00,四湖配電變電所,MATMO,2,1000.0,1148.71576870821,0
2025-10-02 14:00:00,新高港超高壓變電所,MATMO,2,1000.0,1042.5093384990416,0
2025-10-02 14:00:00,九曲配電變電所,MATMO,2,1000.0,1092.4398790043304,0
2025-10-02 14:00:00,崙背變電所,MATMO,2,1000.0,1152.3184035250454,0
2025-10-02 14:00:00,常德變電所,MATMO,2,1000.0,1218.7549235585282,0
2025-10-02 14:00:00,嶺口二次變電所,MATMO,2,1000.0,1062.0048013370458,0
2025-10-02 14:00:00,龍明配電變電所,MATMO,2,1000.0,1222.0290934089983,0
2025-10-02 14:00:00,新工配電變電所,MATMO,2,1000.0,1219.8160832420774,0
2025-10-02 20:00:00,榮成變電所,MATMO,3,998.0,1122.125149670248,0
2025-10-02 20:00:00,西螺服務區,MATMO,3,998.0,1022.7454942053921,0
2025-10-02 20:00:00,中部科學園區,MATMO,3,998.0,1053.7901943555535,0
2025-10-02 20:00:00,興變電所,MATMO,3,998.0,977.657864477819,0
2025-10-02 20:00:00,中正變電所,MATMO,3,998.0,1104.8498560512435,0
2025-10-02 20:00:00,成都變電所,MATMO,3,998.0,1109.7089471412119,0
2025-10-02 20:00:00,新豐配電變電所,MATMO,3,998.0,1112.1957461218626,0
2025-10-02 20:00:00,內惟配電變電所,MATMO,3,998.0,922.9779814348536,0
2025-10-02 20:00:00,永華二次變電所,MATMO,3,998.0,957.5193015730144,0
2025-10-02 20:00:00,關西二次變電所,MATMO,3,998.0,1093.2829022197611,0
2025-10-02 20:00:00,源海二次變電所,MATMO,3,998.0,1104.8603731297883,0
2025-10-02 20:00:00,四湖配電變電所,MATMO,3,998.0,1018.7252856320093,0
2025-10-02 20:00:00,新高港超高壓變電所,MATMO,3,998.0,907.2585768551227,0
2025-10-02 20:00:00,九曲配電變電所,MATMO,3,998.0,958.1599962805601,0
2025-10-02 20:00:00,崙背變電所,MATMO,3,998.0,1024.198903903554,0
2025-10-02 20:00:00,常德變電所,MATMO,3,998.0,1109.1904893203878,0
2025-10-02 20:00:00,嶺口二次變電所,MATMO,3,998.0,927.5975597290633,0
2025-10-02 20:00:00,龍明配電變電所,MATMO,3,998.0,1109.8223428992635,0
2025-10-02 20:00:00,新工配電變電所,MATMO,3,998.0,1103.4192988994905,0
2025-10-03 02:00:00,榮成變電所,MATMO,3,992.0,1047.345442998357,0
2025-10-03 02:00:00,西螺服務區,MATMO,3,992.0,933.7227887572475,0
2025-10-03 02:00:00,中部科學園區,MATMO,3,992.0,969.8818051608541,0
2025-10-03 02:00:00,興變電所,MATMO,3,992.0,891.0062115582438,0
2025-10-03 02:00:00,中正變電所,MATMO,3,992.0,1035.27818457458,0
2025-10-03 02:00:00,成都變電所,MATMO,3,992.0,1036.7180578397085,0
2025-10-03 02:00:00,新豐配電變電所,MATMO,3,992.0,1035.0119643343132,0
2025-10-03 02:00:00,內惟配電變電所,MATMO,3,992.0,824.4190384457396,0
2025-10-03 02:00:00,永華二次變電所,MATMO,3,992.0,860.3605513247795,0
2025-10-03 02:00:00,關西二次變電所,MATMO,3,992.0,1017.9176069882802,0
2025-10-03 02:00:00,源海二次變電所,MATMO,3,992.0,1035.289077860144,0
2025-10-03 02:00:00,四湖配電變電所,MATMO,3,992.0,925.8932251022181,0
2025-10-03 02:00:00,新高港超高壓變電所,MATMO,3,992.0,809.5075503116939,0
2025-10-03 02:00:00,九曲配電變電所,MATMO,3,992.0,860.8379688189976,0
2025-10-03 02:00:00,崙背變電所,MATMO,3,992.0,933.5927544915987,0
2025-10-03 02:00:00,常德變電所,MATMO,3,992.0,1039.1559011220804,0
2025-10-03 02:00:00,嶺口二次變電所,MATMO,3,992.0,830.5969910217665,0
2025-10-03 02:00:00,龍明配電變電所,MATMO,3,992.0,1036.7680083985479,0
2025-10-03 02:00:00,新工配電變電所,MATMO,3,992.0,1025.6312920075152,0
2025-10-03 08:00:00,榮成變電所,MATMO,4,990.0,924.5574924003532,0
2025-10-03 08:00:00,西螺服務區,MATMO,4,990.0,798.9066142585148,0
2025-10-03 08:00:00,中部科學園區,MATMO,4,990.0,839.4077152671546,0
2025-10-03 08:00:00,興變電所,MATMO,4,990.0,759.1824136769018,0
2025-10-03 08:00:00,中正變電所,MATMO,4,990.0,917.8207420790509,0
2025-10-03 08:00:00,成都變電所,MATMO,4,990.0,915.8488830893433,0
2025-10-03 08:00:00,新豐配電變電所,MATMO,4,990.0,910.0630126360705,0
2025-10-03 08:00:00,內惟配電變電所,MATMO,4,990.0,682.3292419550294,0
2025-10-03 08:00:00,永華二次變電所,MATMO,4,990.0,719.0033049885969,0
2025-10-03 08:00:00,關西二次變電所,MATMO,4,990.0,895.0074657689005,0
2025-10-03 08:00:00,源海二次變電所,MATMO,4,990.0,917.83183120484,0
2025-10-03 08:00:00,四湖配電變電所,MATMO,4,990.0,787.5979101820498,0
2025-10-03 08:00:00,新高港超高壓變電所,MATMO,4,990.0,668.4393063161378,0
2025-10-03 08:00:00,九曲配電變電所,MATMO,4,990.0,719.3207891898242,0
2025-10-03 08:00:00,崙背變電所,MATMO,4,990.0,797.2772424783302,0
2025-10-03 08:00:00,常德變電所,MATMO,4,990.0,921.174543228581,0
2025-10-03 08:00:00,嶺口二次變電所,MATMO,4,990.0,689.8737834055067,0
2025-10-03 08:00:00,龍明配電變電所,MATMO,4,990.0,915.8355169202007,0
2025-10-03 08:00:00,新工配電變電所,MATMO,4,990.0,900.2344328930941,0
2025-10-03 14:00:00,榮成變電所,MATMO,4,990.0,895.9775002154109,0
2025-10-03 14:00:00,西螺服務區,MATMO,4,990.0,757.3275603552993,0
2025-10-03 14:00:00,中部科學園區,MATMO,4,990.0,802.7973578388539,0
2025-10-03 14:00:00,興變電所,MATMO,4,990.0,722.8421932836368,0
2025-10-03 14:00:00,中正變電所,MATMO,4,990.0,895.8777207822566,0
2025-10-03 14:00:00,成都變電所,MATMO,4,990.0,889.8197697750427,0
2025-10-03 14:00:00,新豐配電變電所,MATMO,4,990.0,879.0723295385613,0
2025-10-03 14:00:00,內惟配電變電所,MATMO,4,990.0,633.3227989288845,0
2025-10-03 14:00:00,永華二次變電所,MATMO,4,990.0,669.9950935190984,0
2025-10-03 14:00:00,關西二次變電所,MATMO,4,990.0,866.9040728179621,0
2025-10-03 14:00:00,源海二次變電所,MATMO,4,990.0,895.8888053119354,0
2025-10-03 14:00:00,四湖配電變電所,MATMO,4,990.0,741.3111721377844,0
2025-10-03 14:00:00,新高港超高壓變電所,MATMO,4,990.0,621.4924015683275,0
2025-10-03 14:00:00,九曲配電變電所,MATMO,4,990.0,670.0567609117589,0
2025-10-03 14:00:00,崙背變電所,MATMO,4,990.0,753.6117391735645,0
2025-10-03 14:00:00,常德變電所,MATMO,4,990.0,898.5327543223765,0
2025-10-03 14:00:00,嶺口二次變電所,MATMO,4,990.0,642.7427039048596,0
2025-10-03 14:00:00,龍明配電變電所,MATMO,4,990.0,889.729052520956,0
2025-10-03 14:00:00,新工配電變電所,MATMO,4,990.0,868.883145001333,0
2025-10-03 20:00:00,榮成變電所,MATMO,4,990.0,872.052056835475,0
2025-10-03 20:00:00,西螺服務區,MATMO,4,990.0,721.7730828818039,0
2025-10-03 20:00:00,中部科學園區,MATMO,4,990.0,771.860878547048,0
2025-10-03 20:00:00,興變電所,MATMO,4,990.0,696.036508327541,0
2025-10-03 20:00:00,中正變電所,MATMO,4,990.0,880.5586295147884,0
2025-10-03 20:00:00,成都變電所,MATMO,4,990.0,869.4266932731235,0
2025-10-03 20:00:00,新豐配電變電所,MATMO,4,990.0,852.5880086043949,0
2025-10-03 20:00:00,內惟配電變電所,MATMO,4,990.0,594.5708717904462,0
2025-10-03 20:00:00,永華二次變電所,MATMO,4,990.0,628.9243512738192,0
2025-10-03 20:00:00,關西二次變電所,MATMO,4,990.0,844.6344679262048,0
2025-10-03 20:00:00,源海二次變電所,MATMO,4,990.0,880.5693241667557,0
2025-10-03 20:00:00,四湖配電變電所,MATMO,4,990.0,700.1385608442794,0
2025-10-03 20:00:00,新高港超高壓變電所,MATMO,4,990.0,586.4093883284344,0
2025-10-03 20:00:00,九曲配電變電所,MATMO,4,990.0,628.6278206901894,0
2025-10-03 20:00:00,崙背變電所,MATMO,4,990.0,715.4125975867357,0
2025-10-03 20:00:00,常德變電所,MATMO,4,990.0,882.2209828131735,0
2025-10-03 20:00:00,嶺口二次變電所,MATMO,4,990.0,605.9696539777813,0
2025-10-03 20:00:00,龍明配電變電所,MATMO,4,990.0,869.2387283298667,0
2025-10-03 20:00:00,新工配電變電所,MATMO,4,990.0,842.2932897487502,0
2025-10-04 02:00:00,榮成變電所,MATMO,4,990.0,900.4304531192512,0
2025-10-04 02:00:00,西螺服務區,MATMO,4,990.0,745.8596062252958,0
2025-10-04 02:00:00,中部科學園區,MATMO,4,990.0,797.7865859424661,0
2025-10-04 02:00:00,興變電所,MATMO,4,990.0,728.0454819775084,0
2025-10-04 02:00:00,中正變電所,MATMO,4,990.0,915.3220491525539,0
2025-10-04 02:00:00,成都變電所,MATMO,4,990.0,900.6081424748435,0
2025-10-04 02:00:00,新豐配電變電所,MATMO,4,990.0,879.5063283776665,0
2025-10-04 02:00:00,內惟配電變電所,MATMO,4,990.0,622.0620573527567,0
2025-10-04 02:00:00,永華二次變電所,MATMO,4,990.0,652.708297780432,0
2025-10-04 02:00:00,關西二次變電所,MATMO,4,990.0,875.0559158399002,0
2025-10-04 02:00:00,源海二次變電所,MATMO,4,990.0,915.3321697596003,0
2025-10-04 02:00:00,四湖配電變電所,MATMO,4,990.0,720.5627782155502,0
2025-10-04 02:00:00,新高港超高壓變電所,MATMO,4,990.0,617.2820385872581,0
2025-10-04 02:00:00,九曲配電變電所,MATMO,4,990.0,652.136227848394,0
2025-10-04 02:00:00,崙背變電所,MATMO,4,990.0,737.6254126218245,0
2025-10-04 02:00:00,常德變電所,MATMO,4,990.0,916.1869569359262,0
2025-10-04 02:00:00,嶺口二次變電所,MATMO,4,990.0,634.4120697582013,0
2025-10-04 02:00:00,龍明配電變電所,MATMO,4,990.0,900.3504008491599,0
2025-10-04 02:00:00,新工配電變電所,MATMO,4,990.0,869.4227094629501,0
2025-10-04 08:00:00,榮成變電所,MATMO,4,990.0,914.8789182853325,0
2025-10-04 08:00:00,西螺服務區,MATMO,4,990.0,761.3381353908991,0
2025-10-04 08:00:00,中部科學園區,MATMO,4,990.0,813.1458681971875,0
2025-10-04 08:00:00,興變電所,MATMO,4,990.0,754.6497755039105,0
2025-10-04 08:00:00,中正變電所,MATMO,4,990.0,937.5909156280201,0
2025-10-04 08:00:00,成都變電所,MATMO,4,990.0,918.7095894765331,0
2025-10-04 08:00:00,新豐配電變電所,MATMO,4,990.0,892.8094194076294,0
2025-10-04 08:00:00,內惟配電變電所,MATMO,4,990.0,649.4297414821541,0
2025-10-04 08:00:00,永華二次變電所,MATMO,4,990.0,673.244755200311,0
2025-10-04 08:00:00,關西二次變電所,MATMO,4,990.0,893.0921238072173,0
2025-10-04 08:00:00,源海二次變電所,MATMO,4,990.0,937.5999451386798,0
2025-10-04 08:00:00,四湖配電變電所,MATMO,4,990.0,732.6577074646833,0
2025-10-04 08:00:00,新高港超高壓變電所,MATMO,4,990.0,649.2602379139805,0
2025-10-04 08:00:00,九曲配電變電所,MATMO,4,990.0,672.358456647867,0
2025-10-04 08:00:00,崙背變電所,MATMO,4,990.0,751.1103208268653,0
2025-10-04 08:00:00,常德變電所,MATMO,4,990.0,937.3855686363529,0
2025-10-04 08:00:00,嶺口二次變電所,MATMO,4,990.0,662.1152126097682,0
2025-10-04 08:00:00,龍明配電變電所,MATMO,4,990.0,918.369869168303,0
2025-10-04 08:00:00,新工配電變電所,MATMO,4,990.0,883.3808391350642,0
2025-10-04 14:00:00,榮成變電所,MATMO,4,985.0,966.9963390735069,0
2025-10-04 14:00:00,西螺服務區,MATMO,4,985.0,818.503104301745,0
2025-10-04 14:00:00,中部科學園區,MATMO,4,985.0,868.601972221093,0
2025-10-04 14:00:00,興變電所,MATMO,4,985.0,819.5028404563275,0
2025-10-04 14:00:00,中正變電所,MATMO,4,985.0,994.6134122118384,0
2025-10-04 14:00:00,成都變電所,MATMO,4,985.0,973.2827618596643,0
2025-10-04 14:00:00,新豐配電變電所,MATMO,4,985.0,944.6654259065058,0
2025-10-04 14:00:00,內惟配電變電所,MATMO,4,985.0,718.6629581434246,0
2025-10-04 14:00:00,永華二次變電所,MATMO,4,985.0,737.0513178277597,0
2025-10-04 14:00:00,關西二次變電所,MATMO,4,985.0,948.2359643496862,0
2025-10-04 14:00:00,源海二次變電所,MATMO,4,985.0,994.6214902685958,0
2025-10-04 14:00:00,四湖配電變電所,MATMO,4,985.0,788.5031817510322,0
2025-10-04 14:00:00,新高港超高壓變電所,MATMO,4,985.0,721.4316028962143,0
2025-10-04 14:00:00,九曲配電變電所,MATMO,4,985.0,735.9938800661753,0
2025-10-04 14:00:00,崙背變電所,MATMO,4,985.0,807.2578684541654,0
2025-10-04 14:00:00,常德變電所,MATMO,4,985.0,993.6750761113346,0
2025-10-04 14:00:00,嶺口二次變電所,MATMO,4,985.0,731.0392118527482,0
2025-10-04 14:00:00,龍明配電變電所,MATMO,4,985.0,972.8941067296535,0
2025-10-04 14:00:00,新工配電變電所,MATMO,4,985.0,935.9337929690438,0
2025-10-04 20:00:00,榮成變電所,MATMO,4,980.0,988.8578594754192,0
2025-10-04 20:00:00,西螺服務區,MATMO,4,980.0,847.7768961626812,0
2025-10-04 20:00:00,中部科學園區,MATMO,4,980.0,895.2765897550917,0
2025-10-04 20:00:00,興變電所,MATMO,4,980.0,855.6100498798004,0
2025-10-04 20:00:00,中正變電所,MATMO,4,980.0,1020.4550792303188,0
2025-10-04 20:00:00,成都變電所,MATMO,4,980.0,997.252227117452,0
2025-10-04 20:00:00,新豐配電變電所,MATMO,4,980.0,966.6752513762711,0
2025-10-04 20:00:00,內惟配電變電所,MATMO,4,980.0,761.095527252887,0
2025-10-04 20:00:00,永華二次變電所,MATMO,4,980.0,774.2098746637836,0
2025-10-04 20:00:00,關西二次變電所,MATMO,4,980.0,973.1404329390974,0
2025-10-04 20:00:00,源海二次變電所,MATMO,4,980.0,1020.4621703589349,0
2025-10-04 20:00:00,四湖配電變電所,MATMO,4,980.0,817.3109583838361,0
2025-10-04 20:00:00,新高港超高壓變電所,MATMO,4,980.0,766.3802385983973,0
2025-10-04 20:00:00,九曲配電變電所,MATMO,4,980.0,773.0298116759826,0
2025-10-04 20:00:00,崙背變電所,MATMO,4,980.0,835.8855626521861,0
2025-10-04 20:00:00,常德變電所,MATMO,4,980.0,1018.868132445468,0
2025-10-04 20:00:00,嶺口二次變電所,MATMO,4,980.0,772.8702493997639,0
2025-10-04 20:00:00,龍明配電變電所,MATMO,4,980.0,996.8258171300789,0
2025-10-04 20:00:00,新工配電變電所,MATMO,4,980.0,958.7240718977864,0
2025-10-05 02:00:00,榮成變電所,MATMO,5,980.0,1044.7613436067277,0
2025-10-05 02:00:00,西螺服務區,MATMO,5,980.0,916.5833113666195,0
2025-10-05 02:00:00,中部科學園區,MATMO,5,980.0,959.550866023893,0
2025-10-05 02:00:00,興變電所,MATMO,5,980.0,932.4985186592882,0
2025-10-05 02:00:00,中正變電所,MATMO,5,980.0,1080.705769409294,0
2025-10-05 02:00:00,成都變電所,MATMO,5,980.0,1055.6395438174325,0
2025-10-05 02:00:00,新豐配電變電所,MATMO,5,980.0,1023.2867176070981,0
2025-10-05 02:00:00,內惟配電變電所,MATMO,5,980.0,848.242264138987,0
2025-10-05 02:00:00,永華二次變電所,MATMO,5,980.0,854.7607029065356,0
2025-10-05 02:00:00,關西二次變電所,MATMO,5,980.0,1033.2576889504535,0
2025-10-05 02:00:00,源海二次變電所,MATMO,5,980.0,1080.711463552736,0
2025-10-05 02:00:00,四湖配電變電所,MATMO,5,980.0,886.4640957811141,0
2025-10-05 02:00:00,新高港超高壓變電所,MATMO,5,980.0,856.273849464243,0
2025-10-05 02:00:00,九曲配電變電所,MATMO,5,980.0,853.473770922442,0
2025-10-05 02:00:00,崙背變電所,MATMO,5,980.0,904.2512750822812,0
2025-10-05 02:00:00,常德變電所,MATMO,5,980.0,1078.332486893586,0
2025-10-05 02:00:00,嶺口二次變電所,MATMO,5,980.0,858.9482524855996,0
2025-10-05 02:00:00,龍明配電變電所,MATMO,5,980.0,1055.174863671035,0
2025-10-05 02:00:00,新工配電變電所,MATMO,5,980.0,1016.51478011575,0
2025-10-05 08:00:00,榮成變電所,MATMO,5,975.0,1120.223096184505,0
2025-10-05 08:00:00,西螺服務區,MATMO,5,975.0,1002.338542545323,0
2025-10-05 08:00:00,中部科學園區,MATMO,5,975.0,1041.7455028877243,0
2025-10-05 08:00:00,興變電所,MATMO,5,975.0,1023.0294163727984,0
2025-10-05 08:00:00,中正變電所,MATMO,5,975.0,1158.5595770959233,0
2025-10-05 08:00:00,成都變電所,MATMO,5,975.0,1132.5957538118237,0
2025-10-05 08:00:00,新豐配電變電所,MATMO,5,975.0,1099.5275604363253,0
2025-10-05 08:00:00,內惟配電變電所,MATMO,5,975.0,946.21101847413,0
2025-10-05 08:00:00,永華二次變電所,MATMO,5,975.0,948.7294524306708,0
2025-10-05 08:00:00,關西二次變電所,MATMO,5,975.0,1111.6640636939387,0
2025-10-05 08:00:00,源海二次變電所,MATMO,5,975.0,1158.564274773981,0
2025-10-05 08:00:00,四湖配電變電所,MATMO,5,975.0,972.9421150939338,0
2025-10-05 08:00:00,新高港超高壓變電所,MATMO,5,975.0,955.7177212175928,0
2025-10-05 08:00:00,九曲配電變電所,MATMO,5,975.0,947.4001319105957,0
2025-10-05 08:00:00,崙背變電所,MATMO,5,975.0,989.9343610061352,0
2025-10-05 08:00:00,常德變電所,MATMO,5,975.0,1155.697373619695,0
2025-10-05 08:00:00,嶺口二次變電所,MATMO,5,975.0,956.123676779306,0
2025-10-05 08:00:00,龍明配電變電所,MATMO,5,975.0,1132.112135968092,0
2025-10-05 08:00:00,新工配電變電所,MATMO,5,975.0,1093.6331043997318,0
2025-10-05 14:00:00,榮成變電所,MATMO,5,975.0,1186.587307484588,0
2025-10-05 14:00:00,西螺服務區,MATMO,5,975.0,1077.8543414963058,0
2025-10-05 14:00:00,中部科學園區,MATMO,5,975.0,1114.1206715305827,0
2025-10-05 14:00:00,興變電所,MATMO,5,975.0,1102.1136905385702,0
2025-10-05 14:00:00,中正變電所,MATMO,5,975.0,1226.5437441969445,0
2025-10-05 14:00:00,成都變電所,MATMO,5,975.0,1200.0582260076537,0
2025-10-05 14:00:00,新豐配電變電所,MATMO,5,975.0,1166.6857087329754,0
2025-10-05 14:00:00,內惟配電變電所,MATMO,5,975.0,1031.6789120689687,0
2025-10-05 14:00:00,永華二次變電所,MATMO,5,975.0,1031.0924789738492,0
2025-10-05 14:00:00,關西二次變電所,MATMO,5,975.0,1180.4523601599756,0
2025-10-05 14:00:00,源海二次變電所,MATMO,5,975.0,1226.5476064482632,0
2025-10-05 14:00:00,四湖配電變電所,MATMO,5,975.0,1049.2853148082186,0
2025-10-05 14:00:00,新高港超高壓變電所,MATMO,5,975.0,1042.249943785063,0
2025-10-05 14:00:00,九曲配電變電所,MATMO,5,975.0,1029.74171033135,0
2025-10-05 14:00:00,崙背變電所,MATMO,5,975.0,1065.5036696008492,0
2025-10-05 14:00:00,常德變電所,MATMO,5,975.0,1223.3102199889133,0
2025-10-05 14:00:00,嶺口二次變電所,MATMO,5,975.0,1040.9018282967215,0
2025-10-05 14:00:00,龍明配電變電所,MATMO,5,975.0,1199.5632307558774,0
2025-10-05 14:00:00,新工配電變電所,MATMO,5,975.0,1161.5407815808628,0
2025-10-05 20:00:00,榮成變電所,MATMO,4,980.0,1269.2125454055054,0
2025-10-05 20:00:00,西螺服務區,MATMO,4,980.0,1169.5480787289184,0
2025-10-05 20:00:00,中部科學園區,MATMO,4,980.0,1202.7414559306342,0
2025-10-05 20:00:00,興變電所,MATMO,4,980.0,1196.8515641521667,0
2025-10-05 20:00:00,中正變電所,MATMO,4,980.0,1310.426027755785,0
2025-10-05 20:00:00,成都變電所,MATMO,4,980.0,1283.617292287083,0
2025-10-05 20:00:00,新豐配電變電所,MATMO,4,980.0,1250.1771500268867,0
2025-10-05 20:00:00,內惟配電變電所,MATMO,4,980.0,1132.44060752649,0
2025-10-05 20:00:00,永華二次變電所,MATMO,4,980.0,1129.150494817676,0
2025-10-05 20:00:00,關西二次變電所,MATMO,4,980.0,1265.361577504051,0
2025-10-05 20:00:00,源海二次變電所,MATMO,4,980.0,1310.429090365479,0
2025-10-05 20:00:00,四湖配電變電所,MATMO,4,980.0,1141.908713433178,0
2025-10-05 20:00:00,新高港超高壓變電所,MATMO,4,980.0,1143.8781906151237,0
2025-10-05 20:00:00,九曲配電變電所,MATMO,4,980.0,1127.7891301650811,0
2025-10-05 20:00:00,崙背變電所,MATMO,4,980.0,1157.326922794821,0
2025-10-05 20:00:00,常德變電所,MATMO,4,980.0,1306.86655228547,0
2025-10-05 20:00:00,嶺口二次變電所,MATMO,4,980.0,1141.0122430387512,0
2025-10-05 20:00:00,龍明配電變電所,MATMO,4,980.0,1283.1148305949619,0
2025-10-05 20:00:00,新工配電變電所,MATMO,4,980.0,1245.7587205170337,0
2025-10-06 02:00:00,榮成變電所,MATMO,4,985.0,1347.8130382376457,0
2025-10-06 02:00:00,西螺服務區,MATMO,4,985.0,1256.2748263281223,0
2025-10-06 02:00:00,中部科學園區,MATMO,4,985.0,1286.7337547487753,0
2025-10-06 02:00:00,興變電所,MATMO,4,985.0,1286.0031148354064,0
2025-10-06 02:00:00,中正變電所,MATMO,4,985.0,1389.90237135219,0
2025-10-06 02:00:00,成都變電所,MATMO,4,985.0,1362.9423470140753,0
2025-10-06 02:00:00,新豐配電變電所,MATMO,4,985.0,1329.6069129490165,0
2025-10-06 02:00:00,內惟配電變電所,MATMO,4,985.0,1226.8749613210691,0
2025-10-06 02:00:00,永華二次變電所,MATMO,4,985.0,1221.3567939924883,0
2025-10-06 02:00:00,關西二次變電所,MATMO,4,985.0,1345.9199657622778,0
2025-10-06 02:00:00,源海二次變電所,MATMO,4,985.0,1389.9047382084016,0
2025-10-06 02:00:00,四湖配電變電所,MATMO,4,985.0,1229.5432389826901,0
2025-10-06 02:00:00,新高港超高壓變電所,MATMO,4,985.0,1238.9880101636938,0
2025-10-06 02:00:00,九曲配電變電所,MATMO,4,985.0,1219.9924752405775,0
2025-10-06 02:00:00,崙背變電所,MATMO,4,985.0,1244.2202356810626,0
2025-10-06 02:00:00,常德變電所,MATMO,4,985.0,1386.0811547836001,0
2025-10-06 02:00:00,嶺口二次變電所,MATMO,4,985.0,1234.8725617348373,0
2025-10-06 02:00:00,龍明配電變電所,MATMO,4,985.0,1362.4359112050981,0
2025-10-06 02:00:00,新工配電變電所,MATMO,4,985.0,1325.8259399026072,0
2025-10-06 08:00:00,榮成變電所,MATMO,3,996.0,1459.617328754499,0
2025-10-06 08:00:00,西螺服務區,MATMO,3,996.0,1373.0073951841202,0
2025-10-06 08:00:00,中部科學園區,MATMO,3,996.0,1401.8770696045901,0
2025-10-06 08:00:00,興變電所,MATMO,3,996.0,1403.9890857328778,0
2025-10-06 08:00:00,成都變電所,MATMO,3,996.0,1475.1590582737786,0
2025-10-06 08:00:00,新豐配電變電所,MATMO,3,996.0,1441.960763264453,0
2025-10-06 08:00:00,內惟配電變電所,MATMO,3,996.0,1347.573116265056,0
2025-10-06 08:00:00,永華二次變電所,MATMO,3,996.0,1340.9956964960738,0
2025-10-06 08:00:00,關西二次變電所,MATMO,3,996.0,1458.9229873100269,0
2025-10-06 08:00:00,四湖配電變電所,MATMO,3,996.0,1346.8164475318665,0
2025-10-06 08:00:00,新高港超高壓變電所,MATMO,3,996.0,1359.9842286518863,0
2025-10-06 08:00:00,九曲配電變電所,MATMO,3,996.0,1339.6318645839904,0
2025-10-06 08:00:00,崙背變電所,MATMO,3,996.0,1361.0658431995007,0
2025-10-06 08:00:00,常德變電所,MATMO,3,996.0,1498.1809192143915,0
2025-10-06 08:00:00,嶺口二次變電所,MATMO,3,996.0,1355.291274056522,0
2025-10-06 08:00:00,龍明配電變電所,MATMO,3,996.0,1474.6512742913833,0
2025-10-06 08:00:00,新工配電變電所,MATMO,3,996.0,1438.5754060259676,0
2025-10-06 14:00:00,西螺服務區,MATMO,2,1002.0,1431.7490087276583,0
2025-10-06 14:00:00,中部科學園區,MATMO,2,1002.0,1459.8958241392925,0
2025-10-06 14:00:00,興變電所,MATMO,2,1002.0,1463.2788851097464,0
2025-10-06 14:00:00,新豐配電變電所,MATMO,2,1002.0,1498.707783148517,0
2025-10-06 14:00:00,內惟配電變電所,MATMO,2,1002.0,1408.090533005873,0
2025-10-06 14:00:00,永華二次變電所,MATMO,2,1002.0,1401.043354169211,0
2025-10-06 14:00:00,四湖配電變電所,MATMO,2,1002.0,1405.8097108882273,0
2025-10-06 14:00:00,新高港超高壓變電所,MATMO,2,1002.0,1420.6315965253916,0
2025-10-06 14:00:00,九曲配電變電所,MATMO,2,1002.0,1399.6801483725917,0
2025-10-06 14:00:00,崙背變電所,MATMO,2,1002.0,1419.862838355529,0
2025-10-06 14:00:00,嶺口二次變電所,MATMO,2,1002.0,1415.6822020652469,0
2025-10-06 14:00:00,新工配電變電所,MATMO,2,1002.0,1495.5021146391148,0
2025-10-09 08:00:00,中正變電所,NAKRI,3,1000.0,1464.926229141756,0
2025-10-09 08:00:00,成都變電所,NAKRI,3,1000.0,1490.945124607774,0
2025-10-09 08:00:00,源海二次變電所,NAKRI,3,1000.0,1464.9274610652444,0
2025-10-09 08:00:00,常德變電所,NAKRI,3,1000.0,1469.8071055844655,0
2025-10-09 08:00:00,龍明配電變電所,NAKRI,3,1000.0,1491.439361771772,0
2025-10-09 14:00:00,榮成變電所,NAKRI,3,1000.0,1395.6824687861147,0
2025-10-09 14:00:00,西螺服務區,NAKRI,3,1000.0,1466.4924804225302,0
2025-10-09 14:00:00,中部科學園區,NAKRI,3,1000.0,1440.143566940491,0
2025-10-09 14:00:00,興變電所,NAKRI,3,1000.0,1435.4665583621024,0
2025-10-09 14:00:00,中正變電所,NAKRI,3,1000.0,1351.9547580983965,0
2025-10-09 14:00:00,成都變電所,NAKRI,3,1000.0,1378.479390491048,0
2025-10-09 14:00:00,新豐配電變電所,NAKRI,3,1000.0,1410.272853482515,0
2025-10-09 14:00:00,內惟配電變電所,NAKRI,3,1000.0,1499.3214537521333,0
2025-10-09 14:00:00,關西二次變電所,NAKRI,3,1000.0,1390.777483889097,0
2025-10-09 14:00:00,源海二次變電所,NAKRI,3,1000.0,1351.9550679418514,0
2025-10-09 14:00:00,四湖配電變電所,NAKRI,3,1000.0,1492.442867125093,0
2025-10-09 14:00:00,新高港超高壓變電所,NAKRI,3,1000.0,1488.707702792164,0
2025-10-09 14:00:00,崙背變電所,NAKRI,3,1000.0,1478.350912315054,0
2025-10-09 14:00:00,常德變電所,NAKRI,3,1000.0,1356.6130136926322,0
2025-10-09 14:00:00,嶺口二次變電所,NAKRI,3,1000.0,1490.2808541439224,0
2025-10-09 14:00:00,龍明配電變電所,NAKRI,3,1000.0,1378.9816942546793,0
2025-10-09 14:00:00,新工配電變電所,NAKRI,3,1000.0,1411.8357158984913,0
2025-10-09 20:00:00,榮成變電所,NAKRI,3,1002.0,1327.6086032784171,0
2025-10-09 20:00:00,西螺服務區,NAKRI,3,1002.0,1405.7493862325225,0
2025-10-09 20:00:00,中部科學園區,NAKRI,3,1002.0,1376.982663214949,0
2025-10-09 20:00:00,興變電所,NAKRI,3,1002.0,1376.7784320328724,0
2025-10-09 20:00:00,中正變電所,NAKRI,3,1002.0,1284.0125807741974,0
2025-10-09 20:00:00,成都變電所,NAKRI,3,1002.0,1310.7714844732363,0
2025-10-09 20:00:00,新豐配電變電所,NAKRI,3,1002.0,1343.073461614435,0
2025-10-09 20:00:00,內惟配電變電所,NAKRI,3,1002.0,1445.3773095044844,0
2025-10-09 20:00:00,永華二次變電所,NAKRI,3,1002.0,1445.4885652101634,0
2025-10-09 20:00:00,關西二次變電所,NAKRI,3,1002.0,1324.2713239394704,0
2025-10-09 20:00:00,源海二次變電所,NAKRI,3,1002.0,1284.012281764786,0
2025-10-09 20:00:00,四湖配電變電所,NAKRI,3,1002.0,1432.53068330007,0
2025-10-09 20:00:00,新高港超高壓變電所,NAKRI,3,1002.0,1435.4970158489043,0
2025-10-09 20:00:00,九曲配電變電所,NAKRI,3,1002.0,1446.8424826437547,0
2025-10-09 20:00:00,崙背變電所,NAKRI,3,1002.0,1417.7884605890501,0
2025-10-09 20:00:00,常德變電所,NAKRI,3,1002.0,1288.5066574642153,0
2025-10-09 20:00:00,嶺口二次變電所,NAKRI,3,1002.0,1435.8454498061183,0
2025-10-09 20:00:00,龍明配電變電所,NAKRI,3,1002.0,1311.277253177216,0
2025-10-09 20:00:00,新工配電變電所,NAKRI,3,1002.0,1345.1750750745543,0
2025-10-10 02:00:00,榮成變電所,NAKRI,3,1002.0,1274.3836101296224,0
2025-10-10 02:00:00,西螺服務區,NAKRI,3,1002.0,1363.526754907737,0
2025-10-10 02:00:00,中部科學園區,NAKRI,3,1002.0,1331.2123963168196,0
2025-10-10 02:00:00,興變電所,NAKRI,3,1002.0,1337.8422521846069,0
2025-10-10 02:00:00,中正變電所,NAKRI,3,1002.0,1231.2638474569867,0
2025-10-10 02:00:00,成都變電所,NAKRI,3,1002.0,1258.2336949826258,0
2025-10-10 02:00:00,新豐配電變電所,NAKRI,3,1002.0,1291.1569303582662,0
2025-10-10 02:00:00,內惟配電變電所,NAKRI,3,1002.0,1413.0788097345223,0
2025-10-10 02:00:00,永華二次變電所,NAKRI,3,1002.0,1410.142349631272,0
2025-10-10 02:00:00,關西二次變電所,NAKRI,3,1002.0,1273.5688073689862,0
2025-10-10 02:00:00,源海二次變電所,NAKRI,3,1002.0,1231.2625714593407,0
2025-10-10 02:00:00,四湖配電變電所,NAKRI,3,1002.0,1391.4186701987583,0
2025-10-10 02:00:00,新高港超高壓變電所,NAKRI,3,1002.0,1404.3286046786689,0
2025-10-10 02:00:00,九曲配電變電所,NAKRI,3,1002.0,1411.4778060154194,0
2025-10-10 02:00:00,崙背變電所,NAKRI,3,1002.0,1375.7721871262145,0
2025-10-10 02:00:00,常德變電所,NAKRI,3,1002.0,1235.4657197261567,0
2025-10-10 02:00:00,嶺口二次變電所,NAKRI,3,1002.0,1402.8819821662812,0
2025-10-10 02:00:00,龍明配電變電所,NAKRI,3,1002.0,1258.7419565670393,0
2025-10-10 02:00:00,新工配電變電所,NAKRI,3,1002.0,1294.103313817844,0
2025-10-10 08:00:00,榮成變電所,NAKRI,3,1004.0,1172.5676487204255,0
2025-10-10 08:00:00,西螺服務區,NAKRI,3,1004.0,1273.669113926328,0
2025-10-10 08:00:00,中部科學園區,NAKRI,3,1004.0,1237.500755920853,0
2025-10-10 08:00:00,興變電所,NAKRI,3,1004.0,1252.086618587017,0
2025-10-10 08:00:00,中正變電所,NAKRI,3,1004.0,1130.3946723823824,0
2025-10-10 08:00:00,成都變電所,NAKRI,3,1004.0,1157.3531817617618,0
2025-10-10 08:00:00,新豐配電變電所,NAKRI,3,1004.0,1190.693854334729,0
2025-10-10 08:00:00,內惟配電變電所,NAKRI,3,1004.0,1334.5067532342641,0
2025-10-10 08:00:00,永華二次變電所,NAKRI,3,1004.0,1327.9735678943969,0
2025-10-10 08:00:00,關西二次變電所,NAKRI,3,1004.0,1174.6623756553693,0
2025-10-10 08:00:00,源海二次變電所,NAKRI,3,1004.0,1130.3922817988869,0
2025-10-10 08:00:00,四湖配電變電所,NAKRI,3,1004.0,1302.6190220952237,0
2025-10-10 08:00:00,新高港超高壓變電所,NAKRI,3,1004.0,1327.1856943053344,0
2025-10-10 08:00:00,九曲配電變電所,NAKRI,3,1004.0,1329.2753904733631,0
2025-10-10 08:00:00,崙背變電所,NAKRI,3,1004.0,1286.048839277951,0
2025-10-10 08:00:00,常德變電所,NAKRI,3,1004.0,1134.2194633414888,0
2025-10-10 08:00:00,嶺口二次變電所,NAKRI,3,1004.0,1323.6096809846983,0
2025-10-10 08:00:00,龍明配電變電所,NAKRI,3,1004.0,1157.8596237960824,0
2025-10-10 08:00:00,新工配電變電所,NAKRI,3,1004.0,1194.5855525704624,0
2025-10-10 14:00:00,榮成變電所,NAKRI,3,1002.0,1079.3433629067492,0
2025-10-10 14:00:00,西螺服務區,NAKRI,3,1002.0,1185.5670541611794,0
2025-10-10 14:00:00,中部科學園區,NAKRI,3,1002.0,1147.7144446769796,0
2025-10-10 14:00:00,興變電所,NAKRI,3,1002.0,1166.0319926210802,0
2025-10-10 14:00:00,中正變電所,NAKRI,3,1002.0,1037.7177737310144,0
2025-10-10 14:00:00,成都變電所,NAKRI,3,1002.0,1064.5846614359739,0
2025-10-10 14:00:00,新豐配電變電所,NAKRI,3,1002.0,1098.0071963982637,0
2025-10-10 14:00:00,內惟配電變電所,NAKRI,3,1002.0,1251.7048930959245,0
2025-10-10 14:00:00,永華二次變電所,NAKRI,3,1002.0,1243.4033287461289,0
2025-10-10 14:00:00,關西二次變電所,NAKRI,3,1002.0,1082.7152605188464,0
2025-10-10 14:00:00,源海二次變電所,NAKRI,3,1002.0,1037.7148974566437,0
2025-10-10 14:00:00,四湖配電變電所,NAKRI,3,1002.0,1214.9235420995633,0
2025-10-10 14:00:00,新高港超高壓變電所,NAKRI,3,1002.0,1245.133306122051,0
2025-10-10 14:00:00,九曲配電變電所,NAKRI,3,1002.0,1244.6839825880124,0
2025-10-10 14:00:00,崙背變電所,NAKRI,3,1002.0,1197.9695768477152,0
2025-10-10 14:00:00,常德變電所,NAKRI,3,1002.0,1041.3634544041909,0
2025-10-10 14:00:00,嶺口二次變電所,NAKRI,3,1002.0,1240.496541770503,0
2025-10-10 14:00:00,龍明配電變電所,NAKRI,3,1002.0,1065.0887177277768,0
2025-10-10 14:00:00,新工配電變電所,NAKRI,3,1002.0,1102.3042885163666,0
2025-10-10 20:00:00,榮成變電所,NAKRI,3,998.0,989.6489074294278,0
2025-10-10 20:00:00,西螺服務區,NAKRI,3,998.0,1096.850511280293,0
2025-10-10 20:00:00,中部科學園區,NAKRI,3,998.0,1058.5936763948298,0
2025-10-10 20:00:00,興變電所,NAKRI,3,998.0,1077.9233666864334,0
2025-10-10 20:00:00,中正變電所,NAKRI,3,998.0,948.0950302384935,0
2025-10-10 20:00:00,成都變電所,NAKRI,3,998.0,974.9460100649958,0
2025-10-10 20:00:00,新豐配電變電所,NAKRI,3,998.0,1008.3745711849542,0
2025-10-10 20:00:00,內惟配電變電所,NAKRI,3,998.0,1164.6694442120365,0
2025-10-10 20:00:00,永華二次變電所,NAKRI,3,998.0,1155.7423470534359,0
2025-10-10 20:00:00,關西二次變電所,NAKRI,3,998.0,993.1918196355132,0
2025-10-10 20:00:00,源海二次變電所,NAKRI,3,998.0,948.0920895119289,0
2025-10-10 20:00:00,四湖配電變電所,NAKRI,3,998.0,1126.3069848421767,0
2025-10-10 20:00:00,新高港超高壓變電所,NAKRI,3,998.0,1158.385404253502,0
2025-10-10 20:00:00,九曲配電變電所,NAKRI,3,998.0,1157.0151144551994,0
2025-10-10 20:00:00,崙背變電所,NAKRI,3,998.0,1109.2546988230379,0
2025-10-10 20:00:00,常德變電所,NAKRI,3,998.0,951.7169120300546,0
2025-10-10 20:00:00,嶺口二次變電所,NAKRI,3,998.0,1153.353178473343,0
2025-10-10 20:00:00,龍明配電變電所,NAKRI,3,998.0,975.4496908395088,0
2025-10-10 20:00:00,新工配電變電所,NAKRI,3,998.0,1012.7267697458659,0
2025-10-11 02:00:00,榮成變電所,NAKRI,3,994.0,940.996804433686,0
2025-10-11 02:00:00,西螺服務區,NAKRI,3,994.0,1049.5162383866436,0
2025-10-11 02:00:00,中部科學園區,NAKRI,3,994.0,1010.7945021428181,0
2025-10-11 02:00:00,興變電所,NAKRI,3,994.0,1031.232586412291,0
2025-10-11 02:00:00,中正變電所,NAKRI,3,994.0,899.5859160786081,0
2025-10-11 02:00:00,成都變電所,NAKRI,3,994.0,926.4052755425123,0
2025-10-11 02:00:00,新豐配電變電所,NAKRI,3,994.0,959.8422539692027,0
2025-10-11 02:00:00,內惟配電變電所,NAKRI,3,994.0,1118.9792987042965,0
2025-10-11 02:00:00,永華二次變電所,NAKRI,3,994.0,1109.4711847892352,0
2025-10-11 02:00:00,關西二次變電所,NAKRI,3,994.0,944.8461993173687,0
2025-10-11 02:00:00,源海二次變電所,NAKRI,3,994.0,899.5828585159417,0
2025-10-11 02:00:00,四湖配電變電所,NAKRI,3,994.0,1079.0768141190204,0
2025-10-11 02:00:00,新高港超高壓變電所,NAKRI,3,994.0,1112.9571939949267,0
2025-10-11 02:00:00,九曲配電變電所,NAKRI,3,994.0,1110.7360873501214,0
2025-10-11 02:00:00,崙背變電所,NAKRI,3,994.0,1061.9200801419186,0
2025-10-11 02:00:00,常德變電所,NAKRI,3,994.0,903.16332684261,0
2025-10-11 02:00:00,嶺口二次變電所,NAKRI,3,994.0,1107.5675913689008,0
2025-10-11 02:00:00,龍明配電變電所,NAKRI,3,994.0,926.9082144809292,0
2025-10-11 02:00:00,新工配電變電所,NAKRI,3,994.0,964.2908848542795,0
2025-10-11 08:00:00,榮成變電所,NAKRI,3,994.0,945.582030935303,0
2025-10-11 08:00:00,西螺服務區,NAKRI,3,994.0,1056.4724143610783,0
2025-10-11 08:00:00,中部科學園區,NAKRI,3,994.0,1017.0354714463048,0
2025-10-11 08:00:00,興變電所,NAKRI,3,994.0,1039.077175839253,0
2025-10-11 08:00:00,中正變電所,NAKRI,3,994.0,904.5159566108937,0
2025-10-11 08:00:00,成都變電所,NAKRI,3,994.0,931.2538854946728,0
2025-10-11 08:00:00,新豐配電變電所,NAKRI,3,994.0,964.6968778288149,0
2025-10-11 08:00:00,內惟配電變電所,NAKRI,3,994.0,1127.9674226057457,0
2025-10-11 08:00:00,永華二次變電所,NAKRI,3,994.0,1117.8056778303142,0
2025-10-11 08:00:00,關西二次變電所,NAKRI,3,994.0,950.1052168763053,0
2025-10-11 08:00:00,源海二次變電所,NAKRI,3,994.0,904.5126420818714,0
2025-10-11 08:00:00,四湖配電變電所,NAKRI,3,994.0,1086.1745437140855,0
2025-10-11 08:00:00,新高港超高壓變電所,NAKRI,3,994.0,1122.2247177355655,0
2025-10-11 08:00:00,九曲配電變電所,NAKRI,3,994.0,1119.060851934708,0
2025-10-11 08:00:00,崙背變電所,NAKRI,3,994.0,1068.8715668367636,0
2025-10-11 08:00:00,常德變電所,NAKRI,3,994.0,907.992441882138,0
2025-10-11 08:00:00,嶺口二次變電所,NAKRI,3,994.0,1116.4555965145803,0
2025-10-11 08:00:00,龍明配電變電所,NAKRI,3,994.0,931.7549587049717,0
2025-10-11 08:00:00,新工配電變電所,NAKRI,3,994.0,969.3541598825291,0
2025-10-11 14:00:00,榮成變電所,NAKRI,3,994.0,1025.7317330093356,0
2025-10-11 14:00:00,西螺服務區,NAKRI,3,994.0,1140.096735467712,0
2025-10-11 14:00:00,中部科學園區,NAKRI,3,994.0,1099.6929291293313,0
2025-10-11 14:00:00,興變電所,NAKRI,3,994.0,1123.8395338800547,0
2025-10-11 14:00:00,中正變電所,NAKRI,3,994.0,985.2812561990595,0
2025-10-11 14:00:00,成都變電所,NAKRI,3,994.0,1011.8550422190465,0
2025-10-11 14:00:00,新豐配電變電所,NAKRI,3,994.0,1045.26970796597,0
2025-10-11 14:00:00,內惟配電變電所,NAKRI,3,994.0,1213.9615013644218,0
2025-10-11 14:00:00,永華二次變電所,NAKRI,3,994.0,1203.1009554805687,0
2025-10-11 14:00:00,關西二次變電所,NAKRI,3,994.0,1031.3427344194283,0
2025-10-11 14:00:00,源海二次變電所,NAKRI,3,994.0,985.2775313148911,0
2025-10-11 14:00:00,四湖配電變電所,NAKRI,3,994.0,1169.9690579943626,0
2025-10-11 14:00:00,新高港超高壓變電所,NAKRI,3,994.0,1208.4990540859612,0
2025-10-11 14:00:00,九曲配電變電所,NAKRI,3,994.0,1204.3446179930218,0
2025-10-11 14:00:00,崙背變電所,NAKRI,3,994.0,1152.4817905626824,0
2025-10-11 14:00:00,常德變電所,NAKRI,3,994.0,988.5899370405016,0
2025-10-11 14:00:00,嶺口二次變電所,NAKRI,3,994.0,1202.3507341617392,0
2025-10-11 14:00:00,龍明配電變電所,NAKRI,3,994.0,1012.3524847338438,0
2025-10-11 14:00:00,新工配電變電所,NAKRI,3,994.0,1050.260031514365,0
2025-10-11 20:00:00,榮成變電所,NAKRI,3,994.0,1095.5818006507868,0
2025-10-11 20:00:00,西螺服務區,NAKRI,3,994.0,1218.1904212831241,0
2025-10-11 20:00:00,中部科學園區,NAKRI,3,994.0,1175.340598136155,0
2025-10-11 20:00:00,興變電所,NAKRI,3,994.0,1205.3031421515154,0
2025-10-11 20:00:00,中正變電所,NAKRI,3,994.0,1056.8156253354387,0
2025-10-11 20:00:00,成都變電所,NAKRI,3,994.0,1082.843723411538,0
2025-10-11 20:00:00,新豐配電變電所,NAKRI,3,994.0,1116.0030398835695,0
2025-10-11 20:00:00,內惟配電變電所,NAKRI,3,994.0,1299.1520099069153,0
2025-10-11 20:00:00,永華二次變電所,NAKRI,3,994.0,1285.9721381241284,0
2025-10-11 20:00:00,關西二次變電所,NAKRI,3,994.0,1103.7461399710185,0
2025-10-11 20:00:00,源海二次變電所,NAKRI,3,994.0,1056.8109509355957,0
2025-10-11 20:00:00,四湖配電變電所,NAKRI,3,994.0,1248.4293834686723,0
2025-10-11 20:00:00,新高港超高壓變電所,NAKRI,3,994.0,1294.7092331235074,0
2025-10-11 20:00:00,九曲配電變電所,NAKRI,3,994.0,1287.1749066591767,0
2025-10-11 20:00:00,崙背變電所,NAKRI,3,994.0,1230.4887998364716,0
2025-10-11 20:00:00,常德變電所,NAKRI,3,994.0,1059.7079926694998,0
2025-10-11 20:00:00,嶺口二次變電所,NAKRI,3,994.0,1287.2282486994823,0
2025-10-11 20:00:00,龍明配電變電所,NAKRI,3,994.0,1083.3297044938952,0
2025-10-11 20:00:00,新工配電變電所,NAKRI,3,994.0,1121.7607465690735,0
2025-10-12 02:00:00,榮成變電所,NAKRI,4,992.0,1204.5503555109267,0
2025-10-12 02:00:00,西螺服務區,NAKRI,4,992.0,1330.145906746115,0
2025-10-12 02:00:00,中部科學園區,NAKRI,4,992.0,1286.457806956046,0
2025-10-12 02:00:00,興變電所,NAKRI,4,992.0,1318.4355354185402,0
2025-10-12 02:00:00,中正變電所,NAKRI,4,992.0,1166.5660475415232,0
2025-10-12 02:00:00,成都變電所,NAKRI,4,992.0,1192.3119879367446,0
2025-10-12 02:00:00,新豐配電變電所,NAKRI,4,992.0,1225.2906707074783,0
2025-10-12 02:00:00,內惟配電變電所,NAKRI,4,992.0,1413.353721365764,0
2025-10-12 02:00:00,永華二次變電所,NAKRI,4,992.0,1399.4735213984916,0
2025-10-12 02:00:00,關西二次變電所,NAKRI,4,992.0,1213.7379316699037,0
2025-10-12 02:00:00,源海二次變電所,NAKRI,4,992.0,1166.5610035244963,0
2025-10-12 02:00:00,四湖配電變電所,NAKRI,4,992.0,1360.475928087663,0
2025-10-12 02:00:00,新高港超高壓變電所,NAKRI,4,992.0,1409.209000243256,0
2025-10-12 02:00:00,九曲配電變電所,NAKRI,4,992.0,1400.6620734194648,0
2025-10-12 02:00:00,崙背變電所,NAKRI,4,992.0,1342.3959772891283,0
2025-10-12 02:00:00,常德變電所,NAKRI,4,992.0,1169.2837989079603,0
2025-10-12 02:00:00,嶺口二次變電所,NAKRI,4,992.0,1401.347155471106,0
2025-10-12 02:00:00,龍明配電變電所,NAKRI,4,992.0,1192.7921601671428,0
2025-10-12 02:00:00,新工配電變電所,NAKRI,4,992.0,1231.3501691671388,0
2025-10-12 08:00:00,榮成變電所,NAKRI,4,985.0,1354.6910314988145,0
2025-10-12 08:00:00,西螺服務區,NAKRI,4,985.0,1480.8851602228954,0
2025-10-12 08:00:00,中部科學園區,NAKRI,4,985.0,1437.0882756402586,0
2025-10-12 08:00:00,興變電所,NAKRI,4,985.0,1469.2130728506045,0
2025-10-12 08:00:00,中正變電所,NAKRI,4,985.0,1316.9272660980464,0
2025-10-12 08:00:00,成都變電所,NAKRI,4,985.0,1342.5951220544816,0
2025-10-12 08:00:00,新豐配電變電所,NAKRI,4,985.0,1375.5171523204992,0
2025-10-12 08:00:00,關西二次變電所,NAKRI,4,985.0,1364.1485731219188,0
2025-10-12 08:00:00,源海二次變電所,NAKRI,4,985.0,1316.922131547719,0
2025-10-12 08:00:00,崙背變電所,NAKRI,4,985.0,1493.1299384787171,0
2025-10-12 08:00:00,常德變電所,NAKRI,4,985.0,1319.600281920322,0
2025-10-12 08:00:00,龍明配電變電所,NAKRI,4,985.0,1343.0736416907032,0
2025-10-12 08:00:00,新工配電變電所,NAKRI,4,985.0,1381.6568153424382,0
2025-10-12 14:00:00,中正變電所,NAKRI,4,980.0,1487.9214892525795,0
2025-10-12 14:00:00,源海二次變電所,NAKRI,4,980.0,1487.9160862175738,0
2025-10-12 14:00:00,常德變電所,NAKRI,4,980.0,1490.4615248061273,0
2025-10-17 14:00:00,興變電所,FENGSHEN,2,1004.0,1498.5395338910234,0
2025-10-17 14:00:00,內惟配電變電所,FENGSHEN,2,1004.0,1469.212504360076,0
2025-10-17 14:00:00,永華二次變電所,FENGSHEN,2,1004.0,1499.5994415044902,0
2025-10-17 14:00:00,新高港超高壓變電所,FENGSHEN,2,1004.0,1452.7869136799904,0
2025-10-17 14:00:00,嶺口二次變電所,FENGSHEN,2,1004.0,1470.7905199727556,0
2025-10-17 20:00:00,西螺服務區,FENGSHEN,2,1002.0,1472.7185104705782,0
2025-10-17 20:00:00,中部科學園區,FENGSHEN,2,1002.0,1494.7115268962134,0
2025-10-17 20:00:00,興變電所,FENGSHEN,2,1002.0,1425.5388444274486,0
2025-10-17 20:00:00,內惟配電變電所,FENGSHEN,2,1002.0,1389.741114166107,0
2025-10-17 20:00:00,永華二次變電所,FENGSHEN,2,1002.0,1421.366331122126,0
2025-10-17 20:00:00,四湖配電變電所,FENGSHEN,2,1002.0,1474.5646166469608,0
2025-10-17 20:00:00,新高港超高壓變電所,FENGSHEN,2,1002.0,1373.4003233395115,0
2025-10-17 20:00:00,九曲配電變電所,FENGSHEN,2,1002.0,1422.2156257534427,0
2025-10-17 20:00:00,崙背變電所,FENGSHEN,2,1002.0,1476.5358318043222,0
2025-10-17 20:00:00,嶺口二次變電所,FENGSHEN,2,1002.0,1392.106279607586,0
2025-10-18 02:00:00,西螺服務區,FENGSHEN,3,1000.0,1414.8939657991584,0
2025-10-18 02:00:00,中部科學園區,FENGSHEN,3,1000.0,1442.3104711099604,0
2025-10-18 02:00:00,興變電所,FENGSHEN,3,1000.0,1368.7262018425429,0
2025-10-18 02:00:00,中正變電所,FENGSHEN,3,1000.0,1481.4261634887341,0
2025-10-18 02:00:00,成都變電所,FENGSHEN,3,1000.0,1489.1844684785128,0
2025-10-18 02:00:00,新豐配電變電所,FENGSHEN,3,1000.0,1495.0923111558686,0
2025-10-18 02:00:00,內惟配電變電所,FENGSHEN,3,1000.0,1320.9059754128698,0
2025-10-18 02:00:00,永華二次變電所,FENGSHEN,3,1000.0,1354.5938140931064,0
2025-10-18 02:00:00,關西二次變電所,FENGSHEN,3,1000.0,1474.931616403114,0
2025-10-18 02:00:00,源海二次變電所,FENGSHEN,3,1000.0,1481.4362024134136,0
2025-10-18 02:00:00,四湖配電變電所,FENGSHEN,3,1000.0,1413.148242289626,0
2025-10-18 02:00:00,新高港超高壓變電所,FENGSHEN,3,1000.0,1304.9197050708017,0
2025-10-18 02:00:00,九曲配電變電所,FENGSHEN,3,1000.0,1355.3085059086943,0
2025-10-18 02:00:00,崙背變電所,FENGSHEN,3,1000.0,1417.2945651782547,0
2025-10-18 02:00:00,常德變電所,FENGSHEN,3,1000.0,1486.1165272811838,0
2025-10-18 02:00:00,嶺口二次變電所,FENGSHEN,3,1000.0,1324.7836559894854,0
2025-10-18 02:00:00,龍明配電變電所,FENGSHEN,3,1000.0,1489.3501917481008,0
2025-10-18 02:00:00,新工配電變電所,FENGSHEN,3,1000.0,1486.8917409876435,0
2025-10-18 08:00:00,榮成變電所,FENGSHEN,3,1000.0,1465.696047460785,0
2025-10-18 08:00:00,西螺服務區,FENGSHEN,3,1000.0,1364.9432470419476,0
2025-10-18 08:00:00,中部科學園區,FENGSHEN,3,1000.0,1396.8558728898329,0
2025-10-18 08:00:00,興變電所,FENGSHEN,3,1000.0,1320.2394124177736,0
2025-10-18 08:00:00,中正變電所,FENGSHEN,3,1000.0,1448.1699340544803,0
2025-10-18 08:00:00,成都變電所,FENGSHEN,3,1000.0,1453.2342150009226,0
2025-10-18 08:00:00,新豐配電變電所,FENGSHEN,3,1000.0,1455.7626860086525,0
2025-10-18 08:00:00,內惟配電變電所,FENGSHEN,3,1000.0,1262.258365911583,0
2025-10-18 08:00:00,永華二次變電所,FENGSHEN,3,1000.0,1297.3749622276496,0
2025-10-18 08:00:00,關西二次變電所,FENGSHEN,3,1000.0,1436.861904976165,0
2025-10-18 08:00:00,源海二次變電所,FENGSHEN,3,1000.0,1448.1804121728842,0
2025-10-18 08:00:00,四湖配電變電所,FENGSHEN,3,1000.0,1360.0184754695108,0
2025-10-18 08:00:00,新高港超高壓變電所,FENGSHEN,3,1000.0,1246.8005243165996,0
2025-10-18 08:00:00,九曲配電變電所,FENGSHEN,3,1000.0,1297.9600156446695,0
2025-10-18 08:00:00,崙背變電所,FENGSHEN,3,1000.0,1366.0546734585866,0
2025-10-18 08:00:00,常德變電所,FENGSHEN,3,1000.0,1452.5445724402905,0
2025-10-18 08:00:00,嶺口二次變電所,FENGSHEN,3,1000.0,1267.4473543651,0
2025-10-18 08:00:00,龍明配電變電所,FENGSHEN,3,1000.0,1453.3499845816546,0
2025-10-18 08:00:00,新工配電變電所,FENGSHEN,3,1000.0,1446.970419059359,0
2025-10-18 14:00:00,榮成變電所,FENGSHEN,3,1000.0,1389.3348853475632,0
2025-10-18 14:00:00,西螺服務區,FENGSHEN,3,1000.0,1274.0841894701928,0
2025-10-18 14:00:00,中部科學園區,FENGSHEN,3,1000.0,1311.1760084354148,0
2025-10-18 14:00:00,興變電所,FENGSHEN,3,1000.0,1231.9702130057037,0
2025-10-18 14:00:00,中正變電所,FENGSHEN,3,1000.0,1377.128297052665,0
2025-10-18 14:00:00,成都變電所,FENGSHEN,3,1000.0,1378.7065675346573,0
2025-10-18 14:00:00,新豐配電變電所,FENGSHEN,3,1000.0,1376.9276200506426,0
2025-10-18 14:00:00,內惟配電變電所,FENGSHEN,3,1000.0,1162.1070321361447,0
2025-10-18 14:00:00,永華二次變電所,FENGSHEN,3,1000.0,1198.4301344104563,0
2025-10-18 14:00:00,關西二次變電所,FENGSHEN,3,1000.0,1359.901251701684,0
2025-10-18 14:00:00,源海二次變電所,FENGSHEN,3,1000.0,1377.1391711960075,0
2025-10-18 14:00:00,四湖配電變電所,FENGSHEN,3,1000.0,1265.2242926688803,0
2025-10-18 14:00:00,新高港超高壓變電所,FENGSHEN,3,1000.0,1147.596458996816,0
2025-10-18 14:00:00,九曲配電變電所,FENGSHEN,3,1000.0,1198.841373541274,0
2025-10-18 14:00:00,崙背變電所,FENGSHEN,3,1000.0,1273.5503820489794,0
2025-10-18 14:00:00,常德變電所,FENGSHEN,3,1000.0,1381.0365497835548,0
2025-10-18 14:00:00,嶺口二次變電所,FENGSHEN,3,1000.0,1168.868326435807,0
2025-10-18 14:00:00,龍明配電變電所,FENGSHEN,3,1000.0,1378.7574309400245,0
2025-10-18 14:00:00,新工配電變電所,FENGSHEN,3,1000.0,1367.5182027156645,0
2025-10-18 20:00:00,榮成變電所,FENGSHEN,3,1000.0,1309.1238494770867,0
2025-10-18 20:00:00,西螺服務區,FENGSHEN,3,1000.0,1184.2796920897067,0
2025-10-18 20:00:00,中部科學園區,FENGSHEN,3,1000.0,1224.834249761905,0
2025-10-18 20:00:00,興變電所,FENGSHEN,3,1000.0,1144.6303253800052,0
2025-10-18 20:00:00,中正變電所,FENGSHEN,3,1000.0,1301.0523989267144,0
2025-10-18 20:00:00,成都變電所,FENGSHEN,3,1000.0,1299.988456100193,0
2025-10-18 20:00:00,新豐配電變電所,FENGSHEN,3,1000.0,1294.9942993003265,0
2025-10-18 20:00:00,內惟配電變電所,FENGSHEN,3,1000.0,1066.6815405181458,0
2025-10-18 20:00:00,永華二次變電所,FENGSHEN,3,1000.0,1103.4531770041465,0
2025-10-18 20:00:00,關西二次變電所,FENGSHEN,3,1000.0,1279.5623382969045,0
2025-10-18 20:00:00,源海二次變電所,FENGSHEN,3,1000.0,1301.0634488067242,0
2025-10-18 20:00:00,四湖配電變電所,FENGSHEN,3,1000.0,1172.5704550187245,0
2025-10-18 20:00:00,新高港超高壓變電所,FENGSHEN,3,1000.0,1053.0816557344904,0
2025-10-18 20:00:00,九曲配電變電所,FENGSHEN,3,1000.0,1103.7284755838034,0
2025-10-18 20:00:00,崙背變電所,FENGSHEN,3,1000.0,1182.517433619007,0
2025-10-18 20:00:00,常德變電所,FENGSHEN,3,1000.0,1304.5652762832992,0
2025-10-18 20:00:00,嶺口二次變電所,FENGSHEN,3,1000.0,1074.5437276171683,0
2025-10-18 20:00:00,龍明配電變電所,FENGSHEN,3,1000.0,1299.9899507519447,0
2025-10-18 20:00:00,新工配電變電所,FENGSHEN,3,1000.0,1285.223808127562,0
2025-10-19 02:00:00,榮成變電所,FENGSHEN,3,1000.0,1177.1390577167108,0
2025-10-19 02:00:00,西螺服務區,FENGSHEN,3,1000.0,1046.4033793992971,0
2025-10-19 02:00:00,中部科學園區,FENGSHEN,3,1000.0,1089.063129123682,0
2025-10-19 02:00:00,興變電所,FENGSHEN,3,1000.0,1008.6536546797314,0
2025-10-19 02:00:00,中正變電所,FENGSHEN,3,1000.0,1172.0842133211945,0
2025-10-19 02:00:00,成都變電所,FENGSHEN,3,1000.0,1169.117159213573,0
2025-10-19 02:00:00,新豐配電變電所,FENGSHEN,3,1000.0,1161.8773040735634,0
2025-10-19 02:00:00,內惟配電變電所,FENGSHEN,3,1000.0,925.8022740343549,0
2025-10-19 02:00:00,永華二次變電所,FENGSHEN,3,1000.0,962.6502614343983,0
2025-10-19 02:00:00,關西二次變電所,FENGSHEN,3,1000.0,1147.654733745801,0
2025-10-19 02:00:00,源海二次變電所,FENGSHEN,3,1000.0,1172.0953238511813,0
2025-10-19 02:00:00,四湖配電變電所,FENGSHEN,3,1000.0,1032.889620699412,0
2025-10-19 02:00:00,新高港超高壓變電所,FENGSHEN,3,1000.0,912.8754859666694,0
2025-10-19 02:00:00,九曲配電變電所,FENGSHEN,3,1000.0,962.8371303266565,0
2025-10-19 02:00:00,崙背變電所,FENGSHEN,3,1000.0,1043.839589758385,0
2025-10-19 02:00:00,常德變電所,FENGSHEN,3,1000.0,1175.28782986538,0
2025-10-19 02:00:00,嶺口二次變電所,FENGSHEN,3,1000.0,934.3291375459424,0
2025-10-19 02:00:00,龍明配電變電所,FENGSHEN,3,1000.0,1169.0833161882406,0
2025-10-19 02:00:00,新工配電變電所,FENGSHEN,3,1000.0,1151.9083779826744,0
2025-10-19 08:00:00,榮成變電所,FENGSHEN,3,1000.0,1129.2481984576866,0
2025-10-19 08:00:00,西螺服務區,FENGSHEN,3,1000.0,991.0677260567473,0
2025-10-19 08:00:00,中部科學園區,FENGSHEN,3,1000.0,1036.5127353181463,0
2025-10-19 08:00:00,興變電所,FENGSHEN,3,1000.0,956.5063756737366,0
2025-10-19 08:00:00,中正變電所,FENGSHEN,3,1000.0,1128.2698626604229,0
2025-10-19 08:00:00,成都變電所,FENGSHEN,3,1000.0,1122.7964002169992,0
2025-10-19 08:00:00,新豐配電變電所,FENGSHEN,3,1000.0,1112.539868498678,0
2025-10-19 08:00:00,內惟配電變電所,FENGSHEN,3,1000.0,866.8295996695945,0
2025-10-19 08:00:00,永華二次變電所,FENGSHEN,3,1000.0,903.4439467447592,0
2025-10-19 08:00:00,關西二次變電所,FENGSHEN,3,1000.0,1100.0937040292008,0
2025-10-19 08:00:00,源海二次變電所,FENGSHEN,3,1000.0,1128.2809658508206,0
2025-10-19 08:00:00,四湖配電變電所,FENGSHEN,3,1000.0,974.8677264094766,0
2025-10-19 08:00:00,新高港超高壓變電所,FENGSHEN,3,1000.0,855.1389747606473,0
2025-10-19 08:00:00,九曲配電變電所,FENGSHEN,3,1000.0,903.4842810121894,0
2025-10-19 08:00:00,崙背變電所,FENGSHEN,3,1000.0,987.2950776122169,0
2025-10-19 08:00:00,常德變電所,FENGSHEN,3,1000.0,1131.0418387087307,0
2025-10-19 08:00:00,嶺口二次變電所,FENGSHEN,3,1000.0,876.3565682734588,0
2025-10-19 08:00:00,龍明配電變電所,FENGSHEN,3,1000.0,1122.7152399676015,0
2025-10-19 08:00:00,新工配電變電所,FENGSHEN,3,1000.0,1102.369485649643,0
2025-10-19 14:00:00,榮成變電所,FENGSHEN,3,1000.0,1061.8420601144828,0
2025-10-19 14:00:00,西螺服務區,FENGSHEN,3,1000.0,915.1701442790694,0
2025-10-19 14:00:00,中部科學園區,FENGSHEN,3,1000.0,963.8685703477975,0
2025-10-19 14:00:00,興變電所,FENGSHEN,3,1000.0,885.9532557945172,0
2025-10-19 14:00:00,中正變電所,FENGSHEN,3,1000.0,1066.718369180646,0
2025-10-19 14:00:00,成都變電所,FENGSHEN,3,1000.0,1057.7399454853437,0
2025-10-19 14:00:00,新豐配電變電所,FENGSHEN,3,1000.0,1043.3081762001448,0
2025-10-19 14:00:00,內惟配電變電所,FENGSHEN,3,1000.0,788.1420811322005,0
2025-10-19 14:00:00,永華二次變電所,FENGSHEN,3,1000.0,823.5798226249982,0
2025-10-19 14:00:00,關西二次變電所,FENGSHEN,3,1000.0,1033.6104085389227,0
2025-10-19 14:00:00,源海二次變電所,FENGSHEN,3,1000.0,1066.729290124376,0
2025-10-19 14:00:00,四湖配電變電所,FENGSHEN,3,1000.0,895.3266503473136,0
2025-10-19 14:00:00,新高港超高壓變電所,FENGSHEN,3,1000.0,778.585644009727,0
2025-10-19 14:00:00,九曲配電變電所,FENGSHEN,3,1000.0,823.4011047445048,0
2025-10-19 14:00:00,崙背變電所,FENGSHEN,3,1000.0,909.6950192425775,0
2025-10-19 14:00:00,常德變電所,FENGSHEN,3,1000.0,1068.8302251131124,0
2025-10-19 14:00:00,嶺口二次變電所,FENGSHEN,3,1000.0,798.9404760339602,0
2025-10-19 14:00:00,龍明配電變電所,FENGSHEN,3,1000.0,1057.5921861877157,0
2025-10-19 14:00:00,新工配電變電所,FENGSHEN,3,1000.0,1033.0044054698528,0
2025-10-19 20:00:00,榮成變電所,FENGSHEN,3,1000.0,1035.6326787865266,0
2025-10-19 20:00:00,西螺服務區,FENGSHEN,3,1000.0,884.4708621445551,0
2025-10-19 20:00:00,中部科學園區,FENGSHEN,3,1000.0,934.954461212246,0
2025-10-19 20:00:00,興變電所,FENGSHEN,3,1000.0,859.7761689212243,0
2025-10-19 20:00:00,中正變電所,FENGSHEN,3,1000.0,1044.7675979567714,0
2025-10-19 20:00:00,成都變電所,FENGSHEN,3,1000.0,1033.3162774667956,0
2025-10-19 20:00:00,新豐配電變電所,FENGSHEN,3,1000.0,1015.9554070368772,0
2025-10-19 20:00:00,內惟配電變電所,FENGSHEN,3,1000.0,757.4587389637994,0
2025-10-19 20:00:00,永華二次變電所,FENGSHEN,3,1000.0,791.3079328936254,0
2025-10-19 20:00:00,關西二次變電所,FENGSHEN,3,1000.0,1008.4166276435394,0
2025-10-19 20:00:00,源海二次變電所,FENGSHEN,3,1000.0,1044.7782593292452,0
2025-10-19 20:00:00,四湖配電變電所,FENGSHEN,3,1000.0,862.1206347105089,0
2025-10-19 20:00:00,新高港超高壓變電所,FENGSHEN,3,1000.0,749.7606411941603,0
2025-10-19 20:00:00,九曲配電變電所,FENGSHEN,3,1000.0,790.9612308245323,0
2025-10-19 20:00:00,崙背變電所,FENGSHEN,3,1000.0,877.7707760952035,0
2025-10-19 20:00:00,常德變電所,FENGSHEN,3,1000.0,1046.3714527191146,0
2025-10-19 20:00:00,嶺口二次變電所,FENGSHEN,3,1000.0,769.0378270232118,0
2025-10-19 20:00:00,龍明配電變電所,FENGSHEN,3,1000.0,1033.121068160158,0
2025-10-19 20:00:00,新工配電變電所,FENGSHEN,3,1000.0,1005.6740155600165,0
2025-10-20 02:00:00,榮成變電所,FENGSHEN,3,998.0,949.5402235901429,0
2025-10-20 02:00:00,西螺服務區,FENGSHEN,3,998.0,794.9050642646388,0
2025-10-20 02:00:00,中部科學園區,FENGSHEN,3,998.0,846.8642104919672,0
2025-10-20 02:00:00,興變電所,FENGSHEN,3,998.0,777.2906087441876,0
2025-10-20 02:00:00,中正變電所,FENGSHEN,3,998.0,964.5680550327136,0
2025-10-20 02:00:00,成都變電所,FENGSHEN,3,998.0,949.7911360217371,0
2025-10-20 02:00:00,新豐配電變電所,FENGSHEN,3,998.0,928.5788582381662,0
2025-10-20 02:00:00,內惟配電變電所,FENGSHEN,3,998.0,671.2695040998859,0
2025-10-20 02:00:00,永華二次變電所,FENGSHEN,3,998.0,701.8052980326435,0
2025-10-20 02:00:00,關西二次變電所,FENGSHEN,3,998.0,924.2285616584763,0
2025-10-20 02:00:00,源海二次變電所,FENGSHEN,3,998.0,964.5781658321665,0
2025-10-20 02:00:00,四湖配電變電所,FENGSHEN,3,998.0,769.48706025068,0
2025-10-20 02:00:00,新高港超高壓變電所,FENGSHEN,3,998.0,666.542917551406,0
2025-10-20 02:00:00,九曲配電變電所,FENGSHEN,3,998.0,701.2252449690371,0
2025-10-20 02:00:00,崙背變電所,FENGSHEN,3,998.0,786.6083818011479,0
2025-10-20 02:00:00,常德變電所,FENGSHEN,3,998.0,965.4206565990606,0
2025-10-20 02:00:00,嶺口二次變電所,FENGSHEN,3,998.0,683.6315553934187,0
2025-10-20 02:00:00,龍明配電變電所,FENGSHEN,3,998.0,949.5318751576569,0
2025-10-20 02:00:00,新工配電變電所,FENGSHEN,3,998.0,918.5061731951878,0
2025-10-20 08:00:00,榮成變電所,FENGSHEN,4,990.0,929.8873372041555,0
2025-10-20 08:00:00,西螺服務區,FENGSHEN,4,990.0,776.4248498817299,0
2025-10-20 08:00:00,中部科學園區,FENGSHEN,4,990.0,828.2084292488677,0
2025-10-20 08:00:00,興變電所,FENGSHEN,4,990.0,769.8799053926826,0
2025-10-20 08:00:00,中正變電所,FENGSHEN,4,990.0,952.715209843111,0
2025-10-20 08:00:00,成都變電所,FENGSHEN,4,990.0,933.7772648624746,0
2025-10-20 08:00:00,新豐配電變電所,FENGSHEN,4,990.0,907.8058773171919,0
2025-10-20 08:00:00,內惟配電變電所,FENGSHEN,4,990.0,664.7002316412126,0
2025-10-20 08:00:00,永華二次變電所,FENGSHEN,4,990.0,688.4387412062277,0
2025-10-20 08:00:00,關西二次變電所,FENGSHEN,4,990.0,908.1671497213115,0
2025-10-20 08:00:00,源海二次變電所,FENGSHEN,4,990.0,952.7242215196492,0
2025-10-20 08:00:00,四湖配電變電所,FENGSHEN,4,990.0,747.7049368156975,0
2025-10-20 08:00:00,新高港超高壓變電所,FENGSHEN,4,990.0,664.5633559820769,0
2025-10-20 08:00:00,九曲配電變電所,FENGSHEN,4,990.0,687.5491681259208,0
2025-10-20 08:00:00,崙背變電所,FENGSHEN,4,990.0,766.1707302135796,0
2025-10-20 08:00:00,常德變電所,FENGSHEN,4,990.0,952.4945938695619,0
2025-10-20 08:00:00,嶺口二次變電所,FENGSHEN,4,990.0,677.3843274167332,0
2025-10-20 08:00:00,龍明配電變電所,FENGSHEN,4,990.0,933.4363587441296,0
2025-10-20 08:00:00,新工配電變電所,FENGSHEN,4,990.0,898.3923338504151,0
2025-10-20 14:00:00,榮成變電所,FENGSHEN,4,990.0,956.1930976167564,0
2025-10-20 14:00:00,西螺服務區,FENGSHEN,4,990.0,806.1975348205956,0
2025-10-20 14:00:00,中部科學園區,FENGSHEN,4,990.0,856.8147219985019,0
2025-10-20 14:00:00,興變電所,FENGSHEN,4,990.0,805.3884574471319,0
2025-10-20 14:00:00,中正變電所,FENGSHEN,4,990.0,982.6927213204679,0
2025-10-20 14:00:00,成都變電所,FENGSHEN,4,990.0,961.9077918298377,0
2025-10-20 14:00:00,新豐配電變電所,FENGSHEN,4,990.0,933.8834812588256,0
2025-10-20 14:00:00,內惟配電變電所,FENGSHEN,4,990.0,703.2587950828598,0
2025-10-20 14:00:00,永華二次變電所,FENGSHEN,4,990.0,722.9697289836403,0
2025-10-20 14:00:00,關西二次變電所,FENGSHEN,4,990.0,936.6810871841277,0
2025-10-20 14:00:00,源海二次變電所,FENGSHEN,4,990.0,982.7010386774366,0
2025-10-20 14:00:00,四湖配電變電所,FENGSHEN,4,990.0,776.4322857175882,0
2025-10-20 14:00:00,新高港超高壓變電所,FENGSHEN,4,990.0,705.3491143181938,0
2025-10-20 14:00:00,九曲配電變電所,FENGSHEN,4,990.0,721.9492981551688,0
2025-10-20 14:00:00,崙背變電所,FENGSHEN,4,990.0,795.164178536659,0
2025-10-20 14:00:00,常德變電所,FENGSHEN,4,990.0,981.9269983966784,0
2025-10-20 14:00:00,嶺口二次變電所,FENGSHEN,4,990.0,715.7429540008443,0
2025-10-20 14:00:00,龍明配電變電所,FENGSHEN,4,990.0,961.5300773407486,0
2025-10-20 14:00:00,新工配電變電所,FENGSHEN,4,990.0,924.9702252628742,0
2025-10-20 20:00:00,榮成變電所,FENGSHEN,4,990.0,1023.2888055208967,0
2025-10-20 20:00:00,西螺服務區,FENGSHEN,4,990.0,877.3203923019469,0
2025-10-20 20:00:00,中部科學園區,FENGSHEN,4,990.0,926.5562257973014,0
2025-10-20 20:00:00,興變電所,FENGSHEN,4,990.0,880.8106769420966,0
2025-10-20 20:00:00,中正變電所,FENGSHEN,4,990.0,1052.500765170276,0
2025-10-20 20:00:00,成都變電所,FENGSHEN,4,990.0,1030.4111646843578,0
2025-10-20 20:00:00,新豐配電變電所,FENGSHEN,4,990.0,1000.9729284068352,0
2025-10-20 20:00:00,內惟配電變電所,FENGSHEN,4,990.0,781.8918290895627,0
2025-10-20 20:00:00,永華二次變電所,FENGSHEN,4,990.0,798.5171325361297,0
2025-10-20 20:00:00,關西二次變電所,FENGSHEN,4,990.0,1005.6784694469434,0
2025-10-20 20:00:00,源海二次變電所,FENGSHEN,4,990.0,1052.5084803867003,0
2025-10-20 20:00:00,四湖配電變電所,FENGSHEN,4,990.0,847.0674582247669,0
2025-10-20 20:00:00,新高港超高壓變電所,FENGSHEN,4,990.0,785.5025068339851,0
2025-10-20 20:00:00,九曲配電變電所,FENGSHEN,4,990.0,797.4134352189499,0
2025-10-20 20:00:00,崙背變電所,FENGSHEN,4,990.0,865.803867274669,0
2025-10-20 20:00:00,常德變電所,FENGSHEN,4,990.0,1051.312410376169,0
2025-10-20 20:00:00,嶺口二次變電所,FENGSHEN,4,990.0,794.1000450814281,0
2025-10-20 20:00:00,龍明配電變電所,FENGSHEN,4,990.0,1030.0071461323419,0
2025-10-20 20:00:00,新工配電變電所,FENGSHEN,4,990.0,992.5304465248201,0
2025-10-21 02:00:00,榮成變電所,FENGSHEN,4,990.0,1119.1782600694326,0
2025-10-21 02:00:00,西螺服務區,FENGSHEN,4,990.0,977.0466085817653,0
2025-10-21 02:00:00,中部科學園區,FENGSHEN,4,990.0,1024.9782680986943,0
2025-10-21 02:00:00,興變電所,FENGSHEN,4,990.0,983.6558801910552,0
2025-10-21 02:00:00,中正變電所,FENGSHEN,4,990.0,1150.3782837421109,0
2025-10-21 02:00:00,成都變電所,FENGSHEN,4,990.0,1127.3700901947827,0
2025-10-21 02:00:00,新豐配電變電所,FENGSHEN,4,990.0,1096.9669093198947,0
2025-10-21 02:00:00,內惟配電變電所,FENGSHEN,4,990.0,887.4631358921201,0
2025-10-21 02:00:00,永華二次變電所,FENGSHEN,4,990.0,901.8768394441594,0
2025-10-21 02:00:00,關西二次變電所,FENGSHEN,4,990.0,1103.1357108314546,0
2025-10-21 02:00:00,源海二次變電所,FENGSHEN,4,990.0,1150.3854989821132,0
2025-10-21 02:00:00,四湖配電變電所,FENGSHEN,4,990.0,946.6084506408557,0
2025-10-21 02:00:00,新高港超高壓變電所,FENGSHEN,4,990.0,892.0755068041282,0
2025-10-21 02:00:00,九曲配電變電所,FENGSHEN,4,990.0,900.7210985269485,0
2025-10-21 02:00:00,崙背變電所,FENGSHEN,4,990.0,965.2371676934492,0
2025-10-21 02:00:00,常德變電所,FENGSHEN,4,990.0,1148.866436967425,0
2025-10-21 02:00:00,嶺口二次變電所,FENGSHEN,4,990.0,899.4221576819932,0
2025-10-21 02:00:00,龍明配電變電所,FENGSHEN,4,990.0,1126.9473887633021,0
2025-10-21 02:00:00,新工配電變電所,FENGSHEN,4,990.0,1088.9346870234763,0
2025-10-21 08:00:00,榮成變電所,FENGSHEN,4,990.0,1180.0517068678798,0
2025-10-21 08:00:00,西螺服務區,FENGSHEN,4,990.0,1039.5112547007059,0
2025-10-21 08:00:00,中部科學園區,FENGSHEN,4,990.0,1086.9126054179678,0
2025-10-21 08:00:00,興變電所,FENGSHEN,4,990.0,1047.2123882045084,0
2025-10-21 08:00:00,中正變電所,FENGSHEN,4,990.0,1211.977331226291,0
2025-10-21 08:00:00,成都變電所,FENGSHEN,4,990.0,1188.6436178961421,0
2025-10-21 08:00:00,新豐配電變電所,FENGSHEN,4,990.0,1157.9058064506926,0
2025-10-21 08:00:00,內惟配電變電所,FENGSHEN,4,990.0,952.0126444923529,0
2025-10-21 08:00:00,永華二次變電所,FENGSHEN,4,990.0,965.687980708892,0
2025-10-21 08:00:00,關西二次變電所,FENGSHEN,4,990.0,1164.6236918039274,0
2025-10-21 08:00:00,源海二次變電所,FENGSHEN,4,990.0,1211.984350370905,0
2025-10-21 08:00:00,四湖配電變電所,FENGSHEN,4,990.0,1009.0432960556037,0
2025-10-21 08:00:00,新高港超高壓變電所,FENGSHEN,4,990.0,956.9380147040248,0
2025-10-21 08:00:00,九曲配電變電所,FENGSHEN,4,990.0,964.5159951741364,0
2025-10-21 08:00:00,崙背變電所,FENGSHEN,4,990.0,1027.610462333827,0
2025-10-21 08:00:00,常德變電所,FENGSHEN,4,990.0,1210.3443636330517,0
2025-10-21 08:00:00,嶺口二次變電所,FENGSHEN,4,990.0,963.881222053081,0
2025-10-21 08:00:00,龍明配電變電所,FENGSHEN,4,990.0,1188.214248173055,0
2025-10-21 08:00:00,新工配電變電所,FENGSHEN,4,990.0,1150.0393826636212,0
2025-10-21 14:00:00,榮成變電所,FENGSHEN,4,990.0,1226.2181500030736,0
2025-10-21 14:00:00,西螺服務區,FENGSHEN,4,990.0,1087.2766641656924,0
2025-10-21 14:00:00,中部科學園區,FENGSHEN,4,990.0,1134.1403221275705,0
2025-10-21 14:00:00,興變電所,FENGSHEN,4,990.0,1096.0478990427814,0
2025-10-21 14:00:00,中正變電所,FENGSHEN,4,990.0,1258.8166504249346,0
2025-10-21 14:00:00,成都變電所,FENGSHEN,4,990.0,1235.1840917128754,0
2025-10-21 14:00:00,新豐配電變電所,FENGSHEN,4,990.0,1204.1467762866234,0
2025-10-21 14:00:00,內惟配電變電所,FENGSHEN,4,990.0,1001.906874081829,0
2025-10-21 14:00:00,永華二次變電所,FENGSHEN,4,990.0,1014.8198748863134,0
2025-10-21 14:00:00,關西二次變電所,FENGSHEN,4,990.0,1211.3813224478947,0
2025-10-21 14:00:00,源海二次變電所,FENGSHEN,4,990.0,1258.8234779997283,0
2025-10-21 14:00:00,四湖配電變電所,FENGSHEN,4,990.0,1056.7983002537146,0
2025-10-21 14:00:00,新高港超高壓變電所,FENGSHEN,4,990.0,1007.160195215807,0
2025-10-21 14:00:00,九曲配電變電所,FENGSHEN,4,990.0,1013.63217413361,0
2025-10-21 14:00:00,崙背變電所,FENGSHEN,4,990.0,1075.2948150261511,0
2025-10-21 14:00:00,常德變電所,FENGSHEN,4,990.0,1257.0684827580592,0
2025-10-21 14:00:00,嶺口二次變電所,FENGSHEN,4,990.0,1013.6759222450195,0
2025-10-21 14:00:00,龍明配電變電所,FENGSHEN,4,990.0,1234.7486120846972,0
2025-10-21 14:00:00,新工配電變電所,FENGSHEN,4,990.0,1196.4414147219547,0
2025-10-21 20:00:00,榮成變電所,FENGSHEN,4,990.0,1265.0453639672573,0
2025-10-21 20:00:00,西螺服務區,FENGSHEN,4,990.0,1127.2480701765512,0
2025-10-21 20:00:00,中部科學園區,FENGSHEN,4,990.0,1173.7299986159287,0
2025-10-21 20:00:00,興變電所,FENGSHEN,4,990.0,1136.7381154182065,0
2025-10-21 20:00:00,中正變電所,FENGSHEN,4,990.0,1298.1008460510266,0
2025-10-21 20:00:00,成都變電所,FENGSHEN,4,990.0,1274.2681719661327,0
2025-10-21 20:00:00,新豐配電變電所,FENGSHEN,4,990.0,1243.0330584182525,0
2025-10-21 20:00:00,內惟配電變電所,FENGSHEN,4,990.0,1043.3217460925814,0
2025-10-21 20:00:00,永華二次變電所,FENGSHEN,4,990.0,1055.7299648599533,0
2025-10-21 20:00:00,關西二次變電所,FENGSHEN,4,990.0,1250.6230650328062,0
2025-10-21 20:00:00,源海二次變電所,FENGSHEN,4,990.0,1298.1075390175185,0
2025-10-21 20:00:00,四湖配電變電所,FENGSHEN,4,990.0,1096.7728956573899,0
2025-10-21 20:00:00,新高港超高壓變電所,FENGSHEN,4,990.0,1048.7872393833393,0
2025-10-21 20:00:00,九曲配電變電所,FENGSHEN,4,990.0,1054.5322014114786,0
2025-10-21 20:00:00,崙背變電所,FENGSHEN,4,990.0,1115.2152283543599,0
2025-10-21 20:00:00,常德變電所,FENGSHEN,4,990.0,1296.2733621755906,0
2025-10-21 20:00:00,嶺口二次變電所,FENGSHEN,4,990.0,1055.022808844112,0
2025-10-21 20:00:00,龍明配電變電所,FENGSHEN,4,990.0,1273.8285892876918,0
2025-10-21 20:00:00,新工配電變電所,FENGSHEN,4,990.0,1235.4419243218179,0
2025-10-22 02:00:00,榮成變電所,FENGSHEN,4,990.0,1312.1607999448993,0
2025-10-22 02:00:00,西螺服務區,FENGSHEN,4,990.0,1175.8759076383978,0
2025-10-22 02:00:00,中部科學園區,FENGSHEN,4,990.0,1221.8523323429583,0
2025-10-22 02:00:00,興變電所,FENGSHEN,4,990.0,1186.2870732016231,0
2025-10-22 02:00:00,中正變電所,FENGSHEN,4,990.0,1345.7875915723837,0
2025-10-22 02:00:00,成都變電所,FENGSHEN,4,990.0,1321.707479068182,0
2025-10-22 02:00:00,新豐配電變電所,FENGSHEN,4,990.0,1290.2322636649544,0
2025-10-22 02:00:00,內惟配電變電所,FENGSHEN,4,990.0,1093.8416442695996,0
2025-10-22 02:00:00,永華二次變電所,FENGSHEN,4,990.0,1105.5899224609166,0
2025-10-22 02:00:00,關西二次變電所,FENGSHEN,4,990.0,1298.2722932614931,0
2025-10-22 02:00:00,源海二次變電所,FENGSHEN,4,990.0,1345.7941098915953,0
2025-10-22 02:00:00,四湖配電變電所,FENGSHEN,4,990.0,1145.4168307464936,0
2025-10-22 02:00:00,新高港超高壓變電所,FENGSHEN,4,990.0,1099.5839237414812,0
2025-10-22 02:00:00,九曲配電變電所,FENGSHEN,4,990.0,1104.379564298969,0
2025-10-22 02:00:00,崙背變電所,FENGSHEN,4,990.0,1163.7826223083216,0
2025-10-22 02:00:00,常德變電所,FENGSHEN,4,990.0,1343.859212091356,0
2025-10-22 02:00:00,嶺口二次變電所,FENGSHEN,4,990.0,1105.450406311758,0
2025-10-22 02:00:00,龍明配電變電所,FENGSHEN,4,990.0,1321.2628204589673,0
2025-10-22 02:00:00,新工配電變電所,FENGSHEN,4,990.0,1282.78943741129,0
2025-10-22 08:00:00,榮成變電所,FENGSHEN,4,990.0,1359.7475026178754,0
2025-10-22 08:00:00,西螺服務區,FENGSHEN,4,990.0,1224.9251647764902,0
2025-10-22 08:00:00,中部科學園區,FENGSHEN,4,990.0,1270.4143278407591,0
2025-10-22 08:00:00,興變電所,FENGSHEN,4,990.0,1236.18642426987,0
2025-10-22 08:00:00,中正變電所,FENGSHEN,4,990.0,1393.8972045258809,0
2025-10-22 08:00:00,成都變電所,FENGSHEN,4,990.0,1369.5938462843296,0
2025-10-22 08:00:00,新豐配電變電所,FENGSHEN,4,990.0,1337.9060777827005,0
2025-10-22 08:00:00,內惟配電變電所,FENGSHEN,4,990.0,1144.6658538301285,0
2025-10-22 08:00:00,永華二次變電所,FENGSHEN,4,990.0,1155.8031541481182,0
2025-10-22 08:00:00,關西二次變電所,FENGSHEN,4,990.0,1346.36384813995,0
2025-10-22 08:00:00,源海二次變電所,FENGSHEN,4,990.0,1393.9035568314478,0
2025-10-22 08:00:00,四湖配電變電所,FENGSHEN,4,990.0,1194.4930115808977,0
2025-10-22 08:00:00,新高港超高壓變電所,FENGSHEN,4,990.0,1150.661048067687,0
2025-10-22 08:00:00,九曲配電變電所,FENGSHEN,4,990.0,1154.581611394887,0
2025-10-22 08:00:00,崙背變電所,FENGSHEN,4,990.0,1212.7806069934534,0
2025-10-22 08:00:00,常德變電所,FENGSHEN,4,990.0,1391.8748954744792,0
2025-10-22 08:00:00,嶺口二次變電所,FENGSHEN,4,990.0,1156.1862680270967,0
2025-10-22 08:00:00,龍明配電變電所,FENGSHEN,4,990.0,1369.144598689261,0
2025-10-22 08:00:00,新工配電變電所,FENGSHEN,4,990.0,1330.604882251829,0
2025-10-22 14:00:00,榮成變電所,FENGSHEN,3,998.0,1416.0164626938717,0
2025-10-22 14:00:00,西螺服務區,FENGSHEN,3,998.0,1282.9881290310964,0
2025-10-22 14:00:00,中部科學園區,FENGSHEN,3,998.0,1327.8796481669192,0
2025-10-22 14:00:00,興變電所,FENGSHEN,3,998.0,1295.2524574512197,0
2025-10-22 14:00:00,中正變電所,FENGSHEN,3,998.0,1450.769936891256,0
2025-10-22 14:00:00,成都變電所,FENGSHEN,3,998.0,1426.2127380717052,0
2025-10-22 14:00:00,新豐配電變電所,FENGSHEN,3,998.0,1394.2888134955151,0
2025-10-22 14:00:00,內惟配電變電所,FENGSHEN,3,998.0,1204.8696084609142,0
2025-10-22 14:00:00,永華二次變電所,FENGSHEN,3,998.0,1215.275292053043,0
2025-10-22 14:00:00,關西二次變電所,FENGSHEN,3,998.0,1403.2365761637388,0
2025-10-22 14:00:00,源海二次變電所,FENGSHEN,3,998.0,1450.776089295946,0
2025-10-22 14:00:00,四湖配電變電所,FENGSHEN,3,998.0,1252.6026148946303,0
2025-10-22 14:00:00,新高港超高壓變電所,FENGSHEN,3,998.0,1211.1652792158623,0
2025-10-22 14:00:00,九曲配電變電所,FENGSHEN,3,998.0,1214.040995745863,0
2025-10-22 14:00:00,崙背變電所,FENGSHEN,3,998.0,1270.7889105080146,0
2025-10-22 14:00:00,常德變電所,FENGSHEN,3,998.0,1448.6370098089465,0
2025-10-22 14:00:00,嶺口二次變電所,FENGSHEN,3,998.0,1216.280258602476,0
2025-10-22 14:00:00,龍明配電變電所,FENGSHEN,3,998.0,1425.758263462416,0
2025-10-22 14:00:00,新工配電變電所,FENGSHEN,3,998.0,1387.1585815735802,0
2025-10-22 20:00:00,西螺服務區,FENGSHEN,3,1002.0,1375.8249114852697,0
2025-10-22 20:00:00,中部科學園區,FENGSHEN,3,1002.0,1420.738234058491,0
2025-10-22 20:00:00,興變電所,FENGSHEN,3,1002.0,1387.9635207069111,0
2025-10-22 20:00:00,新豐配電變電所,FENGSHEN,3,1002.0,1487.0990864014689,0
2025-10-22 20:00:00,內惟配電變電所,FENGSHEN,3,1002.0,1297.263373277963,0
2025-10-22 20:00:00,永華二次變電所,FENGSHEN,3,1002.0,1307.8947661015193,0
2025-10-22 20:00:00,關西二次變電所,FENGSHEN,3,1002.0,1496.0812118680592,0
2025-10-22 20:00:00,四湖配電變電所,FENGSHEN,3,1002.0,1345.4356014448895,0
2025-10-22 20:00:00,新高港超高壓變電所,FENGSHEN,3,1002.0,1303.438719162393,0
2025-10-22 20:00:00,九曲配電變電所,FENGSHEN,3,1002.0,1306.6635703355441,0
2025-10-22 20:00:00,崙背變電所,FENGSHEN,3,1002.0,1363.6290250852617,0
2025-10-22 20:00:00,嶺口二次變電所,FENGSHEN,3,1002.0,1308.7142656552812,0
2025-10-22 20:00:00,新工配電變電所,FENGSHEN,3,1002.0,1479.9832789859074,0
2025-10-23 02:00:00,西螺服務區,FENGSHEN,3,1002.0,1458.2236006800674,0
2025-10-23 02:00:00,興變電所,FENGSHEN,3,1002.0,1469.5884233384415,0
2025-10-23 02:00:00,內惟配電變電所,FENGSHEN,3,1002.0,1377.816860725774,0
2025-10-23 02:00:00,永華二次變電所,FENGSHEN,3,1002.0,1389.1671608998922,0
2025-10-23 02:00:00,四湖配電變電所,FENGSHEN,3,1002.0,1427.8006640033982,0
2025-10-23 02:00:00,新高港超高壓變電所,FENGSHEN,3,1002.0,1383.6611148629677,0
2025-10-23 02:00:00,九曲配電變電所,FENGSHEN,3,1002.0,1387.947694151351,0
2025-10-23 02:00:00,崙背變電所,FENGSHEN,3,1002.0,1446.0653610733445,0
2025-10-23 02:00:00,嶺口二次變電所,FENGSHEN,3,1002.0,1389.3811305891923,0
2025-10-23 08:00:00,西螺服務區,FENGSHEN,2,1008.0,1497.197568023177,0
2025-10-23 08:00:00,內惟配電變電所,FENGSHEN,2,1008.0,1416.7895756077821,0
2025-10-23 08:00:00,永華二次變電所,FENGSHEN,2,1008.0,1428.1619690814139,0
2025-10-23 08:00:00,四湖配電變電所,FENGSHEN,2,1008.0,1466.7763011663262,0
2025-10-23 08:00:00,新高港超高壓變電所,FENGSHEN,2,1008.0,1422.6162951930173,0
2025-10-23 08:00:00,九曲配電變電所,FENGSHEN,2,1008.0,1426.942667716295,0
2025-10-23 08:00:00,崙背變電所,FENGSHEN,2,1008.0,1485.037033282253,0
2025-10-23 08:00:00,嶺口二次變電所,FENGSHEN,2,1008.0,1428.3587225455587,0
2025-11-03 20:00:00,內惟配電變電所,KALMAEGI,5,965.0,1481.6493317582854,0
2025-11-03 20:00:00,新高港超高壓變電所,KALMAEGI,5,965.0,1466.5629829551906,0
2025-11-03 20:00:00,嶺口二次變電所,KALMAEGI,5,965.0,1487.527154399475,0
2025-11-04 02:00:00,興變電所,KALMAEGI,5,965.0,1484.3220306528005,0
2025-11-04 02:00:00,內惟配電變電所,KALMAEGI,5,965.0,1411.1634239091366,0
2025-11-04 02:00:00,永華二次變電所,KALMAEGI,5,965.0,1447.740859118939,0
2025-11-04 02:00:00,新高港超高壓變電所,KALMAEGI,5,965.0,1397.0447474855919,0
2025-11-04 02:00:00,九曲配電變電所,KALMAEGI,5,965.0,1448.0908392920182,0
2025-11-04 02:00:00,嶺口二次變電所,KALMAEGI,5,965.0,1418.4312244550779,0
2025-11-04 08:00:00,西螺服務區,KALMAEGI,5,970.0,1493.9004634896505,0
2025-11-04 08:00:00,興變電所,KALMAEGI,5,970.0,1454.9928698196632,0
2025-11-04 08:00:00,內惟配電變電所,KALMAEGI,5,970.0,1374.6415103665356,0
2025-11-04 08:00:00,永華二次變電所,KALMAEGI,5,970.0,1411.4797835224158,0
2025-11-04 08:00:00,四湖配電變電所,KALMAEGI,5,970.0,1481.2858449883777,0
2025-11-04 08:00:00,新高港超高壓變電所,KALMAEGI,5,970.0,1361.4353813375512,0
2025-11-04 08:00:00,九曲配電變電所,KALMAEGI,5,970.0,1411.700500821411,0
2025-11-04 08:00:00,崙背變電所,KALMAEGI,5,970.0,1491.7600488504045,0
2025-11-04 08:00:00,嶺口二次變電所,KALMAEGI,5,970.0,1382.9053454265922,0
2025-11-04 14:00:00,西螺服務區,KALMAEGI,5,975.0,1487.6458258124565,0
2025-11-04 14:00:00,興變電所,KALMAEGI,5,975.0,1451.1242853564354,0
2025-11-04 14:00:00,內惟配電變電所,KALMAEGI,5,975.0,1365.0455584948413,0
2025-11-04 14:00:00,永華二次變電所,KALMAEGI,5,975.0,1401.8174484431172,0
2025-11-04 14:00:00,四湖配電變電所,KALMAEGI,5,975.0,1472.8012970003604,0
2025-11-04 14:00:00,新高港超高壓變電所,KALMAEGI,5,975.0,1352.7632040969438,0
2025-11-04 14:00:00,九曲配電變電所,KALMAEGI,5,975.0,1401.9213103217883,0
2025-11-04 14:00:00,崙背變電所,KALMAEGI,5,975.0,1484.5152662355151,0
2025-11-04 14:00:00,嶺口二次變電所,KALMAEGI,5,975.0,1374.1278486424549,0
2025-11-04 20:00:00,西螺服務區,KALMAEGI,5,975.0,1445.820672958094,0
2025-11-04 20:00:00,中部科學園區,KALMAEGI,5,975.0,1491.973376515603,0
2025-11-04 20:00:00,興變電所,KALMAEGI,5,975.0,1412.1755683858958,0
2025-11-04 20:00:00,內惟配電變電所,KALMAEGI,5,975.0,1320.601063476105,0
2025-11-04 20:00:00,永華二次變電所,KALMAEGI,5,975.0,1356.984669274177,0
2025-11-04 20:00:00,四湖配電變電所,KALMAEGI,5,975.0,1428.6747768958762,0
2025-11-04 20:00:00,新高港超高壓變電所,KALMAEGI,5,975.0,1309.429617813265,0
2025-11-04 20:00:00,九曲配電變電所,KALMAEGI,5,975.0,1356.9613309435313,0
2025-11-04 20:00:00,崙背變電所,KALMAEGI,5,975.0,1441.6410080062544,0
2025-11-04 20:00:00,嶺口二次變電所,KALMAEGI,5,975.0,1330.489971535764,0
2025-11-05 02:00:00,西螺服務區,KALMAEGI,5,970.0,1424.8971067158081,0
2025-11-05 02:00:00,中部科學園區,KALMAEGI,5,970.0,1472.768918535539,0
2025-11-05 02:00:00,興變電所,KALMAEGI,5,970.0,1393.9666273285904,0
2025-11-05 02:00:00,內惟配電變電所,KALMAEGI,5,970.0,1298.2604954629212,0
2025-11-05 02:00:00,永華二次變電所,KALMAEGI,5,970.0,1334.036897185298,0
2025-11-05 02:00:00,四湖配電變電所,KALMAEGI,5,970.0,1405.857218351956,0
2025-11-05 02:00:00,新高港超高壓變電所,KALMAEGI,5,970.0,1288.1464392802388,0
2025-11-05 02:00:00,九曲配電變電所,KALMAEGI,5,970.0,1333.9023587418776,0
2025-11-05 02:00:00,崙背變電所,KALMAEGI,5,970.0,1419.8316350474536,0
2025-11-05 02:00:00,嶺口二次變電所,KALMAEGI,5,970.0,1308.7810000086022,0
2025-11-05 08:00:00,西螺服務區,KALMAEGI,5,970.0,1403.737197341463,0
2025-11-05 08:00:00,中部科學園區,KALMAEGI,5,970.0,1453.3521790945981,0
2025-11-05 08:00:00,興變電所,KALMAEGI,5,970.0,1376.4186789036876,0
2025-11-05 08:00:00,內惟配電變電所,KALMAEGI,5,970.0,1276.479603988557,0
2025-11-05 08:00:00,永華二次變電所,KALMAEGI,5,970.0,1311.1608687209198,0
2025-11-05 08:00:00,四湖配電變電所,KALMAEGI,5,970.0,1382.5101789134305,0
2025-11-05 08:00:00,新高港超高壓變電所,KALMAEGI,5,970.0,1267.7776131177175,0
2025-11-05 08:00:00,九曲配電變電所,KALMAEGI,5,970.0,1310.8895326591846,0
2025-11-05 08:00:00,崙背變電所,KALMAEGI,5,970.0,1397.617438526559,0
2025-11-05 08:00:00,嶺口二次變電所,KALMAEGI,5,970.0,1287.6812836384054,0
2025-11-05 14:00:00,西螺服務區,KALMAEGI,5,970.0,1359.648922081116,0
2025-11-05 14:00:00,中部科學園區,KALMAEGI,5,970.0,1410.5672626541946,0
2025-11-05 14:00:00,興變電所,KALMAEGI,5,970.0,1336.1863731266112,0
2025-11-05 14:00:00,新豐配電變電所,KALMAEGI,5,970.0,1491.848029556081,0
2025-11-05 14:00:00,內惟配電變電所,KALMAEGI,5,970.0,1233.0304336076488,0
2025-11-05 14:00:00,永華二次變電所,KALMAEGI,5,970.0,1266.2504699679373,0
2025-11-05 14:00:00,關西二次變電所,KALMAEGI,5,970.0,1484.8127143543877,0
2025-11-05 14:00:00,四湖配電變電所,KALMAEGI,5,970.0,1336.4374437293166,0
2025-11-05 14:00:00,新高港超高壓變電所,KALMAEGI,5,970.0,1225.837969294735,0
2025-11-05 14:00:00,九曲配電變電所,KALMAEGI,5,970.0,1265.8453262955964,0
2025-11-05 14:00:00,崙背變電所,KALMAEGI,5,970.0,1352.5345911006418,0
2025-11-05 14:00:00,嶺口二次變電所,KALMAEGI,5,970.0,1244.7927093897113,0
2025-11-05 14:00:00,新工配電變電所,KALMAEGI,5,970.0,1481.5897093403778,0
2025-11-05 20:00:00,榮成變電所,KALMAEGI,5,965.0,1496.3934780093955,0
2025-11-05 20:00:00,西螺服務區,KALMAEGI,5,965.0,1341.714860765279,0
2025-11-05 20:00:00,中部科學園區,KALMAEGI,5,965.0,1393.7018677233177,0
2025-11-05 20:00:00,興變電所,KALMAEGI,5,965.0,1323.893689914589,0
2025-11-05 20:00:00,成都變電所,KALMAEGI,5,965.0,1496.6015354979793,0
2025-11-05 20:00:00,新豐配電變電所,KALMAEGI,5,965.0,1475.4108495744345,0
2025-11-05 20:00:00,內惟配電變電所,KALMAEGI,5,965.0,1218.0329245770865,0
2025-11-05 20:00:00,永華二次變電所,KALMAEGI,5,965.0,1248.6559209003783,0
2025-11-05 20:00:00,關西二次變電所,KALMAEGI,5,965.0,1471.0546247282077,0
2025-11-05 20:00:00,四湖配電變電所,KALMAEGI,5,965.0,1316.107324049003,0
2025-11-05 20:00:00,新高港超高壓變電所,KALMAEGI,5,965.0,1213.0475778692237,0
2025-11-05 20:00:00,九曲配電變電所,KALMAEGI,5,965.0,1248.072420953407,0
2025-11-05 20:00:00,崙背變電所,KALMAEGI,5,965.0,1333.332981727591,0
2025-11-05 20:00:00,嶺口二次變電所,KALMAEGI,5,965.0,1230.3591072656218,0
2025-11-05 20:00:00,龍明配電變電所,KALMAEGI,5,965.0,1496.3448246359276,0
2025-11-05 20:00:00,新工配電變電所,KALMAEGI,5,965.0,1465.346781421771,0
2025-11-06 02:00:00,西螺服務區,KALMAEGI,5,960.0,1345.3949049440525,0
2025-11-06 02:00:00,中部科學園區,KALMAEGI,5,960.0,1397.5525015088833,0
2025-11-06 02:00:00,興變電所,KALMAEGI,5,960.0,1334.3944316210923,0
2025-11-06 02:00:00,新豐配電變電所,KALMAEGI,5,960.0,1478.2417374390127,0
2025-11-06 02:00:00,內惟配電變電所,KALMAEGI,5,960.0,1227.9272542119925,0
2025-11-06 02:00:00,永華二次變電所,KALMAEGI,5,960.0,1254.8246929196296,0
2025-11-06 02:00:00,關西二次變電所,KALMAEGI,5,960.0,1477.0242227164265,0
2025-11-06 02:00:00,四湖配電變電所,KALMAEGI,5,960.0,1317.5845820092993,0
2025-11-06 02:00:00,新高港超高壓變電所,KALMAEGI,5,960.0,1225.5799749285577,0
2025-11-06 02:00:00,九曲配電變電所,KALMAEGI,5,960.0,1254.0510488357477,0
2025-11-06 02:00:00,崙背變電所,KALMAEGI,5,960.0,1335.7357947213702,0
2025-11-06 02:00:00,嶺口二次變電所,KALMAEGI,5,960.0,1240.5866904896423,0
2025-11-06 02:00:00,新工配電變電所,KALMAEGI,5,960.0,1468.5772150371545,0
2025-11-06 08:00:00,西螺服務區,KALMAEGI,5,955.0,1473.9263155126914,0
2025-11-06 08:00:00,興變電所,KALMAEGI,5,955.0,1469.1721322816554,0
2025-11-06 08:00:00,內惟配電變電所,KALMAEGI,5,955.0,1364.3257211414918,0
2025-11-06 08:00:00,永華二次變電所,KALMAEGI,5,955.0,1387.3978642453994,0
2025-11-06 08:00:00,四湖配電變電所,KALMAEGI,5,955.0,1444.6790402878341,0
2025-11-06 08:00:00,新高港超高壓變電所,KALMAEGI,5,955.0,1364.294257330148,0
2025-11-06 08:00:00,九曲配電變電所,KALMAEGI,5,955.0,1386.473496179093,0
2025-11-06 08:00:00,崙背變電所,KALMAEGI,5,955.0,1463.3054453760712,0
2025-11-06 08:00:00,嶺口二次變電所,KALMAEGI,5,955.0,1377.0006783132496,0
2025-11-06 14:00:00,內惟配電變電所,KALMAEGI,5,950.0,1452.36461058023,0
2025-11-06 14:00:00,永華二次變電所,KALMAEGI,5,950.0,1472.4849543105086,0
2025-11-06 14:00:00,新高港超高壓變電所,KALMAEGI,5,950.0,1453.953208007265,0
2025-11-06 14:00:00,九曲配電變電所,KALMAEGI,5,950.0,1471.4659978986242,0
2025-11-06 14:00:00,嶺口二次變電所,KALMAEGI,5,950.0,1464.9005029468149,0
2025-11-08 20:00:00,西螺服務區,FUNG-WONG,5,955.0,1447.488465069544,0
2025-11-08 20:00:00,中部科學園區,FUNG-WONG,5,955.0,1471.8947466283405,0
2025-11-08 20:00:00,興變電所,FUNG-WONG,5,955.0,1400.6674033569748,0
2025-11-08 20:00:00,內惟配電變電所,FUNG-WONG,5,955.0,1359.5496643907072,0
2025-11-08 20:00:00,永華二次變電所,FUNG-WONG,5,955.0,1392.1331290369392,0
2025-11-08 20:00:00,關西二次變電所,FUNG-WONG,5,955.0,1499.6254388468756,0
2025-11-08 20:00:00,四湖配電變電所,FUNG-WONG,5,955.0,1447.7657886805625,0
2025-11-08 20:00:00,新高港超高壓變電所,FUNG-WONG,5,955.0,1343.3328048643818,0
2025-11-08 20:00:00,九曲配電變電所,FUNG-WONG,5,955.0,1392.9251508814605,0
2025-11-08 20:00:00,崙背變電所,FUNG-WONG,5,955.0,1450.6922067772932,0
2025-11-08 20:00:00,嶺口二次變電所,FUNG-WONG,5,955.0,1362.5793881144948,0
2025-11-09 02:00:00,榮成變電所,FUNG-WONG,5,950.0,1387.9855218720782,0
2025-11-09 02:00:00,西螺服務區,FUNG-WONG,5,950.0,1294.292067176272,0
2025-11-09 02:00:00,中部科學園區,FUNG-WONG,5,950.0,1323.6073220152662,0
2025-11-09 02:00:00,興變電所,FUNG-WONG,5,950.0,1248.6547346766667,0
2025-11-09 02:00:00,中正變電所,FUNG-WONG,5,950.0,1368.3350004854142,0
2025-11-09 02:00:00,成都變電所,FUNG-WONG,5,950.0,1374.813615020488,0
2025-11-09 02:00:00,新豐配電變電所,FUNG-WONG,5,950.0,1379.1597648622226,0
2025-11-09 02:00:00,內惟配電變電所,FUNG-WONG,5,950.0,1196.8804341964078,0
2025-11-09 02:00:00,永華二次變電所,FUNG-WONG,5,950.0,1231.127273774103,0
2025-11-09 02:00:00,關西二次變電所,FUNG-WONG,5,950.0,1359.5515052530704,0
2025-11-09 02:00:00,源海二次變電所,FUNG-WONG,5,950.0,1368.345265853364,0
2025-11-09 02:00:00,四湖配電變電所,FUNG-WONG,5,950.0,1291.2907891418947,0
2025-11-09 02:00:00,新高港超高壓變電所,FUNG-WONG,5,950.0,1181.0594830759828,0
2025-11-09 02:00:00,九曲配電變電所,FUNG-WONG,5,950.0,1231.79592066664,0
2025-11-09 02:00:00,崙背變電所,FUNG-WONG,5,950.0,1296.181214958398,0
2025-11-09 02:00:00,常德變電所,FUNG-WONG,5,950.0,1372.878645369492,0
2025-11-09 02:00:00,嶺口二次變電所,FUNG-WONG,5,950.0,1201.2332939049181,0
2025-11-09 02:00:00,龍明配電變電所,FUNG-WONG,5,950.0,1374.9559601833766,0
2025-11-09 02:00:00,新工配電變電所,FUNG-WONG,5,950.0,1370.6795524147885,0
2025-11-09 08:00:00,榮成變電所,FUNG-WONG,5,935.0,1255.7989378284667,0
2025-11-09 08:00:00,西螺服務區,FUNG-WONG,5,935.0,1149.9457371497683,0
2025-11-09 08:00:00,中部科學園區,FUNG-WONG,5,935.0,1183.5048641109936,0
2025-11-09 08:00:00,興變電所,FUNG-WONG,5,935.0,1105.9228369112802,0
2025-11-09 08:00:00,中正變電所,FUNG-WONG,5,935.0,1240.3838121054575,0
2025-11-09 08:00:00,成都變電所,FUNG-WONG,5,935.0,1244.0325435476657,0
2025-11-09 08:00:00,新豐配電變電所,FUNG-WONG,5,935.0,1244.9082325929703,0
2025-11-09 08:00:00,內惟配電變電所,FUNG-WONG,5,935.0,1044.7422464897434,0
2025-11-09 08:00:00,永華二次變電所,FUNG-WONG,5,935.0,1080.1818304987746,0
2025-11-09 08:00:00,關西二次變電所,FUNG-WONG,5,935.0,1226.6769946355737,0
2025-11-09 08:00:00,源海二次變電所,FUNG-WONG,5,935.0,1240.394478295206,0
2025-11-09 08:00:00,四湖配電變電所,FUNG-WONG,5,935.0,1143.9356453921916,0
2025-11-09 08:00:00,新高港超高壓變電所,FUNG-WONG,5,935.0,1029.4639409008703,0
2025-11-09 08:00:00,九曲配電變電所,FUNG-WONG,5,935.0,1080.728800790492,0
2025-11-09 08:00:00,崙背變電所,FUNG-WONG,5,935.0,1150.5952281031136,0
2025-11-09 08:00:00,常德變電所,FUNG-WONG,5,935.0,1244.5724518525578,0
2025-11-09 08:00:00,嶺口二次變電所,FUNG-WONG,5,935.0,1050.2864546633398,0
2025-11-09 08:00:00,龍明配電變電所,FUNG-WONG,5,935.0,1244.1227043654417,0
2025-11-09 08:00:00,新工配電變電所,FUNG-WONG,5,935.0,1235.8711996277477,0
2025-11-09 14:00:00,榮成變電所,FUNG-WONG,5,935.0,1195.2836443796605,0
2025-11-09 14:00:00,西螺服務區,FUNG-WONG,5,935.0,1075.8304383947207,0
2025-11-09 14:00:00,中部科學園區,FUNG-WONG,5,935.0,1114.3075523912557,0
2025-11-09 14:00:00,興變電所,FUNG-WONG,5,935.0,1034.602022537926,0
2025-11-09 14:00:00,中正變電所,FUNG-WONG,5,935.0,1185.1326688715517,0
2025-11-09 14:00:00,成都變電所,FUNG-WONG,5,935.0,1185.3697953598848,0
2025-11-09 14:00:00,新豐配電變電所,FUNG-WONG,5,935.0,1182.0531934599403,0
2025-11-09 14:00:00,內惟配電變電所,FUNG-WONG,5,935.0,961.8862337323131,0
2025-11-09 14:00:00,永華二次變電所,FUNG-WONG,5,935.0,998.380374360947,0
2025-11-09 14:00:00,關西二次變電所,FUNG-WONG,5,935.0,1165.7543289612106,0
2025-11-09 14:00:00,源海二次變電所,FUNG-WONG,5,935.0,1185.1436478878295,0
2025-11-09 14:00:00,四湖配電變電所,FUNG-WONG,5,935.0,1065.9711803063049,0
2025-11-09 14:00:00,新高港超高壓變電所,FUNG-WONG,5,935.0,947.6245367974253,0
2025-11-09 14:00:00,九曲配電變電所,FUNG-WONG,5,935.0,998.7522088095704,0
2025-11-09 14:00:00,崙背變電所,FUNG-WONG,5,935.0,1074.856411647191,0
2025-11-09 14:00:00,常德變電所,FUNG-WONG,5,935.0,1188.8401264748518,0
2025-11-09 14:00:00,嶺口二次變電所,FUNG-WONG,5,935.0,968.9791326449255,0
2025-11-09 14:00:00,龍明配電變電所,FUNG-WONG,5,935.0,1185.3963105701969,0
2025-11-09 14:00:00,新工配電變電所,FUNG-WONG,5,935.0,1172.467493150888,0
2025-11-09 20:00:00,榮成變電所,FUNG-WONG,5,950.0,1009.2442712875047,0
2025-11-09 20:00:00,西螺服務區,FUNG-WONG,5,950.0,878.2889017507487,0
2025-11-09 20:00:00,中部科學園區,FUNG-WONG,5,950.0,920.8994956106025,0
2025-11-09 20:00:00,興變電所,FUNG-WONG,5,950.0,840.48989355827,0
2025-11-09 20:00:00,中正變電所,FUNG-WONG,5,950.0,1004.7088775349928,0
2025-11-09 20:00:00,成都變電所,FUNG-WONG,5,950.0,1001.3884129015416,0
2025-11-09 20:00:00,新豐配電變電所,FUNG-WONG,5,950.0,993.8574496111703,0
2025-11-09 20:00:00,內惟配電變電所,FUNG-WONG,5,950.0,758.0592855544677,0
2025-11-09 20:00:00,永華二次變電所,FUNG-WONG,5,950.0,794.9050008252946,0
2025-11-09 20:00:00,關西二次變電所,FUNG-WONG,5,950.0,979.7806217825051,0
2025-11-09 20:00:00,源海二次變電所,FUNG-WONG,5,950.0,1004.7199935350643,0
2025-11-09 20:00:00,四湖配電變電所,FUNG-WONG,5,950.0,864.9659908635617,0
2025-11-09 20:00:00,新高港超高壓變電所,FUNG-WONG,5,950.0,744.9997883455497,0
2025-11-09 20:00:00,九曲配電變電所,FUNG-WONG,5,950.0,795.1104896572332,0
2025-11-09 20:00:00,崙背變電所,FUNG-WONG,5,950.0,875.7920682840303,0
2025-11-09 20:00:00,常德變電所,FUNG-WONG,5,950.0,1007.8466345960192,0
2025-11-09 20:00:00,嶺口二次變電所,FUNG-WONG,5,950.0,766.4622987389505,0
2025-11-09 20:00:00,龍明配電變電所,FUNG-WONG,5,950.0,1001.3488782179686,0
2025-11-09 20:00:00,新工配電變電所,FUNG-WONG,5,950.0,983.871928069074,0
2025-11-10 02:00:00,榮成變電所,FUNG-WONG,5,965.0,946.2135151979512,0
2025-11-10 02:00:00,西螺服務區,FUNG-WONG,5,965.0,801.370431086408,0
2025-11-10 02:00:00,中部科學園區,FUNG-WONG,5,965.0,849.3029438788469,0
2025-11-10 02:00:00,興變電所,FUNG-WONG,5,965.0,770.7153975588576,0
2025-11-10 02:00:00,中正變電所,FUNG-WONG,5,965.0,949.9530948416135,0
2025-11-10 02:00:00,成都變電所,FUNG-WONG,5,965.0,941.6171856477935,0
2025-11-10 02:00:00,新豐配電變電所,FUNG-WONG,5,965.0,928.057937942083,0
2025-11-10 02:00:00,內惟配電變電所,FUNG-WONG,5,965.0,674.8232419595948,0
2025-11-10 02:00:00,永華二次變電所,FUNG-WONG,5,965.0,710.7232555047582,0
2025-11-10 02:00:00,關西二次變電所,FUNG-WONG,5,965.0,917.7426312599433,0
2025-11-10 02:00:00,源海二次變電所,FUNG-WONG,5,965.0,949.9640619770144,0
2025-11-10 02:00:00,四湖配電變電所,FUNG-WONG,5,965.0,782.5539892854977,0
2025-11-10 02:00:00,新高港超高壓變電所,FUNG-WONG,5,965.0,664.6174946847214,0
2025-11-10 02:00:00,九曲配電變電所,FUNG-WONG,5,965.0,710.6124945237196,0
2025-11-10 02:00:00,崙背變電所,FUNG-WONG,5,965.0,796.3703733012333,0
2025-11-10 02:00:00,常德變電所,FUNG-WONG,5,965.0,952.1845862581371,0
2025-11-10 02:00:00,嶺口二次變電所,FUNG-WONG,5,965.0,685.2785388155099,0
2025-11-10 02:00:00,龍明配電變電所,FUNG-WONG,5,965.0,941.4824941442225,0
2025-11-10 02:00:00,新工配電變電所,FUNG-WONG,5,965.0,917.768228293688,0
2025-11-10 08:00:00,榮成變電所,FUNG-WONG,5,975.0,891.654541287054,0
2025-11-10 08:00:00,西螺服務區,FUNG-WONG,5,975.0,742.0893415400832,0
2025-11-10 08:00:00,中部科學園區,FUNG-WONG,5,975.0,791.8909141422636,0
2025-11-10 08:00:00,興變電所,FUNG-WONG,5,975.0,715.5504361780379,0
2025-11-10 08:00:00,中正變電所,FUNG-WONG,5,975.0,899.4111367599027,0
2025-11-10 08:00:00,成都變電所,FUNG-WONG,5,975.0,888.7162878156702,0
2025-11-10 08:00:00,新豐配電變電所,FUNG-WONG,5,975.0,872.379821890706,0
2025-11-10 08:00:00,內惟配電變電所,FUNG-WONG,5,975.0,614.8362539697857,0
2025-11-10 08:00:00,永華二次變電所,FUNG-WONG,5,975.0,649.4777446874044,0
2025-11-10 08:00:00,關西二次變電所,FUNG-WONG,5,975.0,864.0487758781273,0
2025-11-10 08:00:00,源海二次變電所,FUNG-WONG,5,975.0,899.421884163007,0
2025-11-10 08:00:00,四湖配電變電所,FUNG-WONG,5,975.0,720.865655364988,0
2025-11-10 08:00:00,新高港超高壓變電所,FUNG-WONG,5,975.0,606.3374935900209,0
2025-11-10 08:00:00,九曲配電變電所,FUNG-WONG,5,975.0,649.2096172471909,0
2025-11-10 08:00:00,崙背變電所,FUNG-WONG,5,975.0,735.9320669453231,0
2025-11-10 08:00:00,常德變電所,FUNG-WONG,5,975.0,901.1661762949749,0
2025-11-10 08:00:00,嶺口二次變電所,FUNG-WONG,5,975.0,626.1022901381139,0
2025-11-10 08:00:00,龍明配電變電所,FUNG-WONG,5,975.0,888.5366152991904,0
2025-11-10 08:00:00,新工配電變電所,FUNG-WONG,5,975.0,862.077633903676,0
2025-11-10 14:00:00,榮成變電所,FUNG-WONG,4,980.0,849.7787087425395,0
2025-11-10 14:00:00,西螺服務區,FUNG-WONG,4,980.0,697.4071361068341,0
2025-11-10 14:00:00,中部科學園區,FUNG-WONG,4,980.0,748.361663769344,0
2025-11-10 14:00:00,興變電所,FUNG-WONG,4,980.0,674.5347248258919,0
2025-11-10 14:00:00,中正變電所,FUNG-WONG,4,980.0,860.7402251783785,0
2025-11-10 14:00:00,成都變電所,FUNG-WONG,4,980.0,848.2036678882647,0
2025-11-10 14:00:00,新豐配電變電所,FUNG-WONG,4,980.0,829.7149099452574,0
2025-11-10 14:00:00,內惟配電變電所,FUNG-WONG,4,980.0,570.8475542230132,0
2025-11-10 14:00:00,永華二次變電所,FUNG-WONG,4,980.0,604.0177777332578,0
2025-11-10 14:00:00,關西二次變電所,FUNG-WONG,4,980.0,823.0526175545511,0
2025-11-10 14:00:00,源海二次變電所,FUNG-WONG,4,980.0,860.7507259981046,0
2025-11-10 14:00:00,四湖配電變電所,FUNG-WONG,4,980.0,674.3525014049446,0
2025-11-10 14:00:00,新高港超高壓變電所,FUNG-WONG,4,980.0,563.9184601345958,0
2025-11-10 14:00:00,九曲配電變電所,FUNG-WONG,4,980.0,603.6186737022502,0
2025-11-10 14:00:00,崙背變電所,FUNG-WONG,4,980.0,690.3370162822786,0
2025-11-10 14:00:00,常德變電所,FUNG-WONG,4,980.0,862.0987999294273,0
2025-11-10 14:00:00,嶺口二次變電所,FUNG-WONG,4,980.0,582.6697325920962,0
2025-11-10 14:00:00,龍明配電變電所,FUNG-WONG,4,980.0,847.9886657289364,0
2025-11-10 14:00:00,新工配電變電所,FUNG-WONG,4,980.0,819.468554290199,0
2025-11-10 20:00:00,榮成變電所,FUNG-WONG,4,980.0,798.7379528765399,0
2025-11-10 20:00:00,西螺服務區,FUNG-WONG,4,980.0,644.5486594291507,0
2025-11-10 20:00:00,中部科學園區,FUNG-WONG,4,980.0,696.2925492541282,0
2025-11-10 20:00:00,興變電所,FUNG-WONG,4,980.0,625.5853480977255,0
2025-11-10 20:00:00,中正變電所,FUNG-WONG,4,980.0,812.8168116115588,0
2025-11-10 20:00:00,成都變電所,FUNG-WONG,4,980.0,798.5216320388779,0
2025-11-10 20:00:00,新豐配電變電所,FUNG-WONG,4,980.0,778.0042039478922,0
2025-11-10 20:00:00,內惟配電變電所,FUNG-WONG,4,980.0,519.9174452279074,0
2025-11-10 20:00:00,永華二次變電所,FUNG-WONG,4,980.0,551.195126933572,0
2025-11-10 20:00:00,關西二次變電所,FUNG-WONG,4,980.0,773.0354619360228,0
2025-11-10 20:00:00,源海二次變電所,FUNG-WONG,4,980.0,812.8270074792019,0
2025-11-10 20:00:00,四湖配電變電所,FUNG-WONG,4,980.0,619.8277952041896,0
2025-11-10 20:00:00,新高港超高壓變電所,FUNG-WONG,4,980.0,514.7140716796254,0
2025-11-10 20:00:00,九曲配電變電所,FUNG-WONG,4,980.0,550.6653512062314,0
2025-11-10 20:00:00,崙背變電所,FUNG-WONG,4,980.0,636.6134304012238,0
2025-11-10 20:00:00,常德變電所,FUNG-WONG,4,980.0,813.7735807313052,0
2025-11-10 20:00:00,嶺口二次變電所,FUNG-WONG,4,980.0,532.1778414790471,0
2025-11-10 20:00:00,龍明配電變電所,FUNG-WONG,4,980.0,798.2727893252903,0
2025-11-10 20:00:00,新工配電變電所,FUNG-WONG,4,980.0,767.8711511883189,0
2025-11-11 02:00:00,榮成變電所,FUNG-WONG,4,980.0,758.3182743715922,0
2025-11-11 02:00:00,西螺服務區,FUNG-WONG,4,980.0,603.3493440646921,0
2025-11-11 02:00:00,中部科學園區,FUNG-WONG,4,980.0,655.4811591359495,0
2025-11-11 02:00:00,興變電所,FUNG-WONG,4,980.0,588.0208368387489,0
2025-11-11 02:00:00,中正變電所,FUNG-WONG,4,980.0,775.0403504996136,0
2025-11-11 02:00:00,成都變電所,FUNG-WONG,4,980.0,759.2846281810521,0
2025-11-11 02:00:00,新豐配電變電所,FUNG-WONG,4,980.0,737.0929752702551,0
2025-11-11 02:00:00,內惟配電變電所,FUNG-WONG,4,980.0,481.5258279057331,0
2025-11-11 02:00:00,永華二次變電所,FUNG-WONG,4,980.0,510.74970767709044,0
2025-11-11 02:00:00,關西二次變電所,FUNG-WONG,4,980.0,733.6260085327832,0
2025-11-11 02:00:00,源海二次變電所,FUNG-WONG,4,980.0,775.0502355583403,0
2025-11-11 02:00:00,四湖配電變電所,FUNG-WONG,4,980.0,577.2937663262012,0
2025-11-11 02:00:00,新高港超高壓變電所,FUNG-WONG,4,980.0,477.9712202226728,0
2025-11-11 02:00:00,九曲配電變電所,FUNG-WONG,4,980.0,510.1048674259133,0
2025-11-11 02:00:00,崙背變電所,FUNG-WONG,4,980.0,594.6897167655688,0
2025-11-11 02:00:00,常德變電所,FUNG-WONG,4,980.0,775.6447277042386,0
2025-11-11 02:00:00,嶺口二次變電所,FUNG-WONG,4,980.0,494.05819893511455,0
2025-11-11 02:00:00,龍明配電變電所,FUNG-WONG,4,980.0,759.00750255099,0
2025-11-11 02:00:00,新工配電變電所,FUNG-WONG,4,980.0,727.105703167334,0
2025-11-11 08:00:00,榮成變電所,FUNG-WONG,4,980.0,687.3202109410927,0
2025-11-11 08:00:00,西螺服務區,FUNG-WONG,4,980.0,532.2686392213525,0
2025-11-11 08:00:00,中部科學園區,FUNG-WONG,4,980.0,584.4943063079189,0
2025-11-11 08:00:00,興變電所,FUNG-WONG,4,980.0,519.749835206199,0
2025-11-11 08:00:00,中正變電所,FUNG-WONG,4,980.0,705.8998193395367,0
2025-11-11 08:00:00,成都變電所,FUNG-WONG,4,980.0,689.1190772767417,0
2025-11-11 08:00:00,新豐配電變電所,FUNG-WONG,4,980.0,665.807000974673,0
2025-11-11 08:00:00,內惟配電變電所,FUNG-WONG,4,980.0,413.26620192834076,0
2025-11-11 08:00:00,永華二次變電所,FUNG-WONG,4,980.0,440.6630311789189,0
2025-11-11 08:00:00,關西二次變電所,FUNG-WONG,4,980.0,663.4056109637723,0
2025-11-11 08:00:00,源海二次變電所,FUNG-WONG,4,980.0,705.9094462067613,0
2025-11-11 08:00:00,四湖配電變電所,FUNG-WONG,4,980.0,505.3739012607054,0
2025-11-11 08:00:00,新高港超高壓變電所,FUNG-WONG,4,980.0,411.1202656338357,0
2025-11-11 08:00:00,九曲配電變電所,FUNG-WONG,4,980.0,439.93415678110955,0
2025-11-11 08:00:00,崙背變電所,FUNG-WONG,4,980.0,523.129500954384,0
2025-11-11 08:00:00,常德變電所,FUNG-WONG,4,980.0,706.2418438369867,0
2025-11-11 08:00:00,嶺口二次變電所,FUNG-WONG,4,980.0,425.9256207736672,0
2025-11-11 08:00:00,龍明配電變電所,FUNG-WONG,4,980.0,688.8223750757553,0
2025-11-11 08:00:00,新工配電變電所,FUNG-WONG,4,980.0,655.9453072556913,0
2025-11-11 14:00:00,榮成變電所,FUNG-WONG,4,985.0,598.3502772352309,0
2025-11-11 14:00:00,西螺服務區,FUNG-WONG,4,985.0,443.4955037056469,0
2025-11-11 14:00:00,中部科學園區,FUNG-WONG,4,985.0,495.6887972863936,0
2025-11-11 14:00:00,興變電所,FUNG-WONG,4,985.0,433.46992080755746,0
2025-11-11 14:00:00,中正變電所,FUNG-WONG,4,985.0,618.3516088741341,0
2025-11-11 14:00:00,成都變電所,FUNG-WONG,4,985.0,600.7778593480531,0
2025-11-11 14:00:00,新豐配電變電所,FUNG-WONG,4,985.0,576.6536863645639,0
2025-11-11 14:00:00,內惟配電變電所,FUNG-WONG,4,985.0,327.58698197075466,0
2025-11-11 14:00:00,永華二次變電所,FUNG-WONG,4,985.0,353.03806269602234,0
2025-11-11 14:00:00,關西二次變電所,FUNG-WONG,4,985.0,575.061846729283,0
2025-11-11 14:00:00,源海二次變電所,FUNG-WONG,4,985.0,618.3610072414017,0
2025-11-11 14:00:00,四湖配電變電所,FUNG-WONG,4,985.0,416.0064121205037,0
2025-11-11 14:00:00,新高港超高壓變電所,FUNG-WONG,4,985.0,326.9444744450525,0
2025-11-11 14:00:00,九曲配電變電所,FUNG-WONG,4,985.0,352.2352226375528,0
2025-11-11 14:00:00,崙背變電所,FUNG-WONG,4,985.0,434.0001441304007,0
2025-11-11 14:00:00,常德變電所,FUNG-WONG,4,985.0,618.4794097829151,0
2025-11-11 14:00:00,嶺口二次變電所,FUNG-WONG,4,985.0,340.28608598469833,0
2025-11-11 14:00:00,龍明配電變電所,FUNG-WONG,4,985.0,600.4663526567973,0
2025-11-11 14:00:00,新工配電變電所,FUNG-WONG,4,985.0,566.8965155092953,0
2025-11-11 20:00:00,榮成變電所,FUNG-WONG,4,990.0,534.616966229373,0
2025-11-11 20:00:00,西螺服務區,FUNG-WONG,4,990.0,379.7349273203796,0
2025-11-11 20:00:00,中部科學園區,FUNG-WONG,4,990.0,431.93350904479485,0
2025-11-11 20:00:00,興變電所,FUNG-WONG,4,990.0,369.99673714800366,0
2025-11-11 20:00:00,中正變電所,FUNG-WONG,4,990.0,554.6160086404761,0
2025-11-11 20:00:00,成都變電所,FUNG-WONG,4,990.0,537.0070142954571,0
2025-11-11 20:00:00,新豐配電變電所,FUNG-WONG,4,990.0,512.94447107334,0
2025-11-11 20:00:00,內惟配電變電所,FUNG-WONG,4,990.0,264.39688250835894,0
2025-11-11 20:00:00,永華二次變電所,FUNG-WONG,4,990.0,289.33853552610805,0
2025-11-11 20:00:00,關西二次變電所,FUNG-WONG,4,990.0,511.2909142245464,0
2025-11-11 20:00:00,源海二次變電所,FUNG-WONG,4,990.0,554.6253853585854,0
2025-11-11 20:00:00,四湖配電變電所,FUNG-WONG,4,990.0,352.3199987414921,0
2025-11-11 20:00:00,新高港超高壓變電所,FUNG-WONG,4,990.0,264.3332432894103,0
2025-11-11 20:00:00,九曲配電變電所,FUNG-WONG,4,990.0,288.5256725581887,0
2025-11-11 20:00:00,崙背變電所,FUNG-WONG,4,990.0,370.27476210489704,0
2025-11-11 20:00:00,常德變電所,FUNG-WONG,4,990.0,554.7267106642718,0
2025-11-11 20:00:00,嶺口二次變電所,FUNG-WONG,4,990.0,277.0887283162962,0
2025-11-11 20:00:00,龍明配電變電所,FUNG-WONG,4,990.0,536.6956247070245,0
2025-11-11 20:00:00,新工配電變電所,FUNG-WONG,4,990.0,503.1712883803413,0
2025-11-12 02:00:00,榮成變電所,FUNG-WONG,3,992.0,480.8572627684832,0
2025-11-12 02:00:00,西螺服務區,FUNG-WONG,3,992.0,325.86827158325957,0
2025-11-12 02:00:00,中部科學園區,FUNG-WONG,3,992.0,378.0895375846679,0
2025-11-12 02:00:00,興變電所,FUNG-WONG,3,992.0,315.7015923618471,0
2025-11-12 02:00:00,中正變電所,FUNG-WONG,3,992.0,500.4344295354296,0
2025-11-12 02:00:00,成都變電所,FUNG-WONG,3,992.0,483.00858197726285,0
2025-11-12 02:00:00,新豐配電變電所,FUNG-WONG,3,992.0,459.27366412439244,0
2025-11-12 02:00:00,內惟配電變電所,FUNG-WONG,3,992.0,210.1970007053812,0
2025-11-12 02:00:00,永華二次變電所,FUNG-WONG,3,992.0,235.10867571015535,0
2025-11-12 02:00:00,關西二次變電所,FUNG-WONG,3,992.0,457.2895505771826,0
2025-11-12 02:00:00,源海二次變電所,FUNG-WONG,3,992.0,500.44384622462746,0
2025-11-12 02:00:00,四湖配電變電所,FUNG-WONG,3,992.0,298.7727463668477,0
2025-11-12 02:00:00,新高港超高壓變電所,FUNG-WONG,3,992.0,210.4914916309008,0
2025-11-12 02:00:00,九曲配電變電所,FUNG-WONG,3,992.0,234.30769965854765,0
2025-11-12 02:00:00,崙背變電所,FUNG-WONG,3,992.0,316.5826606308956,0
2025-11-12 02:00:00,常德變電所,FUNG-WONG,3,992.0,500.5848694878619,0
2025-11-12 02:00:00,嶺口二次變電所,FUNG-WONG,3,992.0,222.8820085066406,0
2025-11-12 02:00:00,龍明配電變電所,FUNG-WONG,3,992.0,482.70172034678995,0
2025-11-12 02:00:00,新工配電變電所,FUNG-WONG,3,992.0,449.44693716187965,0
2025-11-12 08:00:00,榮成變電所,FUNG-WONG,3,994.0,437.30650493710453,0
2025-11-12 08:00:00,西螺服務區,FUNG-WONG,3,994.0,282.24053417680506,0
2025-11-12 08:00:00,中部科學園區,FUNG-WONG,3,994.0,334.45006490605016,0
2025-11-12 08:00:00,興變電所,FUNG-WONG,3,994.0,270.5531301832397,0
2025-11-12 08:00:00,中正變電所,FUNG-WONG,3,994.0,455.90517445691705,0
2025-11-12 08:00:00,成都變電所,FUNG-WONG,3,994.0,438.9567997606439,0
2025-11-12 08:00:00,新豐配電變電所,FUNG-WONG,3,994.0,415.90955798741504,0
2025-11-12 08:00:00,內惟配電變電所,FUNG-WONG,3,994.0,164.75375464105812,0
2025-11-12 08:00:00,永華二次變電所,FUNG-WONG,3,994.0,190.562101583303,0
2025-11-12 08:00:00,關西二次變電所,FUNG-WONG,3,994.0,413.2437707302738,0
2025-11-12 08:00:00,源海二次變電所,FUNG-WONG,3,994.0,455.9147100980396,0
2025-11-12 08:00:00,四湖配電變電所,FUNG-WONG,3,994.0,255.8680840805834,0
2025-11-12 08:00:00,新高港超高壓變電所,FUNG-WONG,3,994.0,164.90745467459794,0
2025-11-12 08:00:00,九曲配電變電所,FUNG-WONG,3,994.0,189.81319845168377,0
2025-11-12 08:00:00,崙背變電所,FUNG-WONG,3,994.0,273.3458204562389,0
2025-11-12 08:00:00,常德變電所,FUNG-WONG,3,994.0,456.17043464811036,0
2025-11-12 08:00:00,嶺口二次變電所,FUNG-WONG,3,994.0,177.44793676852913,0
2025-11-12 08:00:00,龍明配電變電所,FUNG-WONG,3,994.0,438.6603875285119,0
2025-11-12 08:00:00,新工配電變電所,FUNG-WONG,3,994.0,405.98765371153166,0
2025-11-12 14:00:00,榮成變電所,FUNG-WONG,3,994.0,379.9702802352675,0
2025-11-12 14:00:00,西螺服務區,FUNG-WONG,3,994.0,225.26027690674783,0
2025-11-12 14:00:00,中部科學園區,FUNG-WONG,3,994.0,277.225302866661,0
2025-11-12 14:00:00,興變電所,FUNG-WONG,3,994.0,210.67538582819975,0
2025-11-12 14:00:00,中正變電所,FUNG-WONG,3,994.0,396.9177309565013,0
2025-11-12 14:00:00,成都變電所,FUNG-WONG,3,994.0,380.78227779303165,0
2025-11-12 14:00:00,新豐配電變電所,FUNG-WONG,3,994.0,358.93180067451857,0
2025-11-12 14:00:00,內惟配電變電所,FUNG-WONG,3,994.0,104.39491105996991,0
2025-11-12 14:00:00,永華二次變電所,FUNG-WONG,3,994.0,132.2660313435798,0
2025-11-12 14:00:00,關西二次變電所,FUNG-WONG,3,994.0,355.11928316848525,0
2025-11-12 14:00:00,源海二次變電所,FUNG-WONG,3,994.0,396.9274545247811,0
2025-11-12 14:00:00,四湖配電變電所,FUNG-WONG,3,994.0,200.47316012377266,0
2025-11-12 14:00:00,新高港超高壓變電所,FUNG-WONG,3,994.0,104.2033137442577,0
2025-11-12 14:00:00,九曲配電變電所,FUNG-WONG,3,994.0,131.64502295340756,0
2025-11-12 14:00:00,崙背變電所,FUNG-WONG,3,994.0,217.1673180898635,0
2025-11-12 14:00:00,常德變電所,FUNG-WONG,3,994.0,397.37257633778756,0
2025-11-12 14:00:00,嶺口二次變電所,FUNG-WONG,3,994.0,117.09186385951637,0
2025-11-12 14:00:00,龍明配電變電所,FUNG-WONG,3,994.0,380.5037268213892,0
2025-11-12 14:00:00,新工配電變電所,FUNG-WONG,3,994.0,348.8723200076556,0
2025-11-12 20:00:00,榮成變電所,FUNG-WONG,3,1002.0,318.3185570144971,0
2025-11-12 20:00:00,西螺服務區,FUNG-WONG,3,1002.0,183.2207364171085,0
2025-11-12 20:00:00,中部科學園區,FUNG-WONG,3,1002.0,225.24544459951932,0
2025-11-12 20:00:00,興變電所,FUNG-WONG,3,1002.0,144.91610871207337,0
2025-11-12 20:00:00,中正變電所,FUNG-WONG,3,1002.0,322.21407315638527,0
2025-11-12 20:00:00,成都變電所,FUNG-WONG,3,1002.0,313.30920964780705,0
2025-11-12 20:00:00,新豐配電變電所,FUNG-WONG,3,1002.0,300.9371408855856,0
2025-11-12 20:00:00,內惟配電變電所,FUNG-WONG,3,1002.0,81.65975803389195,0
2025-11-12 20:00:00,永華二次變電所,FUNG-WONG,3,1002.0,112.70235820316678,0
2025-11-12 20:00:00,關西二次變電所,FUNG-WONG,3,1002.0,289.5878553016889,0
2025-11-12 20:00:00,源海二次變電所,FUNG-WONG,3,1002.0,322.22493823848725,0
2025-11-12 20:00:00,四湖配電變電所,FUNG-WONG,3,1002.0,174.06910966414898,0
2025-11-12 20:00:00,新高港超高壓變電所,FUNG-WONG,3,1002.0,65.2183802410229,0
2025-11-12 20:00:00,九曲配電變電所,FUNG-WONG,3,1002.0,113.49265303647654,0
2025-11-12 20:00:00,崙背變電所,FUNG-WONG,3,1002.0,182.06609985662806,0
2025-11-12 20:00:00,常德變電所,FUNG-WONG,3,1002.0,324.2268433919956,0
2025-11-12 20:00:00,嶺口二次變電所,FUNG-WONG,3,1002.0,83.23536073149442,0
2025-11-12 20:00:00,龍明配電變電所,FUNG-WONG,3,1002.0,313.1770429531446,0
2025-11-12 20:00:00,新工配電變電所,FUNG-WONG,3,1002.0,290.7227624308756,0
2025-11-13 02:00:00,榮成變電所,FUNG-WONG,3,1002.0,214.15336614891973,0
2025-11-13 02:00:00,西螺服務區,FUNG-WONG,3,1002.0,142.3133112714756,0
2025-11-13 02:00:00,中部科學園區,FUNG-WONG,3,1002.0,152.20676465306144,0
2025-11-13 02:00:00,興變電所,FUNG-WONG,3,1002.0,97.74734817966707,0
2025-11-13 02:00:00,中正變電所,FUNG-WONG,3,1002.0,204.26640849440318,0
2025-11-13 02:00:00,成都變電所,FUNG-WONG,3,1002.0,203.50940861206828,0
2025-11-13 02:00:00,新豐配電變電所,FUNG-WONG,3,1002.0,203.08257007894903,0
2025-11-13 02:00:00,內惟配電變電所,FUNG-WONG,3,1002.0,156.4709336351998,0
2025-11-13 02:00:00,永華二次變電所,FUNG-WONG,3,1002.0,153.83229670093152,0
2025-11-13 02:00:00,關西二次變電所,FUNG-WONG,3,1002.0,184.85152675485244,0
2025-11-13 02:00:00,源海二次變電所,FUNG-WONG,3,1002.0,204.2775027349431,0
2025-11-13 02:00:00,四湖配電變電所,FUNG-WONG,3,1002.0,158.14093682457397,0
2025-11-13 02:00:00,新高港超高壓變電所,FUNG-WONG,3,1002.0,149.76413775864785,0
2025-11-13 02:00:00,九曲配電變電所,FUNG-WONG,3,1002.0,155.190945295426,0
2025-11-13 02:00:00,崙背變電所,FUNG-WONG,3,1002.0,150.73933941143954,0
2025-11-13 02:00:00,常德變電所,FUNG-WONG,3,1002.0,207.62750035518286,0
2025-11-13 02:00:00,嶺口二次變電所,FUNG-WONG,3,1002.0,145.715397372642,0
2025-11-13 02:00:00,龍明配電變電所,FUNG-WONG,3,1002.0,203.54567574359095,0
2025-11-13 02:00:00,新工配電變電所,FUNG-WONG,3,1002.0,194.25869585064535,0
2025-11-13 08:00:00,榮成變電所,FUNG-WONG,6,1000.0,178.14771207273782,0
2025-11-13 08:00:00,西螺服務區,FUNG-WONG,6,1000.0,285.6733312311709,0
2025-11-13 08:00:00,中部科學園區,FUNG-WONG,6,1000.0,243.0457350606604,0
2025-11-13 08:00:00,興變電所,FUNG-WONG,6,1000.0,277.38040915160036,0
2025-11-13 08:00:00,中正變電所,FUNG-WONG,6,1000.0,134.63027606865313,0
2025-11-13 08:00:00,成都變電所,FUNG-WONG,6,1000.0,161.51364995664952,0
2025-11-13 08:00:00,新豐配電變電所,FUNG-WONG,6,1000.0,194.30244943123697,0
2025-11-13 08:00:00,內惟配電變電所,FUNG-WONG,6,1000.0,379.2613192243398,0
2025-11-13 08:00:00,永華二次變電所,FUNG-WONG,6,1000.0,359.7528308145543,0
2025-11-13 08:00:00,關西二次變電所,FUNG-WONG,6,1000.0,177.15597928977184,0
2025-11-13 08:00:00,源海二次變電所,FUNG-WONG,6,1000.0,134.6296055398146,0
2025-11-13 08:00:00,四湖配電變電所,FUNG-WONG,6,1000.0,316.03613825115605,0
2025-11-13 08:00:00,新高港超高壓變電所,FUNG-WONG,6,1000.0,378.6509162496736,0
2025-11-13 08:00:00,九曲配電變電所,FUNG-WONG,6,1000.0,360.8363393127239,0
2025-11-13 08:00:00,崙背變電所,FUNG-WONG,6,1000.0,297.91267528092266,0
2025-11-13 08:00:00,常德變電所,FUNG-WONG,6,1000.0,139.05188364574835,0
2025-11-13 08:00:00,嶺口二次變電所,FUNG-WONG,6,1000.0,366.67091253695867,0
2025-11-13 08:00:00,龍明配電變電所,FUNG-WONG,6,1000.0,162.0212636354875,0
2025-11-13 08:00:00,新工配電變電所,FUNG-WONG,6,1000.0,197.3996569341512,0
2025-11-13 14:00:00,榮成變電所,FUNG-WONG,6,1000.0,360.09049875065654,0
2025-11-13 14:00:00,西螺服務區,FUNG-WONG,6,1000.0,459.5469219960684,0
2025-11-13 14:00:00,中部科學園區,FUNG-WONG,6,1000.0,421.4622463247277,0
2025-11-13 14:00:00,興變電所,FUNG-WONG,6,1000.0,442.71535950347896,0
2025-11-13 14:00:00,中正變電所,FUNG-WONG,6,1000.0,316.8532275736848,0
2025-11-13 14:00:00,成都變電所,FUNG-WONG,6,1000.0,343.81258106119066,0
2025-11-13 14:00:00,新豐配電變電所,FUNG-WONG,6,1000.0,376.735454710214,0
2025-11-13 14:00:00,內惟配電變電所,FUNG-WONG,6,1000.0,535.5098598742321,0
2025-11-13 14:00:00,永華二次變電所,FUNG-WONG,6,1000.0,522.6100089737395,0
2025-11-13 14:00:00,關西二次變電所,FUNG-WONG,6,1000.0,359.4585790277046,0
2025-11-13 14:00:00,源海二次變電所,FUNG-WONG,6,1000.0,316.8520570352658,0
2025-11-13 14:00:00,四湖配電變電所,FUNG-WONG,6,1000.0,489.1740639758627,0
2025-11-13 14:00:00,新高港超高壓變電所,FUNG-WONG,6,1000.0,531.3843282813617,0
2025-11-13 14:00:00,九曲配電變電所,FUNG-WONG,6,1000.0,523.8303665242103,0
2025-11-13 14:00:00,崙背變電所,FUNG-WONG,6,1000.0,471.9500881028309,0
2025-11-13 14:00:00,常德變電所,FUNG-WONG,6,1000.0,321.1023232423746,0
2025-11-13 14:00:00,嶺口二次變電所,FUNG-WONG,6,1000.0,523.5480949244887,0
2025-11-13 14:00:00,龍明配電變電所,FUNG-WONG,6,1000.0,344.3207907941802,0
2025-11-13 14:00:00,新工配電變電所,FUNG-WONG,6,1000.0,379.82855725233543,0
2025-11-13 20:00:00,榮成變電所,FUNG-WONG,6,1004.0,572.0249511550661,0
2025-11-13 20:00:00,西螺服務區,FUNG-WONG,6,1004.0,667.3586909296595,0
2025-11-13 20:00:00,中部科學園區,FUNG-WONG,6,1004.0,631.7139122398767,0
2025-11-13 20:00:00,興變電所,FUNG-WONG,6,1004.0,646.4573130595593,0
2025-11-13 20:00:00,中正變電所,FUNG-WONG,6,1004.0,528.897380680726,0
2025-11-13 20:00:00,成都變電所,FUNG-WONG,6,1004.0,555.8712584399075,0
2025-11-13 20:00:00,新豐配電變電所,FUNG-WONG,6,1004.0,588.8327287754869,0
2025-11-13 20:00:00,內惟配電變電所,FUNG-WONG,6,1004.0,732.3384166282816,0
2025-11-13 20:00:00,永華二次變電所,FUNG-WONG,6,1004.0,723.6114318316172,0
2025-11-13 20:00:00,關西二次變電所,FUNG-WONG,6,1004.0,571.4949382108089,0
2025-11-13 20:00:00,源海二次變電所,FUNG-WONG,6,1004.0,528.8960739985218,0
2025-11-13 20:00:00,四湖配電變電所,FUNG-WONG,6,1004.0,696.3434295519974,0
2025-11-13 20:00:00,新高港超高壓變電所,FUNG-WONG,6,1004.0,726.1690622683816,0
2025-11-13 20:00:00,九曲配電變電所,FUNG-WONG,6,1004.0,724.8914263232112,0
2025-11-13 20:00:00,崙背變電所,FUNG-WONG,6,1004.0,679.7389272862818,0
2025-11-13 20:00:00,常德變電所,FUNG-WONG,6,1004.0,533.0961546427255,0
2025-11-13 20:00:00,嶺口二次變電所,FUNG-WONG,6,1004.0,721.0098080343054,0
2025-11-13 20:00:00,龍明配電變電所,FUNG-WONG,6,1004.0,556.3795433476497,0
2025-11-13 20:00:00,新工配電變電所,FUNG-WONG,6,1004.0,591.9149375019092,0
2025-11-14 02:00:00,榮成變電所,FUNG-WONG,6,1006.0,897.9722409233543,0
2025-11-14 02:00:00,西螺服務區,FUNG-WONG,6,1006.0,996.8714610654988,0
2025-11-14 02:00:00,中部科學園區,FUNG-WONG,6,1006.0,961.0225517776155,0
2025-11-14 02:00:00,興變電所,FUNG-WONG,6,1006.0,975.3160377838443,0
2025-11-14 02:00:00,中正變電所,FUNG-WONG,6,1006.0,855.4321412140285,0
2025-11-14 02:00:00,成都變電所,FUNG-WONG,6,1006.0,882.4241733307159,0
2025-11-14 02:00:00,新豐配電變電所,FUNG-WONG,6,1006.0,915.6666229294239,0
2025-11-14 02:00:00,內惟配電變電所,FUNG-WONG,6,1006.0,1058.5667982951463,0
2025-11-14 02:00:00,永華二次變電所,FUNG-WONG,6,1006.0,1051.480265817708,0
2025-11-14 02:00:00,關西二次變電所,FUNG-WONG,6,1006.0,899.1669573837027,0
2025-11-14 02:00:00,源海二次變電所,FUNG-WONG,6,1006.0,855.4301083086335,0
2025-11-14 02:00:00,四湖配電變電所,FUNG-WONG,6,1006.0,1025.7926892976775,0
2025-11-14 02:00:00,新高港超高壓變電所,FUNG-WONG,6,1006.0,1051.547007969715,0
2025-11-14 02:00:00,九曲配電變電所,FUNG-WONG,6,1006.0,1052.7772395731179,0
2025-11-14 02:00:00,崙背變電所,FUNG-WONG,6,1006.0,1009.2479929026232,0
2025-11-14 02:00:00,常德變電所,FUNG-WONG,6,1006.0,859.3853641708491,0
2025-11-14 02:00:00,嶺口二次變電所,FUNG-WONG,6,1006.0,1047.552383914632,0
2025-11-14 02:00:00,龍明配電變電所,FUNG-WONG,6,1006.0,882.9317548365935,0
2025-11-14 02:00:00,新工配電變電所,FUNG-WONG,6,1006.0,919.2787825797467,0
2025-11-24 20:00:00,新高港超高壓變電所,KOTO,2,1002.0,1498.401105972637,0
2025-11-25 02:00:00,興變電所,KOTO,2,1000.0,1487.288057905141,0
2025-11-25 02:00:00,內惟配電變電所,KOTO,2,1000.0,1412.285350438279,0
2025-11-25 02:00:00,永華二次變電所,KOTO,2,1000.0,1448.960692804392,0
2025-11-25 02:00:00,新高港超高壓變電所,KOTO,2,1000.0,1398.3805197234503,0
2025-11-25 02:00:00,九曲配電變電所,KOTO,2,1000.0,1449.2787952996714,0
2025-11-25 02:00:00,嶺口二次變電所,KOTO,2,1000.0,1419.8076443091281,0
2025-11-25 08:00:00,西螺服務區,KOTO,2,1000.0,1481.8481240218814,0
2025-11-25 08:00:00,興變電所,KOTO,2,1000.0,1444.409728632996,0
2025-11-25 08:00:00,內惟配電變電所,KOTO,2,1000.0,1360.39330460835,0
2025-11-25 08:00:00,永華二次變電所,KOTO,2,1000.0,1397.2230471990856,0
2025-11-25 08:00:00,四湖配電變電所,KOTO,2,1000.0,1467.8247567826113,0
2025-11-25 08:00:00,新高港超高壓變電所,KOTO,2,1000.0,1347.7533618559355,0
2025-11-25 08:00:00,九曲配電變電所,KOTO,2,1000.0,1397.3708297576359,0
2025-11-25 08:00:00,崙背變電所,KOTO,2,1000.0,1479.08452701249,0
2025-11-25 08:00:00,嶺口二次變電所,KOTO,2,1000.0,1369.1771696213755,0
2025-11-25 14:00:00,西螺服務區,KOTO,2,998.0,1468.715931658755,0
2025-11-25 14:00:00,興變電所,KOTO,2,998.0,1434.5712647650143,0
2025-11-25 14:00:00,內惟配電變電所,KOTO,2,998.0,1343.8548149113371,0
2025-11-25 14:00:00,永華二次變電所,KOTO,2,998.0,1380.3242449664629,0
2025-11-25 14:00:00,四湖配電變電所,KOTO,2,998.0,1451.9395984487057,0
2025-11-25 14:00:00,新高港超高壓變電所,KOTO,2,998.0,1332.493458713831,0
2025-11-25 14:00:00,九曲配電變電所,KOTO,2,998.0,1380.3216614392518,0
2025-11-25 14:00:00,崙背變電所,KOTO,2,998.0,1464.7072959167963,0
2025-11-25 14:00:00,嶺口二次變電所,KOTO,2,998.0,1353.6174103308085,0
2025-11-25 20:00:00,西螺服務區,KOTO,3,996.0,1423.4298980650826,0
2025-11-25 20:00:00,中部科學園區,KOTO,3,996.0,1470.645098299515,0
2025-11-25 20:00:00,興變電所,KOTO,3,996.0,1391.3887458054717,0
2025-11-25 20:00:00,內惟配電變電所,KOTO,3,996.0,1297.2656705682962,0
2025-11-25 20:00:00,永華二次變電所,KOTO,3,996.0,1333.3168730079728,0
2025-11-25 20:00:00,四湖配電變電所,KOTO,3,996.0,1405.1394225157842,0
2025-11-25 20:00:00,新高港超高壓變電所,KOTO,3,996.0,1286.7166069998368,0
2025-11-25 20:00:00,九曲配電變電所,KOTO,3,996.0,1333.2271704682591,0
2025-11-25 20:00:00,崙背變電所,KOTO,3,996.0,1418.7172853402267,0
2025-11-25 20:00:00,嶺口二次變電所,KOTO,3,996.0,1307.5402898864284,0
2025-11-26 02:00:00,西螺服務區,KOTO,3,994.0,1384.1771671169333,0
2025-11-26 02:00:00,中部科學園區,KOTO,3,994.0,1432.8594016892846,0
2025-11-26 02:00:00,興變電所,KOTO,3,994.0,1354.7895123925043,0
2025-11-26 02:00:00,內惟配電變電所,KOTO,3,994.0,1257.1174142250977,0
2025-11-26 02:00:00,永華二次變電所,KOTO,3,994.0,1292.4683062999873,0
2025-11-26 02:00:00,四湖配電變電所,KOTO,3,994.0,1364.1722288160825,0
2025-11-26 02:00:00,新高港超高壓變電所,KOTO,3,994.0,1247.601545273095,0
2025-11-26 02:00:00,九曲配電變電所,KOTO,3,994.0,1292.2747950646815,0
2025-11-26 02:00:00,崙背變電所,KOTO,3,994.0,1378.6500117320606,0
2025-11-26 02:00:00,嶺口二次變電所,KOTO,3,994.0,1267.9465728623622,0
2025-11-26 08:00:00,西螺服務區,KOTO,4,985.0,1368.113294760037,0
2025-11-26 08:00:00,中部科學園區,KOTO,4,985.0,1418.918983401081,0
2025-11-26 08:00:00,興變電所,KOTO,4,985.0,1344.246027539044,0
2025-11-26 08:00:00,內惟配電變電所,KOTO,4,985.0,1241.372030459313,0
2025-11-26 08:00:00,永華二次變電所,KOTO,4,985.0,1274.7576589369312,0
2025-11-26 08:00:00,關西二次變電所,KOTO,4,985.0,1492.8867474544497,0
2025-11-26 08:00:00,四湖配電變電所,KOTO,4,985.0,1345.0941039590175,0
2025-11-26 08:00:00,新高港超高壓變電所,KOTO,4,985.0,1234.0209199128217,0
2025-11-26 08:00:00,九曲配電變電所,KOTO,4,985.0,1274.3659811025925,0
2025-11-26 08:00:00,崙背變電所,KOTO,4,985.0,1361.0973130540776,0
2025-11-26 08:00:00,嶺口二次變電所,KOTO,4,985.0,1253.0826703004511,0
2025-11-26 08:00:00,新工配電變電所,KOTO,4,985.0,1489.8519967387724,0
2025-11-26 14:00:00,西螺服務區,KOTO,4,980.0,1348.6353955119941,0
2025-11-26 14:00:00,中部科學園區,KOTO,4,980.0,1400.4120562852988,0
2025-11-26 14:00:00,興變電所,KOTO,4,980.0,1329.218440951343,0
2025-11-26 14:00:00,新豐配電變電所,KOTO,4,980.0,1482.1256073453342,0
2025-11-26 14:00:00,內惟配電變電所,KOTO,4,980.0,1223.9045014980175,0
2025-11-26 14:00:00,永華二次變電所,KOTO,4,980.0,1255.3108943358407,0
2025-11-26 14:00:00,關西二次變電所,KOTO,4,980.0,1477.0210732473843,0
2025-11-26 14:00:00,四湖配電變電所,KOTO,4,980.0,1323.6478680433177,0
2025-11-26 14:00:00,新高港超高壓變電所,KOTO,4,980.0,1218.295741885737,0
2025-11-26 14:00:00,九曲配電變電所,KOTO,4,980.0,1254.7757643089865,0
2025-11-26 14:00:00,崙背變電所,KOTO,4,980.0,1340.5906433015105,0
2025-11-26 14:00:00,嶺口二次變電所,KOTO,4,980.0,1236.099560468232,0
2025-11-26 14:00:00,新工配電變電所,KOTO,4,980.0,1471.9932796256103,0
2025-11-26 20:00:00,西螺服務區,KOTO,5,975.0,1359.1119438222468,0
2025-11-26 20:00:00,中部科學園區,KOTO,5,975.0,1411.2946142164656,0
2025-11-26 20:00:00,興變電所,KOTO,5,975.0,1343.7801199802693,0
2025-11-26 20:00:00,新豐配電變電所,KOTO,5,975.0,1492.812526585733,0
2025-11-26 20:00:00,內惟配電變電所,KOTO,5,975.0,1237.385785582148,0
2025-11-26 20:00:00,永華二次變電所,KOTO,5,975.0,1266.717526395176,0
2025-11-26 20:00:00,關西二次變電所,KOTO,5,975.0,1489.6153854464796,0
2025-11-26 20:00:00,四湖配電變電所,KOTO,5,975.0,1332.613075710114,0
2025-11-26 20:00:00,新高港超高壓變電所,KOTO,5,975.0,1233.363860724453,0
2025-11-26 20:00:00,九曲配電變電所,KOTO,5,975.0,1266.0614136066913,0
2025-11-26 20:00:00,崙背變電所,KOTO,5,975.0,1350.231177019397,0
2025-11-26 20:00:00,嶺口二次變電所,KOTO,5,975.0,1249.8743946114962,0
2025-11-26 20:00:00,新工配電變電所,KOTO,5,975.0,1482.8752296269809,0
2025-11-27 02:00:00,榮成變電所,KOTO,5,970.0,1485.7993507291735,0
2025-11-27 02:00:00,西螺服務區,KOTO,5,970.0,1330.8185794096562,0
2025-11-27 02:00:00,中部科學園區,KOTO,5,970.0,1383.0415396182739,0
2025-11-27 02:00:00,興變電所,KOTO,5,970.0,1317.9732452483584,0
2025-11-27 02:00:00,成都變電所,KOTO,5,970.0,1487.815821236486,0
2025-11-27 02:00:00,新豐配電變電所,KOTO,5,970.0,1464.1613389334996,0
2025-11-27 02:00:00,內惟配電變電所,KOTO,5,970.0,1211.4081757727893,0
2025-11-27 02:00:00,永華二次變電所,KOTO,5,970.0,1239.3675064408792,0
2025-11-27 02:00:00,關西二次變電所,KOTO,5,970.0,1462.099949955926,0
2025-11-27 02:00:00,四湖配電變電所,KOTO,5,970.0,1303.537451623886,0
2025-11-27 02:00:00,新高港超高壓變電所,KOTO,5,970.0,1208.355739644481,0
2025-11-27 02:00:00,九曲配電變電所,KOTO,5,970.0,1238.6427063009103,0
2025-11-27 02:00:00,崙背變電所,KOTO,5,970.0,1321.4809782897014,0
2025-11-27 02:00:00,嶺口二次變電所,KOTO,5,970.0,1224.012236861778,0
2025-11-27 02:00:00,龍明配電變電所,KOTO,5,970.0,1487.5171027364188,0
2025-11-27 02:00:00,新工配電變電所,KOTO,5,970.0,1454.3715806433036,0
2025-11-27 08:00:00,西螺服務區,KOTO,5,970.0,1345.3949049440525,0
2025-11-27 08:00:00,中部科學園區,KOTO,5,970.0,1397.5525015088833,0
2025-11-27 08:00:00,興變電所,KOTO,5,970.0,1334.3944316210923,0
2025-11-27 08:00:00,新豐配電變電所,KOTO,5,970.0,1478.2417374390127,0
2025-11-27 08:00:00,內惟配電變電所,KOTO,5,970.0,1227.9272542119925,0
2025-11-27 08:00:00,永華二次變電所,KOTO,5,970.0,1254.8246929196296,0
2025-11-27 08:00:00,關西二次變電所,KOTO,5,970.0,1477.0242227164265,0
2025-11-27 08:00:00,四湖配電變電所,KOTO,5,970.0,1317.5845820092993,0
2025-11-27 08:00:00,新高港超高壓變電所,KOTO,5,970.0,1225.5799749285577,0
2025-11-27 08:00:00,九曲配電變電所,KOTO,5,970.0,1254.0510488357477,0
2025-11-27 08:00:00,崙背變電所,KOTO,5,970.0,1335.7357947213702,0
2025-11-27 08:00:00,嶺口二次變電所,KOTO,5,970.0,1240.5866904896423,0
2025-11-27 08:00:00,新工配電變電所,KOTO,5,970.0,1468.5772150371545,0
2025-11-27 14:00:00,西螺服務區,KOTO,5,975.0,1390.149452956055,0
2025-11-27 14:00:00,中部科學園區,KOTO,5,975.0,1442.2796421472367,0
2025-11-27 14:00:00,興變電所,KOTO,5,975.0,1379.5634844187668,0
2025-11-27 14:00:00,內惟配電變電所,KOTO,5,975.0,1273.1400759912087,0
2025-11-27 14:00:00,永華二次變電所,KOTO,5,975.0,1299.8032585176313,0
2025-11-27 14:00:00,四湖配電變電所,KOTO,5,975.0,1362.218991399374,0
2025-11-27 14:00:00,新高港超高壓變電所,KOTO,5,975.0,1270.935407572891,0
2025-11-27 14:00:00,九曲配電變電所,KOTO,5,975.0,1299.018933755046,0
2025-11-27 14:00:00,崙背變電所,KOTO,5,975.0,1380.4159382002779,0
2025-11-27 14:00:00,嶺口二次變電所,KOTO,5,975.0,1285.8079864054382,0
2025-11-27 20:00:00,西螺服務區,KOTO,4,980.0,1430.5939495209232,0
2025-11-27 20:00:00,中部科學園區,KOTO,4,980.0,1482.6538249155096,0
2025-11-27 20:00:00,興變電所,KOTO,4,980.0,1420.8912868407517,0
2025-11-27 20:00:00,內惟配電變電所,KOTO,4,980.0,1314.5934976330525,0
2025-11-27 20:00:00,永華二次變電所,KOTO,4,980.0,1340.7408135071933,0
2025-11-27 20:00:00,四湖配電變電所,KOTO,4,980.0,1402.4278144630387,0
2025-11-27 20:00:00,新高港超高壓變電所,KOTO,4,980.0,1312.7113831382612,0
2025-11-27 20:00:00,九曲配電變電所,KOTO,4,980.0,1339.9340960488937,0
2025-11-27 20:00:00,崙背變電所,KOTO,4,980.0,1420.7116453454978,0
2025-11-27 20:00:00,嶺口二次變電所,KOTO,4,980.0,1327.2766297880055,0
2025-11-28 02:00:00,西螺服務區,KOTO,4,990.0,1460.6449860880668,0
2025-11-28 02:00:00,興變電所,KOTO,4,990.0,1451.183960138954,0
2025-11-28 02:00:00,內惟配電變電所,KOTO,4,990.0,1344.925126008468,0
2025-11-28 02:00:00,永華二次變電所,KOTO,4,990.0,1370.9347562006278,0
2025-11-28 02:00:00,四湖配電變電所,KOTO,4,990.0,1432.4134144088669,0
2025-11-28 02:00:00,新高港超高壓變電所,KOTO,4,990.0,1343.124345708099,0
2025-11-28 02:00:00,九曲配電變電所,KOTO,4,990.0,1370.1220336367564,0
2025-11-28 02:00:00,崙背變電所,KOTO,4,990.0,1450.7209134919333,0
2025-11-28 02:00:00,嶺口二次變電所,KOTO,4,990.0,1357.6113544772722,0
2025-11-28 08:00:00,西螺服務區,KOTO,3,992.0,1497.7250592348976,0
2025-11-28 08:00:00,興變電所,KOTO,3,992.0,1489.560443288055,0
2025-11-28 08:00:00,內惟配電變電所,KOTO,3,992.0,1383.5734082725724,0
2025-11-28 08:00:00,永華二次變電所,KOTO,3,992.0,1408.8060117929028,0
2025-11-28 08:00:00,四湖配電變電所,KOTO,3,992.0,1469.1780594873435,0
2025-11-28 08:00:00,新高港超高壓變電所,KOTO,3,992.0,1382.2503990449454,0
2025-11-28 08:00:00,九曲配電變電所,KOTO,3,992.0,1407.9614656566303,0
2025-11-28 08:00:00,崙背變電所,KOTO,3,992.0,1487.5947121042893,0
2025-11-28 08:00:00,嶺口二次變電所,KOTO,3,992.0,1396.2710594570383,0
2025-11-28 14:00:00,西螺服務區,KOTO,3,992.0,1490.209241687019,0
2025-11-28 14:00:00,興變電所,KOTO,3,992.0,1483.0058382074237,0
2025-11-28 14:00:00,內惟配電變電所,KOTO,3,992.0,1377.2804066001509,0
2025-11-28 14:00:00,永華二次變電所,KOTO,3,992.0,1401.9166781135352,0
2025-11-28 14:00:00,四湖配電變電所,KOTO,3,992.0,1461.4488758093705,0
2025-11-28 14:00:00,新高港超高壓變電所,KOTO,3,992.0,1376.3225883711068,0
2025-11-28 14:00:00,九曲配電變電所,KOTO,3,992.0,1401.0490321987375,0
2025-11-28 14:00:00,崙背變電所,KOTO,3,992.0,1479.9347763175822,0
2025-11-28 14:00:00,嶺口二次變電所,KOTO,3,992.0,1389.9795033218188,0
2025-11-28 20:00:00,西螺服務區,KOTO,3,994.0,1483.2629863380982,0
2025-11-28 20:00:00,興變電所,KOTO,3,994.0,1477.0318464973514,0
2025-11-28 20:00:00,內惟配電變電所,KOTO,3,994.0,1371.6191027774053,0
2025-11-28 20:00:00,永華二次變電所,KOTO,3,994.0,1395.6420359891515,0
2025-11-28 20:00:00,四湖配電變電所,KOTO,3,994.0,1454.2996149066769,0
2025-11-28 20:00:00,新高港超高壓變電所,KOTO,3,994.0,1371.0297723877877,0
2025-11-28 20:00:00,九曲配電變電所,KOTO,3,994.0,1394.7515058538247,0
2025-11-28 20:00:00,崙背變電所,KOTO,3,994.0,1472.84744682016,0
2025-11-28 20:00:00,嶺口二次變電所,KOTO,3,994.0,1384.3133675367785,0
2025-11-29 02:00:00,西螺服務區,KOTO,3,996.0,1467.7372733157483,0
2025-11-29 02:00:00,興變電所,KOTO,3,996.0,1462.697825269747,0
2025-11-29 02:00:00,內惟配電變電所,KOTO,3,996.0,1357.7358712362704,0
2025-11-29 02:00:00,永華二次變電所,KOTO,3,996.0,1380.9903005787648,0
2025-11-29 02:00:00,四湖配電變電所,KOTO,3,996.0,1438.543460039292,0
2025-11-29 02:00:00,新高港超高壓變電所,KOTO,3,996.0,1357.6002462849258,0
2025-11-29 02:00:00,九曲配電變電所,KOTO,3,996.0,1380.0723347271394,0
2025-11-29 02:00:00,崙背變電所,KOTO,3,996.0,1457.1558692202145,0
2025-11-29 02:00:00,嶺口二次變電所,KOTO,3,996.0,1370.4155550847452,0
2025-11-29 08:00:00,西螺服務區,KOTO,3,998.0,1455.7665711398408,0
2025-11-29 08:00:00,興變電所,KOTO,3,998.0,1451.4407524042604,0
2025-11-29 08:00:00,內惟配電變電所,KOTO,3,998.0,1346.784319454003,0
2025-11-29 08:00:00,永華二次變電所,KOTO,3,998.0,1369.569754695292,0
2025-11-29 08:00:00,四湖配電變電所,KOTO,3,998.0,1426.44420019004,0
2025-11-29 08:00:00,新高港超高壓變電所,KOTO,3,998.0,1346.9212765405334,0
2025-11-29 08:00:00,九曲配電變電所,KOTO,3,998.0,1368.6356784965262,0
2025-11-29 08:00:00,崙背變電所,KOTO,3,998.0,1445.0894333086019,0
2025-11-29 08:00:00,嶺口二次變電所,KOTO,3,998.0,1359.4506795250602,0
2025-11-29 14:00:00,西螺服務區,KOTO,3,996.0,1453.0734972729292,0
2025-11-29 14:00:00,興變電所,KOTO,3,996.0,1449.2513445577965,0
2025-11-29 14:00:00,內惟配電變電所,KOTO,3,996.0,1344.8240949692772,0
2025-11-29 14:00:00,永華二次變電所,KOTO,3,996.0,1367.2776203653036,0
2025-11-29 14:00:00,四湖配電變電所,KOTO,3,996.0,1423.6638544284692,0
2025-11-29 14:00:00,新高港超高壓變電所,KOTO,3,996.0,1345.1506438885929,0
2025-11-29 14:00:00,九曲配電變電所,KOTO,3,996.0,1366.3323641250238,0
2025-11-29 14:00:00,崙背變電所,KOTO,3,996.0,1442.3298380216252,0
2025-11-29 14:00:00,嶺口二次變電所,KOTO,3,996.0,1357.4791371641409,0
2025-11-29 20:00:00,西螺服務區,KOTO,3,994.0,1437.719428113867,0
2025-11-29 20:00:00,中部科學園區,KOTO,3,994.0,1488.8902023568785,0
2025-11-29 20:00:00,興變電所,KOTO,3,994.0,1433.832826857508,0
2025-11-29 20:00:00,內惟配電變電所,KOTO,3,994.0,1329.3813683522399,0
2025-11-29 20:00:00,永華二次變電所,KOTO,3,994.0,1351.8703361488563,0
2025-11-29 20:00:00,四湖配電變電所,KOTO,3,994.0,1408.3224863356052,0
2025-11-29 20:00:00,新高港超高壓變電所,KOTO,3,994.0,1329.691069768712,0
2025-11-29 20:00:00,九曲配電變電所,KOTO,3,994.0,1350.9263921919805,0
2025-11-29 20:00:00,崙背變電所,KOTO,3,994.0,1426.9854898742972,0
2025-11-29 20:00:00,嶺口二次變電所,KOTO,3,994.0,1342.0375644690837,0
2025-11-30 02:00:00,西螺服務區,KOTO,3,994.0,1398.0321997174215,0
2025-11-30 02:00:00,中部科學園區,KOTO,3,994.0,1449.1880849009603,0
2025-11-30 02:00:00,興變電所,KOTO,3,994.0,1394.2415718650616,0
2025-11-30 02:00:00,內惟配電變電所,KOTO,3,994.0,1289.8503648477927,0
2025-11-30 02:00:00,永華二次變電所,KOTO,3,994.0,1312.2569567440055,0
2025-11-30 02:00:00,四湖配電變電所,KOTO,3,994.0,1368.6233632921849,0
2025-11-30 02:00:00,新高港超高壓變電所,KOTO,3,994.0,1290.2155363443583,0
2025-11-30 02:00:00,九曲配電變電所,KOTO,3,994.0,1311.3106006728947,0
2025-11-30 02:00:00,崙背變電所,KOTO,3,994.0,1387.289001739534,0
2025-11-30 02:00:00,嶺口二次變電所,KOTO,3,994.0,1302.5031996416017,0
2025-11-30 08:00:00,西螺服務區,KOTO,3,994.0,1367.3454636412187,0
2025-11-30 08:00:00,中部科學園區,KOTO,3,994.0,1418.5347296311656,0
2025-11-30 08:00:00,興變電所,KOTO,3,994.0,1363.4228105591185,0
2025-11-30 08:00:00,新豐配電變電所,KOTO,3,994.0,1496.5844974086447,0
2025-11-30 08:00:00,內惟配電變電所,KOTO,3,994.0,1258.9824450824296,0
2025-11-30 08:00:00,永華二次變電所,KOTO,3,994.0,1281.4609410323394,0
2025-11-30 08:00:00,關西二次變電所,KOTO,3,994.0,1498.5524268094744,0
2025-11-30 08:00:00,四湖配電變電所,KOTO,3,994.0,1337.9629734584853,0
2025-11-30 08:00:00,新高港超高壓變電所,KOTO,3,994.0,1259.3140071848602,0
2025-11-30 08:00:00,九曲配電變電所,KOTO,3,994.0,1280.5172647219567,0
2025-11-30 08:00:00,崙背變電所,KOTO,3,994.0,1356.6223800006492,0
2025-11-30 08:00:00,嶺口二次變電所,KOTO,3,994.0,1271.6376398412167,0
2025-11-30 08:00:00,新工配電變電所,KOTO,3,994.0,1487.5072127845451,0
2025-11-30 14:00:00,西螺服務區,KOTO,3,996.0,1360.111434330914,0
2025-11-30 14:00:00,中部科學園區,KOTO,3,996.0,1410.9275970288165,0
2025-11-30 14:00:00,興變電所,KOTO,3,996.0,1357.8026008050215,0
2025-11-30 14:00:00,新豐配電變電所,KOTO,3,996.0,1488.168295985334,0
2025-11-30 14:00:00,內惟配電變電所,KOTO,3,996.0,1254.1811249606835,0
2025-11-30 14:00:00,永華二次變電所,KOTO,3,996.0,1275.5743901285632,0
2025-11-30 14:00:00,關西二次變電所,KOTO,3,996.0,1490.8474446246955,0
2025-11-30 14:00:00,四湖配電變電所,KOTO,3,996.0,1330.4686836412436,0
2025-11-30 14:00:00,新高港超高壓變電所,KOTO,3,996.0,1255.1213282225638,0
2025-11-30 14:00:00,九曲配電變電所,KOTO,3,996.0,1274.595568923994,0
2025-11-30 14:00:00,崙背變電所,KOTO,3,996.0,1349.1823523608093,0
2025-11-30 14:00:00,嶺口二次變電所,KOTO,3,996.0,1266.7887797791286,0
2025-11-30 14:00:00,新工配電變電所,KOTO,3,996.0,1479.246792754758,0
2025-11-30 20:00:00,西螺服務區,KOTO,3,998.0,1362.8985332659495,0
2025-11-30 20:00:00,中部科學園區,KOTO,3,998.0,1413.351168240569,0
2025-11-30 20:00:00,興變電所,KOTO,3,998.0,1361.9634472671155,0
2025-11-30 20:00:00,新豐配電變電所,KOTO,3,998.0,1489.835921566803,0
2025-11-30 20:00:00,內惟配電變電所,KOTO,3,998.0,1259.1350731030934,0
2025-11-30 20:00:00,永華二次變電所,KOTO,3,998.0,1279.5894289533642,0
2025-11-30 20:00:00,關西二次變電所,KOTO,3,998.0,1493.1231169967634,0
2025-11-30 20:00:00,四湖配電變電所,KOTO,3,998.0,1333.0609826017082,0
2025-11-30 20:00:00,新高港超高壓變電所,KOTO,3,998.0,1260.585798477749,0
2025-11-30 20:00:00,九曲配電變電所,KOTO,3,998.0,1278.5818400515973,0
2025-11-30 20:00:00,崙背變電所,KOTO,3,998.0,1351.8034935867665,0
2025-11-30 20:00:00,嶺口二次變電所,KOTO,3,998.0,1271.689432276302,0
2025-11-30 20:00:00,新工配電變電所,KOTO,3,998.0,1481.055103875768,0
2025-12-01 02:00:00,西螺服務區,KOTO,3,1002.0,1359.695372524297,0
2025-12-01 02:00:00,中部科學園區,KOTO,3,1002.0,1409.8334927151748,0
2025-12-01 02:00:00,興變電所,KOTO,3,1002.0,1359.8446667529051,0
2025-12-01 02:00:00,新豐配電變電所,KOTO,3,1002.0,1485.6854878984,0
2025-12-01 02:00:00,內惟配電變電所,KOTO,3,1002.0,1257.710377960388,0
2025-12-01 02:00:00,永華二次變電所,KOTO,3,1002.0,1277.4071664298087,0
2025-12-01 02:00:00,關西二次變電所,KOTO,3,1002.0,1489.4478752904595,0
2025-12-01 02:00:00,四湖配電變電所,KOTO,3,1002.0,1329.72256204269,0
2025-12-01 02:00:00,新高港超高壓變電所,KOTO,3,1002.0,1259.5655591042218,0
2025-12-01 02:00:00,九曲配電變電所,KOTO,3,1002.0,1276.37750844318,0
2025-12-01 02:00:00,崙背變電所,KOTO,3,1002.0,1348.4763756414584,0
2025-12-01 02:00:00,嶺口二次變電所,KOTO,3,1002.0,1270.2138638489582,0
2025-12-01 02:00:00,新工配電變電所,KOTO,3,1002.0,1477.0192429045965,0
2025-12-01 08:00:00,西螺服務區,KOTO,2,1006.0,1373.7860974885868,0
2025-12-01 08:00:00,中部科學園區,KOTO,2,1006.0,1423.7477526261266,0
2025-12-01 08:00:00,興變電所,KOTO,2,1006.0,1374.4958948098415,0
2025-12-01 08:00:00,新豐配電變電所,KOTO,2,1006.0,1499.2454896799925,0
2025-12-01 08:00:00,內惟配電變電所,KOTO,2,1006.0,1272.7315524397536,0
2025-12-01 08:00:00,永華二次變電所,KOTO,2,1006.0,1292.0436902341569,0
2025-12-01 08:00:00,四湖配電變電所,KOTO,2,1006.0,1343.7483979290282,0
2025-12-01 08:00:00,新高港超高壓變電所,KOTO,2,1006.0,1274.785363528501,0
2025-12-01 08:00:00,九曲配電變電所,KOTO,2,1006.0,1291.0030452400645,0
2025-12-01 08:00:00,崙背變電所,KOTO,2,1006.0,1362.5041362750208,0
2025-12-01 08:00:00,嶺口二次變電所,KOTO,2,1006.0,1285.2069996247228,0
2025-12-01 08:00:00,新工配電變電所,KOTO,2,1006.0,1490.642902795936,0
2025-12-01 14:00:00,西螺服務區,KOTO,2,1006.0,1389.2392103305558,0
2025-12-01 14:00:00,中部科學園區,KOTO,2,1006.0,1439.1916394277202,0
2025-12-01 14:00:00,興變電所,KOTO,2,1006.0,1389.9660837565964,0
2025-12-01 14:00:00,內惟配電變電所,KOTO,2,1006.0,1288.2026906403403,0
2025-12-01 14:00:00,永華二次變電所,KOTO,2,1006.0,1307.513753980857,0
2025-12-01 14:00:00,四湖配電變電所,KOTO,2,1006.0,1359.1985068095116,0
2025-12-01 14:00:00,新高港超高壓變電所,KOTO,2,1006.0,1290.2533636179696,0
2025-12-01 14:00:00,九曲配電變電所,KOTO,2,1006.0,1306.4729458254483,0
2025-12-01 14:00:00,崙背變電所,KOTO,2,1006.0,1377.9542679176825,0
2025-12-01 14:00:00,嶺口二次變電所,KOTO,2,1006.0,1300.678381572116,0
2025-12-01 20:00:00,西螺服務區,KOTO,2,1008.0,1397.6197278997365,0
2025-12-01 20:00:00,中部科學園區,KOTO,2,1008.0,1447.650210744431,0
2025-12-01 20:00:00,興變電所,KOTO,2,1008.0,1398.0905952522771,0
2025-12-01 20:00:00,內惟配電變電所,KOTO,2,1008.0,1296.1464053025186,0
2025-12-01 20:00:00,永華二次變電所,KOTO,2,1008.0,1315.6436548591907,0
2025-12-01 20:00:00,四湖配電變電所,KOTO,2,1008.0,1367.6068948744953,0
2025-12-01 20:00:00,新高港超高壓變電所,KOTO,2,1008.0,1298.0975394652664,0
2025-12-01 20:00:00,九曲配電變電所,KOTO,2,1008.0,1314.6080027110204,0
2025-12-01 20:00:00,崙背變電所,KOTO,2,1008.0,1386.3622183232449,0
2025-12-01 20:00:00,嶺口二次變電所,KOTO,2,1008.0,1308.6361739560211,0
2025-12-02 02:00:00,西螺服務區,KOTO,2,1006.0,1421.4917614654091,0
2025-12-02 02:00:00,中部科學園區,KOTO,2,1006.0,1471.5876624177067,0
2025-12-02 02:00:00,興變電所,KOTO,2,1006.0,1421.7321328505943,0
2025-12-02 02:00:00,內惟配電變電所,KOTO,2,1006.0,1319.617770355367,0
2025-12-02 02:00:00,永華二次變電所,KOTO,2,1006.0,1339.2926125549814,0
2025-12-02 02:00:00,四湖配電變電所,KOTO,2,1006.0,1391.5035381606772,0
2025-12-02 02:00:00,新高港超高壓變電所,KOTO,2,1006.0,1321.469956274792,0
2025-12-02 02:00:00,九曲配電變電所,KOTO,2,1006.0,1338.261798998557,0
2025-12-02 02:00:00,崙背變電所,KOTO,2,1006.0,1410.2580638223612,0
2025-12-02 02:00:00,嶺口二次變電所,KOTO,2,1006.0,1332.1208864791893,0
2025-12-02 08:00:00,西螺服務區,KOTO,2,1008.0,1440.069844525666,0
2025-12-02 08:00:00,中部科學園區,KOTO,2,1008.0,1490.4584429712743,0
2025-12-02 08:00:00,興變電所,KOTO,2,1008.0,1439.3043128433235,0
2025-12-02 08:00:00,內惟配電變電所,KOTO,2,1008.0,1336.5352500861698,0
2025-12-02 08:00:00,永華二次變電所,KOTO,2,1008.0,1356.9204475046506,0
2025-12-02 08:00:00,四湖配電變電所,KOTO,2,1008.0,1410.2034507464223,0
2025-12-02 08:00:00,新高港超高壓變電所,KOTO,2,1008.0,1338.0053078533913,0
2025-12-02 08:00:00,九曲配電變電所,KOTO,2,1008.0,1355.9101422990316,0
2025-12-02 08:00:00,崙背變電所,KOTO,2,1008.0,1428.949146704934,0
2025-12-02 08:00:00,嶺口二次變電所,KOTO,2,1008.0,1349.0865326907922,0
2025-12-02 14:00:00,西螺服務區,KOTO,2,1006.0,1457.2934805049995,0
2025-12-02 14:00:00,興變電所,KOTO,2,1006.0,1456.0531631179788,0
2025-12-02 14:00:00,內惟配電變電所,KOTO,2,1006.0,1352.9886185517696,0
2025-12-02 14:00:00,永華二次變電所,KOTO,2,1006.0,1373.709805316101,0
2025-12-02 14:00:00,四湖配電變電所,KOTO,2,1006.0,1427.4885206233437,0
2025-12-02 14:00:00,新高港超高壓變電所,KOTO,2,1006.0,1354.273825944504,0
2025-12-02 14:00:00,九曲配電變電所,KOTO,2,1006.0,1372.7094276198873,0
2025-12-02 14:00:00,崙背變電所,KOTO,2,1006.0,1446.2272208495015,0
2025-12-02 14:00:00,嶺口二次變電所,KOTO,2,1006.0,1365.560677197392,0
2025-12-02 20:00:00,西螺服務區,KOTO,2,1008.0,1452.5346945198185,0
2025-12-02 20:00:00,興變電所,KOTO,2,1008.0,1450.5123163013932,0
2025-12-02 20:00:00,內惟配電變電所,KOTO,2,1008.0,1347.002497648365,0
2025-12-02 20:00:00,永華二次變電所,KOTO,2,1008.0,1368.2533785071396,0
2025-12-02 20:00:00,四湖配電變電所,KOTO,2,1008.0,1422.840259483378,0
2025-12-02 20:00:00,新高港超高壓變電所,KOTO,2,1008.0,1347.9999559121052,0
2025-12-02 20:00:00,九曲配電變電所,KOTO,2,1008.0,1367.2693033262278,0
2025-12-02 20:00:00,崙背變電所,KOTO,2,1008.0,1441.562908576473,0
2025-12-02 20:00:00,嶺口二次變電所,KOTO,2,1008.0,1359.604006801765,0
2025-12-03 02:00:00,西螺服務區,KOTO,2,1008.0,1479.5519969574257,0
2025-12-03 02:00:00,興變電所,KOTO,2,1008.0,1478.617689388133,0
2025-12-03 02:00:00,內惟配電變電所,KOTO,2,1008.0,1375.7247666867809,0
2025-12-03 02:00:00,永華二次變電所,KOTO,2,1008.0,1396.2485314048618,0
2025-12-03 02:00:00,四湖配電變電所,KOTO,2,1008.0,1449.704445707763,0
2025-12-03 02:00:00,新高港超高壓變電所,KOTO,2,1008.0,1377.1119450839087,0
2025-12-03 02:00:00,九曲配電變電所,KOTO,2,1008.0,1395.2420440074516,0
2025-12-03 02:00:00,崙背變電所,KOTO,2,1008.0,1468.4481875840306,0
2025-12-03 02:00:00,嶺口二次變電所,KOTO,2,1008.0,1388.2852625651578,0
2025-12-03 08:00:00,內惟配電變電所,KOTO,2,1010.0,1444.2307559119306,0
2025-12-03 08:00:00,永華二次變電所,KOTO,2,1010.0,1464.1907896133227,0
2025-12-03 08:00:00,新高港超高壓變電所,KOTO,2,1010.0,1445.9062470412057,0
2025-12-03 08:00:00,九曲配電變電所,KOTO,2,1010.0,1463.1672295834962,0
2025-12-03 08:00:00,嶺口二次變電所,KOTO,2,1010.0,1456.7558055103837,0
